id,checkpoint_id,checkpoint_sha256,scale,family,trained_dose,clipping_p,kind,precision,source,loss,delta_loss_vs_A0,S_model,S_block,zero_products,model_products,block_products,R_arch_actual,R_arch_A7,inference_sites,delta_loss_from_p0,delta_S_from_p0
14M:A0:None,14M:A0:None,44d7e4b11c28101aceff70ff4844c97aca74f15ea970d74f2de0029dd027da8e,14M,A0,,,trained,FP16,runs/004-2026-08-29-pythia14m-full-pass-l1n/artifacts/attempts/001-20260829-221007-bb5288c8,5.2085730123096665,0.0,1.1415112639303073e-08,3.811087396926596e-08,72635,6363055915008,1905886494720,0.0,0.2995237697384911,,,
14M:A1-H:None,14M:A1-H:None,5a452f7fa0ff25caab0c251172081ef805aafd58b8ef5ceeed75cbb23b7210f3,14M,A1-H,,,trained,FP16,runs/004-2026-08-29-pythia14m-full-pass-l1n/artifacts/attempts/002-20260829-231305-195b22c6,5.26963426093378,0.06106124862411377,0.027141299328466276,0.09061484286259773,172701605233,6363055915008,1905886494720,0.04277717436711505,0.2995237697384911,h,,
14M:A4-OL1:0.0,14M:A4-OL1:0.0,98bf5862ec5890efe1365fcf9962cdfcd03067407472b832696b5b07079c0edd,14M,A4-OL1,0.0,,trained,FP16,runs/015-2026-08-31-pythia14m-corrected-a4-ol1/artifacts/attempts/001-20260831-185531-47e3fd85,5.458276166718387,0.2497031544087207,0.0781004229286857,0.260748664444474,496957358081,6363055915008,1905886494720,0.12833152310134513,0.2995237697384911,"a,m,h,z",,
14M:A4-OL1:0.01,14M:A4-OL1:0.01,e385f7e1f49ac31d0220c8f293808ca1ba08ce59ddd7492b57d1182e4f032229,14M,A4-OL1,0.01,,trained,FP16,runs/015-2026-08-31-pythia14m-corrected-a4-ol1/artifacts/attempts/002-20260831-185533-e3b22eae,5.458309076241488,0.24973606393182113,0.08586708994090508,0.28667871673715284,546377094553,6363055915008,1905886494720,0.12833152310134513,0.2995237697384911,"a,m,h,z",,
14M:A4-OL1:0.05,14M:A4-OL1:0.05,a6f076630dc59a9aac93fe3f92e7850b4bd8e3ea4b4ea5917b79f7b2b7a82b09,14M,A4-OL1,0.05,,trained,FP16,runs/015-2026-08-31-pythia14m-corrected-a4-ol1/artifacts/attempts/003-20260831-185532-bdfeb27f,5.489760381230236,0.2811873689205697,0.1045644512413755,0.34910234781255883,665349449971,6363055915008,1905886494720,0.12833152310134513,0.2995237697384911,"a,m,h,z",,
14M:A4-OL1:0.1,14M:A4-OL1:0.1,a33ad55f6372db866368d0dc25f61d751646486f4b3f3347daa8f8b2cdc5abdb,14M,A4-OL1,0.1,,trained,FP16,runs/015-2026-08-31-pythia14m-corrected-a4-ol1/artifacts/attempts/004-20260831-185953-85233728,5.548253721739414,0.3396807094297474,0.11394280537892908,0.3804132322400006,725024441739,6363055915008,1905886494720,0.12833152310134513,0.2995237697384911,"a,m,h,z",,
14M:A4-OL1:0.5,14M:A4-OL1:0.5,81427a14cb4e70b3467600fca052e680ee9dc2991135886b2ed3e0b8b84790ff,14M,A4-OL1,0.5,,trained,FP16,runs/015-2026-08-31-pythia14m-corrected-a4-ol1/artifacts/attempts/005-20260831-185726-17913c68,6.037982463131289,0.8294094508216228,0.12713448684742273,0.42445541787358515,808963848536,6363055915008,1905886494720,0.12833152310134513,0.2995237697384911,"a,m,h,z",,
14M:A7-OL1:0.0,14M:A7-OL1:0.0,597e0275a7930f4e87129f0b74b85799743faa55a19600ba3fddc0b3ef95ede4,14M,A7-OL1,0.0,,trained,FP16,runs/014-2026-08-31-pythia14m-full-pass-a7-ol1/artifacts/attempts/001-20260831-122537-35dd4889,5.480180751642532,0.2716077393328655,0.0705422917861371,0.23551483692838912,448864547008,6363055915008,1905886494720,0.2995237697384911,0.2995237697384911,"a,m,h,q_post,k_post,v,z",,
14M:A7-OL1:0.01,14M:A7-OL1:0.01,cc8e860ad0a25fb72c5b8fbf090d3f2bba6811ef26bf44b42866148bbfc011d2,14M,A7-OL1,0.01,,trained,FP16,runs/014-2026-08-31-pythia14m-full-pass-a7-ol1/artifacts/attempts/002-20260831-120213-d99dacb3,5.475800738532162,0.2672277262224956,0.07723392871636932,0.25785575810494404,491443806958,6363055915008,1905886494720,0.2995237697384911,0.2995237697384911,"a,m,h,q_post,k_post,v,z",,
14M:A7-OL1:0.05,14M:A7-OL1:0.05,451110e9c90a5342ab0b3d1a96cd1651510b4789f64ef88fc7b750bb9bd217ff,14M,A7-OL1,0.05,,trained,FP16,runs/014-2026-08-31-pythia14m-full-pass-a7-ol1/artifacts/attempts/003-20260831-120427-8f1cb9f2,5.462799572380336,0.2542265600706699,0.09863031588136074,0.3292904465227355,627590214868,6363055915008,1905886494720,0.2995237697384911,0.2995237697384911,"a,m,h,q_post,k_post,v,z",,
14M:A7-OL1:0.1,14M:A7-OL1:0.1,784f56de3f13d585e2a895603ecda08b9300d3cf1ceb340172e90c8760fa360f,14M,A7-OL1,0.1,,trained,FP16,runs/014-2026-08-31-pythia14m-full-pass-a7-ol1/artifacts/attempts/004-20260831-120424-d743fe3d,5.429487593075227,0.2209145807655606,0.11796760377518327,0.3938505577643427,750634458981,6363055915008,1905886494720,0.2995237697384911,0.2995237697384911,"a,m,h,q_post,k_post,v,z",,
14M:A7-OL1:0.5,14M:A7-OL1:0.5,937f7a1d25676306a429f0871368542a67c644fbde5b355faded4db4237ad78a,14M,A7-OL1,0.5,,trained,FP16,runs/014-2026-08-31-pythia14m-full-pass-a7-ol1/artifacts/attempts/005-20260831-120353-af6ed1ca,5.829406580981418,0.6208335686717517,0.27482684296304843,0.9175460204810953,1748738568719,6363055915008,1905886494720,0.2995237697384911,0.2995237697384911,"a,m,h,q_post,k_post,v,z",,
70M:A4-OL1:0.0,70M:A4-OL1:0.0,9fa67dbe243469ab5a0a38cdfde9b3ac9194ee7a9a154f7c14e6e4914f2dd123,70M,A4-OL1,0.0,,trained,FP16,runs/018-2026-09-01-pythia70m-selected-ladder-canonical-init/artifacts/attempts/003-20260901-131727-14b4dea9,4.805361172503973,0.7055952062268229,0.25672509475572236,0.5194351148255352,9049865489862,35251191545856,17422513864704,0.3706340109790674,0.49423900585148095,"a,m,h,z",,
70M:A4-OL1:0.01,70M:A4-OL1:0.01,252b1b240f6b03a8502d0282476848d64cc4fd618313f389edd3e67c49d35958,70M,A4-OL1,0.01,,trained,FP16,runs/018-2026-09-01-pythia70m-selected-ladder-canonical-init/artifacts/attempts/004-20260901-160446-a489068c,4.822850325756525,0.7230843594793743,0.2622424792437898,0.5305985082905289,9244359867283,35251191545856,17422513864704,0.3706340109790674,0.49423900585148095,"a,m,h,z",,
70M:A4-OL1:0.05,70M:A4-OL1:0.05,13353d8e256c533a6f0429302155800de1ff1254fb9151caada6249e58be7491,70M,A4-OL1,0.05,,trained,FP16,runs/018-2026-09-01-pythia70m-selected-ladder-canonical-init/artifacts/attempts/005-20260901-161549-02c4d451,4.874176727949515,0.7744107616723648,0.28489957631865137,0.576440897917037,10043049536142,35251191545856,17422513864704,0.3706340109790674,0.49423900585148095,"a,m,h,z",,
70M:A4-OL1:0.1,70M:A4-OL1:0.1,fa282e72a36c9fd0176c022d9ee8a54a1da0719e5ad43f9cd066bbb2fa81d765,70M,A4-OL1,0.1,,trained,FP16,runs/018-2026-09-01-pythia70m-selected-ladder-canonical-init/artifacts/attempts/006-20260901-161058-0c9a31ac,4.943887012597372,0.8441210463202218,0.30574257817401346,0.6186128058575151,10777790186936,35251191545856,17422513864704,0.3706340109790674,0.49423900585148095,"a,m,h,z",,
70M:A4-OL1:0.5,70M:A4-OL1:0.5,400506d278971d470b579e9f27bb48e60c56f10419949e99337cabc96d37dbc6,70M,A4-OL1,0.5,,trained,FP16,runs/018-2026-09-01-pythia70m-selected-ladder-canonical-init/artifacts/attempts/007-20260901-155848-8b7ee7e3,5.389480136202637,1.289714169925487,0.3559621916980309,0.720222781859912,12548091402630,35251191545856,17422513864704,0.3706340109790674,0.49423900585148095,"a,m,h,z",,
70M:A7-OL1:0.0,70M:A7-OL1:0.0,e7e8f4659beb38782326268897ec7a4178c51e336048dd8e60287843cc5c991c,70M,A7-OL1,0.0,,trained,FP16,runs/018-2026-09-01-pythia70m-selected-ladder-canonical-init/artifacts/attempts/008-20260901-131158-54a0039f,4.941205969223609,0.8414400029464586,0.23562417494680196,0.4767413582440054,8306032923884,35251191545856,17422513864704,0.49423900585148095,0.49423900585148095,"a,m,h,q_post,k_post,v,z",,
70M:A7-OL1:0.01,70M:A7-OL1:0.01,964673fa17cc204efcb9f60529b25e10c9438ea27c5d9b3720e87ffa51b740ed,70M,A7-OL1,0.01,,trained,FP16,runs/018-2026-09-01-pythia70m-selected-ladder-canonical-init/artifacts/attempts/009-20260901-155845-6d49e30d,4.936396388965245,0.8366304226880947,0.24226276136279815,0.490173293678885,8540051005228,35251191545856,17422513864704,0.49423900585148095,0.49423900585148095,"a,m,h,q_post,k_post,v,z",,
70M:A7-OL1:0.05,70M:A7-OL1:0.05,93d44301fe633c81d45f74dd74ebac5eff01d95196db60700a614ff8561732be,70M,A7-OL1,0.05,,trained,FP16,runs/018-2026-09-01-pythia70m-selected-ladder-canonical-init/artifacts/attempts/010-20260901-161732-c071ca13,4.963655849532969,0.8638898832558182,0.265239409240229,0.5366622344654309,9350005220637,35251191545856,17422513864704,0.49423900585148095,0.49423900585148095,"a,m,h,q_post,k_post,v,z",,
70M:A7-OL1:0.1,70M:A7-OL1:0.1,d4859637b4c72b349154ff4a5795498166226086e853e79c88e9735161054024,70M,A7-OL1,0.1,,trained,FP16,runs/018-2026-09-01-pythia70m-selected-ladder-canonical-init/artifacts/attempts/011-20260901-165652-95bb8381,4.950079453062024,0.8503134867848736,0.2869378509087325,0.5805649645446184,10114901144140,35251191545856,17422513864704,0.49423900585148095,0.49423900585148095,"a,m,h,q_post,k_post,v,z",,
70M:A7-OL1:0.5,70M:A7-OL1:0.5,805168851a5a3a7a6a1852a9ed7b6bbab108537438dbaf46d01b344c6389266a,70M,A7-OL1,0.5,,trained,FP16,runs/018-2026-09-01-pythia70m-selected-ladder-canonical-init/artifacts/attempts/012-20260901-155715-b6ac963f,5.215924663303872,1.1161586970267212,0.4060187215635989,0.8215027886439374,14312643725042,35251191545856,17422513864704,0.49423900585148095,0.49423900585148095,"a,m,h,q_post,k_post,v,z",,
410M:A4-OL1:0.0,410M:A4-OL1:0.0,6b92821e0979e09385e606bcdb6528ce75a82127a7727c70a997e54b498e6ee6,410M,A4-OL1,0.0,,trained,FP16,runs/019-2026-09-01-pythia410m-selected-ladder-canonical-init/artifacts/attempts/003-20260902-141528-830ca0f8,5.6920750987600295,1.144618661093289,0.3833867333385676,0.43943601792234643,107179514812504,279559790395392,243902435033088,0.7477636463214264,0.8724517738696526,"a,m,h,z",,
410M:A4-OL1:0.01,410M:A4-OL1:0.01,3e39cdf852585894618259f991918eb18dd72e3ba3af326e28b62085feb55213,410M,A4-OL1,0.01,,trained,FP16,runs/019-2026-09-01-pythia410m-selected-ladder-canonical-init/artifacts/attempts/004-20260902-141528-94291583,5.691361835722387,1.1439053980556464,0.39149185001875003,0.4487260634273641,109445379532746,279559790395392,243902435033088,0.7477636463214264,0.8724517738696526,"a,m,h,z",,
410M:A4-OL1:0.05,410M:A4-OL1:0.05,89fe9bbd1f2cfbfa1312c501cba6ff7cb0420af5b084cc85f981a9e0b4a303f3,410M,A4-OL1,0.05,,trained,FP16,runs/019-2026-09-01-pythia410m-selected-ladder-canonical-init/artifacts/attempts/005-20260902-142321-7cf051a3,5.678924922407026,1.1314684847402852,0.42124510405287563,0.48282909917701783,117763192994107,279559790395392,243902435033088,0.7477636463214264,0.8724517738696526,"a,m,h,z",,
410M:A4-OL1:0.1,410M:A4-OL1:0.1,58e3ebbe6cfa5fb956c53d9b377660772fa9c6651876ce8fb411f44ea2e19075,410M,A4-OL1,0.1,,trained,FP16,runs/019-2026-09-01-pythia410m-selected-ladder-canonical-init/artifacts/attempts/006-20260902-141530-a96c2fa8,5.67888657016867,1.1314301325019294,0.4568803837042414,0.5236740842164886,127725384304124,279559790395392,243902435033088,0.7477636463214264,0.8724517738696526,"a,m,h,z",,
410M:A4-OL1:0.5,410M:A4-OL1:0.5,228c175ea7bf5cfdc2a4c86040aa7956574b0c6a73d5187f8a140dd653c993f2,410M,A4-OL1,0.5,,trained,FP16,runs/019-2026-09-01-pythia410m-selected-ladder-canonical-init/artifacts/attempts/007-20260902-141528-4cabb868,5.1909658185829075,0.6435093809161669,0.715914446480748,0.8205776730848944,200140892599191,279559790395392,243902435033088,0.7477636463214264,0.8724517738696526,"a,m,h,z",,
410M:A7-OL1:0.0,410M:A7-OL1:0.0,286f39022106c7cdde254e457fa2ebe80f1e28cf1040d0b738c845eccfa9ac45,410M,A7-OL1,0.0,,trained,FP16,runs/019-2026-09-01-pythia410m-selected-ladder-canonical-init/artifacts/attempts/008-20260902-141528-060f246f,5.4262960662503215,0.8788396285835809,0.4112146787868456,0.4713322742905931,114959089409159,279559790395392,243902435033088,0.8724517738696526,0.8724517738696526,"a,m,h,q_post,k_post,v,z",,
410M:A7-OL1:0.01,410M:A7-OL1:0.01,e0b3435582de435fe7c3b6dadc239b8934b0217b8e2f82a396abc3111991a9ce,410M,A7-OL1,0.01,,trained,FP16,runs/019-2026-09-01-pythia410m-selected-ladder-canonical-init/artifacts/attempts/009-20260902-141529-456f896f,5.43313791342741,0.885681475760669,0.4147805603667183,0.4754194704963578,115955966516203,279559790395392,243902435033088,0.8724517738696526,0.8724517738696526,"a,m,h,q_post,k_post,v,z",,
410M:A7-OL1:0.05,410M:A7-OL1:0.05,14a54ec20c1d1b8e671eee4ed7a9afc014bd46a2e902897e31cd7ff61e319b5e,410M,A7-OL1,0.05,,trained,FP16,runs/019-2026-09-01-pythia410m-selected-ladder-canonical-init/artifacts/attempts/010-20260902-141527-e0f8f1e0,5.467853006526563,0.9203965688598226,0.44053172790987316,0.5049353340826495,123154957517004,279559790395392,243902435033088,0.8724517738696526,0.8724517738696526,"a,m,h,q_post,k_post,v,z",,
410M:A7-OL1:0.1,410M:A7-OL1:0.1,247ec8676f71354e52ddc6d2847d65fcd34e9a97eb3e955353a3b4d3a8e67a33,410M,A7-OL1,0.1,,trained,FP16,runs/019-2026-09-01-pythia410m-selected-ladder-canonical-init/artifacts/attempts/011-20260902-141536-6fc9f55e,5.490748997270709,0.9432925596039681,0.4899755173364832,0.5616075661847268,136977452925461,279559790395392,243902435033088,0.8724517738696526,0.8724517738696526,"a,m,h,q_post,k_post,v,z",,
410M:A7-OL1:0.5,410M:A7-OL1:0.5,151c225fe559f3b234f44581dda52c7cbd81cee7804e78034da6f007fc8cb346,410M,A7-OL1,0.5,,trained,FP16,runs/019-2026-09-01-pythia410m-selected-ladder-canonical-init/artifacts/attempts/012-20260902-142107-eaeeec6d,5.120691668705122,0.5732352310383817,0.806155139186339,0.9240111182429454,225368561737101,279559790395392,243902435033088,0.8724517738696526,0.8724517738696526,"a,m,h,q_post,k_post,v,z",,
70M:A0:None,70M:A0:None,f7c80d6a0515a96e8058920dc93079f1f971f6079f4a2cf15dacba51d0e8245c,70M,A0,,,trained,FP16,runs/018-2026-09-01-pythia70m-selected-ladder-canonical-init/artifacts/attempts/001-20260901-133016-4e43b254,4.09976596627715,0.0,4.5409213981255505e-06,9.187703407387679e-06,160072890,35251191545856,17422513864704,0.0,0.49423900585148095,,,
70M:A1-H:None,70M:A1-H:None,8f0c489df1abff41dd824c383797cf6f62afea1e3c03a03be20c4e51da00c609,70M,A1-H,,,trained,FP16,runs/018-2026-09-01-pythia70m-selected-ladder-canonical-init/artifacts/attempts/002-20260901-132416-647ee429,4.222749641308417,0.12298367503126695,0.1006575817198192,0.20366175175997106,3548299693748,35251191545856,17422513864704,0.1235446703263558,0.49423900585148095,h,,
410M:A0:None,410M:A0:None,740263f4169a66c94d2117fab7cf9bfd8dd4e102a84d329660766c08eccf8b97,410M,A0,,,trained,FP16,runs/019-2026-09-01-pythia410m-selected-ladder-canonical-init/artifacts/attempts/001-20260902-141527-bcb97fb1,4.547456437666741,0.0,0.00011047923803103942,0.00012663076784292883,30885552627,279559790395392,243902435033088,0.0,0.8724517738696526,,,
410M:A1-H:None,410M:A1-H:None,3eadbb88d26b100a753f2ed40e13e91137663a4abb62b2ab9e0823351c7e229a,410M,A1-H,,,trained,FP16,runs/019-2026-09-01-pythia410m-selected-ladder-canonical-init/artifacts/attempts/002-20260902-130258-2ffaeadc,4.651294058243904,0.10383762057716339,0.21049725280441106,0.24127093222674806,58846567872807,279559790395392,243902435033088,0.2492545487738088,0.8724517738696526,h,,
14M:A0:None:clip:0.0,14M:A0:None,44d7e4b11c28101aceff70ff4844c97aca74f15ea970d74f2de0029dd027da8e,14M,A0,,0.0,clipped,FP16,analyses/006-2026-08-30-full-pass-all-variants-teal-posthoc/teal_all_variants.json,5.208594059803077,2.1047493410364382e-05,1.2144636324463738e-08,4.0546485960252854e-08,77277,6363055915008,1905886494720,0.12833152310134513,0.2995237697384911,"a,m,h,z",0.0,0.0
14M:A0:None:clip:0.1,14M:A0:None,44d7e4b11c28101aceff70ff4844c97aca74f15ea970d74f2de0029dd027da8e,14M,A0,,0.1,clipped,FP16,analyses/006-2026-08-30-full-pass-all-variants-teal-posthoc/teal_all_variants.json,5.214452560131367,0.005879547821700193,0.012787059225755319,0.0426913003830029,81364772842,6363055915008,1905886494720,0.12833152310134513,0.2995237697384911,"a,m,h,z",0.0058585003282898285,0.012787047081118995
14M:A0:None:clip:0.2,14M:A0:None,44d7e4b11c28101aceff70ff4844c97aca74f15ea970d74f2de0029dd027da8e,14M,A0,,0.2,clipped,FP16,analyses/006-2026-08-30-full-pass-all-variants-teal-posthoc/teal_all_variants.json,5.250270307416747,0.0416972951070802,0.025547861885604005,0.08529493972351307,162562473687,6363055915008,1905886494720,0.12833152310134513,0.2995237697384911,"a,m,h,z",0.04167624761366984,0.02554784974096768
14M:A0:None:clip:0.3,14M:A0:None,44d7e4b11c28101aceff70ff4844c97aca74f15ea970d74f2de0029dd027da8e,14M,A0,,0.3,clipped,FP16,analyses/006-2026-08-30-full-pass-all-variants-teal-posthoc/teal_all_variants.json,5.361901215547641,0.15332820323797414,0.03831640852502134,0.12792443337126372,243809449907,6363055915008,1905886494720,0.12833152310134513,0.2995237697384911,"a,m,h,z",0.15330715574456377,0.03831639638038502
14M:A0:None:clip:0.4,14M:A0:None,44d7e4b11c28101aceff70ff4844c97aca74f15ea970d74f2de0029dd027da8e,14M,A0,,0.4,clipped,FP16,analyses/006-2026-08-30-full-pass-all-variants-teal-posthoc/teal_all_variants.json,5.605384225676046,0.39681121336637926,0.05125544468338841,0.17112312898618576,326141260469,6363055915008,1905886494720,0.12833152310134513,0.2995237697384911,"a,m,h,z",0.3967901658729689,0.05125543253875209
14M:A0:None:clip:0.5,14M:A0:None,44d7e4b11c28101aceff70ff4844c97aca74f15ea970d74f2de0029dd027da8e,14M,A0,,0.5,clipped,FP16,analyses/006-2026-08-30-full-pass-all-variants-teal-posthoc/teal_all_variants.json,6.077730602766636,0.869157590456969,0.06441923193637135,0.2150721860659494,409903174813,6363055915008,1905886494720,0.12833152310134513,0.2995237697384911,"a,m,h,z",0.8691365429635587,0.06441921979173502
14M:A0:None:clip:0.6,14M:A0:None,44d7e4b11c28101aceff70ff4844c97aca74f15ea970d74f2de0029dd027da8e,14M,A0,,0.6,clipped,FP16,analyses/006-2026-08-30-full-pass-all-variants-teal-posthoc/teal_all_variants.json,6.821172901864588,1.6125998895549216,0.07764415459051939,0.25922535182536305,494054097133,6363055915008,1905886494720,0.12833152310134513,0.2995237697384911,"a,m,h,z",1.6125788420615113,0.07764414244588307
14M:A0:None:clip:0.7,14M:A0:None,44d7e4b11c28101aceff70ff4844c97aca74f15ea970d74f2de0029dd027da8e,14M,A0,,0.7,clipped,FP16,analyses/006-2026-08-30-full-pass-all-variants-teal-posthoc/teal_all_variants.json,7.766948343028684,2.5583753307190173,0.09123470793282666,0.3045992243369602,580531547966,6363055915008,1905886494720,0.12833152310134513,0.2995237697384911,"a,m,h,z",2.558354283225607,0.09123469578819034
14M:A0:None:clip:0.8,14M:A0:None,44d7e4b11c28101aceff70ff4844c97aca74f15ea970d74f2de0029dd027da8e,14M,A0,,0.8,clipped,FP16,analyses/006-2026-08-30-full-pass-all-variants-teal-posthoc/teal_all_variants.json,8.336117610423523,3.1275445981138565,0.10585958231881311,0.353426315418096,673590441434,6363055915008,1905886494720,0.12833152310134513,0.2995237697384911,"a,m,h,z",3.127523550620446,0.10585957017417678
14M:A0:None:clip:0.9,14M:A0:None,44d7e4b11c28101aceff70ff4844c97aca74f15ea970d74f2de0029dd027da8e,14M,A0,,0.9,clipped,FP16,analyses/006-2026-08-30-full-pass-all-variants-teal-posthoc/teal_all_variants.json,8.825610324475893,3.617037312166226,0.119418809381631,0.39869560097314966,759868561399,6363055915008,1905886494720,0.12833152310134513,0.2995237697384911,"a,m,h,z",3.6170162646728157,0.11941879723699468
14M:A1-H:None:clip:0.0,14M:A1-H:None,5a452f7fa0ff25caab0c251172081ef805aafd58b8ef5ceeed75cbb23b7210f3,14M,A1-H,,0.0,clipped,FP16,analyses/006-2026-08-30-full-pass-all-variants-teal-posthoc/teal_all_variants.json,5.269633448335546,0.06106043602587974,0.02714133462785748,0.09061496071431693,172701829845,6363055915008,1905886494720,0.12833152310134513,0.2995237697384911,"a,m,h,z",0.0,0.0
14M:A1-H:None:clip:0.1,14M:A1-H:None,5a452f7fa0ff25caab0c251172081ef805aafd58b8ef5ceeed75cbb23b7210f3,14M,A1-H,,0.1,clipped,FP16,analyses/006-2026-08-30-full-pass-all-variants-teal-posthoc/teal_all_variants.json,5.2740728580034695,0.06549984569380296,0.035684028579955444,0.11913588230780661,227059469127,6363055915008,1905886494720,0.12833152310134513,0.2995237697384911,"a,m,h,z",0.004439409667923222,0.008542693952097963
14M:A1-H:None:clip:0.2,14M:A1-H:None,5a452f7fa0ff25caab0c251172081ef805aafd58b8ef5ceeed75cbb23b7210f3,14M,A1-H,,0.2,clipped,FP16,analyses/006-2026-08-30-full-pass-all-variants-teal-posthoc/teal_all_variants.json,5.307940479566359,0.09936746725669288,0.04418365092044717,0.14751300358907452,281143041336,6363055915008,1905886494720,0.12833152310134513,0.2995237697384911,"a,m,h,z",0.03830703123081314,0.017042316292589687
14M:A1-H:None:clip:0.3,14M:A1-H:None,5a452f7fa0ff25caab0c251172081ef805aafd58b8ef5ceeed75cbb23b7210f3,14M,A1-H,,0.3,clipped,FP16,analyses/006-2026-08-30-full-pass-all-variants-teal-posthoc/teal_all_variants.json,5.405055693620761,0.19648268131109425,0.05271870665002293,0.17600842395930946,335452078181,6363055915008,1905886494720,0.12833152310134513,0.2995237697384911,"a,m,h,z",0.13542224528521452,0.025577372022165448
14M:A1-H:None:clip:0.4,14M:A1-H:None,5a452f7fa0ff25caab0c251172081ef805aafd58b8ef5ceeed75cbb23b7210f3,14M,A1-H,,0.4,clipped,FP16,analyses/006-2026-08-30-full-pass-all-variants-teal-posthoc/teal_all_variants.json,5.602964821651843,0.3943918093421761,0.061293247394087945,0.2046356703095784,390012360381,6363055915008,1905886494720,0.12833152310134513,0.2995237697384911,"a,m,h,z",0.33333137331629636,0.03415191276623046
14M:A1-H:None:clip:0.5,14M:A1-H:None,5a452f7fa0ff25caab0c251172081ef805aafd58b8ef5ceeed75cbb23b7210f3,14M,A1-H,,0.5,clipped,FP16,analyses/006-2026-08-30-full-pass-all-variants-teal-posthoc/teal_all_variants.json,5.976274115799447,0.76770110348978,0.0699445131206961,0.2335190732333645,445060847935,6363055915008,1905886494720,0.12833152310134513,0.2995237697384911,"a,m,h,z",0.7066406674639003,0.04280317849283863
14M:A1-H:None:clip:0.6,14M:A1-H:None,5a452f7fa0ff25caab0c251172081ef805aafd58b8ef5ceeed75cbb23b7210f3,14M,A1-H,,0.6,clipped,FP16,analyses/006-2026-08-30-full-pass-all-variants-teal-posthoc/teal_all_variants.json,6.5214737124696995,1.312900700160033,0.07892903987664684,0.26351511249193477,502229894053,6363055915008,1905886494720,0.12833152310134513,0.2995237697384911,"a,m,h,z",1.2518402641341533,0.05178770524878937
14M:A1-H:None:clip:0.7,14M:A1-H:None,5a452f7fa0ff25caab0c251172081ef805aafd58b8ef5ceeed75cbb23b7210f3,14M,A1-H,,0.7,clipped,FP16,analyses/006-2026-08-30-full-pass-all-variants-teal-posthoc/teal_all_variants.json,7.30617527707794,2.0976022647682733,0.09051786975696816,0.30220596460841054,575970266571,6363055915008,1905886494720,0.12833152310134513,0.2995237697384911,"a,m,h,z",2.0365418287423935,0.06337653512911068
14M:A1-H:None:clip:0.8,14M:A1-H:None,5a452f7fa0ff25caab0c251172081ef805aafd58b8ef5ceeed75cbb23b7210f3,14M,A1-H,,0.8,clipped,FP16,analyses/006-2026-08-30-full-pass-all-variants-teal-posthoc/teal_all_variants.json,8.107618275478746,2.8990452631690795,0.10558519250701183,0.3525102284843583,671844483719,6363055915008,1905886494720,0.12833152310134513,0.2995237697384911,"a,m,h,z",2.8379848271431998,0.07844385787915435
14M:A1-H:None:clip:0.9,14M:A1-H:None,5a452f7fa0ff25caab0c251172081ef805aafd58b8ef5ceeed75cbb23b7210f3,14M,A1-H,,0.9,clipped,FP16,analyses/006-2026-08-30-full-pass-all-variants-teal-posthoc/teal_all_variants.json,8.869450109244804,3.6608770969351374,0.11878925318261166,0.39659374374970124,755862660103,6363055915008,1905886494720,0.12833152310134513,0.2995237697384911,"a,m,h,z",3.5998166609092577,0.09164791855475418
14M:A4-OL1:0.0:clip:0.0,14M:A4-OL1:0.0,98bf5862ec5890efe1365fcf9962cdfcd03067407472b832696b5b07079c0edd,14M,A4-OL1,0.0,0.0,clipped,FP16,runs/030-2026-09-08-all-models-posthoc-clipping/artifacts/attempts/001/14M_A4-OL1_0.0/sweep.json,5.458294967927876,0.24972195561820953,0.07810042365035152,0.26074866685385145,496957362673,6363055915008,1905886494720,0.12833152310134513,0.2995237697384911,"a,m,h,z",0.0,0.0
14M:A4-OL1:0.0:clip:0.1,14M:A4-OL1:0.0,98bf5862ec5890efe1365fcf9962cdfcd03067407472b832696b5b07079c0edd,14M,A4-OL1,0.0,0.1,clipped,FP16,runs/030-2026-09-08-all-models-posthoc-clipping/artifacts/attempts/001/14M_A4-OL1_0.0/sweep.json,5.458294967927876,0.24972195561820953,0.07810042365035152,0.26074866685385145,496957362673,6363055915008,1905886494720,0.12833152310134513,0.2995237697384911,"a,m,h,z",0.0,0.0
14M:A4-OL1:0.0:clip:0.2,14M:A4-OL1:0.0,98bf5862ec5890efe1365fcf9962cdfcd03067407472b832696b5b07079c0edd,14M,A4-OL1,0.0,0.2,clipped,FP16,runs/030-2026-09-08-all-models-posthoc-clipping/artifacts/attempts/001/14M_A4-OL1_0.0/sweep.json,5.458294967927876,0.24972195561820953,0.07810042365035152,0.26074866685385145,496957362673,6363055915008,1905886494720,0.12833152310134513,0.2995237697384911,"a,m,h,z",0.0,0.0
14M:A4-OL1:0.0:clip:0.3,14M:A4-OL1:0.0,98bf5862ec5890efe1365fcf9962cdfcd03067407472b832696b5b07079c0edd,14M,A4-OL1,0.0,0.3,clipped,FP16,runs/030-2026-09-08-all-models-posthoc-clipping/artifacts/attempts/001/14M_A4-OL1_0.0/sweep.json,5.458294967927876,0.24972195561820953,0.07810042365035152,0.26074866685385145,496957362673,6363055915008,1905886494720,0.12833152310134513,0.2995237697384911,"a,m,h,z",0.0,0.0
14M:A4-OL1:0.0:clip:0.4,14M:A4-OL1:0.0,98bf5862ec5890efe1365fcf9962cdfcd03067407472b832696b5b07079c0edd,14M,A4-OL1,0.0,0.4,clipped,FP16,runs/030-2026-09-08-all-models-posthoc-clipping/artifacts/attempts/001/14M_A4-OL1_0.0/sweep.json,5.458905792800633,0.2503327804909663,0.07895432928493579,0.26359954454990137,502390811972,6363055915008,1905886494720,0.12833152310134513,0.2995237697384911,"a,m,h,z",0.0006108248727567656,0.0008539056345842622
14M:A4-OL1:0.0:clip:0.5,14M:A4-OL1:0.0,98bf5862ec5890efe1365fcf9962cdfcd03067407472b832696b5b07079c0edd,14M,A4-OL1,0.0,0.5,clipped,FP16,runs/030-2026-09-08-all-models-posthoc-clipping/artifacts/attempts/001/14M_A4-OL1_0.0/sweep.json,5.4860624265388624,0.27748941422919593,0.08273238638518834,0.27621309139311556,526430800551,6363055915008,1905886494720,0.12833152310134513,0.2995237697384911,"a,m,h,z",0.027767458610986395,0.00463196273483682
14M:A4-OL1:0.0:clip:0.6,14M:A4-OL1:0.0,98bf5862ec5890efe1365fcf9962cdfcd03067407472b832696b5b07079c0edd,14M,A4-OL1,0.0,0.6,clipped,FP16,runs/030-2026-09-08-all-models-posthoc-clipping/artifacts/attempts/001/14M_A4-OL1_0.0/sweep.json,5.68792817225823,0.4793551599485637,0.08747913320376663,0.2920607378844861,556634615972,6363055915008,1905886494720,0.12833152310134513,0.2995237697384911,"a,m,h,z",0.22963320433035417,0.009378709553415104
14M:A4-OL1:0.0:clip:0.7,14M:A4-OL1:0.0,98bf5862ec5890efe1365fcf9962cdfcd03067407472b832696b5b07079c0edd,14M,A4-OL1,0.0,0.7,clipped,FP16,runs/030-2026-09-08-all-models-posthoc-clipping/artifacts/attempts/001/14M_A4-OL1_0.0/sweep.json,6.359815380982393,1.151242368672727,0.09052849076956064,0.3022414242736043,576037848668,6363055915008,1905886494720,0.12833152310134513,0.2995237697384911,"a,m,h,z",0.9015204130545174,0.012428067119209116
14M:A4-OL1:0.0:clip:0.8,14M:A4-OL1:0.0,98bf5862ec5890efe1365fcf9962cdfcd03067407472b832696b5b07079c0edd,14M,A4-OL1,0.0,0.8,clipped,FP16,runs/030-2026-09-08-all-models-posthoc-clipping/artifacts/attempts/001/14M_A4-OL1_0.0/sweep.json,7.528212085278077,2.3196390729684104,0.09291679419357368,0.3102150933620316,591234756897,6363055915008,1905886494720,0.12833152310134513,0.2995237697384911,"a,m,h,z",2.069917117350201,0.014816370543222157
14M:A4-OL1:0.0:clip:0.9,14M:A4-OL1:0.0,98bf5862ec5890efe1365fcf9962cdfcd03067407472b832696b5b07079c0edd,14M,A4-OL1,0.0,0.9,clipped,FP16,runs/030-2026-09-08-all-models-posthoc-clipping/artifacts/attempts/001/14M_A4-OL1_0.0/sweep.json,9.37712335727624,4.168550344966573,0.09771585287966439,0.32623738999071217,621771435656,6363055915008,1905886494720,0.12833152310134513,0.2995237697384911,"a,m,h,z",3.9188283893483637,0.019615429229312864
14M:A4-OL1:0.01:clip:0.0,14M:A4-OL1:0.01,e385f7e1f49ac31d0220c8f293808ca1ba08ce59ddd7492b57d1182e4f032229,14M,A4-OL1,0.01,0.0,clipped,FP16,runs/030-2026-09-08-all-models-posthoc-clipping/artifacts/attempts/001/14M_A4-OL1_0.01/sweep.json,5.458331256223148,0.24975824391348134,0.08586723161261314,0.28667918972702,546377996018,6363055915008,1905886494720,0.12833152310134513,0.2995237697384911,"a,m,h,z",0.0,0.0
14M:A4-OL1:0.01:clip:0.1,14M:A4-OL1:0.01,e385f7e1f49ac31d0220c8f293808ca1ba08ce59ddd7492b57d1182e4f032229,14M,A4-OL1,0.01,0.1,clipped,FP16,runs/030-2026-09-08-all-models-posthoc-clipping/artifacts/attempts/001/14M_A4-OL1_0.01/sweep.json,5.458331256223148,0.24975824391348134,0.08586723161261314,0.28667918972702,546377996018,6363055915008,1905886494720,0.12833152310134513,0.2995237697384911,"a,m,h,z",0.0,0.0
14M:A4-OL1:0.01:clip:0.2,14M:A4-OL1:0.01,e385f7e1f49ac31d0220c8f293808ca1ba08ce59ddd7492b57d1182e4f032229,14M,A4-OL1,0.01,0.2,clipped,FP16,runs/030-2026-09-08-all-models-posthoc-clipping/artifacts/attempts/001/14M_A4-OL1_0.01/sweep.json,5.458331256223148,0.24975824391348134,0.08586723161261314,0.28667918972702,546377996018,6363055915008,1905886494720,0.12833152310134513,0.2995237697384911,"a,m,h,z",0.0,0.0
14M:A4-OL1:0.01:clip:0.3,14M:A4-OL1:0.01,e385f7e1f49ac31d0220c8f293808ca1ba08ce59ddd7492b57d1182e4f032229,14M,A4-OL1,0.01,0.3,clipped,FP16,runs/030-2026-09-08-all-models-posthoc-clipping/artifacts/attempts/001/14M_A4-OL1_0.01/sweep.json,5.458331256223148,0.24975824391348134,0.08586723161261314,0.28667918972702,546377996018,6363055915008,1905886494720,0.12833152310134513,0.2995237697384911,"a,m,h,z",0.0,0.0
14M:A4-OL1:0.01:clip:0.4,14M:A4-OL1:0.01,e385f7e1f49ac31d0220c8f293808ca1ba08ce59ddd7492b57d1182e4f032229,14M,A4-OL1,0.01,0.4,clipped,FP16,runs/030-2026-09-08-all-models-posthoc-clipping/artifacts/attempts/001/14M_A4-OL1_0.01/sweep.json,5.458331256223148,0.24975824391348134,0.08586723161261314,0.28667918972702,546377996018,6363055915008,1905886494720,0.12833152310134513,0.2995237697384911,"a,m,h,z",0.0,0.0
14M:A4-OL1:0.01:clip:0.5,14M:A4-OL1:0.01,e385f7e1f49ac31d0220c8f293808ca1ba08ce59ddd7492b57d1182e4f032229,14M,A4-OL1,0.01,0.5,clipped,FP16,runs/030-2026-09-08-all-models-posthoc-clipping/artifacts/attempts/001/14M_A4-OL1_0.01/sweep.json,5.469939624769448,0.2613666124597813,0.08880089018709961,0.29647359962326225,565045029563,6363055915008,1905886494720,0.12833152310134513,0.2995237697384911,"a,m,h,z",0.011608368546299985,0.002933658574486464
14M:A4-OL1:0.01:clip:0.6,14M:A4-OL1:0.01,e385f7e1f49ac31d0220c8f293808ca1ba08ce59ddd7492b57d1182e4f032229,14M,A4-OL1,0.01,0.6,clipped,FP16,runs/030-2026-09-08-all-models-posthoc-clipping/artifacts/attempts/001/14M_A4-OL1_0.01/sweep.json,5.638240218162537,0.4296672058528701,0.09259486671165913,0.30914029558489486,589186314329,6363055915008,1905886494720,0.12833152310134513,0.2995237697384911,"a,m,h,z",0.17990896193938877,0.006727635099045989
14M:A4-OL1:0.01:clip:0.7,14M:A4-OL1:0.01,e385f7e1f49ac31d0220c8f293808ca1ba08ce59ddd7492b57d1182e4f032229,14M,A4-OL1,0.01,0.7,clipped,FP16,runs/030-2026-09-08-all-models-posthoc-clipping/artifacts/attempts/001/14M_A4-OL1_0.01/sweep.json,6.227583691918638,1.0190106796089715,0.09514375371071038,0.31765009432733404,605405024825,6363055915008,1905886494720,0.12833152310134513,0.2995237697384911,"a,m,h,z",0.7692524356954902,0.009276522098097234
14M:A4-OL1:0.01:clip:0.8,14M:A4-OL1:0.01,e385f7e1f49ac31d0220c8f293808ca1ba08ce59ddd7492b57d1182e4f032229,14M,A4-OL1,0.01,0.8,clipped,FP16,runs/030-2026-09-08-all-models-posthoc-clipping/artifacts/attempts/001/14M_A4-OL1_0.01/sweep.json,7.205337222511246,1.9967642102015795,0.09632549585166256,0.32159549786570407,612924516145,6363055915008,1905886494720,0.12833152310134513,0.2995237697384911,"a,m,h,z",1.7470059662880981,0.010458264239049414
14M:A4-OL1:0.01:clip:0.9,14M:A4-OL1:0.01,e385f7e1f49ac31d0220c8f293808ca1ba08ce59ddd7492b57d1182e4f032229,14M,A4-OL1,0.01,0.9,clipped,FP16,runs/030-2026-09-08-all-models-posthoc-clipping/artifacts/attempts/001/14M_A4-OL1_0.01/sweep.json,9.073682137494963,3.8651091251852963,0.09855945696450973,0.3290538745908555,627139335618,6363055915008,1905886494720,0.12833152310134513,0.2995237697384911,"a,m,h,z",3.615350881271815,0.012692225351896583
14M:A4-OL1:0.05:clip:0.0,14M:A4-OL1:0.05,a6f076630dc59a9aac93fe3f92e7850b4bd8e3ea4b4ea5917b79f7b2b7a82b09,14M,A4-OL1,0.05,0.0,clipped,FP16,runs/030-2026-09-08-all-models-posthoc-clipping/artifacts/attempts/001/14M_A4-OL1_0.05/sweep.json,5.489813471686911,0.2812404593772442,0.10456447211090765,0.3491024174882716,665349582765,6363055915008,1905886494720,0.12833152310134513,0.2995237697384911,"a,m,h,z",0.0,0.0
14M:A4-OL1:0.05:clip:0.1,14M:A4-OL1:0.05,a6f076630dc59a9aac93fe3f92e7850b4bd8e3ea4b4ea5917b79f7b2b7a82b09,14M,A4-OL1,0.05,0.1,clipped,FP16,runs/030-2026-09-08-all-models-posthoc-clipping/artifacts/attempts/001/14M_A4-OL1_0.05/sweep.json,5.489813471686911,0.2812404593772442,0.10456447211090765,0.3491024174882716,665349582765,6363055915008,1905886494720,0.12833152310134513,0.2995237697384911,"a,m,h,z",0.0,0.0
14M:A4-OL1:0.05:clip:0.2,14M:A4-OL1:0.05,a6f076630dc59a9aac93fe3f92e7850b4bd8e3ea4b4ea5917b79f7b2b7a82b09,14M,A4-OL1,0.05,0.2,clipped,FP16,runs/030-2026-09-08-all-models-posthoc-clipping/artifacts/attempts/001/14M_A4-OL1_0.05/sweep.json,5.489813471686911,0.2812404593772442,0.10456447211090765,0.3491024174882716,665349582765,6363055915008,1905886494720,0.12833152310134513,0.2995237697384911,"a,m,h,z",0.0,0.0
14M:A4-OL1:0.05:clip:0.3,14M:A4-OL1:0.05,a6f076630dc59a9aac93fe3f92e7850b4bd8e3ea4b4ea5917b79f7b2b7a82b09,14M,A4-OL1,0.05,0.3,clipped,FP16,runs/030-2026-09-08-all-models-posthoc-clipping/artifacts/attempts/001/14M_A4-OL1_0.05/sweep.json,5.489813471686911,0.2812404593772442,0.10456447211090765,0.3491024174882716,665349582765,6363055915008,1905886494720,0.12833152310134513,0.2995237697384911,"a,m,h,z",0.0,0.0
14M:A4-OL1:0.05:clip:0.4,14M:A4-OL1:0.05,a6f076630dc59a9aac93fe3f92e7850b4bd8e3ea4b4ea5917b79f7b2b7a82b09,14M,A4-OL1,0.05,0.4,clipped,FP16,runs/030-2026-09-08-all-models-posthoc-clipping/artifacts/attempts/001/14M_A4-OL1_0.05/sweep.json,5.489813471686911,0.2812404593772442,0.10456447211090765,0.3491024174882716,665349582765,6363055915008,1905886494720,0.12833152310134513,0.2995237697384911,"a,m,h,z",0.0,0.0
14M:A4-OL1:0.05:clip:0.5,14M:A4-OL1:0.05,a6f076630dc59a9aac93fe3f92e7850b4bd8e3ea4b4ea5917b79f7b2b7a82b09,14M,A4-OL1,0.05,0.5,clipped,FP16,runs/030-2026-09-08-all-models-posthoc-clipping/artifacts/attempts/001/14M_A4-OL1_0.05/sweep.json,5.489736025150005,0.28116301284033884,0.10457654017883378,0.34914270834043554,665426372556,6363055915008,1905886494720,0.12833152310134513,0.2995237697384911,"a,m,h,z",-7.744653690533454e-05,1.2068067926127024e-05
14M:A4-OL1:0.05:clip:0.6,14M:A4-OL1:0.05,a6f076630dc59a9aac93fe3f92e7850b4bd8e3ea4b4ea5917b79f7b2b7a82b09,14M,A4-OL1,0.05,0.6,clipped,FP16,runs/030-2026-09-08-all-models-posthoc-clipping/artifacts/attempts/001/14M_A4-OL1_0.05/sweep.json,5.5285222713763895,0.319949259066723,0.10620755059908198,0.35458805386901315,675804583058,6363055915008,1905886494720,0.12833152310134513,0.2995237697384911,"a,m,h,z",0.03870879968947882,0.0016430784881743266
14M:A4-OL1:0.05:clip:0.7,14M:A4-OL1:0.05,a6f076630dc59a9aac93fe3f92e7850b4bd8e3ea4b4ea5917b79f7b2b7a82b09,14M,A4-OL1,0.05,0.7,clipped,FP16,runs/030-2026-09-08-all-models-posthoc-clipping/artifacts/attempts/001/14M_A4-OL1_0.05/sweep.json,5.9246955778471815,0.716122565537515,0.10831826074659497,0.36163494083012415,689235149747,6363055915008,1905886494720,0.12833152310134513,0.2995237697384911,"a,m,h,z",0.4348821061602708,0.0037537886356873162
14M:A4-OL1:0.05:clip:0.8,14M:A4-OL1:0.05,a6f076630dc59a9aac93fe3f92e7850b4bd8e3ea4b4ea5917b79f7b2b7a82b09,14M,A4-OL1,0.05,0.8,clipped,FP16,runs/030-2026-09-08-all-models-posthoc-clipping/artifacts/attempts/001/14M_A4-OL1_0.05/sweep.json,6.802904442922603,1.5943314306129368,0.1092235483481723,0.36465736406674315,694995545375,6363055915008,1905886494720,0.12833152310134513,0.2995237697384911,"a,m,h,z",1.3130909712356926,0.0046590762372646505
14M:A4-OL1:0.05:clip:0.9,14M:A4-OL1:0.05,a6f076630dc59a9aac93fe3f92e7850b4bd8e3ea4b4ea5917b79f7b2b7a82b09,14M,A4-OL1,0.05,0.9,clipped,FP16,runs/030-2026-09-08-all-models-posthoc-clipping/artifacts/attempts/001/14M_A4-OL1_0.05/sweep.json,7.925415943360187,2.716842931050521,0.10933577031455731,0.3650320320487968,695709620022,6363055915008,1905886494720,0.12833152310134513,0.2995237697384911,"a,m,h,z",2.4356024716732767,0.00477129820364966
14M:A4-OL1:0.1:clip:0.0,14M:A4-OL1:0.1,a33ad55f6372db866368d0dc25f61d751646486f4b3f3347daa8f8b2cdc5abdb,14M,A4-OL1,0.1,0.0,clipped,FP16,runs/030-2026-09-08-all-models-posthoc-clipping/artifacts/attempts/001/14M_A4-OL1_0.1/sweep.json,5.548308890246781,0.33973587793711424,0.11394291208551928,0.3804135884941647,725025120719,6363055915008,1905886494720,0.12833152310134513,0.2995237697384911,"a,m,h,z",0.0,0.0
14M:A4-OL1:0.1:clip:0.1,14M:A4-OL1:0.1,a33ad55f6372db866368d0dc25f61d751646486f4b3f3347daa8f8b2cdc5abdb,14M,A4-OL1,0.1,0.1,clipped,FP16,runs/030-2026-09-08-all-models-posthoc-clipping/artifacts/attempts/001/14M_A4-OL1_0.1/sweep.json,5.548308890246781,0.33973587793711424,0.11394291208551928,0.3804135884941647,725025120719,6363055915008,1905886494720,0.12833152310134513,0.2995237697384911,"a,m,h,z",0.0,0.0
14M:A4-OL1:0.1:clip:0.2,14M:A4-OL1:0.1,a33ad55f6372db866368d0dc25f61d751646486f4b3f3347daa8f8b2cdc5abdb,14M,A4-OL1,0.1,0.2,clipped,FP16,runs/030-2026-09-08-all-models-posthoc-clipping/artifacts/attempts/001/14M_A4-OL1_0.1/sweep.json,5.548308890246781,0.33973587793711424,0.11394291208551928,0.3804135884941647,725025120719,6363055915008,1905886494720,0.12833152310134513,0.2995237697384911,"a,m,h,z",0.0,0.0
14M:A4-OL1:0.1:clip:0.3,14M:A4-OL1:0.1,a33ad55f6372db866368d0dc25f61d751646486f4b3f3347daa8f8b2cdc5abdb,14M,A4-OL1,0.1,0.3,clipped,FP16,runs/030-2026-09-08-all-models-posthoc-clipping/artifacts/attempts/001/14M_A4-OL1_0.1/sweep.json,5.548308890246781,0.33973587793711424,0.11394291208551928,0.3804135884941647,725025120719,6363055915008,1905886494720,0.12833152310134513,0.2995237697384911,"a,m,h,z",0.0,0.0
14M:A4-OL1:0.1:clip:0.4,14M:A4-OL1:0.1,a33ad55f6372db866368d0dc25f61d751646486f4b3f3347daa8f8b2cdc5abdb,14M,A4-OL1,0.1,0.4,clipped,FP16,runs/030-2026-09-08-all-models-posthoc-clipping/artifacts/attempts/001/14M_A4-OL1_0.1/sweep.json,5.548308890246781,0.33973587793711424,0.11394291208551928,0.3804135884941647,725025120719,6363055915008,1905886494720,0.12833152310134513,0.2995237697384911,"a,m,h,z",0.0,0.0
14M:A4-OL1:0.1:clip:0.5,14M:A4-OL1:0.1,a33ad55f6372db866368d0dc25f61d751646486f4b3f3347daa8f8b2cdc5abdb,14M,A4-OL1,0.1,0.5,clipped,FP16,runs/030-2026-09-08-all-models-posthoc-clipping/artifacts/attempts/001/14M_A4-OL1_0.1/sweep.json,5.548308890246781,0.33973587793711424,0.11394291208551928,0.3804135884941647,725025120719,6363055915008,1905886494720,0.12833152310134513,0.2995237697384911,"a,m,h,z",0.0,0.0
14M:A4-OL1:0.1:clip:0.6,14M:A4-OL1:0.1,a33ad55f6372db866368d0dc25f61d751646486f4b3f3347daa8f8b2cdc5abdb,14M,A4-OL1,0.1,0.6,clipped,FP16,runs/030-2026-09-08-all-models-posthoc-clipping/artifacts/attempts/001/14M_A4-OL1_0.1/sweep.json,5.605809604627846,0.39723659231817976,0.11437945711311338,0.3818710522139063,727802881139,6363055915008,1905886494720,0.12833152310134513,0.2995237697384911,"a,m,h,z",0.05750071438106552,0.0004365450275941041
14M:A4-OL1:0.1:clip:0.7,14M:A4-OL1:0.1,a33ad55f6372db866368d0dc25f61d751646486f4b3f3347daa8f8b2cdc5abdb,14M,A4-OL1,0.1,0.7,clipped,FP16,runs/030-2026-09-08-all-models-posthoc-clipping/artifacts/attempts/001/14M_A4-OL1_0.1/sweep.json,6.020794285119638,0.8122212728099711,0.1158126377690449,0.38665591672460203,736922289789,6363055915008,1905886494720,0.12833152310134513,0.2995237697384911,"a,m,h,z",0.4724853948728569,0.0018697256835256137
14M:A4-OL1:0.1:clip:0.8,14M:A4-OL1:0.1,a33ad55f6372db866368d0dc25f61d751646486f4b3f3347daa8f8b2cdc5abdb,14M,A4-OL1,0.1,0.8,clipped,FP16,runs/030-2026-09-08-all-models-posthoc-clipping/artifacts/attempts/001/14M_A4-OL1_0.1/sweep.json,6.474282314791482,1.2657093024818158,0.11570704709940842,0.38630338820999144,736250410454,6363055915008,1905886494720,0.12833152310134513,0.2995237697384911,"a,m,h,z",0.9259734245447016,0.0017641350138891398
14M:A4-OL1:0.1:clip:0.9,14M:A4-OL1:0.1,a33ad55f6372db866368d0dc25f61d751646486f4b3f3347daa8f8b2cdc5abdb,14M,A4-OL1,0.1,0.9,clipped,FP16,runs/030-2026-09-08-all-models-posthoc-clipping/artifacts/attempts/001/14M_A4-OL1_0.1/sweep.json,7.2906065121204895,2.082033499810823,0.11573646299414518,0.3864015970925868,736437585437,6363055915008,1905886494720,0.12833152310134513,0.2995237697384911,"a,m,h,z",1.7422976218737087,0.0017935509086259016
14M:A4-OL1:0.5:clip:0.0,14M:A4-OL1:0.5,81427a14cb4e70b3467600fca052e680ee9dc2991135886b2ed3e0b8b84790ff,14M,A4-OL1,0.5,0.0,clipped,FP16,runs/030-2026-09-08-all-models-posthoc-clipping/artifacts/attempts/001/14M_A4-OL1_0.5/sweep.json,6.037985859537971,0.8294128472283049,0.1271345631932865,0.42445567276442014,808964334329,6363055915008,1905886494720,0.12833152310134513,0.2995237697384911,"a,m,h,z",0.0,0.0
14M:A4-OL1:0.5:clip:0.1,14M:A4-OL1:0.5,81427a14cb4e70b3467600fca052e680ee9dc2991135886b2ed3e0b8b84790ff,14M,A4-OL1,0.5,0.1,clipped,FP16,runs/030-2026-09-08-all-models-posthoc-clipping/artifacts/attempts/001/14M_A4-OL1_0.5/sweep.json,6.037985859537971,0.8294128472283049,0.1271345631932865,0.42445567276442014,808964334329,6363055915008,1905886494720,0.12833152310134513,0.2995237697384911,"a,m,h,z",0.0,0.0
14M:A4-OL1:0.5:clip:0.2,14M:A4-OL1:0.5,81427a14cb4e70b3467600fca052e680ee9dc2991135886b2ed3e0b8b84790ff,14M,A4-OL1,0.5,0.2,clipped,FP16,runs/030-2026-09-08-all-models-posthoc-clipping/artifacts/attempts/001/14M_A4-OL1_0.5/sweep.json,6.037985859537971,0.8294128472283049,0.1271345631932865,0.42445567276442014,808964334329,6363055915008,1905886494720,0.12833152310134513,0.2995237697384911,"a,m,h,z",0.0,0.0
14M:A4-OL1:0.5:clip:0.3,14M:A4-OL1:0.5,81427a14cb4e70b3467600fca052e680ee9dc2991135886b2ed3e0b8b84790ff,14M,A4-OL1,0.5,0.3,clipped,FP16,runs/030-2026-09-08-all-models-posthoc-clipping/artifacts/attempts/001/14M_A4-OL1_0.5/sweep.json,6.037985859537971,0.8294128472283049,0.1271345631932865,0.42445567276442014,808964334329,6363055915008,1905886494720,0.12833152310134513,0.2995237697384911,"a,m,h,z",0.0,0.0
14M:A4-OL1:0.5:clip:0.4,14M:A4-OL1:0.5,81427a14cb4e70b3467600fca052e680ee9dc2991135886b2ed3e0b8b84790ff,14M,A4-OL1,0.5,0.4,clipped,FP16,runs/030-2026-09-08-all-models-posthoc-clipping/artifacts/attempts/001/14M_A4-OL1_0.5/sweep.json,6.037985859537971,0.8294128472283049,0.1271345631932865,0.42445567276442014,808964334329,6363055915008,1905886494720,0.12833152310134513,0.2995237697384911,"a,m,h,z",0.0,0.0
14M:A4-OL1:0.5:clip:0.5,14M:A4-OL1:0.5,81427a14cb4e70b3467600fca052e680ee9dc2991135886b2ed3e0b8b84790ff,14M,A4-OL1,0.5,0.5,clipped,FP16,runs/030-2026-09-08-all-models-posthoc-clipping/artifacts/attempts/001/14M_A4-OL1_0.5/sweep.json,6.037985859537971,0.8294128472283049,0.1271345631932865,0.42445567276442014,808964334329,6363055915008,1905886494720,0.12833152310134513,0.2995237697384911,"a,m,h,z",0.0,0.0
14M:A4-OL1:0.5:clip:0.6,14M:A4-OL1:0.5,81427a14cb4e70b3467600fca052e680ee9dc2991135886b2ed3e0b8b84790ff,14M,A4-OL1,0.5,0.6,clipped,FP16,runs/030-2026-09-08-all-models-posthoc-clipping/artifacts/attempts/001/14M_A4-OL1_0.5/sweep.json,6.037985859537971,0.8294128472283049,0.1271345631932865,0.42445567276442014,808964334329,6363055915008,1905886494720,0.12833152310134513,0.2995237697384911,"a,m,h,z",0.0,0.0
14M:A4-OL1:0.5:clip:0.7,14M:A4-OL1:0.5,81427a14cb4e70b3467600fca052e680ee9dc2991135886b2ed3e0b8b84790ff,14M,A4-OL1,0.5,0.7,clipped,FP16,runs/030-2026-09-08-all-models-posthoc-clipping/artifacts/attempts/001/14M_A4-OL1_0.5/sweep.json,6.037985859537971,0.8294128472283049,0.1271345631932865,0.42445567276442014,808964334329,6363055915008,1905886494720,0.12833152310134513,0.2995237697384911,"a,m,h,z",0.0,0.0
14M:A4-OL1:0.5:clip:0.8,14M:A4-OL1:0.5,81427a14cb4e70b3467600fca052e680ee9dc2991135886b2ed3e0b8b84790ff,14M,A4-OL1,0.5,0.8,clipped,FP16,runs/030-2026-09-08-all-models-posthoc-clipping/artifacts/attempts/001/14M_A4-OL1_0.5/sweep.json,6.037985859537971,0.8294128472283049,0.1271345631932865,0.42445567276442014,808964334329,6363055915008,1905886494720,0.12833152310134513,0.2995237697384911,"a,m,h,z",0.0,0.0
14M:A4-OL1:0.5:clip:0.9,14M:A4-OL1:0.5,81427a14cb4e70b3467600fca052e680ee9dc2991135886b2ed3e0b8b84790ff,14M,A4-OL1,0.5,0.9,clipped,FP16,runs/030-2026-09-08-all-models-posthoc-clipping/artifacts/attempts/001/14M_A4-OL1_0.5/sweep.json,6.077768207301755,0.8691951949920886,0.1273892707524606,0.4253060478762067,810585052770,6363055915008,1905886494720,0.12833152310134513,0.2995237697384911,"a,m,h,z",0.039782347763783754,0.0002547075591740888
14M:A7-OL1:0.0:clip:0.0,14M:A7-OL1:0.0,597e0275a7930f4e87129f0b74b85799743faa55a19600ba3fddc0b3ef95ede4,14M,A7-OL1,0.0,0.0,clipped,FP16,runs/030-2026-09-08-all-models-posthoc-clipping/artifacts/attempts/001/14M_A7-OL1_0.0/sweep.json,5.480181639011089,0.27160862670142283,0.07054236387068362,0.23551507759224888,448865005686,6363055915008,1905886494720,0.2995237697384911,0.2995237697384911,"a,m,h,q_post,k_post,v,z",0.0,0.0
14M:A7-OL1:0.0:clip:0.1,14M:A7-OL1:0.0,597e0275a7930f4e87129f0b74b85799743faa55a19600ba3fddc0b3ef95ede4,14M,A7-OL1,0.0,0.1,clipped,FP16,runs/030-2026-09-08-all-models-posthoc-clipping/artifacts/attempts/001/14M_A7-OL1_0.0/sweep.json,5.480181639011089,0.27160862670142283,0.07054236387068362,0.23551507759224888,448865005686,6363055915008,1905886494720,0.2995237697384911,0.2995237697384911,"a,m,h,q_post,k_post,v,z",0.0,0.0
14M:A7-OL1:0.0:clip:0.2,14M:A7-OL1:0.0,597e0275a7930f4e87129f0b74b85799743faa55a19600ba3fddc0b3ef95ede4,14M,A7-OL1,0.0,0.2,clipped,FP16,runs/030-2026-09-08-all-models-posthoc-clipping/artifacts/attempts/001/14M_A7-OL1_0.0/sweep.json,5.480181639011089,0.27160862670142283,0.07054236387068362,0.23551507759224888,448865005686,6363055915008,1905886494720,0.2995237697384911,0.2995237697384911,"a,m,h,q_post,k_post,v,z",0.0,0.0
14M:A7-OL1:0.0:clip:0.3,14M:A7-OL1:0.0,597e0275a7930f4e87129f0b74b85799743faa55a19600ba3fddc0b3ef95ede4,14M,A7-OL1,0.0,0.3,clipped,FP16,runs/030-2026-09-08-all-models-posthoc-clipping/artifacts/attempts/001/14M_A7-OL1_0.0/sweep.json,5.480164278893781,0.2715912665841147,0.07057600421124625,0.23562739034990415,449079061054,6363055915008,1905886494720,0.2995237697384911,0.2995237697384911,"a,m,h,q_post,k_post,v,z",-1.7360117308129475e-05,3.3640340562635096e-05
14M:A7-OL1:0.0:clip:0.4,14M:A7-OL1:0.0,597e0275a7930f4e87129f0b74b85799743faa55a19600ba3fddc0b3ef95ede4,14M,A7-OL1,0.0,0.4,clipped,FP16,runs/030-2026-09-08-all-models-posthoc-clipping/artifacts/attempts/001/14M_A7-OL1_0.0/sweep.json,5.479698386418043,0.2711253741083768,0.07081021982476694,0.2364093503717254,450569388099,6363055915008,1905886494720,0.2995237697384911,0.2995237697384911,"a,m,h,q_post,k_post,v,z",-0.0004832525930460463,0.00026785595408332363
14M:A7-OL1:0.0:clip:0.5,14M:A7-OL1:0.0,597e0275a7930f4e87129f0b74b85799743faa55a19600ba3fddc0b3ef95ede4,14M,A7-OL1,0.0,0.5,clipped,FP16,runs/030-2026-09-08-all-models-posthoc-clipping/artifacts/attempts/001/14M_A7-OL1_0.0/sweep.json,5.480322166307438,0.27174915399777166,0.07227817159617428,0.2413103028827364,459910047301,6363055915008,1905886494720,0.2995237697384911,0.2995237697384911,"a,m,h,q_post,k_post,v,z",0.00014052729634883576,0.0017358077254906595
14M:A7-OL1:0.0:clip:0.6,14M:A7-OL1:0.0,597e0275a7930f4e87129f0b74b85799743faa55a19600ba3fddc0b3ef95ede4,14M,A7-OL1,0.0,0.6,clipped,FP16,runs/030-2026-09-08-all-models-posthoc-clipping/artifacts/attempts/001/14M_A7-OL1_0.0/sweep.json,5.550614424005768,0.34204141169610125,0.08069088637599289,0.26939727169714334,513440621842,6363055915008,1905886494720,0.2995237697384911,0.2995237697384911,"a,m,h,q_post,k_post,v,z",0.07043278499467842,0.010148522505309274
14M:A7-OL1:0.0:clip:0.7,14M:A7-OL1:0.0,597e0275a7930f4e87129f0b74b85799743faa55a19600ba3fddc0b3ef95ede4,14M,A7-OL1,0.0,0.7,clipped,FP16,runs/030-2026-09-08-all-models-posthoc-clipping/artifacts/attempts/001/14M_A7-OL1_0.0/sweep.json,6.007140845236694,0.7985678329270272,0.08979246311546543,0.29978409791604066,571354463550,6363055915008,1905886494720,0.2995237697384911,0.2995237697384911,"a,m,h,q_post,k_post,v,z",0.5269592062256043,0.019250099244781813
14M:A7-OL1:0.0:clip:0.8,14M:A7-OL1:0.0,597e0275a7930f4e87129f0b74b85799743faa55a19600ba3fddc0b3ef95ede4,14M,A7-OL1,0.0,0.8,clipped,FP16,runs/030-2026-09-08-all-models-posthoc-clipping/artifacts/attempts/001/14M_A7-OL1_0.0/sweep.json,6.941022582308075,1.7324495699984084,0.1020918432845774,0.3408472168125821,649616107286,6363055915008,1905886494720,0.2995237697384911,0.2995237697384911,"a,m,h,q_post,k_post,v,z",1.4608409432969856,0.031549479413893786
14M:A7-OL1:0.0:clip:0.9,14M:A7-OL1:0.0,597e0275a7930f4e87129f0b74b85799743faa55a19600ba3fddc0b3ef95ede4,14M,A7-OL1,0.0,0.9,clipped,FP16,runs/030-2026-09-08-all-models-posthoc-clipping/artifacts/attempts/001/14M_A7-OL1_0.0/sweep.json,8.207801330724411,2.999228318414745,0.11624306770186069,0.3880929643859332,739661139519,6363055915008,1905886494720,0.2995237697384911,0.2995237697384911,"a,m,h,q_post,k_post,v,z",2.727619691713322,0.04570070383117707
14M:A7-OL1:0.01:clip:0.0,14M:A7-OL1:0.01,cc8e860ad0a25fb72c5b8fbf090d3f2bba6811ef26bf44b42866148bbfc011d2,14M,A7-OL1,0.01,0.0,clipped,FP16,runs/030-2026-09-08-all-models-posthoc-clipping/artifacts/attempts/001/14M_A7-OL1_0.01/sweep.json,5.475793192372519,0.26722018006285264,0.07723403231219006,0.2578561039733899,491444466144,6363055915008,1905886494720,0.2995237697384911,0.2995237697384911,"a,m,h,q_post,k_post,v,z",0.0,0.0
14M:A7-OL1:0.01:clip:0.1,14M:A7-OL1:0.01,cc8e860ad0a25fb72c5b8fbf090d3f2bba6811ef26bf44b42866148bbfc011d2,14M,A7-OL1,0.01,0.1,clipped,FP16,runs/030-2026-09-08-all-models-posthoc-clipping/artifacts/attempts/001/14M_A7-OL1_0.01/sweep.json,5.475793192372519,0.26722018006285264,0.07723403231219006,0.2578561039733899,491444466144,6363055915008,1905886494720,0.2995237697384911,0.2995237697384911,"a,m,h,q_post,k_post,v,z",0.0,0.0
14M:A7-OL1:0.01:clip:0.2,14M:A7-OL1:0.01,cc8e860ad0a25fb72c5b8fbf090d3f2bba6811ef26bf44b42866148bbfc011d2,14M,A7-OL1,0.01,0.2,clipped,FP16,runs/030-2026-09-08-all-models-posthoc-clipping/artifacts/attempts/001/14M_A7-OL1_0.01/sweep.json,5.475793192372519,0.26722018006285264,0.07723403231219006,0.2578561039733899,491444466144,6363055915008,1905886494720,0.2995237697384911,0.2995237697384911,"a,m,h,q_post,k_post,v,z",0.0,0.0
14M:A7-OL1:0.01:clip:0.3,14M:A7-OL1:0.01,cc8e860ad0a25fb72c5b8fbf090d3f2bba6811ef26bf44b42866148bbfc011d2,14M,A7-OL1,0.01,0.3,clipped,FP16,runs/030-2026-09-08-all-models-posthoc-clipping/artifacts/attempts/001/14M_A7-OL1_0.01/sweep.json,5.475793192372519,0.26722018006285264,0.07723403231219006,0.2578561039733899,491444466144,6363055915008,1905886494720,0.2995237697384911,0.2995237697384911,"a,m,h,q_post,k_post,v,z",0.0,0.0
14M:A7-OL1:0.01:clip:0.4,14M:A7-OL1:0.01,cc8e860ad0a25fb72c5b8fbf090d3f2bba6811ef26bf44b42866148bbfc011d2,14M,A7-OL1,0.01,0.4,clipped,FP16,runs/030-2026-09-08-all-models-posthoc-clipping/artifacts/attempts/001/14M_A7-OL1_0.01/sweep.json,5.475532987414027,0.26695997510436076,0.07731594920101868,0.25812959441757116,491965707888,6363055915008,1905886494720,0.2995237697384911,0.2995237697384911,"a,m,h,q_post,k_post,v,z",-0.0002602049584918831,8.191688882862314e-05
14M:A7-OL1:0.01:clip:0.5,14M:A7-OL1:0.01,cc8e860ad0a25fb72c5b8fbf090d3f2bba6811ef26bf44b42866148bbfc011d2,14M,A7-OL1,0.01,0.5,clipped,FP16,runs/030-2026-09-08-all-models-posthoc-clipping/artifacts/attempts/001/14M_A7-OL1_0.01/sweep.json,5.476153015385012,0.2675800030753459,0.0779105548798838,0.26011476467428984,495749217070,6363055915008,1905886494720,0.2995237697384911,0.2995237697384911,"a,m,h,q_post,k_post,v,z",0.00035982301249326554,0.0006765225676937381
14M:A7-OL1:0.01:clip:0.6,14M:A7-OL1:0.01,cc8e860ad0a25fb72c5b8fbf090d3f2bba6811ef26bf44b42866148bbfc011d2,14M,A7-OL1,0.01,0.6,clipped,FP16,runs/030-2026-09-08-all-models-posthoc-clipping/artifacts/attempts/001/14M_A7-OL1_0.01/sweep.json,5.534030534811979,0.32545752250231264,0.08581777413633077,0.28651406935501894,546063295331,6363055915008,1905886494720,0.2995237697384911,0.2995237697384911,"a,m,h,q_post,k_post,v,z",0.058237342439459994,0.008583741824140706
14M:A7-OL1:0.01:clip:0.7,14M:A7-OL1:0.01,cc8e860ad0a25fb72c5b8fbf090d3f2bba6811ef26bf44b42866148bbfc011d2,14M,A7-OL1,0.01,0.7,clipped,FP16,runs/030-2026-09-08-all-models-posthoc-clipping/artifacts/attempts/001/14M_A7-OL1_0.01/sweep.json,5.93097405391332,0.7224010416036535,0.09416665980488192,0.3143879361798136,599187721668,6363055915008,1905886494720,0.2995237697384911,0.2995237697384911,"a,m,h,q_post,k_post,v,z",0.45518086154080084,0.016932627492691865
14M:A7-OL1:0.01:clip:0.8,14M:A7-OL1:0.01,cc8e860ad0a25fb72c5b8fbf090d3f2bba6811ef26bf44b42866148bbfc011d2,14M,A7-OL1,0.01,0.8,clipped,FP16,runs/030-2026-09-08-all-models-posthoc-clipping/artifacts/attempts/001/14M_A7-OL1_0.01/sweep.json,6.837059490779448,1.6284864784697817,0.10591005815216897,0.3535948357108258,673911621984,6363055915008,1905886494720,0.2995237697384911,0.2995237697384911,"a,m,h,q_post,k_post,v,z",1.361266298406929,0.028676025839978914
14M:A7-OL1:0.01:clip:0.9,14M:A7-OL1:0.01,cc8e860ad0a25fb72c5b8fbf090d3f2bba6811ef26bf44b42866148bbfc011d2,14M,A7-OL1,0.01,0.9,clipped,FP16,runs/030-2026-09-08-all-models-posthoc-clipping/artifacts/attempts/001/14M_A7-OL1_0.01/sweep.json,8.174582810091549,2.966009797781882,0.12079383800794931,0.40328631718748825,768617945433,6363055915008,1905886494720,0.2995237697384911,0.2995237697384911,"a,m,h,q_post,k_post,v,z",2.6987896177190294,0.04355980569575925
14M:A7-OL1:0.05:clip:0.0,14M:A7-OL1:0.05,451110e9c90a5342ab0b3d1a96cd1651510b4789f64ef88fc7b750bb9bd217ff,14M,A7-OL1,0.05,0.0,clipped,FP16,runs/030-2026-09-08-all-models-posthoc-clipping/artifacts/attempts/001/14M_A7-OL1_0.05/sweep.json,5.462823045324292,0.25425003301462556,0.09862985701143426,0.32928891452436726,627587295053,6363055915008,1905886494720,0.2995237697384911,0.2995237697384911,"a,m,h,q_post,k_post,v,z",0.0,0.0
14M:A7-OL1:0.05:clip:0.1,14M:A7-OL1:0.05,451110e9c90a5342ab0b3d1a96cd1651510b4789f64ef88fc7b750bb9bd217ff,14M,A7-OL1,0.05,0.1,clipped,FP16,runs/030-2026-09-08-all-models-posthoc-clipping/artifacts/attempts/001/14M_A7-OL1_0.05/sweep.json,5.462823045324292,0.25425003301462556,0.09862985701143426,0.32928891452436726,627587295053,6363055915008,1905886494720,0.2995237697384911,0.2995237697384911,"a,m,h,q_post,k_post,v,z",0.0,0.0
14M:A7-OL1:0.05:clip:0.2,14M:A7-OL1:0.05,451110e9c90a5342ab0b3d1a96cd1651510b4789f64ef88fc7b750bb9bd217ff,14M,A7-OL1,0.05,0.2,clipped,FP16,runs/030-2026-09-08-all-models-posthoc-clipping/artifacts/attempts/001/14M_A7-OL1_0.05/sweep.json,5.462823045324292,0.25425003301462556,0.09862985701143426,0.32928891452436726,627587295053,6363055915008,1905886494720,0.2995237697384911,0.2995237697384911,"a,m,h,q_post,k_post,v,z",0.0,0.0
14M:A7-OL1:0.05:clip:0.3,14M:A7-OL1:0.05,451110e9c90a5342ab0b3d1a96cd1651510b4789f64ef88fc7b750bb9bd217ff,14M,A7-OL1,0.05,0.3,clipped,FP16,runs/030-2026-09-08-all-models-posthoc-clipping/artifacts/attempts/001/14M_A7-OL1_0.05/sweep.json,5.462823045324292,0.25425003301462556,0.09862985701143426,0.32928891452436726,627587295053,6363055915008,1905886494720,0.2995237697384911,0.2995237697384911,"a,m,h,q_post,k_post,v,z",0.0,0.0
14M:A7-OL1:0.05:clip:0.4,14M:A7-OL1:0.05,451110e9c90a5342ab0b3d1a96cd1651510b4789f64ef88fc7b750bb9bd217ff,14M,A7-OL1,0.05,0.4,clipped,FP16,runs/030-2026-09-08-all-models-posthoc-clipping/artifacts/attempts/001/14M_A7-OL1_0.05/sweep.json,5.462823045324292,0.25425003301462556,0.09862985701143426,0.32928891452436726,627587295053,6363055915008,1905886494720,0.2995237697384911,0.2995237697384911,"a,m,h,q_post,k_post,v,z",0.0,0.0
14M:A7-OL1:0.05:clip:0.5,14M:A7-OL1:0.05,451110e9c90a5342ab0b3d1a96cd1651510b4789f64ef88fc7b750bb9bd217ff,14M,A7-OL1,0.05,0.5,clipped,FP16,runs/030-2026-09-08-all-models-posthoc-clipping/artifacts/attempts/001/14M_A7-OL1_0.05/sweep.json,5.462710346695939,0.2541373343862725,0.09867302587191089,0.3294330395148958,627861980926,6363055915008,1905886494720,0.2995237697384911,0.2995237697384911,"a,m,h,q_post,k_post,v,z",-0.00011269862835305844,4.31688604766306e-05
14M:A7-OL1:0.05:clip:0.6,14M:A7-OL1:0.05,451110e9c90a5342ab0b3d1a96cd1651510b4789f64ef88fc7b750bb9bd217ff,14M,A7-OL1,0.05,0.6,clipped,FP16,runs/030-2026-09-08-all-models-posthoc-clipping/artifacts/attempts/001/14M_A7-OL1_0.05/sweep.json,5.503036353715073,0.29446334140540653,0.10411354943690874,0.3475969520809932,662480336577,6363055915008,1905886494720,0.2995237697384911,0.2995237697384911,"a,m,h,q_post,k_post,v,z",0.040213308390780966,0.005483692425474487
14M:A7-OL1:0.05:clip:0.7,14M:A7-OL1:0.05,451110e9c90a5342ab0b3d1a96cd1651510b4789f64ef88fc7b750bb9bd217ff,14M,A7-OL1,0.05,0.7,clipped,FP16,runs/030-2026-09-08-all-models-posthoc-clipping/artifacts/attempts/001/14M_A7-OL1_0.05/sweep.json,5.836176698729837,0.6276036864201702,0.11073841653992665,0.36971495329606197,704634736383,6363055915008,1905886494720,0.2995237697384911,0.2995237697384911,"a,m,h,q_post,k_post,v,z",0.3733536534055446,0.012108559528492394
14M:A7-OL1:0.05:clip:0.8,14M:A7-OL1:0.05,451110e9c90a5342ab0b3d1a96cd1651510b4789f64ef88fc7b750bb9bd217ff,14M,A7-OL1,0.05,0.8,clipped,FP16,runs/030-2026-09-08-all-models-posthoc-clipping/artifacts/attempts/001/14M_A7-OL1_0.05/sweep.json,6.6783231750747865,1.46975016276512,0.11920563350935859,0.3979838849298502,758512111404,6363055915008,1905886494720,0.2995237697384911,0.2995237697384911,"a,m,h,q_post,k_post,v,z",1.2155001297504944,0.02057577649792433
14M:A7-OL1:0.05:clip:0.9,14M:A7-OL1:0.05,451110e9c90a5342ab0b3d1a96cd1651510b4789f64ef88fc7b750bb9bd217ff,14M,A7-OL1,0.05,0.9,clipped,FP16,runs/030-2026-09-08-all-models-posthoc-clipping/artifacts/attempts/001/14M_A7-OL1_0.05/sweep.json,8.023400250271226,2.81482723796156,0.13588902857643878,0.4536836214871397,864669487068,6363055915008,1905886494720,0.2995237697384911,0.2995237697384911,"a,m,h,q_post,k_post,v,z",2.5605772049469344,0.03725917156500452
14M:A7-OL1:0.1:clip:0.0,14M:A7-OL1:0.1,784f56de3f13d585e2a895603ecda08b9300d3cf1ceb340172e90c8760fa360f,14M,A7-OL1,0.1,0.0,clipped,FP16,runs/030-2026-09-08-all-models-posthoc-clipping/artifacts/attempts/001/14M_A7-OL1_0.1/sweep.json,5.429461431221144,0.22088841891147748,0.11796797750520101,0.39385180551178545,750636837046,6363055915008,1905886494720,0.2995237697384911,0.2995237697384911,"a,m,h,q_post,k_post,v,z",0.0,0.0
14M:A7-OL1:0.1:clip:0.1,14M:A7-OL1:0.1,784f56de3f13d585e2a895603ecda08b9300d3cf1ceb340172e90c8760fa360f,14M,A7-OL1,0.1,0.1,clipped,FP16,runs/030-2026-09-08-all-models-posthoc-clipping/artifacts/attempts/001/14M_A7-OL1_0.1/sweep.json,5.429461431221144,0.22088841891147748,0.11796797750520101,0.39385180551178545,750636837046,6363055915008,1905886494720,0.2995237697384911,0.2995237697384911,"a,m,h,q_post,k_post,v,z",0.0,0.0
14M:A7-OL1:0.1:clip:0.2,14M:A7-OL1:0.1,784f56de3f13d585e2a895603ecda08b9300d3cf1ceb340172e90c8760fa360f,14M,A7-OL1,0.1,0.2,clipped,FP16,runs/030-2026-09-08-all-models-posthoc-clipping/artifacts/attempts/001/14M_A7-OL1_0.1/sweep.json,5.429461431221144,0.22088841891147748,0.11796797750520101,0.39385180551178545,750636837046,6363055915008,1905886494720,0.2995237697384911,0.2995237697384911,"a,m,h,q_post,k_post,v,z",0.0,0.0
14M:A7-OL1:0.1:clip:0.3,14M:A7-OL1:0.1,784f56de3f13d585e2a895603ecda08b9300d3cf1ceb340172e90c8760fa360f,14M,A7-OL1,0.1,0.3,clipped,FP16,runs/030-2026-09-08-all-models-posthoc-clipping/artifacts/attempts/001/14M_A7-OL1_0.1/sweep.json,5.429461431221144,0.22088841891147748,0.11796797750520101,0.39385180551178545,750636837046,6363055915008,1905886494720,0.2995237697384911,0.2995237697384911,"a,m,h,q_post,k_post,v,z",0.0,0.0
14M:A7-OL1:0.1:clip:0.4,14M:A7-OL1:0.1,784f56de3f13d585e2a895603ecda08b9300d3cf1ceb340172e90c8760fa360f,14M,A7-OL1,0.1,0.4,clipped,FP16,runs/030-2026-09-08-all-models-posthoc-clipping/artifacts/attempts/001/14M_A7-OL1_0.1/sweep.json,5.429461431221144,0.22088841891147748,0.11796797750520101,0.39385180551178545,750636837046,6363055915008,1905886494720,0.2995237697384911,0.2995237697384911,"a,m,h,q_post,k_post,v,z",0.0,0.0
14M:A7-OL1:0.1:clip:0.5,14M:A7-OL1:0.1,784f56de3f13d585e2a895603ecda08b9300d3cf1ceb340172e90c8760fa360f,14M,A7-OL1,0.1,0.5,clipped,FP16,runs/030-2026-09-08-all-models-posthoc-clipping/artifacts/attempts/001/14M_A7-OL1_0.1/sweep.json,5.429461431221144,0.22088841891147748,0.11796797750520101,0.39385180551178545,750636837046,6363055915008,1905886494720,0.2995237697384911,0.2995237697384911,"a,m,h,q_post,k_post,v,z",0.0,0.0
14M:A7-OL1:0.1:clip:0.6,14M:A7-OL1:0.1,784f56de3f13d585e2a895603ecda08b9300d3cf1ceb340172e90c8760fa360f,14M,A7-OL1,0.1,0.6,clipped,FP16,runs/030-2026-09-08-all-models-posthoc-clipping/artifacts/attempts/001/14M_A7-OL1_0.1/sweep.json,5.453680927936848,0.24510791562718115,0.12202924289107457,0.4074108809381511,776478895782,6363055915008,1905886494720,0.2995237697384911,0.2995237697384911,"a,m,h,q_post,k_post,v,z",0.02421949671570367,0.004061265385873564
14M:A7-OL1:0.1:clip:0.7,14M:A7-OL1:0.1,784f56de3f13d585e2a895603ecda08b9300d3cf1ceb340172e90c8760fa360f,14M,A7-OL1,0.1,0.7,clipped,FP16,runs/030-2026-09-08-all-models-posthoc-clipping/artifacts/attempts/001/14M_A7-OL1_0.1/sweep.json,5.76077379277472,0.5522007804650535,0.1286020106577943,0.42935494157967646,818301784598,6363055915008,1905886494720,0.2995237697384911,0.2995237697384911,"a,m,h,q_post,k_post,v,z",0.331312361553576,0.0106340331525933
14M:A7-OL1:0.1:clip:0.8,14M:A7-OL1:0.1,784f56de3f13d585e2a895603ecda08b9300d3cf1ceb340172e90c8760fa360f,14M,A7-OL1,0.1,0.8,clipped,FP16,runs/030-2026-09-08-all-models-posthoc-clipping/artifacts/attempts/001/14M_A7-OL1_0.1/sweep.json,6.558794324214642,1.350221311904975,0.13661474303984755,0.4561065158839429,869287248777,6363055915008,1905886494720,0.2995237697384911,0.2995237697384911,"a,m,h,q_post,k_post,v,z",1.1293328929934976,0.018646765534646545
14M:A7-OL1:0.1:clip:0.9,14M:A7-OL1:0.1,784f56de3f13d585e2a895603ecda08b9300d3cf1ceb340172e90c8760fa360f,14M,A7-OL1,0.1,0.9,clipped,FP16,runs/030-2026-09-08-all-models-posthoc-clipping/artifacts/attempts/001/14M_A7-OL1_0.1/sweep.json,8.01822628777408,2.809653275464414,0.15134411460861558,0.5052824847281785,963011063662,6363055915008,1905886494720,0.2995237697384911,0.2995237697384911,"a,m,h,q_post,k_post,v,z",2.5887648565529364,0.03337613710341457
14M:A7-OL1:0.5:clip:0.0,14M:A7-OL1:0.5,937f7a1d25676306a429f0871368542a67c644fbde5b355faded4db4237ad78a,14M,A7-OL1,0.5,0.0,clipped,FP16,runs/030-2026-09-08-all-models-posthoc-clipping/artifacts/attempts/001/14M_A7-OL1_0.5/sweep.json,5.829377546818299,0.6208045345086326,0.27482413190436367,0.9175369692505798,1748721318101,6363055915008,1905886494720,0.2995237697384911,0.2995237697384911,"a,m,h,q_post,k_post,v,z",0.0,0.0
14M:A7-OL1:0.5:clip:0.1,14M:A7-OL1:0.5,937f7a1d25676306a429f0871368542a67c644fbde5b355faded4db4237ad78a,14M,A7-OL1,0.5,0.1,clipped,FP16,runs/030-2026-09-08-all-models-posthoc-clipping/artifacts/attempts/001/14M_A7-OL1_0.5/sweep.json,5.829377546818299,0.6208045345086326,0.27482413190436367,0.9175369692505798,1748721318101,6363055915008,1905886494720,0.2995237697384911,0.2995237697384911,"a,m,h,q_post,k_post,v,z",0.0,0.0
14M:A7-OL1:0.5:clip:0.2,14M:A7-OL1:0.5,937f7a1d25676306a429f0871368542a67c644fbde5b355faded4db4237ad78a,14M,A7-OL1,0.5,0.2,clipped,FP16,runs/030-2026-09-08-all-models-posthoc-clipping/artifacts/attempts/001/14M_A7-OL1_0.5/sweep.json,5.829377546818299,0.6208045345086326,0.27482413190436367,0.9175369692505798,1748721318101,6363055915008,1905886494720,0.2995237697384911,0.2995237697384911,"a,m,h,q_post,k_post,v,z",0.0,0.0
14M:A7-OL1:0.5:clip:0.3,14M:A7-OL1:0.5,937f7a1d25676306a429f0871368542a67c644fbde5b355faded4db4237ad78a,14M,A7-OL1,0.5,0.3,clipped,FP16,runs/030-2026-09-08-all-models-posthoc-clipping/artifacts/attempts/001/14M_A7-OL1_0.5/sweep.json,5.829377546818299,0.6208045345086326,0.27482413190436367,0.9175369692505798,1748721318101,6363055915008,1905886494720,0.2995237697384911,0.2995237697384911,"a,m,h,q_post,k_post,v,z",0.0,0.0
14M:A7-OL1:0.5:clip:0.4,14M:A7-OL1:0.5,937f7a1d25676306a429f0871368542a67c644fbde5b355faded4db4237ad78a,14M,A7-OL1,0.5,0.4,clipped,FP16,runs/030-2026-09-08-all-models-posthoc-clipping/artifacts/attempts/001/14M_A7-OL1_0.5/sweep.json,5.829377546818299,0.6208045345086326,0.27482413190436367,0.9175369692505798,1748721318101,6363055915008,1905886494720,0.2995237697384911,0.2995237697384911,"a,m,h,q_post,k_post,v,z",0.0,0.0
14M:A7-OL1:0.5:clip:0.5,14M:A7-OL1:0.5,937f7a1d25676306a429f0871368542a67c644fbde5b355faded4db4237ad78a,14M,A7-OL1,0.5,0.5,clipped,FP16,runs/030-2026-09-08-all-models-posthoc-clipping/artifacts/attempts/001/14M_A7-OL1_0.5/sweep.json,5.829377546818299,0.6208045345086326,0.27482413190436367,0.9175369692505798,1748721318101,6363055915008,1905886494720,0.2995237697384911,0.2995237697384911,"a,m,h,q_post,k_post,v,z",0.0,0.0
14M:A7-OL1:0.5:clip:0.6,14M:A7-OL1:0.5,937f7a1d25676306a429f0871368542a67c644fbde5b355faded4db4237ad78a,14M,A7-OL1,0.5,0.6,clipped,FP16,runs/030-2026-09-08-all-models-posthoc-clipping/artifacts/attempts/001/14M_A7-OL1_0.5/sweep.json,5.829377546818299,0.6208045345086326,0.27482413190436367,0.9175369692505798,1748721318101,6363055915008,1905886494720,0.2995237697384911,0.2995237697384911,"a,m,h,q_post,k_post,v,z",0.0,0.0
14M:A7-OL1:0.5:clip:0.7,14M:A7-OL1:0.5,937f7a1d25676306a429f0871368542a67c644fbde5b355faded4db4237ad78a,14M,A7-OL1,0.5,0.7,clipped,FP16,runs/030-2026-09-08-all-models-posthoc-clipping/artifacts/attempts/001/14M_A7-OL1_0.5/sweep.json,5.845568449539546,0.6369954372298796,0.27639064590740575,0.9227669848997878,1758689134294,6363055915008,1905886494720,0.2995237697384911,0.2995237697384911,"a,m,h,q_post,k_post,v,z",0.016190902721247014,0.0015665140030420854
14M:A7-OL1:0.5:clip:0.8,14M:A7-OL1:0.5,937f7a1d25676306a429f0871368542a67c644fbde5b355faded4db4237ad78a,14M,A7-OL1,0.5,0.8,clipped,FP16,runs/030-2026-09-08-all-models-posthoc-clipping/artifacts/attempts/001/14M_A7-OL1_0.5/sweep.json,6.022108804544754,0.8135357922350872,0.2822576641026958,0.9423548065955833,1796021299125,6363055915008,1905886494720,0.2995237697384911,0.2995237697384911,"a,m,h,q_post,k_post,v,z",0.1927312577264546,0.007433532198332149
14M:A7-OL1:0.5:clip:0.9,14M:A7-OL1:0.5,937f7a1d25676306a429f0871368542a67c644fbde5b355faded4db4237ad78a,14M,A7-OL1,0.5,0.9,clipped,FP16,runs/030-2026-09-08-all-models-posthoc-clipping/artifacts/attempts/001/14M_A7-OL1_0.5/sweep.json,6.584487718237928,1.3759147059282615,0.28969357721488487,0.9671805929386212,1843336430037,6363055915008,1905886494720,0.2995237697384911,0.2995237697384911,"a,m,h,q_post,k_post,v,z",0.7551101714196289,0.014869445310521201
70M:A0:None:clip:0.0,70M:A0:None,f7c80d6a0515a96e8058920dc93079f1f971f6079f4a2cf15dacba51d0e8245c,70M,A0,,0.0,clipped,FP16,runs/018-2026-09-01-pythia70m-selected-ladder-canonical-init/artifacts/teal/teal_frontiers.json,4.09976596627715,0.0,4.5409213981255505e-06,9.187703407387679e-06,160072890,35251191545856,17422513864704,0.3706340109790674,0.49423900585148095,"a,m,h,z",0.0,0.0
70M:A0:None:clip:0.1,70M:A0:None,f7c80d6a0515a96e8058920dc93079f1f971f6079f4a2cf15dacba51d0e8245c,70M,A0,,0.1,clipped,FP16,runs/018-2026-09-01-pythia70m-selected-ladder-canonical-init/artifacts/teal/teal_frontiers.json,4.103607641874686,0.0038416755975356764,0.03704771712817537,0.07495911227068999,1305976172822,35251191545856,17422513864704,0.3706340109790674,0.49423900585148095,"a,m,h,z",0.0038416755975356764,0.03704317620677724
70M:A0:None:clip:0.2,70M:A0:None,f7c80d6a0515a96e8058920dc93079f1f971f6079f4a2cf15dacba51d0e8245c,70M,A0,,0.2,clipped,FP16,runs/018-2026-09-01-pythia70m-selected-ladder-canonical-init/artifacts/teal/teal_frontiers.json,4.130720967019098,0.030955000741947458,0.07409856288236771,0.14992455472977048,2612062633439,35251191545856,17422513864704,0.3706340109790674,0.49423900585148095,"a,m,h,z",0.030955000741947458,0.07409402196096959
70M:A0:None:clip:0.3,70M:A0:None,f7c80d6a0515a96e8058920dc93079f1f971f6079f4a2cf15dacba51d0e8245c,70M,A0,,0.3,clipped,FP16,runs/018-2026-09-01-pythia70m-selected-ladder-canonical-init/artifacts/teal/teal_frontiers.json,4.207335302462945,0.10756933618579456,0.11128198547050681,0.2251582415653108,3922822585424,35251191545856,17422513864704,0.3706340109790674,0.49423900585148095,"a,m,h,z",0.10756933618579456,0.11127744454910869
70M:A0:None:clip:0.4,70M:A0:None,f7c80d6a0515a96e8058920dc93079f1f971f6079f4a2cf15dacba51d0e8245c,70M,A0,,0.4,clipped,FP16,runs/018-2026-09-01-pythia70m-selected-ladder-canonical-init/artifacts/teal/teal_frontiers.json,4.397794885748237,0.29802891947108634,0.14844232616673478,0.30034522651848683,5232768873216,35251191545856,17422513864704,0.3706340109790674,0.49423900585148095,"a,m,h,z",0.29802891947108634,0.14843778524533666
70M:A0:None:clip:0.5,70M:A0:None,f7c80d6a0515a96e8058920dc93079f1f971f6079f4a2cf15dacba51d0e8245c,70M,A0,,0.5,clipped,FP16,runs/018-2026-09-01-pythia70m-selected-ladder-canonical-init/artifacts/teal/teal_frontiers.json,4.833056628704071,0.7332906624269206,0.18588524587805907,0.37610395714885697,6552676407996,35251191545856,17422513864704,0.3706340109790674,0.49423900585148095,"a,m,h,z",0.7332906624269206,0.18588070495666095
70M:A0:None:clip:0.6,70M:A0:None,f7c80d6a0515a96e8058920dc93079f1f971f6079f4a2cf15dacba51d0e8245c,70M,A0,,0.6,clipped,FP16,runs/018-2026-09-01-pythia70m-selected-ladder-canonical-init/artifacts/teal/teal_frontiers.json,5.657785163828607,1.5580191975514568,0.22410886102846378,0.4534422786853221,7900104387238,35251191545856,17422513864704,0.3706340109790674,0.49423900585148095,"a,m,h,z",1.5580191975514568,0.22410432010706566
70M:A0:None:clip:0.7,70M:A0:None,f7c80d6a0515a96e8058920dc93079f1f971f6079f4a2cf15dacba51d0e8245c,70M,A0,,0.7,clipped,FP16,runs/018-2026-09-01-pythia70m-selected-ladder-canonical-init/artifacts/teal/teal_frontiers.json,6.927989370724153,2.8282234044470025,0.2634840039958558,0.5331105009446236,9288125094127,35251191545856,17422513864704,0.3706340109790674,0.49423900585148095,"a,m,h,z",2.8282234044470025,0.2634794630744577
70M:A0:None:clip:0.8,70M:A0:None,f7c80d6a0515a96e8058920dc93079f1f971f6079f4a2cf15dacba51d0e8245c,70M,A0,,0.8,clipped,FP16,runs/018-2026-09-01-pythia70m-selected-ladder-canonical-init/artifacts/teal/teal_frontiers.json,8.072236460341504,3.9724704940643534,0.30462128661166776,0.6163440825291855,10738263323293,35251191545856,17422513864704,0.3706340109790674,0.49423900585148095,"a,m,h,z",3.9724704940643534,0.30461674569026964
70M:A0:None:clip:0.9,70M:A0:None,f7c80d6a0515a96e8058920dc93079f1f971f6079f4a2cf15dacba51d0e8245c,70M,A0,,0.9,clipped,FP16,runs/018-2026-09-01-pythia70m-selected-ladder-canonical-init/artifacts/teal/teal_frontiers.json,9.179397353053798,5.079631386776647,0.34581402736813455,0.6996898732676147,12190356517998,35251191545856,17422513864704,0.3706340109790674,0.49423900585148095,"a,m,h,z",5.079631386776647,0.3458094864467364
70M:A1-H:None:clip:0.0,70M:A1-H:None,8f0c489df1abff41dd824c383797cf6f62afea1e3c03a03be20c4e51da00c609,70M,A1-H,,0.0,clipped,FP16,runs/018-2026-09-01-pythia70m-selected-ladder-canonical-init/artifacts/teal/teal_frontiers.json,4.222749641308417,0.12298367503126695,0.1006575817198192,0.20366175175997106,3548299693748,35251191545856,17422513864704,0.3706340109790674,0.49423900585148095,"a,m,h,z",0.0,0.0
70M:A1-H:None:clip:0.1,70M:A1-H:None,8f0c489df1abff41dd824c383797cf6f62afea1e3c03a03be20c4e51da00c609,70M,A1-H,,0.1,clipped,FP16,runs/018-2026-09-01-pythia70m-selected-ladder-canonical-init/artifacts/teal/teal_frontiers.json,4.223747295035413,0.12398132875826295,0.1253699152762549,0.2536625272225653,4419438897491,35251191545856,17422513864704,0.3706340109790674,0.49423900585148095,"a,m,h,z",0.0009976537269960062,0.024712333556435706
70M:A1-H:None:clip:0.2,70M:A1-H:None,8f0c489df1abff41dd824c383797cf6f62afea1e3c03a03be20c4e51da00c609,70M,A1-H,,0.2,clipped,FP16,runs/018-2026-09-01-pythia70m-selected-ladder-canonical-init/artifacts/teal/teal_frontiers.json,4.2345100027569655,0.13474403647981514,0.15009889653338568,0.3036969861874691,5291164952520,35251191545856,17422513864704,0.3706340109790674,0.49423900585148095,"a,m,h,z",0.011760361448548196,0.04944131481356648
70M:A1-H:None:clip:0.3,70M:A1-H:None,8f0c489df1abff41dd824c383797cf6f62afea1e3c03a03be20c4e51da00c609,70M,A1-H,,0.3,clipped,FP16,runs/018-2026-09-01-pythia70m-selected-ladder-canonical-init/artifacts/teal/teal_frontiers.json,4.269463841379041,0.16969787510189072,0.17485463133689724,0.3537855759394295,6163834101937,35251191545856,17422513864704,0.3706340109790674,0.49423900585148095,"a,m,h,z",0.04671420007062377,0.07419704961707804
70M:A1-H:None:clip:0.4,70M:A1-H:None,8f0c489df1abff41dd824c383797cf6f62afea1e3c03a03be20c4e51da00c609,70M,A1-H,,0.4,clipped,FP16,runs/018-2026-09-01-pythia70m-selected-ladder-canonical-init/artifacts/teal/teal_frontiers.json,4.34614380753252,0.2463778412553692,0.19985071975821428,0.40436047619088467,7044976002774,35251191545856,17422513864704,0.3706340109790674,0.49423900585148095,"a,m,h,z",0.12339416622410226,0.09919313803839508
70M:A1-H:None:clip:0.5,70M:A1-H:None,8f0c489df1abff41dd824c383797cf6f62afea1e3c03a03be20c4e51da00c609,70M,A1-H,,0.5,clipped,FP16,runs/018-2026-09-01-pythia70m-selected-ladder-canonical-init/artifacts/teal/teal_frontiers.json,4.522053564088584,0.422287597811434,0.22515643290083476,0.45556184403724376,7937032543969,35251191545856,17422513864704,0.3706340109790674,0.49423900585148095,"a,m,h,z",0.29930392278016704,0.12449885118101556
70M:A1-H:None:clip:0.6,70M:A1-H:None,8f0c489df1abff41dd824c383797cf6f62afea1e3c03a03be20c4e51da00c609,70M,A1-H,,0.6,clipped,FP16,runs/018-2026-09-01-pythia70m-selected-ladder-canonical-init/artifacts/teal/teal_frontiers.json,4.914340298909408,0.8145743326322572,0.251077096084812,0.5080074480407578,8850766806863,35251191545856,17422513864704,0.3706340109790674,0.49423900585148095,"a,m,h,z",0.6915906576009903,0.1504195143649928
70M:A1-H:None:clip:0.7,70M:A1-H:None,8f0c489df1abff41dd824c383797cf6f62afea1e3c03a03be20c4e51da00c609,70M,A1-H,,0.7,clipped,FP16,runs/018-2026-09-01-pythia70m-selected-ladder-canonical-init/artifacts/teal/teal_frontiers.json,5.722640647690677,1.6228746814135269,0.27893497516536875,0.5643726453455776,9832790238393,35251191545856,17422513864704,0.3706340109790674,0.49423900585148095,"a,m,h,z",1.49989100638226,0.17827739344554955
70M:A1-H:None:clip:0.8,70M:A1-H:None,8f0c489df1abff41dd824c383797cf6f62afea1e3c03a03be20c4e51da00c609,70M,A1-H,,0.8,clipped,FP16,runs/018-2026-09-01-pythia70m-selected-ladder-canonical-init/artifacts/teal/teal_frontiers.json,6.912034926329844,2.812268960052694,0.3103507465144421,0.6279365708494943,10940233611780,35251191545856,17422513864704,0.3706340109790674,0.49423900585148095,"a,m,h,z",2.689285285021427,0.2096931647946229
70M:A1-H:None:clip:0.9,70M:A1-H:None,8f0c489df1abff41dd824c383797cf6f62afea1e3c03a03be20c4e51da00c609,70M,A1-H,,0.9,clipped,FP16,runs/018-2026-09-01-pythia70m-selected-ladder-canonical-init/artifacts/teal/teal_frontiers.json,9.133300532956095,5.033534566678945,0.33891162743744047,0.6857241606286404,11947038695915,35251191545856,17422513864704,0.3706340109790674,0.49423900585148095,"a,m,h,z",4.910550891647678,0.23825404571762127
70M:A4-OL1:0.0:clip:0.0,70M:A4-OL1:0.0,9fa67dbe243469ab5a0a38cdfde9b3ac9194ee7a9a154f7c14e6e4914f2dd123,70M,A4-OL1,0.0,0.0,clipped,FP16,runs/030-2026-09-08-all-models-posthoc-clipping/artifacts/attempts/001/70M_A4-OL1_0.0/sweep.json,4.805359604796009,0.7055936385188586,0.2567254135810303,0.5194357599087928,9049876728834,35251191545856,17422513864704,0.3706340109790674,0.49423900585148095,"a,m,h,z",0.0,0.0
70M:A4-OL1:0.0:clip:0.1,70M:A4-OL1:0.0,9fa67dbe243469ab5a0a38cdfde9b3ac9194ee7a9a154f7c14e6e4914f2dd123,70M,A4-OL1,0.0,0.1,clipped,FP16,runs/030-2026-09-08-all-models-posthoc-clipping/artifacts/attempts/001/70M_A4-OL1_0.0/sweep.json,4.805359604796009,0.7055936385188586,0.2567254135810303,0.5194357599087928,9049876728834,35251191545856,17422513864704,0.3706340109790674,0.49423900585148095,"a,m,h,z",0.0,0.0
70M:A4-OL1:0.0:clip:0.2,70M:A4-OL1:0.0,9fa67dbe243469ab5a0a38cdfde9b3ac9194ee7a9a154f7c14e6e4914f2dd123,70M,A4-OL1,0.0,0.2,clipped,FP16,runs/030-2026-09-08-all-models-posthoc-clipping/artifacts/attempts/001/70M_A4-OL1_0.0/sweep.json,4.805359604796009,0.7055936385188586,0.2567254135810303,0.5194357599087928,9049876728834,35251191545856,17422513864704,0.3706340109790674,0.49423900585148095,"a,m,h,z",0.0,0.0
70M:A4-OL1:0.0:clip:0.3,70M:A4-OL1:0.0,9fa67dbe243469ab5a0a38cdfde9b3ac9194ee7a9a154f7c14e6e4914f2dd123,70M,A4-OL1,0.0,0.3,clipped,FP16,runs/030-2026-09-08-all-models-posthoc-clipping/artifacts/attempts/001/70M_A4-OL1_0.0/sweep.json,4.805359604796009,0.7055936385188586,0.2567254135810303,0.5194357599087928,9049876728834,35251191545856,17422513864704,0.3706340109790674,0.49423900585148095,"a,m,h,z",0.0,0.0
70M:A4-OL1:0.0:clip:0.4,70M:A4-OL1:0.0,9fa67dbe243469ab5a0a38cdfde9b3ac9194ee7a9a154f7c14e6e4914f2dd123,70M,A4-OL1,0.0,0.4,clipped,FP16,runs/030-2026-09-08-all-models-posthoc-clipping/artifacts/attempts/001/70M_A4-OL1_0.0/sweep.json,4.805359604796009,0.7055936385188586,0.2567254135810303,0.5194357599087928,9049876728834,35251191545856,17422513864704,0.3706340109790674,0.49423900585148095,"a,m,h,z",0.0,0.0
70M:A4-OL1:0.0:clip:0.5,70M:A4-OL1:0.0,9fa67dbe243469ab5a0a38cdfde9b3ac9194ee7a9a154f7c14e6e4914f2dd123,70M,A4-OL1,0.0,0.5,clipped,FP16,runs/030-2026-09-08-all-models-posthoc-clipping/artifacts/attempts/001/70M_A4-OL1_0.0/sweep.json,4.808226946895645,0.7084609806184945,0.258619171233652,0.5232674235982241,9116633942588,35251191545856,17422513864704,0.3706340109790674,0.49423900585148095,"a,m,h,z",0.0028673420996359056,0.0018937576526217303
70M:A4-OL1:0.0:clip:0.6,70M:A4-OL1:0.0,9fa67dbe243469ab5a0a38cdfde9b3ac9194ee7a9a154f7c14e6e4914f2dd123,70M,A4-OL1,0.0,0.6,clipped,FP16,runs/030-2026-09-08-all-models-posthoc-clipping/artifacts/attempts/001/70M_A4-OL1_0.0/sweep.json,5.230290624516956,1.1305246582398052,0.27324088533802515,0.5528517217439818,9632066787210,35251191545856,17422513864704,0.3706340109790674,0.49423900585148095,"a,m,h,z",0.4249310197209466,0.01651547175699486
70M:A4-OL1:0.0:clip:0.7,70M:A4-OL1:0.0,9fa67dbe243469ab5a0a38cdfde9b3ac9194ee7a9a154f7c14e6e4914f2dd123,70M,A4-OL1,0.0,0.7,clipped,FP16,runs/030-2026-09-08-all-models-posthoc-clipping/artifacts/attempts/001/70M_A4-OL1_0.0/sweep.json,6.15390725107588,2.05414128479873,0.2897143697637811,0.5861827300835103,10212776742130,35251191545856,17422513864704,0.3706340109790674,0.49423900585148095,"a,m,h,z",1.3485476462798713,0.03298895618275083
70M:A4-OL1:0.0:clip:0.8,70M:A4-OL1:0.0,9fa67dbe243469ab5a0a38cdfde9b3ac9194ee7a9a154f7c14e6e4914f2dd123,70M,A4-OL1,0.0,0.8,clipped,FP16,runs/030-2026-09-08-all-models-posthoc-clipping/artifacts/attempts/001/70M_A4-OL1_0.0/sweep.json,7.118011199511015,3.0182452332338645,0.3014971221215472,0.6100229212021101,10628132802431,35251191545856,17422513864704,0.3706340109790674,0.49423900585148095,"a,m,h,z",2.312651594715006,0.04477170854051693
70M:A4-OL1:0.0:clip:0.9,70M:A4-OL1:0.0,9fa67dbe243469ab5a0a38cdfde9b3ac9194ee7a9a154f7c14e6e4914f2dd123,70M,A4-OL1,0.0,0.9,clipped,FP16,runs/030-2026-09-08-all-models-posthoc-clipping/artifacts/attempts/001/70M_A4-OL1_0.0/sweep.json,7.8024533091212165,3.702687342844066,0.31792763660845647,0.64326698792364,11207328015806,35251191545856,17422513864704,0.3706340109790674,0.49423900585148095,"a,m,h,z",2.9970937043252075,0.06120222302742617
70M:A4-OL1:0.01:clip:0.0,70M:A4-OL1:0.01,252b1b240f6b03a8502d0282476848d64cc4fd618313f389edd3e67c49d35958,70M,A4-OL1,0.01,0.0,clipped,FP16,runs/030-2026-09-08-all-models-posthoc-clipping/artifacts/attempts/001/70M_A4-OL1_0.01/sweep.json,4.822940648660152,0.7231746823830019,0.26224248845553516,0.5305985269287693,9244360192008,35251191545856,17422513864704,0.3706340109790674,0.49423900585148095,"a,m,h,z",0.0,0.0
70M:A4-OL1:0.01:clip:0.1,70M:A4-OL1:0.01,252b1b240f6b03a8502d0282476848d64cc4fd618313f389edd3e67c49d35958,70M,A4-OL1,0.01,0.1,clipped,FP16,runs/030-2026-09-08-all-models-posthoc-clipping/artifacts/attempts/001/70M_A4-OL1_0.01/sweep.json,4.822940648660152,0.7231746823830019,0.26224248845553516,0.5305985269287693,9244360192008,35251191545856,17422513864704,0.3706340109790674,0.49423900585148095,"a,m,h,z",0.0,0.0
70M:A4-OL1:0.01:clip:0.2,70M:A4-OL1:0.01,252b1b240f6b03a8502d0282476848d64cc4fd618313f389edd3e67c49d35958,70M,A4-OL1,0.01,0.2,clipped,FP16,runs/030-2026-09-08-all-models-posthoc-clipping/artifacts/attempts/001/70M_A4-OL1_0.01/sweep.json,4.822940648660152,0.7231746823830019,0.26224248845553516,0.5305985269287693,9244360192008,35251191545856,17422513864704,0.3706340109790674,0.49423900585148095,"a,m,h,z",0.0,0.0
70M:A4-OL1:0.01:clip:0.3,70M:A4-OL1:0.01,252b1b240f6b03a8502d0282476848d64cc4fd618313f389edd3e67c49d35958,70M,A4-OL1,0.01,0.3,clipped,FP16,runs/030-2026-09-08-all-models-posthoc-clipping/artifacts/attempts/001/70M_A4-OL1_0.01/sweep.json,4.822940648660152,0.7231746823830019,0.26224248845553516,0.5305985269287693,9244360192008,35251191545856,17422513864704,0.3706340109790674,0.49423900585148095,"a,m,h,z",0.0,0.0
70M:A4-OL1:0.01:clip:0.4,70M:A4-OL1:0.01,252b1b240f6b03a8502d0282476848d64cc4fd618313f389edd3e67c49d35958,70M,A4-OL1,0.01,0.4,clipped,FP16,runs/030-2026-09-08-all-models-posthoc-clipping/artifacts/attempts/001/70M_A4-OL1_0.01/sweep.json,4.822940648660152,0.7231746823830019,0.26224248845553516,0.5305985269287693,9244360192008,35251191545856,17422513864704,0.3706340109790674,0.49423900585148095,"a,m,h,z",0.0,0.0
70M:A4-OL1:0.01:clip:0.5,70M:A4-OL1:0.01,252b1b240f6b03a8502d0282476848d64cc4fd618313f389edd3e67c49d35958,70M,A4-OL1,0.01,0.5,clipped,FP16,runs/030-2026-09-08-all-models-posthoc-clipping/artifacts/attempts/001/70M_A4-OL1_0.01/sweep.json,4.8254127407215055,0.7256467744443551,0.263257729292244,0.5326526764893847,9280148641208,35251191545856,17422513864704,0.3706340109790674,0.49423900585148095,"a,m,h,z",0.002472092061353237,0.0010152408367088417
70M:A4-OL1:0.01:clip:0.6,70M:A4-OL1:0.01,252b1b240f6b03a8502d0282476848d64cc4fd618313f389edd3e67c49d35958,70M,A4-OL1,0.01,0.6,clipped,FP16,runs/030-2026-09-08-all-models-posthoc-clipping/artifacts/attempts/001/70M_A4-OL1_0.01/sweep.json,5.223813095036343,1.1240471287591927,0.2760524443729041,0.5585403845196669,9731177593291,35251191545856,17422513864704,0.3706340109790674,0.49423900585148095,"a,m,h,z",0.4008724463761908,0.013809955917368943
70M:A4-OL1:0.01:clip:0.7,70M:A4-OL1:0.01,252b1b240f6b03a8502d0282476848d64cc4fd618313f389edd3e67c49d35958,70M,A4-OL1,0.01,0.7,clipped,FP16,runs/030-2026-09-08-all-models-posthoc-clipping/artifacts/attempts/001/70M_A4-OL1_0.01/sweep.json,6.020536929192628,1.9207709629154772,0.292115543197476,0.591041054508063,10297420966776,35251191545856,17422513864704,0.3706340109790674,0.49423900585148095,"a,m,h,z",1.1975962805324754,0.029873054741940852
70M:A4-OL1:0.01:clip:0.8,70M:A4-OL1:0.01,252b1b240f6b03a8502d0282476848d64cc4fd618313f389edd3e67c49d35958,70M,A4-OL1,0.01,0.8,clipped,FP16,runs/030-2026-09-08-all-models-posthoc-clipping/artifacts/attempts/001/70M_A4-OL1_0.01/sweep.json,7.034792413372966,2.935026447095815,0.30147154861615727,0.6099711780068399,10627231305894,35251191545856,17422513864704,0.3706340109790674,0.49423900585148095,"a,m,h,z",2.2118517647128133,0.03922906016062211
70M:A4-OL1:0.01:clip:0.9,70M:A4-OL1:0.01,252b1b240f6b03a8502d0282476848d64cc4fd618313f389edd3e67c49d35958,70M,A4-OL1,0.01,0.9,clipped,FP16,runs/030-2026-09-08-all-models-posthoc-clipping/artifacts/attempts/001/70M_A4-OL1_0.01/sweep.json,7.946325338803804,3.846559372526654,0.31604236003300945,0.6394524841043815,11140869770128,35251191545856,17422513864704,0.3706340109790674,0.49423900585148095,"a,m,h,z",3.123384690143652,0.05379987157747429
70M:A4-OL1:0.05:clip:0.0,70M:A4-OL1:0.05,13353d8e256c533a6f0429302155800de1ff1254fb9151caada6249e58be7491,70M,A4-OL1,0.05,0.0,clipped,FP16,runs/030-2026-09-08-all-models-posthoc-clipping/artifacts/attempts/001/70M_A4-OL1_0.05/sweep.json,4.8743574400625285,0.7745914737853781,0.284897832081583,0.5764373687802272,10042988049707,35251191545856,17422513864704,0.3706340109790674,0.49423900585148095,"a,m,h,z",0.0,0.0
70M:A4-OL1:0.05:clip:0.1,70M:A4-OL1:0.05,13353d8e256c533a6f0429302155800de1ff1254fb9151caada6249e58be7491,70M,A4-OL1,0.05,0.1,clipped,FP16,runs/030-2026-09-08-all-models-posthoc-clipping/artifacts/attempts/001/70M_A4-OL1_0.05/sweep.json,4.8743574400625285,0.7745914737853781,0.284897832081583,0.5764373687802272,10042988049707,35251191545856,17422513864704,0.3706340109790674,0.49423900585148095,"a,m,h,z",0.0,0.0
70M:A4-OL1:0.05:clip:0.2,70M:A4-OL1:0.05,13353d8e256c533a6f0429302155800de1ff1254fb9151caada6249e58be7491,70M,A4-OL1,0.05,0.2,clipped,FP16,runs/030-2026-09-08-all-models-posthoc-clipping/artifacts/attempts/001/70M_A4-OL1_0.05/sweep.json,4.8743574400625285,0.7745914737853781,0.284897832081583,0.5764373687802272,10042988049707,35251191545856,17422513864704,0.3706340109790674,0.49423900585148095,"a,m,h,z",0.0,0.0
70M:A4-OL1:0.05:clip:0.3,70M:A4-OL1:0.05,13353d8e256c533a6f0429302155800de1ff1254fb9151caada6249e58be7491,70M,A4-OL1,0.05,0.3,clipped,FP16,runs/030-2026-09-08-all-models-posthoc-clipping/artifacts/attempts/001/70M_A4-OL1_0.05/sweep.json,4.8743574400625285,0.7745914737853781,0.284897832081583,0.5764373687802272,10042988049707,35251191545856,17422513864704,0.3706340109790674,0.49423900585148095,"a,m,h,z",0.0,0.0
70M:A4-OL1:0.05:clip:0.4,70M:A4-OL1:0.05,13353d8e256c533a6f0429302155800de1ff1254fb9151caada6249e58be7491,70M,A4-OL1,0.05,0.4,clipped,FP16,runs/030-2026-09-08-all-models-posthoc-clipping/artifacts/attempts/001/70M_A4-OL1_0.05/sweep.json,4.8743574400625285,0.7745914737853781,0.284897832081583,0.5764373687802272,10042988049707,35251191545856,17422513864704,0.3706340109790674,0.49423900585148095,"a,m,h,z",0.0,0.0
70M:A4-OL1:0.05:clip:0.5,70M:A4-OL1:0.05,13353d8e256c533a6f0429302155800de1ff1254fb9151caada6249e58be7491,70M,A4-OL1,0.05,0.5,clipped,FP16,runs/030-2026-09-08-all-models-posthoc-clipping/artifacts/attempts/001/70M_A4-OL1_0.05/sweep.json,4.874852950050986,0.7750869837738357,0.28507246978504874,0.5767907154432751,10049144236843,35251191545856,17422513864704,0.3706340109790674,0.49423900585148095,"a,m,h,z",0.0004955099884575986,0.00017463770346576313
70M:A4-OL1:0.05:clip:0.6,70M:A4-OL1:0.05,13353d8e256c533a6f0429302155800de1ff1254fb9151caada6249e58be7491,70M,A4-OL1,0.05,0.6,clipped,FP16,runs/030-2026-09-08-all-models-posthoc-clipping/artifacts/attempts/001/70M_A4-OL1_0.05/sweep.json,5.535634320163163,1.4358683538860122,0.2905097049316868,0.5877919417371625,10240813254477,35251191545856,17422513864704,0.3706340109790674,0.49423900585148095,"a,m,h,z",0.6612768801006341,0.005611872850103838
70M:A4-OL1:0.05:clip:0.7,70M:A4-OL1:0.05,13353d8e256c533a6f0429302155800de1ff1254fb9151caada6249e58be7491,70M,A4-OL1,0.05,0.7,clipped,FP16,runs/030-2026-09-08-all-models-posthoc-clipping/artifacts/attempts/001/70M_A4-OL1_0.05/sweep.json,7.359787341405654,3.2600213751285034,0.2949081920944627,0.5966914561637872,10395865167964,35251191545856,17422513864704,0.3706340109790674,0.49423900585148095,"a,m,h,z",2.4854299013431254,0.010010360012879693
70M:A4-OL1:0.05:clip:0.8,70M:A4-OL1:0.05,13353d8e256c533a6f0429302155800de1ff1254fb9151caada6249e58be7491,70M,A4-OL1,0.05,0.8,clipped,FP16,runs/030-2026-09-08-all-models-posthoc-clipping/artifacts/attempts/001/70M_A4-OL1_0.05/sweep.json,7.455743080060158,3.3559771137830072,0.3034264762587408,0.6139266077067187,10696144834681,35251191545856,17422513864704,0.3706340109790674,0.49423900585148095,"a,m,h,z",2.581385639997629,0.018528644177157827
70M:A4-OL1:0.05:clip:0.9,70M:A4-OL1:0.05,13353d8e256c533a6f0429302155800de1ff1254fb9151caada6249e58be7491,70M,A4-OL1,0.05,0.9,clipped,FP16,runs/030-2026-09-08-all-models-posthoc-clipping/artifacts/attempts/001/70M_A4-OL1_0.05/sweep.json,7.243011419589703,3.1432454533125522,0.31690311630221324,0.6411940630955436,11171212454248,35251191545856,17422513864704,0.3706340109790674,0.49423900585148095,"a,m,h,z",2.368653979527174,0.03200528422063026
70M:A4-OL1:0.1:clip:0.0,70M:A4-OL1:0.1,fa282e72a36c9fd0176c022d9ee8a54a1da0719e5ad43f9cd066bbb2fa81d765,70M,A4-OL1,0.1,0.0,clipped,FP16,runs/030-2026-09-08-all-models-posthoc-clipping/artifacts/attempts/001/70M_A4-OL1_0.1/sweep.json,4.944038554408847,0.8442725881316964,0.30574589970908406,0.6186195263612213,10777907275005,35251191545856,17422513864704,0.3706340109790674,0.49423900585148095,"a,m,h,z",0.0,0.0
70M:A4-OL1:0.1:clip:0.1,70M:A4-OL1:0.1,fa282e72a36c9fd0176c022d9ee8a54a1da0719e5ad43f9cd066bbb2fa81d765,70M,A4-OL1,0.1,0.1,clipped,FP16,runs/030-2026-09-08-all-models-posthoc-clipping/artifacts/attempts/001/70M_A4-OL1_0.1/sweep.json,4.944038554408847,0.8442725881316964,0.30574589970908406,0.6186195263612213,10777907275005,35251191545856,17422513864704,0.3706340109790674,0.49423900585148095,"a,m,h,z",0.0,0.0
70M:A4-OL1:0.1:clip:0.2,70M:A4-OL1:0.1,fa282e72a36c9fd0176c022d9ee8a54a1da0719e5ad43f9cd066bbb2fa81d765,70M,A4-OL1,0.1,0.2,clipped,FP16,runs/030-2026-09-08-all-models-posthoc-clipping/artifacts/attempts/001/70M_A4-OL1_0.1/sweep.json,4.944038554408847,0.8442725881316964,0.30574589970908406,0.6186195263612213,10777907275005,35251191545856,17422513864704,0.3706340109790674,0.49423900585148095,"a,m,h,z",0.0,0.0
70M:A4-OL1:0.1:clip:0.3,70M:A4-OL1:0.1,fa282e72a36c9fd0176c022d9ee8a54a1da0719e5ad43f9cd066bbb2fa81d765,70M,A4-OL1,0.1,0.3,clipped,FP16,runs/030-2026-09-08-all-models-posthoc-clipping/artifacts/attempts/001/70M_A4-OL1_0.1/sweep.json,4.944038554408847,0.8442725881316964,0.30574589970908406,0.6186195263612213,10777907275005,35251191545856,17422513864704,0.3706340109790674,0.49423900585148095,"a,m,h,z",0.0,0.0
70M:A4-OL1:0.1:clip:0.4,70M:A4-OL1:0.1,fa282e72a36c9fd0176c022d9ee8a54a1da0719e5ad43f9cd066bbb2fa81d765,70M,A4-OL1,0.1,0.4,clipped,FP16,runs/030-2026-09-08-all-models-posthoc-clipping/artifacts/attempts/001/70M_A4-OL1_0.1/sweep.json,4.944038554408847,0.8442725881316964,0.30574589970908406,0.6186195263612213,10777907275005,35251191545856,17422513864704,0.3706340109790674,0.49423900585148095,"a,m,h,z",0.0,0.0
70M:A4-OL1:0.1:clip:0.5,70M:A4-OL1:0.1,fa282e72a36c9fd0176c022d9ee8a54a1da0719e5ad43f9cd066bbb2fa81d765,70M,A4-OL1,0.1,0.5,clipped,FP16,runs/030-2026-09-08-all-models-posthoc-clipping/artifacts/attempts/001/70M_A4-OL1_0.1/sweep.json,4.944038554408847,0.8442725881316964,0.30574589970908406,0.6186195263612213,10777907275005,35251191545856,17422513864704,0.3706340109790674,0.49423900585148095,"a,m,h,z",0.0,0.0
70M:A4-OL1:0.1:clip:0.6,70M:A4-OL1:0.1,fa282e72a36c9fd0176c022d9ee8a54a1da0719e5ad43f9cd066bbb2fa81d765,70M,A4-OL1,0.1,0.6,clipped,FP16,runs/030-2026-09-08-all-models-posthoc-clipping/artifacts/attempts/001/70M_A4-OL1_0.1/sweep.json,5.542679692161154,1.4429137258840035,0.30619105877474534,0.6195202223006169,10793599662497,35251191545856,17422513864704,0.3706340109790674,0.49423900585148095,"a,m,h,z",0.5986411377523071,0.0004451590656612825
70M:A4-OL1:0.1:clip:0.7,70M:A4-OL1:0.1,fa282e72a36c9fd0176c022d9ee8a54a1da0719e5ad43f9cd066bbb2fa81d765,70M,A4-OL1,0.1,0.7,clipped,FP16,runs/030-2026-09-08-all-models-posthoc-clipping/artifacts/attempts/001/70M_A4-OL1_0.1/sweep.json,6.453001812364928,2.3532358460877774,0.3081179861734586,0.6234189987547203,10861526149324,35251191545856,17422513864704,0.3706340109790674,0.49423900585148095,"a,m,h,z",1.508963257956081,0.0023720864643745343
70M:A4-OL1:0.1:clip:0.8,70M:A4-OL1:0.1,fa282e72a36c9fd0176c022d9ee8a54a1da0719e5ad43f9cd066bbb2fa81d765,70M,A4-OL1,0.1,0.8,clipped,FP16,runs/030-2026-09-08-all-models-posthoc-clipping/artifacts/attempts/001/70M_A4-OL1_0.1/sweep.json,7.219504934796215,3.119738968519065,0.3103429146225005,0.6279207244839731,10939957528257,35251191545856,17422513864704,0.3706340109790674,0.49423900585148095,"a,m,h,z",2.2754663803873685,0.004597014913416464
70M:A4-OL1:0.1:clip:0.9,70M:A4-OL1:0.1,fa282e72a36c9fd0176c022d9ee8a54a1da0719e5ad43f9cd066bbb2fa81d765,70M,A4-OL1,0.1,0.9,clipped,FP16,runs/030-2026-09-08-all-models-posthoc-clipping/artifacts/attempts/001/70M_A4-OL1_0.1/sweep.json,7.361048849376701,3.2612828830995504,0.3163646627464147,0.6401046032402438,11152231324814,35251191545856,17422513864704,0.3706340109790674,0.49423900585148095,"a,m,h,z",2.417010294967854,0.01061876303733067
70M:A4-OL1:0.5:clip:0.0,70M:A4-OL1:0.5,400506d278971d470b579e9f27bb48e60c56f10419949e99337cabc96d37dbc6,70M,A4-OL1,0.5,0.0,clipped,FP16,runs/030-2026-09-08-all-models-posthoc-clipping/artifacts/attempts/001/70M_A4-OL1_0.5/sweep.json,5.3895688282667535,1.2898028619896031,0.3559628423003792,0.7202240982318304,12548114337138,35251191545856,17422513864704,0.3706340109790674,0.49423900585148095,"a,m,h,z",0.0,0.0
70M:A4-OL1:0.5:clip:0.1,70M:A4-OL1:0.5,400506d278971d470b579e9f27bb48e60c56f10419949e99337cabc96d37dbc6,70M,A4-OL1,0.5,0.1,clipped,FP16,runs/030-2026-09-08-all-models-posthoc-clipping/artifacts/attempts/001/70M_A4-OL1_0.5/sweep.json,5.3895688282667535,1.2898028619896031,0.3559628423003792,0.7202240982318304,12548114337138,35251191545856,17422513864704,0.3706340109790674,0.49423900585148095,"a,m,h,z",0.0,0.0
70M:A4-OL1:0.5:clip:0.2,70M:A4-OL1:0.5,400506d278971d470b579e9f27bb48e60c56f10419949e99337cabc96d37dbc6,70M,A4-OL1,0.5,0.2,clipped,FP16,runs/030-2026-09-08-all-models-posthoc-clipping/artifacts/attempts/001/70M_A4-OL1_0.5/sweep.json,5.3895688282667535,1.2898028619896031,0.3559628423003792,0.7202240982318304,12548114337138,35251191545856,17422513864704,0.3706340109790674,0.49423900585148095,"a,m,h,z",0.0,0.0
70M:A4-OL1:0.5:clip:0.3,70M:A4-OL1:0.5,400506d278971d470b579e9f27bb48e60c56f10419949e99337cabc96d37dbc6,70M,A4-OL1,0.5,0.3,clipped,FP16,runs/030-2026-09-08-all-models-posthoc-clipping/artifacts/attempts/001/70M_A4-OL1_0.5/sweep.json,5.3895688282667535,1.2898028619896031,0.3559628423003792,0.7202240982318304,12548114337138,35251191545856,17422513864704,0.3706340109790674,0.49423900585148095,"a,m,h,z",0.0,0.0
70M:A4-OL1:0.5:clip:0.4,70M:A4-OL1:0.5,400506d278971d470b579e9f27bb48e60c56f10419949e99337cabc96d37dbc6,70M,A4-OL1,0.5,0.4,clipped,FP16,runs/030-2026-09-08-all-models-posthoc-clipping/artifacts/attempts/001/70M_A4-OL1_0.5/sweep.json,5.3895688282667535,1.2898028619896031,0.3559628423003792,0.7202240982318304,12548114337138,35251191545856,17422513864704,0.3706340109790674,0.49423900585148095,"a,m,h,z",0.0,0.0
70M:A4-OL1:0.5:clip:0.5,70M:A4-OL1:0.5,400506d278971d470b579e9f27bb48e60c56f10419949e99337cabc96d37dbc6,70M,A4-OL1,0.5,0.5,clipped,FP16,runs/030-2026-09-08-all-models-posthoc-clipping/artifacts/attempts/001/70M_A4-OL1_0.5/sweep.json,5.3895688282667535,1.2898028619896031,0.3559628423003792,0.7202240982318304,12548114337138,35251191545856,17422513864704,0.3706340109790674,0.49423900585148095,"a,m,h,z",0.0,0.0
70M:A4-OL1:0.5:clip:0.6,70M:A4-OL1:0.5,400506d278971d470b579e9f27bb48e60c56f10419949e99337cabc96d37dbc6,70M,A4-OL1,0.5,0.6,clipped,FP16,runs/030-2026-09-08-all-models-posthoc-clipping/artifacts/attempts/001/70M_A4-OL1_0.5/sweep.json,5.3895688282667535,1.2898028619896031,0.3559628423003792,0.7202240982318304,12548114337138,35251191545856,17422513864704,0.3706340109790674,0.49423900585148095,"a,m,h,z",0.0,0.0
70M:A4-OL1:0.5:clip:0.7,70M:A4-OL1:0.5,400506d278971d470b579e9f27bb48e60c56f10419949e99337cabc96d37dbc6,70M,A4-OL1,0.5,0.7,clipped,FP16,runs/030-2026-09-08-all-models-posthoc-clipping/artifacts/attempts/001/70M_A4-OL1_0.5/sweep.json,5.3895688282667535,1.2898028619896031,0.3559628423003792,0.7202240982318304,12548114337138,35251191545856,17422513864704,0.3706340109790674,0.49423900585148095,"a,m,h,z",0.0,0.0
70M:A4-OL1:0.5:clip:0.8,70M:A4-OL1:0.5,400506d278971d470b579e9f27bb48e60c56f10419949e99337cabc96d37dbc6,70M,A4-OL1,0.5,0.8,clipped,FP16,runs/030-2026-09-08-all-models-posthoc-clipping/artifacts/attempts/001/70M_A4-OL1_0.5/sweep.json,5.398988159097863,1.2992221928207126,0.35721531886536473,0.7227582498268218,12592265628437,35251191545856,17422513864704,0.3706340109790674,0.49423900585148095,"a,m,h,z",0.009419330831109463,0.0012524765649855052
70M:A4-OL1:0.5:clip:0.9,70M:A4-OL1:0.5,400506d278971d470b579e9f27bb48e60c56f10419949e99337cabc96d37dbc6,70M,A4-OL1,0.5,0.9,clipped,FP16,runs/030-2026-09-08-all-models-posthoc-clipping/artifacts/attempts/001/70M_A4-OL1_0.5/sweep.json,6.054151506818963,1.9543855405418125,0.3585330384966167,0.7254244085388033,12638716815562,35251191545856,17422513864704,0.3706340109790674,0.49423900585148095,"a,m,h,z",0.6645826785522093,0.0025701961962374953
70M:A7-OL1:0.0:clip:0.0,70M:A7-OL1:0.0,e7e8f4659beb38782326268897ec7a4178c51e336048dd8e60287843cc5c991c,70M,A7-OL1,0.0,0.0,clipped,FP16,runs/030-2026-09-08-all-models-posthoc-clipping/artifacts/attempts/001/70M_A7-OL1_0.0/sweep.json,4.941219700864081,0.8414537345869304,0.23562397128038146,0.47674094616317386,8306025744400,35251191545856,17422513864704,0.49423900585148095,0.49423900585148095,"a,m,h,q_post,k_post,v,z",0.0,0.0
70M:A7-OL1:0.0:clip:0.1,70M:A7-OL1:0.0,e7e8f4659beb38782326268897ec7a4178c51e336048dd8e60287843cc5c991c,70M,A7-OL1,0.0,0.1,clipped,FP16,runs/030-2026-09-08-all-models-posthoc-clipping/artifacts/attempts/001/70M_A7-OL1_0.0/sweep.json,4.941219700864081,0.8414537345869304,0.23562397128038146,0.47674094616317386,8306025744400,35251191545856,17422513864704,0.49423900585148095,0.49423900585148095,"a,m,h,q_post,k_post,v,z",0.0,0.0
70M:A7-OL1:0.0:clip:0.2,70M:A7-OL1:0.0,e7e8f4659beb38782326268897ec7a4178c51e336048dd8e60287843cc5c991c,70M,A7-OL1,0.0,0.2,clipped,FP16,runs/030-2026-09-08-all-models-posthoc-clipping/artifacts/attempts/001/70M_A7-OL1_0.0/sweep.json,4.941219700864081,0.8414537345869304,0.23562397128038146,0.47674094616317386,8306025744400,35251191545856,17422513864704,0.49423900585148095,0.49423900585148095,"a,m,h,q_post,k_post,v,z",0.0,0.0
70M:A7-OL1:0.0:clip:0.3,70M:A7-OL1:0.0,e7e8f4659beb38782326268897ec7a4178c51e336048dd8e60287843cc5c991c,70M,A7-OL1,0.0,0.3,clipped,FP16,runs/030-2026-09-08-all-models-posthoc-clipping/artifacts/attempts/001/70M_A7-OL1_0.0/sweep.json,4.941219700864081,0.8414537345869304,0.23562397128038146,0.47674094616317386,8306025744400,35251191545856,17422513864704,0.49423900585148095,0.49423900585148095,"a,m,h,q_post,k_post,v,z",0.0,0.0
70M:A7-OL1:0.0:clip:0.4,70M:A7-OL1:0.0,e7e8f4659beb38782326268897ec7a4178c51e336048dd8e60287843cc5c991c,70M,A7-OL1,0.0,0.4,clipped,FP16,runs/030-2026-09-08-all-models-posthoc-clipping/artifacts/attempts/001/70M_A7-OL1_0.0/sweep.json,4.94122252732339,0.8414565610462397,0.23575483436178962,0.4770057230825567,8310638823949,35251191545856,17422513864704,0.49423900585148095,0.49423900585148095,"a,m,h,q_post,k_post,v,z",2.826459309268614e-06,0.00013086308140816683
70M:A7-OL1:0.0:clip:0.5,70M:A7-OL1:0.0,e7e8f4659beb38782326268897ec7a4178c51e336048dd8e60287843cc5c991c,70M,A7-OL1,0.0,0.5,clipped,FP16,runs/030-2026-09-08-all-models-posthoc-clipping/artifacts/attempts/001/70M_A7-OL1_0.0/sweep.json,4.941654091756019,0.841888125478869,0.23752929857139315,0.4805960188475509,8373190801693,35251191545856,17422513864704,0.49423900585148095,0.49423900585148095,"a,m,h,q_post,k_post,v,z",0.0004343908919386408,0.0019053272910116992
70M:A7-OL1:0.0:clip:0.6,70M:A7-OL1:0.0,e7e8f4659beb38782326268897ec7a4178c51e336048dd8e60287843cc5c991c,70M,A7-OL1,0.0,0.6,clipped,FP16,runs/030-2026-09-08-all-models-posthoc-clipping/artifacts/attempts/001/70M_A7-OL1_0.0/sweep.json,4.988302278095449,0.8885363118182985,0.2575433600086707,0.5210907212088043,9078710315029,35251191545856,17422513864704,0.49423900585148095,0.49423900585148095,"a,m,h,q_post,k_post,v,z",0.047082577231368106,0.02191938872828922
70M:A7-OL1:0.0:clip:0.7,70M:A7-OL1:0.0,e7e8f4659beb38782326268897ec7a4178c51e336048dd8e60287843cc5c991c,70M,A7-OL1,0.0,0.7,clipped,FP16,runs/030-2026-09-08-all-models-posthoc-clipping/artifacts/attempts/001/70M_A7-OL1_0.0/sweep.json,5.282720288581396,1.182954322304246,0.27740625779356304,0.5612795722499566,9778901129500,35251191545856,17422513864704,0.49423900585148095,0.49423900585148095,"a,m,h,q_post,k_post,v,z",0.3415005877173156,0.04178228651318158
70M:A7-OL1:0.0:clip:0.8,70M:A7-OL1:0.0,e7e8f4659beb38782326268897ec7a4178c51e336048dd8e60287843cc5c991c,70M,A7-OL1,0.0,0.8,clipped,FP16,runs/030-2026-09-08-all-models-posthoc-clipping/artifacts/attempts/001/70M_A7-OL1_0.0/sweep.json,6.31918942505086,2.2194234587737096,0.2995763699750298,0.6061366392134834,10560424000602,35251191545856,17422513864704,0.49423900585148095,0.49423900585148095,"a,m,h,q_post,k_post,v,z",1.3779697241867792,0.06395239869464833
70M:A7-OL1:0.0:clip:0.9,70M:A7-OL1:0.0,e7e8f4659beb38782326268897ec7a4178c51e336048dd8e60287843cc5c991c,70M,A7-OL1,0.0,0.9,clipped,FP16,runs/030-2026-09-08-all-models-posthoc-clipping/artifacts/attempts/001/70M_A7-OL1_0.0/sweep.json,8.188545169209588,4.088779202932438,0.32901129843290144,0.6656927003688767,11598040301809,35251191545856,17422513864704,0.49423900585148095,0.49423900585148095,"a,m,h,q_post,k_post,v,z",3.2473254683455073,0.09338732715251999
70M:A7-OL1:0.01:clip:0.0,70M:A7-OL1:0.01,964673fa17cc204efcb9f60529b25e10c9438ea27c5d9b3720e87ffa51b740ed,70M,A7-OL1,0.01,0.0,clipped,FP16,runs/030-2026-09-08-all-models-posthoc-clipping/artifacts/attempts/001/70M_A7-OL1_0.01/sweep.json,4.936403570090525,0.8366376038133749,0.2422619272358166,0.4901716059792667,8540021601258,35251191545856,17422513864704,0.49423900585148095,0.49423900585148095,"a,m,h,q_post,k_post,v,z",0.0,0.0
70M:A7-OL1:0.01:clip:0.1,70M:A7-OL1:0.01,964673fa17cc204efcb9f60529b25e10c9438ea27c5d9b3720e87ffa51b740ed,70M,A7-OL1,0.01,0.1,clipped,FP16,runs/030-2026-09-08-all-models-posthoc-clipping/artifacts/attempts/001/70M_A7-OL1_0.01/sweep.json,4.936403570090525,0.8366376038133749,0.2422619272358166,0.4901716059792667,8540021601258,35251191545856,17422513864704,0.49423900585148095,0.49423900585148095,"a,m,h,q_post,k_post,v,z",0.0,0.0
70M:A7-OL1:0.01:clip:0.2,70M:A7-OL1:0.01,964673fa17cc204efcb9f60529b25e10c9438ea27c5d9b3720e87ffa51b740ed,70M,A7-OL1,0.01,0.2,clipped,FP16,runs/030-2026-09-08-all-models-posthoc-clipping/artifacts/attempts/001/70M_A7-OL1_0.01/sweep.json,4.936403570090525,0.8366376038133749,0.2422619272358166,0.4901716059792667,8540021601258,35251191545856,17422513864704,0.49423900585148095,0.49423900585148095,"a,m,h,q_post,k_post,v,z",0.0,0.0
70M:A7-OL1:0.01:clip:0.3,70M:A7-OL1:0.01,964673fa17cc204efcb9f60529b25e10c9438ea27c5d9b3720e87ffa51b740ed,70M,A7-OL1,0.01,0.3,clipped,FP16,runs/030-2026-09-08-all-models-posthoc-clipping/artifacts/attempts/001/70M_A7-OL1_0.01/sweep.json,4.936403570090525,0.8366376038133749,0.2422619272358166,0.4901716059792667,8540021601258,35251191545856,17422513864704,0.49423900585148095,0.49423900585148095,"a,m,h,q_post,k_post,v,z",0.0,0.0
70M:A7-OL1:0.01:clip:0.4,70M:A7-OL1:0.01,964673fa17cc204efcb9f60529b25e10c9438ea27c5d9b3720e87ffa51b740ed,70M,A7-OL1,0.01,0.4,clipped,FP16,runs/030-2026-09-08-all-models-posthoc-clipping/artifacts/attempts/001/70M_A7-OL1_0.01/sweep.json,4.936403570090525,0.8366376038133749,0.2422619272358166,0.4901716059792667,8540021601258,35251191545856,17422513864704,0.49423900585148095,0.49423900585148095,"a,m,h,q_post,k_post,v,z",0.0,0.0
70M:A7-OL1:0.01:clip:0.5,70M:A7-OL1:0.01,964673fa17cc204efcb9f60529b25e10c9438ea27c5d9b3720e87ffa51b740ed,70M,A7-OL1,0.01,0.5,clipped,FP16,runs/030-2026-09-08-all-models-posthoc-clipping/artifacts/attempts/001/70M_A7-OL1_0.01/sweep.json,4.936423520717395,0.8366575544402446,0.24310313599970834,0.4918736342569468,8569675212524,35251191545856,17422513864704,0.49423900585148095,0.49423900585148095,"a,m,h,q_post,k_post,v,z",1.9950626869658095e-05,0.0008412087638917376
70M:A7-OL1:0.01:clip:0.6,70M:A7-OL1:0.01,964673fa17cc204efcb9f60529b25e10c9438ea27c5d9b3720e87ffa51b740ed,70M,A7-OL1,0.01,0.6,clipped,FP16,runs/030-2026-09-08-all-models-posthoc-clipping/artifacts/attempts/001/70M_A7-OL1_0.01/sweep.json,4.9818483047936795,0.8820823385165291,0.2622626118643305,0.5306392428750161,9245069566146,35251191545856,17422513864704,0.49423900585148095,0.49423900585148095,"a,m,h,q_post,k_post,v,z",0.04544473470315413,0.02000068462851387
70M:A7-OL1:0.01:clip:0.7,70M:A7-OL1:0.01,964673fa17cc204efcb9f60529b25e10c9438ea27c5d9b3720e87ffa51b740ed,70M,A7-OL1,0.01,0.7,clipped,FP16,runs/030-2026-09-08-all-models-posthoc-clipping/artifacts/attempts/001/70M_A7-OL1_0.01/sweep.json,5.269459487771141,1.1696935214939908,0.28131247243169455,0.5691830654827537,9916599849928,35251191545856,17422513864704,0.49423900585148095,0.49423900585148095,"a,m,h,q_post,k_post,v,z",0.3330559176806158,0.039050545195877945
70M:A7-OL1:0.01:clip:0.8,70M:A7-OL1:0.01,964673fa17cc204efcb9f60529b25e10c9438ea27c5d9b3720e87ffa51b740ed,70M,A7-OL1,0.01,0.8,clipped,FP16,runs/030-2026-09-08-all-models-posthoc-clipping/artifacts/attempts/001/70M_A7-OL1_0.01/sweep.json,6.258215036617933,2.158449070340783,0.3014189528033154,0.6098647602368558,10625377240821,35251191545856,17422513864704,0.49423900585148095,0.49423900585148095,"a,m,h,q_post,k_post,v,z",1.321811466527408,0.05915702556749877
70M:A7-OL1:0.01:clip:0.9,70M:A7-OL1:0.01,964673fa17cc204efcb9f60529b25e10c9438ea27c5d9b3720e87ffa51b740ed,70M,A7-OL1,0.01,0.9,clipped,FP16,runs/030-2026-09-08-all-models-posthoc-clipping/artifacts/attempts/001/70M_A7-OL1_0.01/sweep.json,7.924281748088859,3.8245157818117086,0.33265314456159184,0.6730612934697312,11726419717272,35251191545856,17422513864704,0.49423900585148095,0.49423900585148095,"a,m,h,q_post,k_post,v,z",2.9878781779983337,0.09039121732577524
70M:A7-OL1:0.05:clip:0.0,70M:A7-OL1:0.05,93d44301fe633c81d45f74dd74ebac5eff01d95196db60700a614ff8561732be,70M,A7-OL1,0.05,0.0,clipped,FP16,runs/030-2026-09-08-all-models-posthoc-clipping/artifacts/attempts/001/70M_A7-OL1_0.05/sweep.json,4.963675176956245,0.8639092106790942,0.26523924063330423,0.5366618933209184,9349999277042,35251191545856,17422513864704,0.49423900585148095,0.49423900585148095,"a,m,h,q_post,k_post,v,z",0.0,0.0
70M:A7-OL1:0.05:clip:0.1,70M:A7-OL1:0.05,93d44301fe633c81d45f74dd74ebac5eff01d95196db60700a614ff8561732be,70M,A7-OL1,0.05,0.1,clipped,FP16,runs/030-2026-09-08-all-models-posthoc-clipping/artifacts/attempts/001/70M_A7-OL1_0.05/sweep.json,4.963675176956245,0.8639092106790942,0.26523924063330423,0.5366618933209184,9349999277042,35251191545856,17422513864704,0.49423900585148095,0.49423900585148095,"a,m,h,q_post,k_post,v,z",0.0,0.0
70M:A7-OL1:0.05:clip:0.2,70M:A7-OL1:0.05,93d44301fe633c81d45f74dd74ebac5eff01d95196db60700a614ff8561732be,70M,A7-OL1,0.05,0.2,clipped,FP16,runs/030-2026-09-08-all-models-posthoc-clipping/artifacts/attempts/001/70M_A7-OL1_0.05/sweep.json,4.963675176956245,0.8639092106790942,0.26523924063330423,0.5366618933209184,9349999277042,35251191545856,17422513864704,0.49423900585148095,0.49423900585148095,"a,m,h,q_post,k_post,v,z",0.0,0.0
70M:A7-OL1:0.05:clip:0.3,70M:A7-OL1:0.05,93d44301fe633c81d45f74dd74ebac5eff01d95196db60700a614ff8561732be,70M,A7-OL1,0.05,0.3,clipped,FP16,runs/030-2026-09-08-all-models-posthoc-clipping/artifacts/attempts/001/70M_A7-OL1_0.05/sweep.json,4.963675176956245,0.8639092106790942,0.26523924063330423,0.5366618933209184,9349999277042,35251191545856,17422513864704,0.49423900585148095,0.49423900585148095,"a,m,h,q_post,k_post,v,z",0.0,0.0
70M:A7-OL1:0.05:clip:0.4,70M:A7-OL1:0.05,93d44301fe633c81d45f74dd74ebac5eff01d95196db60700a614ff8561732be,70M,A7-OL1,0.05,0.4,clipped,FP16,runs/030-2026-09-08-all-models-posthoc-clipping/artifacts/attempts/001/70M_A7-OL1_0.05/sweep.json,4.963675176956245,0.8639092106790942,0.26523924063330423,0.5366618933209184,9349999277042,35251191545856,17422513864704,0.49423900585148095,0.49423900585148095,"a,m,h,q_post,k_post,v,z",0.0,0.0
70M:A7-OL1:0.05:clip:0.5,70M:A7-OL1:0.05,93d44301fe633c81d45f74dd74ebac5eff01d95196db60700a614ff8561732be,70M,A7-OL1,0.05,0.5,clipped,FP16,runs/030-2026-09-08-all-models-posthoc-clipping/artifacts/attempts/001/70M_A7-OL1_0.05/sweep.json,4.963675176956245,0.8639092106790942,0.26523924063330423,0.5366618933209184,9349999277042,35251191545856,17422513864704,0.49423900585148095,0.49423900585148095,"a,m,h,q_post,k_post,v,z",0.0,0.0
70M:A7-OL1:0.05:clip:0.6,70M:A7-OL1:0.05,93d44301fe633c81d45f74dd74ebac5eff01d95196db60700a614ff8561732be,70M,A7-OL1,0.05,0.6,clipped,FP16,runs/030-2026-09-08-all-models-posthoc-clipping/artifacts/attempts/001/70M_A7-OL1_0.05/sweep.json,5.0028741613647645,0.9031081950876141,0.2799394807275974,0.5664050740902455,9868200256376,35251191545856,17422513864704,0.49423900585148095,0.49423900585148095,"a,m,h,q_post,k_post,v,z",0.03919898440851988,0.01470024009429316
70M:A7-OL1:0.05:clip:0.7,70M:A7-OL1:0.05,93d44301fe633c81d45f74dd74ebac5eff01d95196db60700a614ff8561732be,70M,A7-OL1,0.05,0.7,clipped,FP16,runs/030-2026-09-08-all-models-posthoc-clipping/artifacts/attempts/001/70M_A7-OL1_0.05/sweep.json,5.2809042602601135,1.181138293982963,0.29857913420360144,0.6041189195280241,10525270251407,35251191545856,17422513864704,0.49423900585148095,0.49423900585148095,"a,m,h,q_post,k_post,v,z",0.3172290833038689,0.03333989357029721
70M:A7-OL1:0.05:clip:0.8,70M:A7-OL1:0.05,93d44301fe633c81d45f74dd74ebac5eff01d95196db60700a614ff8561732be,70M,A7-OL1,0.05,0.8,clipped,FP16,runs/030-2026-09-08-all-models-posthoc-clipping/artifacts/attempts/001/70M_A7-OL1_0.05/sweep.json,6.191748090044281,2.0919821237671306,0.31631216688866215,0.6399983877106497,11150380783277,35251191545856,17422513864704,0.49423900585148095,0.49423900585148095,"a,m,h,q_post,k_post,v,z",1.2280729130880363,0.05107292625535792
70M:A7-OL1:0.05:clip:0.9,70M:A7-OL1:0.05,93d44301fe633c81d45f74dd74ebac5eff01d95196db60700a614ff8561732be,70M,A7-OL1,0.05,0.9,clipped,FP16,runs/030-2026-09-08-all-models-posthoc-clipping/artifacts/attempts/001/70M_A7-OL1_0.05/sweep.json,7.603761510736138,3.503995544458988,0.3460082381619199,0.7000828224106123,12197202679890,35251191545856,17422513864704,0.49423900585148095,0.49423900585148095,"a,m,h,q_post,k_post,v,z",2.6400863337798937,0.08076899752861566
70M:A7-OL1:0.1:clip:0.0,70M:A7-OL1:0.1,d4859637b4c72b349154ff4a5795498166226086e853e79c88e9735161054024,70M,A7-OL1,0.1,0.0,clipped,FP16,runs/030-2026-09-08-all-models-posthoc-clipping/artifacts/attempts/001/70M_A7-OL1_0.1/sweep.json,4.950053309900521,0.8502873436233704,0.286939044941761,0.5805673804466706,10114943235227,35251191545856,17422513864704,0.49423900585148095,0.49423900585148095,"a,m,h,q_post,k_post,v,z",0.0,0.0
70M:A7-OL1:0.1:clip:0.1,70M:A7-OL1:0.1,d4859637b4c72b349154ff4a5795498166226086e853e79c88e9735161054024,70M,A7-OL1,0.1,0.1,clipped,FP16,runs/030-2026-09-08-all-models-posthoc-clipping/artifacts/attempts/001/70M_A7-OL1_0.1/sweep.json,4.950053309900521,0.8502873436233704,0.286939044941761,0.5805673804466706,10114943235227,35251191545856,17422513864704,0.49423900585148095,0.49423900585148095,"a,m,h,q_post,k_post,v,z",0.0,0.0
70M:A7-OL1:0.1:clip:0.2,70M:A7-OL1:0.1,d4859637b4c72b349154ff4a5795498166226086e853e79c88e9735161054024,70M,A7-OL1,0.1,0.2,clipped,FP16,runs/030-2026-09-08-all-models-posthoc-clipping/artifacts/attempts/001/70M_A7-OL1_0.1/sweep.json,4.950053309900521,0.8502873436233704,0.286939044941761,0.5805673804466706,10114943235227,35251191545856,17422513864704,0.49423900585148095,0.49423900585148095,"a,m,h,q_post,k_post,v,z",0.0,0.0
70M:A7-OL1:0.1:clip:0.3,70M:A7-OL1:0.1,d4859637b4c72b349154ff4a5795498166226086e853e79c88e9735161054024,70M,A7-OL1,0.1,0.3,clipped,FP16,runs/030-2026-09-08-all-models-posthoc-clipping/artifacts/attempts/001/70M_A7-OL1_0.1/sweep.json,4.950053309900521,0.8502873436233704,0.286939044941761,0.5805673804466706,10114943235227,35251191545856,17422513864704,0.49423900585148095,0.49423900585148095,"a,m,h,q_post,k_post,v,z",0.0,0.0
70M:A7-OL1:0.1:clip:0.4,70M:A7-OL1:0.1,d4859637b4c72b349154ff4a5795498166226086e853e79c88e9735161054024,70M,A7-OL1,0.1,0.4,clipped,FP16,runs/030-2026-09-08-all-models-posthoc-clipping/artifacts/attempts/001/70M_A7-OL1_0.1/sweep.json,4.950053309900521,0.8502873436233704,0.286939044941761,0.5805673804466706,10114943235227,35251191545856,17422513864704,0.49423900585148095,0.49423900585148095,"a,m,h,q_post,k_post,v,z",0.0,0.0
70M:A7-OL1:0.1:clip:0.5,70M:A7-OL1:0.1,d4859637b4c72b349154ff4a5795498166226086e853e79c88e9735161054024,70M,A7-OL1,0.1,0.5,clipped,FP16,runs/030-2026-09-08-all-models-posthoc-clipping/artifacts/attempts/001/70M_A7-OL1_0.1/sweep.json,4.950053309900521,0.8502873436233704,0.286939044941761,0.5805673804466706,10114943235227,35251191545856,17422513864704,0.49423900585148095,0.49423900585148095,"a,m,h,q_post,k_post,v,z",0.0,0.0
70M:A7-OL1:0.1:clip:0.6,70M:A7-OL1:0.1,d4859637b4c72b349154ff4a5795498166226086e853e79c88e9735161054024,70M,A7-OL1,0.1,0.6,clipped,FP16,runs/030-2026-09-08-all-models-posthoc-clipping/artifacts/attempts/001/70M_A7-OL1_0.1/sweep.json,4.979425888089739,0.8796599218125882,0.2974179259609027,0.6017694322780281,10484336277219,35251191545856,17422513864704,0.49423900585148095,0.49423900585148095,"a,m,h,q_post,k_post,v,z",0.02937257818921779,0.01047888101914174
70M:A7-OL1:0.1:clip:0.7,70M:A7-OL1:0.1,d4859637b4c72b349154ff4a5795498166226086e853e79c88e9735161054024,70M,A7-OL1,0.1,0.7,clipped,FP16,runs/030-2026-09-08-all-models-posthoc-clipping/artifacts/attempts/001/70M_A7-OL1_0.1/sweep.json,5.261141520632795,1.1613755543556445,0.3155625218642486,0.6384816214992859,11123954902930,35251191545856,17422513864704,0.49423900585148095,0.49423900585148095,"a,m,h,q_post,k_post,v,z",0.3110882107322741,0.028623476922487623
70M:A7-OL1:0.1:clip:0.8,70M:A7-OL1:0.1,d4859637b4c72b349154ff4a5795498166226086e853e79c88e9735161054024,70M,A7-OL1,0.1,0.8,clipped,FP16,runs/030-2026-09-08-all-models-posthoc-clipping/artifacts/attempts/001/70M_A7-OL1_0.1/sweep.json,6.1586174534622735,2.058851487185123,0.3339044844146751,0.6755931451412265,11770530938122,35251191545856,17422513864704,0.49423900585148095,0.49423900585148095,"a,m,h,q_post,k_post,v,z",1.2085641435617527,0.046965439472914094
70M:A7-OL1:0.1:clip:0.9,70M:A7-OL1:0.1,d4859637b4c72b349154ff4a5795498166226086e853e79c88e9735161054024,70M,A7-OL1,0.1,0.9,clipped,FP16,runs/030-2026-09-08-all-models-posthoc-clipping/artifacts/attempts/001/70M_A7-OL1_0.1/sweep.json,7.6748013820873915,3.575035415810241,0.361880662085978,0.7321976974733624,12756724535934,35251191545856,17422513864704,0.49423900585148095,0.49423900585148095,"a,m,h,q_post,k_post,v,z",2.7247480721868707,0.07494161714421704
70M:A7-OL1:0.5:clip:0.0,70M:A7-OL1:0.5,805168851a5a3a7a6a1852a9ed7b6bbab108537438dbaf46d01b344c6389266a,70M,A7-OL1,0.5,0.0,clipped,FP16,runs/030-2026-09-08-all-models-posthoc-clipping/artifacts/attempts/001/70M_A7-OL1_0.5/sweep.json,5.215804503161526,1.1160385368843757,0.40601944402034107,0.8215042503997552,14312669192503,35251191545856,17422513864704,0.49423900585148095,0.49423900585148095,"a,m,h,q_post,k_post,v,z",0.0,0.0
70M:A7-OL1:0.5:clip:0.1,70M:A7-OL1:0.5,805168851a5a3a7a6a1852a9ed7b6bbab108537438dbaf46d01b344c6389266a,70M,A7-OL1,0.5,0.1,clipped,FP16,runs/030-2026-09-08-all-models-posthoc-clipping/artifacts/attempts/001/70M_A7-OL1_0.5/sweep.json,5.215804503161526,1.1160385368843757,0.40601944402034107,0.8215042503997552,14312669192503,35251191545856,17422513864704,0.49423900585148095,0.49423900585148095,"a,m,h,q_post,k_post,v,z",0.0,0.0
70M:A7-OL1:0.5:clip:0.2,70M:A7-OL1:0.5,805168851a5a3a7a6a1852a9ed7b6bbab108537438dbaf46d01b344c6389266a,70M,A7-OL1,0.5,0.2,clipped,FP16,runs/030-2026-09-08-all-models-posthoc-clipping/artifacts/attempts/001/70M_A7-OL1_0.5/sweep.json,5.215804503161526,1.1160385368843757,0.40601944402034107,0.8215042503997552,14312669192503,35251191545856,17422513864704,0.49423900585148095,0.49423900585148095,"a,m,h,q_post,k_post,v,z",0.0,0.0
70M:A7-OL1:0.5:clip:0.3,70M:A7-OL1:0.5,805168851a5a3a7a6a1852a9ed7b6bbab108537438dbaf46d01b344c6389266a,70M,A7-OL1,0.5,0.3,clipped,FP16,runs/030-2026-09-08-all-models-posthoc-clipping/artifacts/attempts/001/70M_A7-OL1_0.5/sweep.json,5.215804503161526,1.1160385368843757,0.40601944402034107,0.8215042503997552,14312669192503,35251191545856,17422513864704,0.49423900585148095,0.49423900585148095,"a,m,h,q_post,k_post,v,z",0.0,0.0
70M:A7-OL1:0.5:clip:0.4,70M:A7-OL1:0.5,805168851a5a3a7a6a1852a9ed7b6bbab108537438dbaf46d01b344c6389266a,70M,A7-OL1,0.5,0.4,clipped,FP16,runs/030-2026-09-08-all-models-posthoc-clipping/artifacts/attempts/001/70M_A7-OL1_0.5/sweep.json,5.215804503161526,1.1160385368843757,0.40601944402034107,0.8215042503997552,14312669192503,35251191545856,17422513864704,0.49423900585148095,0.49423900585148095,"a,m,h,q_post,k_post,v,z",0.0,0.0
70M:A7-OL1:0.5:clip:0.5,70M:A7-OL1:0.5,805168851a5a3a7a6a1852a9ed7b6bbab108537438dbaf46d01b344c6389266a,70M,A7-OL1,0.5,0.5,clipped,FP16,runs/030-2026-09-08-all-models-posthoc-clipping/artifacts/attempts/001/70M_A7-OL1_0.5/sweep.json,5.215804503161526,1.1160385368843757,0.40601944402034107,0.8215042503997552,14312669192503,35251191545856,17422513864704,0.49423900585148095,0.49423900585148095,"a,m,h,q_post,k_post,v,z",0.0,0.0
70M:A7-OL1:0.5:clip:0.6,70M:A7-OL1:0.5,805168851a5a3a7a6a1852a9ed7b6bbab108537438dbaf46d01b344c6389266a,70M,A7-OL1,0.5,0.6,clipped,FP16,runs/030-2026-09-08-all-models-posthoc-clipping/artifacts/attempts/001/70M_A7-OL1_0.5/sweep.json,5.215804503161526,1.1160385368843757,0.40601944402034107,0.8215042503997552,14312669192503,35251191545856,17422513864704,0.49423900585148095,0.49423900585148095,"a,m,h,q_post,k_post,v,z",0.0,0.0
70M:A7-OL1:0.5:clip:0.7,70M:A7-OL1:0.5,805168851a5a3a7a6a1852a9ed7b6bbab108537438dbaf46d01b344c6389266a,70M,A7-OL1,0.5,0.7,clipped,FP16,runs/030-2026-09-08-all-models-posthoc-clipping/artifacts/attempts/001/70M_A7-OL1_0.5/sweep.json,5.205523174189957,1.1057572079128066,0.41039536092710255,0.8303580981433637,14466925477572,35251191545856,17422513864704,0.49423900585148095,0.49423900585148095,"a,m,h,q_post,k_post,v,z",-0.010281328971569081,0.004375916906761479
70M:A7-OL1:0.5:clip:0.8,70M:A7-OL1:0.5,805168851a5a3a7a6a1852a9ed7b6bbab108537438dbaf46d01b344c6389266a,70M,A7-OL1,0.5,0.8,clipped,FP16,runs/030-2026-09-08-all-models-posthoc-clipping/artifacts/attempts/001/70M_A7-OL1_0.5/sweep.json,5.639894910465331,1.5401289441881802,0.43176311945064527,0.8735917528540641,15220164426191,35251191545856,17422513864704,0.49423900585148095,0.49423900585148095,"a,m,h,q_post,k_post,v,z",0.42409040730380454,0.025743675430304203
70M:A7-OL1:0.5:clip:0.9,70M:A7-OL1:0.5,805168851a5a3a7a6a1852a9ed7b6bbab108537438dbaf46d01b344c6389266a,70M,A7-OL1,0.5,0.9,clipped,FP16,runs/030-2026-09-08-all-models-posthoc-clipping/artifacts/attempts/001/70M_A7-OL1_0.5/sweep.json,7.28962235761112,3.1898563913339695,0.45748215553737237,0.925629402214454,16126791093659,35251191545856,17422513864704,0.49423900585148095,0.49423900585148095,"a,m,h,q_post,k_post,v,z",2.0738178544495938,0.0514627115170313
410M:A0:None:clip:0.0,410M:A0:None,740263f4169a66c94d2117fab7cf9bfd8dd4e102a84d329660766c08eccf8b97,410M,A0,,0.0,clipped,FP16,runs/019-2026-09-01-pythia410m-selected-ladder-canonical-init/artifacts/teal/teal_frontiers.json,4.547456437666741,0.0,0.00011047923803103942,0.00012663076784292883,30885552627,279559790395392,243902435033088,0.7477636463214264,0.8724517738696526,"a,m,h,z",0.0,0.0
410M:A0:None:clip:0.1,410M:A0:None,740263f4169a66c94d2117fab7cf9bfd8dd4e102a84d329660766c08eccf8b97,410M,A0,,0.1,clipped,FP16,runs/019-2026-09-01-pythia410m-selected-ladder-canonical-init/artifacts/teal/teal_frontiers.json,4.553016314492423,0.005559876825682153,0.0746317195722218,0.08554251570972454,20864027880458,279559790395392,243902435033088,0.7477636463214264,0.8724517738696526,"a,m,h,z",0.005559876825682153,0.07452124033419076
410M:A0:None:clip:0.2,410M:A0:None,740263f4169a66c94d2117fab7cf9bfd8dd4e102a84d329660766c08eccf8b97,410M,A0,,0.2,clipped,FP16,runs/019-2026-09-01-pythia410m-selected-ladder-canonical-init/artifacts/teal/teal_frontiers.json,4.581109249732903,0.033652812066162774,0.148833003464567,0.170591668126751,41607723252471,279559790395392,243902435033088,0.7477636463214264,0.8724517738696526,"a,m,h,z",0.033652812066162774,0.14872252422653595
410M:A0:None:clip:0.3,410M:A0:None,740263f4169a66c94d2117fab7cf9bfd8dd4e102a84d329660766c08eccf8b97,410M,A0,,0.3,clipped,FP16,runs/019-2026-09-01-pythia410m-selected-ladder-canonical-init/artifacts/teal/teal_frontiers.json,4.672733952660533,0.12527751499379214,0.2224278721643295,0.254945750385466,62181889320353,279559790395392,243902435033088,0.7477636463214264,0.8724517738696526,"a,m,h,z",0.12527751499379214,0.22231739292629846
410M:A0:None:clip:0.4,410M:A0:None,740263f4169a66c94d2117fab7cf9bfd8dd4e102a84d329660766c08eccf8b97,410M,A0,,0.4,clipped,FP16,runs/019-2026-09-01-pythia410m-selected-ladder-canonical-init/artifacts/teal/teal_frontiers.json,4.931758412948022,0.3843019752812813,0.29538790085588484,0.3385721820997946,82578579648606,279559790395392,243902435033088,0.7477636463214264,0.8724517738696526,"a,m,h,z",0.3843019752812813,0.2952774216178538
410M:A0:None:clip:0.5,410M:A0:None,740263f4169a66c94d2117fab7cf9bfd8dd4e102a84d329660766c08eccf8b97,410M,A0,,0.5,clipped,FP16,runs/019-2026-09-01-pythia410m-selected-ladder-canonical-init/artifacts/teal/teal_frontiers.json,5.585539915857936,1.0380834781911954,0.3680432914680814,0.4218494391222,102890105419247,279559790395392,243902435033088,0.7477636463214264,0.8724517738696526,"a,m,h,z",1.0380834781911954,0.36793281223005037
410M:A0:None:clip:0.6,410M:A0:None,740263f4169a66c94d2117fab7cf9bfd8dd4e102a84d329660766c08eccf8b97,410M,A0,,0.6,clipped,FP16,runs/019-2026-09-01-pythia410m-selected-ladder-canonical-init/artifacts/teal/teal_frontiers.json,6.721288022204969,2.1738315845382283,0.4409806322803354,0.5054498660990968,123280453128718,279559790395392,243902435033088,0.7477636463214264,0.8724517738696526,"a,m,h,z",2.1738315845382283,0.44087015304230437
410M:A0:None:clip:0.7,410M:A0:None,740263f4169a66c94d2117fab7cf9bfd8dd4e102a84d329660766c08eccf8b97,410M,A0,,0.7,clipped,FP16,runs/019-2026-09-01-pythia410m-selected-ladder-canonical-init/artifacts/teal/teal_frontiers.json,7.758184469663179,3.210728031996439,0.5156362096285041,0.5910197274761252,144151150684019,279559790395392,243902435033088,0.7477636463214264,0.8724517738696526,"a,m,h,z",3.210728031996439,0.515525730390473
410M:A0:None:clip:0.8,410M:A0:None,740263f4169a66c94d2117fab7cf9bfd8dd4e102a84d329660766c08eccf8b97,410M,A0,,0.8,clipped,FP16,runs/019-2026-09-01-pythia410m-selected-ladder-canonical-init/artifacts/teal/teal_frontiers.json,8.311326347159211,3.7638699094924704,0.6001293726586132,0.6878653819417584,167772041630560,279559790395392,243902435033088,0.7477636463214264,0.8724517738696526,"a,m,h,z",3.7638699094924704,0.6000188934205821
410M:A0:None:clip:0.9,410M:A0:None,740263f4169a66c94d2117fab7cf9bfd8dd4e102a84d329660766c08eccf8b97,410M,A0,,0.9,clipped,FP16,runs/019-2026-09-01-pythia410m-selected-ladder-canonical-init/artifacts/teal/teal_frontiers.json,9.027046069591004,4.479589631924263,0.7004714056661876,0.802876934457171,195823639346005,279559790395392,243902435033088,0.7477636463214264,0.8724517738696526,"a,m,h,z",4.479589631924263,0.7003609264281565
410M:A1-H:None:clip:0.0,410M:A1-H:None,3eadbb88d26b100a753f2ed40e13e91137663a4abb62b2ab9e0823351c7e229a,410M,A1-H,,0.0,clipped,FP16,runs/019-2026-09-01-pythia410m-selected-ladder-canonical-init/artifacts/teal/teal_frontiers.json,4.651294058243904,0.10383762057716339,0.21049725280441106,0.24127093222674806,58846567872807,279559790395392,243902435033088,0.7477636463214264,0.8724517738696526,"a,m,h,z",0.0,0.0
410M:A1-H:None:clip:0.1,410M:A1-H:None,3eadbb88d26b100a753f2ed40e13e91137663a4abb62b2ab9e0823351c7e229a,410M,A1-H,,0.1,clipped,FP16,runs/019-2026-09-01-pythia410m-selected-ladder-canonical-init/artifacts/teal/teal_frontiers.json,4.652483292232604,0.10502685456586303,0.2598430631068407,0.29783086113096974,72641672257845,279559790395392,243902435033088,0.7477636463214264,0.8724517738696526,"a,m,h,z",0.001189233988699634,0.04934581030242963
410M:A1-H:None:clip:0.2,410M:A1-H:None,3eadbb88d26b100a753f2ed40e13e91137663a4abb62b2ab9e0823351c7e229a,410M,A1-H,,0.2,clipped,FP16,runs/019-2026-09-01-pythia410m-selected-ladder-canonical-init/artifacts/teal/teal_frontiers.json,4.662035368250672,0.11457893058393154,0.3090479884180765,0.35422930834025607,86397390864275,279559790395392,243902435033088,0.7477636463214264,0.8724517738696526,"a,m,h,z",0.010741310006768146,0.09855073561366545
410M:A1-H:None:clip:0.3,410M:A1-H:None,3eadbb88d26b100a753f2ed40e13e91137663a4abb62b2ab9e0823351c7e229a,410M,A1-H,,0.3,clipped,FP16,runs/019-2026-09-01-pythia410m-selected-ladder-canonical-init/artifacts/teal/teal_frontiers.json,4.693631998180638,0.14617556051389702,0.35810313799034865,0.41045608332255,100111238196514,279559790395392,243902435033088,0.7477636463214264,0.8724517738696526,"a,m,h,z",0.042337939936733626,0.1476058851859376
410M:A1-H:None:clip:0.4,410M:A1-H:None,3eadbb88d26b100a753f2ed40e13e91137663a4abb62b2ab9e0823351c7e229a,410M,A1-H,,0.4,clipped,FP16,runs/019-2026-09-01-pythia410m-selected-ladder-canonical-init/artifacts/teal/teal_frontiers.json,4.773735173707883,0.22627873604114246,0.407130662766229,0.46665119489694085,113817362746464,279559790395392,243902435033088,0.7477636463214264,0.8724517738696526,"a,m,h,z",0.12244111546397907,0.19663340996181794
410M:A1-H:None:clip:0.5,410M:A1-H:None,3eadbb88d26b100a753f2ed40e13e91137663a4abb62b2ab9e0823351c7e229a,410M,A1-H,,0.5,clipped,FP16,runs/019-2026-09-01-pythia410m-selected-ladder-canonical-init/artifacts/teal/teal_frontiers.json,4.975708694500331,0.42825225683359047,0.4561930036601399,0.5228862125372866,127533220483073,279559790395392,243902435033088,0.7477636463214264,0.8724517738696526,"a,m,h,z",0.3244146362564271,0.2456957508557288
410M:A1-H:None:clip:0.6,410M:A1-H:None,3eadbb88d26b100a753f2ed40e13e91137663a4abb62b2ab9e0823351c7e229a,410M,A1-H,,0.6,clipped,FP16,runs/019-2026-09-01-pythia410m-selected-ladder-canonical-init/artifacts/teal/teal_frontiers.json,5.444485698931316,0.8970292612645752,0.5058207444163609,0.5797692887629252,141407141286679,279559790395392,243902435033088,0.7477636463214264,0.8724517738696526,"a,m,h,z",0.7931916406874118,0.2953234916119499
410M:A1-H:None:clip:0.7,410M:A1-H:None,3eadbb88d26b100a753f2ed40e13e91137663a4abb62b2ab9e0823351c7e229a,410M,A1-H,,0.7,clipped,FP16,runs/019-2026-09-01-pythia410m-selected-ladder-canonical-init/artifacts/teal/teal_frontiers.json,6.466273088426985,1.9188166507602444,0.5564224018155008,0.6377686635303149,155553330022842,279559790395392,243902435033088,0.7477636463214264,0.8724517738696526,"a,m,h,z",1.814979030183081,0.3459251490110898
410M:A1-H:None:clip:0.8,410M:A1-H:None,3eadbb88d26b100a753f2ed40e13e91137663a4abb62b2ab9e0823351c7e229a,410M,A1-H,,0.8,clipped,FP16,runs/019-2026-09-01-pythia410m-selected-ladder-canonical-init/artifacts/teal/teal_frontiers.json,8.391250150443534,3.843793712776794,0.6177001369750396,0.708004906947815,172684120819947,279559790395392,243902435033088,0.7477636463214264,0.8724517738696526,"a,m,h,z",3.7399560921996304,0.4072028841706285
410M:A1-H:None:clip:0.9,410M:A1-H:None,3eadbb88d26b100a753f2ed40e13e91137663a4abb62b2ab9e0823351c7e229a,410M,A1-H,,0.9,clipped,FP16,runs/019-2026-09-01-pythia410m-selected-ladder-canonical-init/artifacts/teal/teal_frontiers.json,9.02979951920594,4.482343081539199,0.6916289591077831,0.7927417650148706,193351646839555,279559790395392,243902435033088,0.7477636463214264,0.8724517738696526,"a,m,h,z",4.378505460962035,0.48113170630337204
410M:A4-OL1:0.0:clip:0.0,410M:A4-OL1:0.0,6b92821e0979e09385e606bcdb6528ce75a82127a7727c70a997e54b498e6ee6,410M,A4-OL1,0.0,0.0,clipped,FP16,runs/030-2026-09-08-all-models-posthoc-clipping/artifacts/attempts/001/410M_A4-OL1_0.0/sweep.json,5.692070044004,1.1446136063372592,0.38338513251273937,0.43943418306353116,107179067285971,279559790395392,243902435033088,0.7477636463214264,0.8724517738696526,"a,m,h,z",0.0,0.0
410M:A4-OL1:0.0:clip:0.1,410M:A4-OL1:0.0,6b92821e0979e09385e606bcdb6528ce75a82127a7727c70a997e54b498e6ee6,410M,A4-OL1,0.0,0.1,clipped,FP16,runs/030-2026-09-08-all-models-posthoc-clipping/artifacts/attempts/001/410M_A4-OL1_0.0/sweep.json,5.692070044004,1.1446136063372592,0.38338513251273937,0.43943418306353116,107179067285971,279559790395392,243902435033088,0.7477636463214264,0.8724517738696526,"a,m,h,z",0.0,0.0
410M:A4-OL1:0.0:clip:0.2,410M:A4-OL1:0.0,6b92821e0979e09385e606bcdb6528ce75a82127a7727c70a997e54b498e6ee6,410M,A4-OL1,0.0,0.2,clipped,FP16,runs/030-2026-09-08-all-models-posthoc-clipping/artifacts/attempts/001/410M_A4-OL1_0.0/sweep.json,5.691801722233112,1.1443452845663717,0.38346941867556583,0.43953079145536533,107202630307984,279559790395392,243902435033088,0.7477636463214264,0.8724517738696526,"a,m,h,z",-0.00026832177088742526,8.42861628264635e-05
410M:A4-OL1:0.0:clip:0.3,410M:A4-OL1:0.0,6b92821e0979e09385e606bcdb6528ce75a82127a7727c70a997e54b498e6ee6,410M,A4-OL1,0.0,0.3,clipped,FP16,runs/030-2026-09-08-all-models-posthoc-clipping/artifacts/attempts/001/410M_A4-OL1_0.0/sweep.json,5.688362050338609,1.1409056126718689,0.38393014313369633,0.4400588715990815,107331430340929,279559790395392,243902435033088,0.7477636463214264,0.8724517738696526,"a,m,h,z",-0.003707993665390319,0.000545010620956965
410M:A4-OL1:0.0:clip:0.4,410M:A4-OL1:0.0,6b92821e0979e09385e606bcdb6528ce75a82127a7727c70a997e54b498e6ee6,410M,A4-OL1,0.0,0.4,clipped,FP16,runs/030-2026-09-08-all-models-posthoc-clipping/artifacts/attempts/001/410M_A4-OL1_0.0/sweep.json,5.68729682363702,1.1398403859702793,0.39548447365632805,0.45330238931397354,110561556559995,279559790395392,243902435033088,0.7477636463214264,0.8724517738696526,"a,m,h,z",-0.004773220366979913,0.012099341143588682
410M:A4-OL1:0.0:clip:0.5,410M:A4-OL1:0.0,6b92821e0979e09385e606bcdb6528ce75a82127a7727c70a997e54b498e6ee6,410M,A4-OL1,0.0,0.5,clipped,FP16,runs/030-2026-09-08-all-models-posthoc-clipping/artifacts/attempts/001/410M_A4-OL1_0.0/sweep.json,5.70755180663611,1.1600953689693698,0.42318637509190965,0.485054174644999,118305894318880,279559790395392,243902435033088,0.7477636463214264,0.8724517738696526,"a,m,h,z",0.015481762632110652,0.03980124257917028
410M:A4-OL1:0.0:clip:0.6,410M:A4-OL1:0.0,6b92821e0979e09385e606bcdb6528ce75a82127a7727c70a997e54b498e6ee6,410M,A4-OL1,0.0,0.6,clipped,FP16,runs/030-2026-09-08-all-models-posthoc-clipping/artifacts/attempts/001/410M_A4-OL1_0.0/sweep.json,5.915945363467967,1.368488925801226,0.4658724246680389,0.5339807180421207,130239197391190,279559790395392,243902435033088,0.7477636463214264,0.8724517738696526,"a,m,h,z",0.22387531946396688,0.08248729215529954
410M:A4-OL1:0.0:clip:0.7,410M:A4-OL1:0.0,6b92821e0979e09385e606bcdb6528ce75a82127a7727c70a997e54b498e6ee6,410M,A4-OL1,0.0,0.7,clipped,FP16,runs/030-2026-09-08-all-models-posthoc-clipping/artifacts/attempts/001/410M_A4-OL1_0.0/sweep.json,7.4580543436242275,2.910597905957487,0.5267154071896317,0.6037186500904804,147248448831957,279559790395392,243902435033088,0.7477636463214264,0.8724517738696526,"a,m,h,z",1.7659842996202277,0.14333027467689236
410M:A4-OL1:0.0:clip:0.8,410M:A4-OL1:0.0,6b92821e0979e09385e606bcdb6528ce75a82127a7727c70a997e54b498e6ee6,410M,A4-OL1,0.0,0.8,clipped,FP16,runs/030-2026-09-08-all-models-posthoc-clipping/artifacts/attempts/001/410M_A4-OL1_0.0/sweep.json,9.910478769674809,5.363022332008068,0.5877491851288509,0.673675270922955,164311038999684,279559790395392,243902435033088,0.7477636463214264,0.8724517738696526,"a,m,h,z",4.218408725670809,0.2043640526161115
410M:A4-OL1:0.0:clip:0.9,410M:A4-OL1:0.0,6b92821e0979e09385e606bcdb6528ce75a82127a7727c70a997e54b498e6ee6,410M,A4-OL1,0.0,0.9,clipped,FP16,runs/030-2026-09-08-all-models-posthoc-clipping/artifacts/attempts/001/410M_A4-OL1_0.0/sweep.json,10.991998466514271,6.444542028847531,0.6077451955946434,0.6965946013257148,169901119494245,279559790395392,243902435033088,0.7477636463214264,0.8724517738696526,"a,m,h,z",5.299928422510272,0.22436006308190398
410M:A4-OL1:0.01:clip:0.0,410M:A4-OL1:0.01,3e39cdf852585894618259f991918eb18dd72e3ba3af326e28b62085feb55213,410M,A4-OL1,0.01,0.0,clipped,FP16,runs/030-2026-09-08-all-models-posthoc-clipping/artifacts/attempts/001/410M_A4-OL1_0.01/sweep.json,5.691342755182255,1.1438863175155145,0.3914915531506064,0.44872572315853493,109445296540350,279559790395392,243902435033088,0.7477636463214264,0.8724517738696526,"a,m,h,z",0.0,0.0
410M:A4-OL1:0.01:clip:0.1,410M:A4-OL1:0.01,3e39cdf852585894618259f991918eb18dd72e3ba3af326e28b62085feb55213,410M,A4-OL1,0.01,0.1,clipped,FP16,runs/030-2026-09-08-all-models-posthoc-clipping/artifacts/attempts/001/410M_A4-OL1_0.01/sweep.json,5.691342755182255,1.1438863175155145,0.3914915531506064,0.44872572315853493,109445296540350,279559790395392,243902435033088,0.7477636463214264,0.8724517738696526,"a,m,h,z",0.0,0.0
410M:A4-OL1:0.01:clip:0.2,410M:A4-OL1:0.01,3e39cdf852585894618259f991918eb18dd72e3ba3af326e28b62085feb55213,410M,A4-OL1,0.01,0.2,clipped,FP16,runs/030-2026-09-08-all-models-posthoc-clipping/artifacts/attempts/001/410M_A4-OL1_0.01/sweep.json,5.689872706430198,1.1424162687634576,0.39167450745599014,0.4489354244977531,109496443207615,279559790395392,243902435033088,0.7477636463214264,0.8724517738696526,"a,m,h,z",-0.0014700487520569183,0.00018295430538373125
410M:A4-OL1:0.01:clip:0.3,410M:A4-OL1:0.01,3e39cdf852585894618259f991918eb18dd72e3ba3af326e28b62085feb55213,410M,A4-OL1,0.01,0.3,clipped,FP16,runs/030-2026-09-08-all-models-posthoc-clipping/artifacts/attempts/001/410M_A4-OL1_0.01/sweep.json,5.684318826043394,1.1368623883766533,0.3921182803845595,0.44944407488034216,109620504274509,279559790395392,243902435033088,0.7477636463214264,0.8724517738696526,"a,m,h,z",-0.007023929138861185,0.0006267272339530727
410M:A4-OL1:0.01:clip:0.4,410M:A4-OL1:0.01,3e39cdf852585894618259f991918eb18dd72e3ba3af326e28b62085feb55213,410M,A4-OL1,0.01,0.4,clipped,FP16,runs/030-2026-09-08-all-models-posthoc-clipping/artifacts/attempts/001/410M_A4-OL1_0.01/sweep.json,5.683935488469502,1.1364790508027616,0.3970976130044803,0.45515136182622756,111012525458043,279559790395392,243902435033088,0.7477636463214264,0.8724517738696526,"a,m,h,z",-0.007407266712752936,0.005606059853873913
410M:A4-OL1:0.01:clip:0.5,410M:A4-OL1:0.01,3e39cdf852585894618259f991918eb18dd72e3ba3af326e28b62085feb55213,410M,A4-OL1,0.01,0.5,clipped,FP16,runs/030-2026-09-08-all-models-posthoc-clipping/artifacts/attempts/001/410M_A4-OL1_0.01/sweep.json,5.70998623596846,1.162529798301719,0.4241406447219079,0.48614795387564425,118572669736623,279559790395392,243902435033088,0.7477636463214264,0.8724517738696526,"a,m,h,z",0.01864348078620459,0.03264909157130147
410M:A4-OL1:0.01:clip:0.6,410M:A4-OL1:0.01,3e39cdf852585894618259f991918eb18dd72e3ba3af326e28b62085feb55213,410M,A4-OL1,0.01,0.6,clipped,FP16,runs/030-2026-09-08-all-models-posthoc-clipping/artifacts/attempts/001/410M_A4-OL1_0.01/sweep.json,6.041311086987602,1.4938546493208618,0.46656124289716494,0.5347702381620361,130431763270945,279559790395392,243902435033088,0.7477636463214264,0.8724517738696526,"a,m,h,z",0.34996833180534725,0.07506968974655853
410M:A4-OL1:0.01:clip:0.7,410M:A4-OL1:0.01,3e39cdf852585894618259f991918eb18dd72e3ba3af326e28b62085feb55213,410M,A4-OL1,0.01,0.7,clipped,FP16,runs/030-2026-09-08-all-models-posthoc-clipping/artifacts/attempts/001/410M_A4-OL1_0.01/sweep.json,8.063989942595803,3.516533504929063,0.5268112141515168,0.6038284635664277,147275232606140,279559790395392,243902435033088,0.7477636463214264,0.8724517738696526,"a,m,h,z",2.3726471874135484,0.13531966100091036
410M:A4-OL1:0.01:clip:0.8,410M:A4-OL1:0.01,3e39cdf852585894618259f991918eb18dd72e3ba3af326e28b62085feb55213,410M,A4-OL1,0.01,0.8,clipped,FP16,runs/030-2026-09-08-all-models-posthoc-clipping/artifacts/attempts/001/410M_A4-OL1_0.01/sweep.json,11.463443651707214,6.915987214040474,0.5838995950053002,0.6692628893577525,163234848391636,279559790395392,243902435033088,0.7477636463214264,0.8724517738696526,"a,m,h,z",5.772100896524959,0.1924080418546938
410M:A4-OL1:0.01:clip:0.9,410M:A4-OL1:0.01,3e39cdf852585894618259f991918eb18dd72e3ba3af326e28b62085feb55213,410M,A4-OL1,0.01,0.9,clipped,FP16,runs/030-2026-09-08-all-models-posthoc-clipping/artifacts/attempts/001/410M_A4-OL1_0.01/sweep.json,13.166427914207503,8.618971476540763,0.6076246632978193,0.6964564477905464,169867423510609,279559790395392,243902435033088,0.7477636463214264,0.8724517738696526,"a,m,h,z",7.475085159025248,0.21613311014721287
410M:A4-OL1:0.05:clip:0.0,410M:A4-OL1:0.05,89fe9bbd1f2cfbfa1312c501cba6ff7cb0420af5b084cc85f981a9e0b4a303f3,410M,A4-OL1,0.05,0.0,clipped,FP16,runs/030-2026-09-08-all-models-posthoc-clipping/artifacts/attempts/001/410M_A4-OL1_0.05/sweep.json,5.678902223265383,1.1314457855986424,0.4212450004773973,0.482828980459306,117763164038568,279559790395392,243902435033088,0.7477636463214264,0.8724517738696526,"a,m,h,z",0.0,0.0
410M:A4-OL1:0.05:clip:0.1,410M:A4-OL1:0.05,89fe9bbd1f2cfbfa1312c501cba6ff7cb0420af5b084cc85f981a9e0b4a303f3,410M,A4-OL1,0.05,0.1,clipped,FP16,runs/030-2026-09-08-all-models-posthoc-clipping/artifacts/attempts/001/410M_A4-OL1_0.05/sweep.json,5.678902223265383,1.1314457855986424,0.4212450004773973,0.482828980459306,117763164038568,279559790395392,243902435033088,0.7477636463214264,0.8724517738696526,"a,m,h,z",0.0,0.0
410M:A4-OL1:0.05:clip:0.2,410M:A4-OL1:0.05,89fe9bbd1f2cfbfa1312c501cba6ff7cb0420af5b084cc85f981a9e0b4a303f3,410M,A4-OL1,0.05,0.2,clipped,FP16,runs/030-2026-09-08-all-models-posthoc-clipping/artifacts/attempts/001/410M_A4-OL1_0.05/sweep.json,5.677859106007412,1.1304026683406718,0.4213509247816298,0.48295039038407767,117792776214857,279559790395392,243902435033088,0.7477636463214264,0.8724517738696526,"a,m,h,z",-0.0010431172579705716,0.00010592430423245203
410M:A4-OL1:0.05:clip:0.3,410M:A4-OL1:0.05,89fe9bbd1f2cfbfa1312c501cba6ff7cb0420af5b084cc85f981a9e0b4a303f3,410M,A4-OL1,0.05,0.3,clipped,FP16,runs/030-2026-09-08-all-models-posthoc-clipping/artifacts/attempts/001/410M_A4-OL1_0.05/sweep.json,5.671609896174549,1.1241534585078083,0.4217823678059768,0.48344490829013154,117913390336311,279559790395392,243902435033088,0.7477636463214264,0.8724517738696526,"a,m,h,z",-0.00729232709083405,0.0005373673285794522
410M:A4-OL1:0.05:clip:0.4,410M:A4-OL1:0.05,89fe9bbd1f2cfbfa1312c501cba6ff7cb0420af5b084cc85f981a9e0b4a303f3,410M,A4-OL1,0.05,0.4,clipped,FP16,runs/030-2026-09-08-all-models-posthoc-clipping/artifacts/attempts/001/410M_A4-OL1_0.05/sweep.json,5.668597247473587,1.121140809806846,0.422865012267038,0.48468583013072714,118216054194918,279559790395392,243902435033088,0.7477636463214264,0.8724517738696526,"a,m,h,z",-0.010304975791796345,0.001620011789640663
410M:A4-OL1:0.05:clip:0.5,410M:A4-OL1:0.05,89fe9bbd1f2cfbfa1312c501cba6ff7cb0420af5b084cc85f981a9e0b4a303f3,410M,A4-OL1,0.05,0.5,clipped,FP16,runs/030-2026-09-08-all-models-posthoc-clipping/artifacts/attempts/001/410M_A4-OL1_0.05/sweep.json,5.68129175936682,1.1338353217000794,0.44463688889786734,0.5096406497355551,124302595462347,279559790395392,243902435033088,0.7477636463214264,0.8724517738696526,"a,m,h,z",0.0023895361014369954,0.02339188842047002
410M:A4-OL1:0.05:clip:0.6,410M:A4-OL1:0.05,89fe9bbd1f2cfbfa1312c501cba6ff7cb0420af5b084cc85f981a9e0b4a303f3,410M,A4-OL1,0.05,0.6,clipped,FP16,runs/030-2026-09-08-all-models-posthoc-clipping/artifacts/attempts/001/410M_A4-OL1_0.05/sweep.json,5.981885483279031,1.4344290456122906,0.4825867968999227,0.553138650586345,134911863788926,279559790395392,243902435033088,0.7477636463214264,0.8724517738696526,"a,m,h,z",0.30298326001364817,0.06134179642252535
410M:A4-OL1:0.05:clip:0.7,410M:A4-OL1:0.05,89fe9bbd1f2cfbfa1312c501cba6ff7cb0420af5b084cc85f981a9e0b4a303f3,410M,A4-OL1,0.05,0.7,clipped,FP16,runs/030-2026-09-08-all-models-posthoc-clipping/artifacts/attempts/001/410M_A4-OL1_0.05/sweep.json,7.8834463724723225,3.335989934805582,0.5389466342693697,0.6177380233625271,150667808110647,279559790395392,243902435033088,0.7477636463214264,0.8724517738696526,"a,m,h,z",2.2045441492069395,0.1177016337919724
410M:A4-OL1:0.05:clip:0.8,410M:A4-OL1:0.05,89fe9bbd1f2cfbfa1312c501cba6ff7cb0420af5b084cc85f981a9e0b4a303f3,410M,A4-OL1,0.05,0.8,clipped,FP16,runs/030-2026-09-08-all-models-posthoc-clipping/artifacts/attempts/001/410M_A4-OL1_0.05/sweep.json,11.342522234606319,6.7950657969395785,0.5973664024178517,0.6846984788262925,166999626249184,279559790395392,243902435033088,0.7477636463214264,0.8724517738696526,"a,m,h,z",5.663620011340936,0.17612140194045434
410M:A4-OL1:0.05:clip:0.9,410M:A4-OL1:0.05,89fe9bbd1f2cfbfa1312c501cba6ff7cb0420af5b084cc85f981a9e0b4a303f3,410M,A4-OL1,0.05,0.9,clipped,FP16,runs/030-2026-09-08-all-models-posthoc-clipping/artifacts/attempts/001/410M_A4-OL1_0.05/sweep.json,13.556087753476476,9.008631315809735,0.6328605118151219,0.725381655203871,176922352032556,279559790395392,243902435033088,0.7477636463214264,0.8724517738696526,"a,m,h,z",7.877185530211093,0.2116155113377246
410M:A4-OL1:0.1:clip:0.0,410M:A4-OL1:0.1,58e3ebbe6cfa5fb956c53d9b377660772fa9c6651876ce8fb411f44ea2e19075,410M,A4-OL1,0.1,0.0,clipped,FP16,runs/030-2026-09-08-all-models-posthoc-clipping/artifacts/attempts/001/410M_A4-OL1_0.1/sweep.json,5.678881669890951,1.1314252322242107,0.45688005634095047,0.5236737089942692,127725292786511,279559790395392,243902435033088,0.7477636463214264,0.8724517738696526,"a,m,h,z",0.0,0.0
410M:A4-OL1:0.1:clip:0.1,410M:A4-OL1:0.1,58e3ebbe6cfa5fb956c53d9b377660772fa9c6651876ce8fb411f44ea2e19075,410M,A4-OL1,0.1,0.1,clipped,FP16,runs/030-2026-09-08-all-models-posthoc-clipping/artifacts/attempts/001/410M_A4-OL1_0.1/sweep.json,5.678881669890951,1.1314252322242107,0.45688005634095047,0.5236737089942692,127725292786511,279559790395392,243902435033088,0.7477636463214264,0.8724517738696526,"a,m,h,z",0.0,0.0
410M:A4-OL1:0.1:clip:0.2,410M:A4-OL1:0.1,58e3ebbe6cfa5fb956c53d9b377660772fa9c6651876ce8fb411f44ea2e19075,410M,A4-OL1,0.1,0.2,clipped,FP16,runs/030-2026-09-08-all-models-posthoc-clipping/artifacts/attempts/001/410M_A4-OL1_0.1/sweep.json,5.676909949652542,1.1294535119858011,0.45699496009575213,0.5238054111218173,127757415256119,279559790395392,243902435033088,0.7477636463214264,0.8724517738696526,"a,m,h,z",-0.0019717202384095245,0.00011490375480166515
410M:A4-OL1:0.1:clip:0.3,410M:A4-OL1:0.1,58e3ebbe6cfa5fb956c53d9b377660772fa9c6651876ce8fb411f44ea2e19075,410M,A4-OL1,0.1,0.3,clipped,FP16,runs/030-2026-09-08-all-models-posthoc-clipping/artifacts/attempts/001/410M_A4-OL1_0.1/sweep.json,5.6696319946875935,1.122175557020853,0.4573024535272732,0.5241578586045672,127843378055383,279559790395392,243902435033088,0.7477636463214264,0.8724517738696526,"a,m,h,z",-0.009249675203357732,0.0004223971863227538
410M:A4-OL1:0.1:clip:0.4,410M:A4-OL1:0.1,58e3ebbe6cfa5fb956c53d9b377660772fa9c6651876ce8fb411f44ea2e19075,410M,A4-OL1,0.1,0.4,clipped,FP16,runs/030-2026-09-08-all-models-posthoc-clipping/artifacts/attempts/001/410M_A4-OL1_0.1/sweep.json,5.668002769086488,1.1205463314197477,0.4577041689119792,0.5246183028339648,127955681524130,279559790395392,243902435033088,0.7477636463214264,0.8724517738696526,"a,m,h,z",-0.010878900804462965,0.0008241125710287123
410M:A4-OL1:0.1:clip:0.5,410M:A4-OL1:0.1,58e3ebbe6cfa5fb956c53d9b377660772fa9c6651876ce8fb411f44ea2e19075,410M,A4-OL1,0.1,0.5,clipped,FP16,runs/030-2026-09-08-all-models-posthoc-clipping/artifacts/attempts/001/410M_A4-OL1_0.1/sweep.json,5.677163075413224,1.1297066377464837,0.4615890254021631,0.5290711065378912,129041731190242,279559790395392,243902435033088,0.7477636463214264,0.8724517738696526,"a,m,h,z",-0.0017185944777269313,0.004708969061212653
410M:A4-OL1:0.1:clip:0.6,410M:A4-OL1:0.1,58e3ebbe6cfa5fb956c53d9b377660772fa9c6651876ce8fb411f44ea2e19075,410M,A4-OL1,0.1,0.6,clipped,FP16,runs/030-2026-09-08-all-models-posthoc-clipping/artifacts/attempts/001/410M_A4-OL1_0.1/sweep.json,6.1132021267738565,1.565745689107116,0.4970978837249072,0.5697711880624537,138968580180128,279559790395392,243902435033088,0.7477636463214264,0.8724517738696526,"a,m,h,z",0.4343204568829053,0.04021782738395674
410M:A4-OL1:0.1:clip:0.7,410M:A4-OL1:0.1,58e3ebbe6cfa5fb956c53d9b377660772fa9c6651876ce8fb411f44ea2e19075,410M,A4-OL1,0.1,0.7,clipped,FP16,runs/030-2026-09-08-all-models-posthoc-clipping/artifacts/attempts/001/410M_A4-OL1_0.1/sweep.json,8.425367970438398,3.877911532771657,0.5506678658490205,0.6311728422610695,153944593154230,279559790395392,243902435033088,0.7477636463214264,0.8724517738696526,"a,m,h,z",2.7464863005474465,0.09378780950807003
410M:A4-OL1:0.1:clip:0.8,410M:A4-OL1:0.1,58e3ebbe6cfa5fb956c53d9b377660772fa9c6651876ce8fb411f44ea2e19075,410M,A4-OL1,0.1,0.8,clipped,FP16,runs/030-2026-09-08-all-models-posthoc-clipping/artifacts/attempts/001/410M_A4-OL1_0.1/sweep.json,11.727086611753386,7.179630174086645,0.6001280360658097,0.6878638499455569,167771667972956,279559790395392,243902435033088,0.7477636463214264,0.8724517738696526,"a,m,h,z",6.048204941862434,0.1432479797248592
410M:A4-OL1:0.1:clip:0.9,410M:A4-OL1:0.1,58e3ebbe6cfa5fb956c53d9b377660772fa9c6651876ce8fb411f44ea2e19075,410M,A4-OL1,0.1,0.9,clipped,FP16,runs/030-2026-09-08-all-models-posthoc-clipping/artifacts/attempts/001/410M_A4-OL1_0.1/sweep.json,12.453641753224932,7.906185315558192,0.6214742392259776,0.7123307646788372,173739208054150,279559790395392,243902435033088,0.7477636463214264,0.8724517738696526,"a,m,h,z",6.774760083333981,0.16459418288502708
410M:A4-OL1:0.5:clip:0.0,410M:A4-OL1:0.5,228c175ea7bf5cfdc2a4c86040aa7956574b0c6a73d5187f8a140dd653c993f2,410M,A4-OL1,0.5,0.0,clipped,FP16,runs/030-2026-09-08-all-models-posthoc-clipping/artifacts/attempts/001/410M_A4-OL1_0.5/sweep.json,5.1911350358167345,0.643678598149994,0.7159142046881716,0.8205773959434137,200140825003709,279559790395392,243902435033088,0.7477636463214264,0.8724517738696526,"a,m,h,z",0.0,0.0
410M:A4-OL1:0.5:clip:0.1,410M:A4-OL1:0.5,228c175ea7bf5cfdc2a4c86040aa7956574b0c6a73d5187f8a140dd653c993f2,410M,A4-OL1,0.5,0.1,clipped,FP16,runs/030-2026-09-08-all-models-posthoc-clipping/artifacts/attempts/001/410M_A4-OL1_0.5/sweep.json,5.1911350358167345,0.643678598149994,0.7159142046881716,0.8205773959434137,200140825003709,279559790395392,243902435033088,0.7477636463214264,0.8724517738696526,"a,m,h,z",0.0,0.0
410M:A4-OL1:0.5:clip:0.2,410M:A4-OL1:0.5,228c175ea7bf5cfdc2a4c86040aa7956574b0c6a73d5187f8a140dd653c993f2,410M,A4-OL1,0.5,0.2,clipped,FP16,runs/030-2026-09-08-all-models-posthoc-clipping/artifacts/attempts/001/410M_A4-OL1_0.5/sweep.json,5.1911350358167345,0.643678598149994,0.7159142046881716,0.8205773959434137,200140825003709,279559790395392,243902435033088,0.7477636463214264,0.8724517738696526,"a,m,h,z",0.0,0.0
410M:A4-OL1:0.5:clip:0.3,410M:A4-OL1:0.5,228c175ea7bf5cfdc2a4c86040aa7956574b0c6a73d5187f8a140dd653c993f2,410M,A4-OL1,0.5,0.3,clipped,FP16,runs/030-2026-09-08-all-models-posthoc-clipping/artifacts/attempts/001/410M_A4-OL1_0.5/sweep.json,5.1911350358167345,0.643678598149994,0.7159142046881716,0.8205773959434137,200140825003709,279559790395392,243902435033088,0.7477636463214264,0.8724517738696526,"a,m,h,z",0.0,0.0
410M:A4-OL1:0.5:clip:0.4,410M:A4-OL1:0.5,228c175ea7bf5cfdc2a4c86040aa7956574b0c6a73d5187f8a140dd653c993f2,410M,A4-OL1,0.5,0.4,clipped,FP16,runs/030-2026-09-08-all-models-posthoc-clipping/artifacts/attempts/001/410M_A4-OL1_0.5/sweep.json,5.1911350358167345,0.643678598149994,0.7159142046881716,0.8205773959434137,200140825003709,279559790395392,243902435033088,0.7477636463214264,0.8724517738696526,"a,m,h,z",0.0,0.0
410M:A4-OL1:0.5:clip:0.5,410M:A4-OL1:0.5,228c175ea7bf5cfdc2a4c86040aa7956574b0c6a73d5187f8a140dd653c993f2,410M,A4-OL1,0.5,0.5,clipped,FP16,runs/030-2026-09-08-all-models-posthoc-clipping/artifacts/attempts/001/410M_A4-OL1_0.5/sweep.json,5.1911350358167345,0.643678598149994,0.7159142046881716,0.8205773959434137,200140825003709,279559790395392,243902435033088,0.7477636463214264,0.8724517738696526,"a,m,h,z",0.0,0.0
410M:A4-OL1:0.5:clip:0.6,410M:A4-OL1:0.5,228c175ea7bf5cfdc2a4c86040aa7956574b0c6a73d5187f8a140dd653c993f2,410M,A4-OL1,0.5,0.6,clipped,FP16,runs/030-2026-09-08-all-models-posthoc-clipping/artifacts/attempts/001/410M_A4-OL1_0.5/sweep.json,5.1911350358167345,0.643678598149994,0.7159142046881716,0.8205773959434137,200140825003709,279559790395392,243902435033088,0.7477636463214264,0.8724517738696526,"a,m,h,z",0.0,0.0
410M:A4-OL1:0.5:clip:0.7,410M:A4-OL1:0.5,228c175ea7bf5cfdc2a4c86040aa7956574b0c6a73d5187f8a140dd653c993f2,410M,A4-OL1,0.5,0.7,clipped,FP16,runs/030-2026-09-08-all-models-posthoc-clipping/artifacts/attempts/001/410M_A4-OL1_0.5/sweep.json,5.1911350358167345,0.643678598149994,0.7159142046881716,0.8205773959434137,200140825003709,279559790395392,243902435033088,0.7477636463214264,0.8724517738696526,"a,m,h,z",0.0,0.0
410M:A4-OL1:0.5:clip:0.8,410M:A4-OL1:0.5,228c175ea7bf5cfdc2a4c86040aa7956574b0c6a73d5187f8a140dd653c993f2,410M,A4-OL1,0.5,0.8,clipped,FP16,runs/030-2026-09-08-all-models-posthoc-clipping/artifacts/attempts/001/410M_A4-OL1_0.5/sweep.json,5.451792787518022,0.9043363498512811,0.7088359273295131,0.8124643086981856,198162023268962,279559790395392,243902435033088,0.7477636463214264,0.8724517738696526,"a,m,h,z",0.26065775170128713,-0.0070782773586585135
410M:A4-OL1:0.5:clip:0.9,410M:A4-OL1:0.5,228c175ea7bf5cfdc2a4c86040aa7956574b0c6a73d5187f8a140dd653c993f2,410M,A4-OL1,0.5,0.9,clipped,FP16,runs/030-2026-09-08-all-models-posthoc-clipping/artifacts/attempts/001/410M_A4-OL1_0.5/sweep.json,7.231729305707491,2.6842728680407504,0.6780669113536348,0.7771970115278148,189560243612073,279559790395392,243902435033088,0.7477636463214264,0.8724517738696526,"a,m,h,z",2.0405942698907564,-0.037847293334536736
410M:A7-OL1:0.0:clip:0.0,410M:A7-OL1:0.0,286f39022106c7cdde254e457fa2ebe80f1e28cf1040d0b738c845eccfa9ac45,410M,A7-OL1,0.0,0.0,clipped,FP16,runs/030-2026-09-08-all-models-posthoc-clipping/artifacts/attempts/001/410M_A7-OL1_0.0/sweep.json,5.426287007755076,0.8788305700883354,0.4112149408917853,0.47133257471400625,114959162683161,279559790395392,243902435033088,0.8724517738696526,0.8724517738696526,"a,m,h,q_post,k_post,v,z",0.0,0.0
410M:A7-OL1:0.0:clip:0.1,410M:A7-OL1:0.0,286f39022106c7cdde254e457fa2ebe80f1e28cf1040d0b738c845eccfa9ac45,410M,A7-OL1,0.0,0.1,clipped,FP16,runs/030-2026-09-08-all-models-posthoc-clipping/artifacts/attempts/001/410M_A7-OL1_0.0/sweep.json,5.426287007755076,0.8788305700883354,0.4112149408917853,0.47133257471400625,114959162683161,279559790395392,243902435033088,0.8724517738696526,0.8724517738696526,"a,m,h,q_post,k_post,v,z",0.0,0.0
410M:A7-OL1:0.0:clip:0.2,410M:A7-OL1:0.0,286f39022106c7cdde254e457fa2ebe80f1e28cf1040d0b738c845eccfa9ac45,410M,A7-OL1,0.0,0.2,clipped,FP16,runs/030-2026-09-08-all-models-posthoc-clipping/artifacts/attempts/001/410M_A7-OL1_0.0/sweep.json,5.426287007755076,0.8788305700883354,0.4112149408917853,0.47133257471400625,114959162683161,279559790395392,243902435033088,0.8724517738696526,0.8724517738696526,"a,m,h,q_post,k_post,v,z",0.0,0.0
410M:A7-OL1:0.0:clip:0.3,410M:A7-OL1:0.0,286f39022106c7cdde254e457fa2ebe80f1e28cf1040d0b738c845eccfa9ac45,410M,A7-OL1,0.0,0.3,clipped,FP16,runs/030-2026-09-08-all-models-posthoc-clipping/artifacts/attempts/001/410M_A7-OL1_0.0/sweep.json,5.4262715853177586,0.878815147651018,0.41123134153680835,0.47135137305394237,114963747644046,279559790395392,243902435033088,0.8724517738696526,0.8724517738696526,"a,m,h,q_post,k_post,v,z",-1.542243731744719e-05,1.6400645023062488e-05
410M:A7-OL1:0.0:clip:0.4,410M:A7-OL1:0.0,286f39022106c7cdde254e457fa2ebe80f1e28cf1040d0b738c845eccfa9ac45,410M,A7-OL1,0.0,0.4,clipped,FP16,runs/030-2026-09-08-all-models-posthoc-clipping/artifacts/attempts/001/410M_A7-OL1_0.0/sweep.json,5.425626565718792,0.8781701280520515,0.420283728798384,0.4817271755139739,117494431129470,279559790395392,243902435033088,0.8724517738696526,0.8724517738696526,"a,m,h,q_post,k_post,v,z",-0.0006604420362839036,0.009068787906598708
410M:A7-OL1:0.0:clip:0.5,410M:A7-OL1:0.0,286f39022106c7cdde254e457fa2ebe80f1e28cf1040d0b738c845eccfa9ac45,410M,A7-OL1,0.0,0.5,clipped,FP16,runs/030-2026-09-08-all-models-posthoc-clipping/artifacts/attempts/001/410M_A7-OL1_0.0/sweep.json,5.455368933593028,0.9079124959262872,0.4455966449875236,0.5107407175197025,124570904673602,279559790395392,243902435033088,0.8724517738696526,0.8724517738696526,"a,m,h,q_post,k_post,v,z",0.029081925837951772,0.03438170409573832
410M:A7-OL1:0.0:clip:0.6,410M:A7-OL1:0.0,286f39022106c7cdde254e457fa2ebe80f1e28cf1040d0b738c845eccfa9ac45,410M,A7-OL1,0.0,0.6,clipped,FP16,runs/030-2026-09-08-all-models-posthoc-clipping/artifacts/attempts/001/410M_A7-OL1_0.0/sweep.json,5.643993929293028,1.0965374916262878,0.48788733675945406,0.5592141037154292,136393681601039,279559790395392,243902435033088,0.8724517738696526,0.8724517738696526,"a,m,h,q_post,k_post,v,z",0.21770692153795235,0.07667239586766877
410M:A7-OL1:0.0:clip:0.7,410M:A7-OL1:0.0,286f39022106c7cdde254e457fa2ebe80f1e28cf1040d0b738c845eccfa9ac45,410M,A7-OL1,0.0,0.7,clipped,FP16,runs/030-2026-09-08-all-models-posthoc-clipping/artifacts/attempts/001/410M_A7-OL1_0.0/sweep.json,6.004904260296794,1.4574478226300531,0.5338062924379764,0.6118461884378368,149230775225702,279559790395392,243902435033088,0.8724517738696526,0.8724517738696526,"a,m,h,q_post,k_post,v,z",0.5786172525417177,0.12259135154619111
410M:A7-OL1:0.0:clip:0.8,410M:A7-OL1:0.0,286f39022106c7cdde254e457fa2ebe80f1e28cf1040d0b738c845eccfa9ac45,410M,A7-OL1,0.0,0.8,clipped,FP16,runs/030-2026-09-08-all-models-posthoc-clipping/artifacts/attempts/001/410M_A7-OL1_0.0/sweep.json,6.897410127538196,2.3499536898714553,0.585351211893448,0.6709267256082186,163640662104621,279559790395392,243902435033088,0.8724517738696526,0.8724517738696526,"a,m,h,q_post,k_post,v,z",1.4711231197831198,0.17413627100166268
410M:A7-OL1:0.0:clip:0.9,410M:A7-OL1:0.0,286f39022106c7cdde254e457fa2ebe80f1e28cf1040d0b738c845eccfa9ac45,410M,A7-OL1,0.0,0.9,clipped,FP16,runs/030-2026-09-08-all-models-posthoc-clipping/artifacts/attempts/001/410M_A7-OL1_0.0/sweep.json,9.481256579506327,4.933800141839587,0.6275085195300696,0.7192472275537165,175426150191149,279559790395392,243902435033088,0.8724517738696526,0.8724517738696526,"a,m,h,q_post,k_post,v,z",4.0549695717512515,0.2162935786382843
410M:A7-OL1:0.01:clip:0.0,410M:A7-OL1:0.01,e0b3435582de435fe7c3b6dadc239b8934b0217b8e2f82a396abc3111991a9ce,410M,A7-OL1,0.01,0.0,clipped,FP16,runs/030-2026-09-08-all-models-posthoc-clipping/artifacts/attempts/001/410M_A7-OL1_0.01/sweep.json,5.433154736750224,0.8856982990834839,0.41478069349241187,0.47541962308438335,115956003732794,279559790395392,243902435033088,0.8724517738696526,0.8724517738696526,"a,m,h,q_post,k_post,v,z",0.0,0.0
410M:A7-OL1:0.01:clip:0.1,410M:A7-OL1:0.01,e0b3435582de435fe7c3b6dadc239b8934b0217b8e2f82a396abc3111991a9ce,410M,A7-OL1,0.01,0.1,clipped,FP16,runs/030-2026-09-08-all-models-posthoc-clipping/artifacts/attempts/001/410M_A7-OL1_0.01/sweep.json,5.433154736750224,0.8856982990834839,0.41478069349241187,0.47541962308438335,115956003732794,279559790395392,243902435033088,0.8724517738696526,0.8724517738696526,"a,m,h,q_post,k_post,v,z",0.0,0.0
410M:A7-OL1:0.01:clip:0.2,410M:A7-OL1:0.01,e0b3435582de435fe7c3b6dadc239b8934b0217b8e2f82a396abc3111991a9ce,410M,A7-OL1,0.01,0.2,clipped,FP16,runs/030-2026-09-08-all-models-posthoc-clipping/artifacts/attempts/001/410M_A7-OL1_0.01/sweep.json,5.433154736750224,0.8856982990834839,0.41478069349241187,0.47541962308438335,115956003732794,279559790395392,243902435033088,0.8724517738696526,0.8724517738696526,"a,m,h,q_post,k_post,v,z",0.0,0.0
410M:A7-OL1:0.01:clip:0.3,410M:A7-OL1:0.01,e0b3435582de435fe7c3b6dadc239b8934b0217b8e2f82a396abc3111991a9ce,410M,A7-OL1,0.01,0.3,clipped,FP16,runs/030-2026-09-08-all-models-posthoc-clipping/artifacts/attempts/001/410M_A7-OL1_0.01/sweep.json,5.433087881500199,0.885631443833458,0.4148032971305247,0.47544553126497263,115962322801127,279559790395392,243902435033088,0.8724517738696526,0.8724517738696526,"a,m,h,q_post,k_post,v,z",-6.685525002581016e-05,2.2603638112850266e-05
410M:A7-OL1:0.01:clip:0.4,410M:A7-OL1:0.01,e0b3435582de435fe7c3b6dadc239b8934b0217b8e2f82a396abc3111991a9ce,410M,A7-OL1,0.01,0.4,clipped,FP16,runs/030-2026-09-08-all-models-posthoc-clipping/artifacts/attempts/001/410M_A7-OL1_0.01/sweep.json,5.431268085389448,0.8838116477227071,0.42188921793149287,0.483567379386777,117943261335004,279559790395392,243902435033088,0.8724517738696526,0.8724517738696526,"a,m,h,q_post,k_post,v,z",-0.0018866513607767033,0.007108524439080999
410M:A7-OL1:0.01:clip:0.5,410M:A7-OL1:0.01,e0b3435582de435fe7c3b6dadc239b8934b0217b8e2f82a396abc3111991a9ce,410M,A7-OL1,0.01,0.5,clipped,FP16,runs/030-2026-09-08-all-models-posthoc-clipping/artifacts/attempts/001/410M_A7-OL1_0.01/sweep.json,5.4694602835107835,0.9220038458440429,0.44536951103780503,0.5104803776860047,124507407154227,279559790395392,243902435033088,0.8724517738696526,0.8724517738696526,"a,m,h,q_post,k_post,v,z",0.03630554676055908,0.030588817545393165
410M:A7-OL1:0.01:clip:0.6,410M:A7-OL1:0.01,e0b3435582de435fe7c3b6dadc239b8934b0217b8e2f82a396abc3111991a9ce,410M,A7-OL1,0.01,0.6,clipped,FP16,runs/030-2026-09-08-all-models-posthoc-clipping/artifacts/attempts/001/410M_A7-OL1_0.01/sweep.json,5.70703922009327,1.1595827824265292,0.48870326729160385,0.5601493193417678,136621782969584,279559790395392,243902435033088,0.8724517738696526,0.8724517738696526,"a,m,h,q_post,k_post,v,z",0.2738844833430454,0.07392257379919198
410M:A7-OL1:0.01:clip:0.7,410M:A7-OL1:0.01,e0b3435582de435fe7c3b6dadc239b8934b0217b8e2f82a396abc3111991a9ce,410M,A7-OL1,0.01,0.7,clipped,FP16,runs/030-2026-09-08-all-models-posthoc-clipping/artifacts/attempts/001/410M_A7-OL1_0.01/sweep.json,6.143952809847319,1.596496372180578,0.5385084369331264,0.6172357636968728,150545305755175,279559790395392,243902435033088,0.8724517738696526,0.8724517738696526,"a,m,h,q_post,k_post,v,z",0.7107980730970942,0.12372774344071458
410M:A7-OL1:0.01:clip:0.8,410M:A7-OL1:0.01,e0b3435582de435fe7c3b6dadc239b8934b0217b8e2f82a396abc3111991a9ce,410M,A7-OL1,0.01,0.8,clipped,FP16,runs/030-2026-09-08-all-models-posthoc-clipping/artifacts/attempts/001/410M_A7-OL1_0.01/sweep.json,7.095780945388523,2.548324507721783,0.5935906003464698,0.6803706727693059,165944063813534,279559790395392,243902435033088,0.8724517738696526,0.8724517738696526,"a,m,h,q_post,k_post,v,z",1.662626208638299,0.17880990685405795
410M:A7-OL1:0.01:clip:0.9,410M:A7-OL1:0.01,e0b3435582de435fe7c3b6dadc239b8934b0217b8e2f82a396abc3111991a9ce,410M,A7-OL1,0.01,0.9,clipped,FP16,runs/030-2026-09-08-all-models-posthoc-clipping/artifacts/attempts/001/410M_A7-OL1_0.01/sweep.json,9.078998418954702,4.531541981287962,0.6367904760148452,0.7298861611461219,178021012000492,279559790395392,243902435033088,0.8724517738696526,0.8724517738696526,"a,m,h,q_post,k_post,v,z",3.645843682204478,0.2220097825224333
410M:A7-OL1:0.05:clip:0.0,410M:A7-OL1:0.05,14a54ec20c1d1b8e671eee4ed7a9afc014bd46a2e902897e31cd7ff61e319b5e,410M,A7-OL1,0.05,0.0,clipped,FP16,runs/030-2026-09-08-all-models-posthoc-clipping/artifacts/attempts/001/410M_A7-OL1_0.05/sweep.json,5.46784974343678,0.9203933057700393,0.4405306485939831,0.5049340969760009,123154655783680,279559790395392,243902435033088,0.8724517738696526,0.8724517738696526,"a,m,h,q_post,k_post,v,z",0.0,0.0
410M:A7-OL1:0.05:clip:0.1,410M:A7-OL1:0.05,14a54ec20c1d1b8e671eee4ed7a9afc014bd46a2e902897e31cd7ff61e319b5e,410M,A7-OL1,0.05,0.1,clipped,FP16,runs/030-2026-09-08-all-models-posthoc-clipping/artifacts/attempts/001/410M_A7-OL1_0.05/sweep.json,5.46784974343678,0.9203933057700393,0.4405306485939831,0.5049340969760009,123154655783680,279559790395392,243902435033088,0.8724517738696526,0.8724517738696526,"a,m,h,q_post,k_post,v,z",0.0,0.0
410M:A7-OL1:0.05:clip:0.2,410M:A7-OL1:0.05,14a54ec20c1d1b8e671eee4ed7a9afc014bd46a2e902897e31cd7ff61e319b5e,410M,A7-OL1,0.05,0.2,clipped,FP16,runs/030-2026-09-08-all-models-posthoc-clipping/artifacts/attempts/001/410M_A7-OL1_0.05/sweep.json,5.46784974343678,0.9203933057700393,0.4405306485939831,0.5049340969760009,123154655783680,279559790395392,243902435033088,0.8724517738696526,0.8724517738696526,"a,m,h,q_post,k_post,v,z",0.0,0.0
410M:A7-OL1:0.05:clip:0.3,410M:A7-OL1:0.05,14a54ec20c1d1b8e671eee4ed7a9afc014bd46a2e902897e31cd7ff61e319b5e,410M,A7-OL1,0.05,0.3,clipped,FP16,runs/030-2026-09-08-all-models-posthoc-clipping/artifacts/attempts/001/410M_A7-OL1_0.05/sweep.json,5.4673063917272895,0.9198499540605489,0.44061992180911785,0.5050364215030504,123179612984991,279559790395392,243902435033088,0.8724517738696526,0.8724517738696526,"a,m,h,q_post,k_post,v,z",-0.0005433517094903806,8.927321513474418e-05
410M:A7-OL1:0.05:clip:0.4,410M:A7-OL1:0.05,14a54ec20c1d1b8e671eee4ed7a9afc014bd46a2e902897e31cd7ff61e319b5e,410M,A7-OL1,0.05,0.4,clipped,FP16,runs/030-2026-09-08-all-models-posthoc-clipping/artifacts/attempts/001/410M_A7-OL1_0.05/sweep.json,5.465145329751912,0.9176888920851711,0.44585558504209877,0.5110375133568256,124643293900984,279559790395392,243902435033088,0.8724517738696526,0.8724517738696526,"a,m,h,q_post,k_post,v,z",-0.002704413684868179,0.005324936448115658
410M:A7-OL1:0.05:clip:0.5,410M:A7-OL1:0.05,14a54ec20c1d1b8e671eee4ed7a9afc014bd46a2e902897e31cd7ff61e319b5e,410M,A7-OL1,0.05,0.5,clipped,FP16,runs/030-2026-09-08-all-models-posthoc-clipping/artifacts/attempts/001/410M_A7-OL1_0.05/sweep.json,5.510520913191801,0.9630644755250604,0.46481049464511565,0.532763538990248,129942324456567,279559790395392,243902435033088,0.8724517738696526,0.8724517738696526,"a,m,h,q_post,k_post,v,z",0.042671169755021054,0.024279846051132536
410M:A7-OL1:0.05:clip:0.6,410M:A7-OL1:0.05,14a54ec20c1d1b8e671eee4ed7a9afc014bd46a2e902897e31cd7ff61e319b5e,410M,A7-OL1,0.05,0.6,clipped,FP16,runs/030-2026-09-08-all-models-posthoc-clipping/artifacts/attempts/001/410M_A7-OL1_0.05/sweep.json,5.826042136497046,1.2785856988303053,0.5071916779301504,0.5813406461202596,141790399172440,279559790395392,243902435033088,0.8724517738696526,0.8724517738696526,"a,m,h,q_post,k_post,v,z",0.35819239306026596,0.0666610293361673
410M:A7-OL1:0.05:clip:0.7,410M:A7-OL1:0.05,14a54ec20c1d1b8e671eee4ed7a9afc014bd46a2e902897e31cd7ff61e319b5e,410M,A7-OL1,0.05,0.7,clipped,FP16,runs/030-2026-09-08-all-models-posthoc-clipping/artifacts/attempts/001/410M_A7-OL1_0.05/sweep.json,6.203479001507956,1.6560225638412156,0.5563320862805189,0.637665144301302,155528081430813,279559790395392,243902435033088,0.8724517738696526,0.8724517738696526,"a,m,h,q_post,k_post,v,z",0.7356292580711763,0.11580143768653578
410M:A7-OL1:0.05:clip:0.8,410M:A7-OL1:0.05,14a54ec20c1d1b8e671eee4ed7a9afc014bd46a2e902897e31cd7ff61e319b5e,410M,A7-OL1,0.05,0.8,clipped,FP16,runs/030-2026-09-08-all-models-posthoc-clipping/artifacts/attempts/001/410M_A7-OL1_0.05/sweep.json,7.009151075013291,2.4616946373465503,0.6084045418123605,0.6973503407688163,170085446184668,279559790395392,243902435033088,0.8724517738696526,0.8724517738696526,"a,m,h,q_post,k_post,v,z",1.541301331576511,0.16787389321837737
410M:A7-OL1:0.05:clip:0.9,410M:A7-OL1:0.05,14a54ec20c1d1b8e671eee4ed7a9afc014bd46a2e902897e31cd7ff61e319b5e,410M,A7-OL1,0.05,0.9,clipped,FP16,runs/030-2026-09-08-all-models-posthoc-clipping/artifacts/attempts/001/410M_A7-OL1_0.05/sweep.json,10.844117096895296,6.2966606592285554,0.6363281620075653,0.7293562590688651,177891767593520,279559790395392,243902435033088,0.8724517738696526,0.8724517738696526,"a,m,h,q_post,k_post,v,z",5.376267353458516,0.19579751341358215
410M:A7-OL1:0.1:clip:0.0,410M:A7-OL1:0.1,247ec8676f71354e52ddc6d2847d65fcd34e9a97eb3e955353a3b4d3a8e67a33,410M,A7-OL1,0.1,0.0,clipped,FP16,runs/030-2026-09-08-all-models-posthoc-clipping/artifacts/attempts/001/410M_A7-OL1_0.1/sweep.json,5.490760608537663,0.9433041708709222,0.48997583978402787,0.5616079357725416,136977543068829,279559790395392,243902435033088,0.8724517738696526,0.8724517738696526,"a,m,h,q_post,k_post,v,z",0.0,0.0
410M:A7-OL1:0.1:clip:0.1,410M:A7-OL1:0.1,247ec8676f71354e52ddc6d2847d65fcd34e9a97eb3e955353a3b4d3a8e67a33,410M,A7-OL1,0.1,0.1,clipped,FP16,runs/030-2026-09-08-all-models-posthoc-clipping/artifacts/attempts/001/410M_A7-OL1_0.1/sweep.json,5.490760608537663,0.9433041708709222,0.48997583978402787,0.5616079357725416,136977543068829,279559790395392,243902435033088,0.8724517738696526,0.8724517738696526,"a,m,h,q_post,k_post,v,z",0.0,0.0
410M:A7-OL1:0.1:clip:0.2,410M:A7-OL1:0.1,247ec8676f71354e52ddc6d2847d65fcd34e9a97eb3e955353a3b4d3a8e67a33,410M,A7-OL1,0.1,0.2,clipped,FP16,runs/030-2026-09-08-all-models-posthoc-clipping/artifacts/attempts/001/410M_A7-OL1_0.1/sweep.json,5.490760608537663,0.9433041708709222,0.48997583978402787,0.5616079357725416,136977543068829,279559790395392,243902435033088,0.8724517738696526,0.8724517738696526,"a,m,h,q_post,k_post,v,z",0.0,0.0
410M:A7-OL1:0.1:clip:0.3,410M:A7-OL1:0.1,247ec8676f71354e52ddc6d2847d65fcd34e9a97eb3e955353a3b4d3a8e67a33,410M,A7-OL1,0.1,0.3,clipped,FP16,runs/030-2026-09-08-all-models-posthoc-clipping/artifacts/attempts/001/410M_A7-OL1_0.1/sweep.json,5.490717398344413,0.9432609606776721,0.48998127524116153,0.5616141658671973,136979062604086,279559790395392,243902435033088,0.8724517738696526,0.8724517738696526,"a,m,h,q_post,k_post,v,z",-4.321019325015385e-05,5.435457133662336e-06
410M:A7-OL1:0.1:clip:0.4,410M:A7-OL1:0.1,247ec8676f71354e52ddc6d2847d65fcd34e9a97eb3e955353a3b4d3a8e67a33,410M,A7-OL1,0.1,0.4,clipped,FP16,runs/030-2026-09-08-all-models-posthoc-clipping/artifacts/attempts/001/410M_A7-OL1_0.1/sweep.json,5.486953128724409,0.9394966910576681,0.49024115524915285,0.561912039074376,137051714604648,279559790395392,243902435033088,0.8724517738696526,0.8724517738696526,"a,m,h,q_post,k_post,v,z",-0.003807479813254133,0.0002653154651249823
410M:A7-OL1:0.1:clip:0.5,410M:A7-OL1:0.1,247ec8676f71354e52ddc6d2847d65fcd34e9a97eb3e955353a3b4d3a8e67a33,410M,A7-OL1,0.1,0.5,clipped,FP16,runs/030-2026-09-08-all-models-posthoc-clipping/artifacts/attempts/001/410M_A7-OL1_0.1/sweep.json,5.487682559786464,0.9402261221197232,0.49764303088951356,0.5703960331036741,139120981407200,279559790395392,243902435033088,0.8724517738696526,0.8724517738696526,"a,m,h,q_post,k_post,v,z",-0.003078048751198992,0.007667191105485693
410M:A7-OL1:0.1:clip:0.6,410M:A7-OL1:0.1,247ec8676f71354e52ddc6d2847d65fcd34e9a97eb3e955353a3b4d3a8e67a33,410M,A7-OL1,0.1,0.6,clipped,FP16,runs/030-2026-09-08-all-models-posthoc-clipping/artifacts/attempts/001/410M_A7-OL1_0.1/sweep.json,5.812057894362501,1.2646014566957602,0.5315319793225968,0.6092393817540791,148594968727873,279559790395392,243902435033088,0.8724517738696526,0.8724517738696526,"a,m,h,q_post,k_post,v,z",0.32129728582483796,0.041556139538568904
410M:A7-OL1:0.1:clip:0.7,410M:A7-OL1:0.1,247ec8676f71354e52ddc6d2847d65fcd34e9a97eb3e955353a3b4d3a8e67a33,410M,A7-OL1,0.1,0.7,clipped,FP16,runs/030-2026-09-08-all-models-posthoc-clipping/artifacts/attempts/001/410M_A7-OL1_0.1/sweep.json,6.5848916113023925,2.037435173635652,0.5870241479737602,0.672844236845421,164108347764578,279559790395392,243902435033088,0.8724517738696526,0.8724517738696526,"a,m,h,q_post,k_post,v,z",1.0941310027647297,0.09704830818973237
410M:A7-OL1:0.1:clip:0.8,410M:A7-OL1:0.1,247ec8676f71354e52ddc6d2847d65fcd34e9a97eb3e955353a3b4d3a8e67a33,410M,A7-OL1,0.1,0.8,clipped,FP16,runs/030-2026-09-08-all-models-posthoc-clipping/artifacts/attempts/001/410M_A7-OL1_0.1/sweep.json,7.174748465859678,2.6272920281929375,0.6430118002906794,0.737017012916003,179760244111026,279559790395392,243902435033088,0.8724517738696526,0.8724517738696526,"a,m,h,q_post,k_post,v,z",1.6839878573220153,0.15303596050665152
410M:A7-OL1:0.1:clip:0.9,410M:A7-OL1:0.1,247ec8676f71354e52ddc6d2847d65fcd34e9a97eb3e955353a3b4d3a8e67a33,410M,A7-OL1,0.1,0.9,clipped,FP16,runs/030-2026-09-08-all-models-posthoc-clipping/artifacts/attempts/001/410M_A7-OL1_0.1/sweep.json,10.153754917122203,5.606298479455463,0.6610711998066701,0.7577166092225018,184808926054383,279559790395392,243902435033088,0.8724517738696526,0.8724517738696526,"a,m,h,q_post,k_post,v,z",4.6629943085845404,0.1710953600226422
410M:A7-OL1:0.5:clip:0.0,410M:A7-OL1:0.5,151c225fe559f3b234f44581dda52c7cbd81cee7804e78034da6f007fc8cb346,410M,A7-OL1,0.5,0.0,clipped,FP16,runs/030-2026-09-08-all-models-posthoc-clipping/artifacts/attempts/001/410M_A7-OL1_0.5/sweep.json,5.120694173510963,0.5732377358442227,0.8061642127273922,0.924021518291779,225371098334336,279559790395392,243902435033088,0.8724517738696526,0.8724517738696526,"a,m,h,q_post,k_post,v,z",0.0,0.0
410M:A7-OL1:0.5:clip:0.1,410M:A7-OL1:0.5,151c225fe559f3b234f44581dda52c7cbd81cee7804e78034da6f007fc8cb346,410M,A7-OL1,0.5,0.1,clipped,FP16,runs/030-2026-09-08-all-models-posthoc-clipping/artifacts/attempts/001/410M_A7-OL1_0.5/sweep.json,5.120694173510963,0.5732377358442227,0.8061642127273922,0.924021518291779,225371098334336,279559790395392,243902435033088,0.8724517738696526,0.8724517738696526,"a,m,h,q_post,k_post,v,z",0.0,0.0
410M:A7-OL1:0.5:clip:0.2,410M:A7-OL1:0.5,151c225fe559f3b234f44581dda52c7cbd81cee7804e78034da6f007fc8cb346,410M,A7-OL1,0.5,0.2,clipped,FP16,runs/030-2026-09-08-all-models-posthoc-clipping/artifacts/attempts/001/410M_A7-OL1_0.5/sweep.json,5.120694173510963,0.5732377358442227,0.8061642127273922,0.924021518291779,225371098334336,279559790395392,243902435033088,0.8724517738696526,0.8724517738696526,"a,m,h,q_post,k_post,v,z",0.0,0.0
410M:A7-OL1:0.5:clip:0.3,410M:A7-OL1:0.5,151c225fe559f3b234f44581dda52c7cbd81cee7804e78034da6f007fc8cb346,410M,A7-OL1,0.5,0.3,clipped,FP16,runs/030-2026-09-08-all-models-posthoc-clipping/artifacts/attempts/001/410M_A7-OL1_0.5/sweep.json,5.120694173510963,0.5732377358442227,0.8061642127273922,0.924021518291779,225371098334336,279559790395392,243902435033088,0.8724517738696526,0.8724517738696526,"a,m,h,q_post,k_post,v,z",0.0,0.0
410M:A7-OL1:0.5:clip:0.4,410M:A7-OL1:0.5,151c225fe559f3b234f44581dda52c7cbd81cee7804e78034da6f007fc8cb346,410M,A7-OL1,0.5,0.4,clipped,FP16,runs/030-2026-09-08-all-models-posthoc-clipping/artifacts/attempts/001/410M_A7-OL1_0.5/sweep.json,5.120694173510963,0.5732377358442227,0.8061642127273922,0.924021518291779,225371098334336,279559790395392,243902435033088,0.8724517738696526,0.8724517738696526,"a,m,h,q_post,k_post,v,z",0.0,0.0
410M:A7-OL1:0.5:clip:0.5,410M:A7-OL1:0.5,151c225fe559f3b234f44581dda52c7cbd81cee7804e78034da6f007fc8cb346,410M,A7-OL1,0.5,0.5,clipped,FP16,runs/030-2026-09-08-all-models-posthoc-clipping/artifacts/attempts/001/410M_A7-OL1_0.5/sweep.json,5.120694173510963,0.5732377358442227,0.8061642127273922,0.924021518291779,225371098334336,279559790395392,243902435033088,0.8724517738696526,0.8724517738696526,"a,m,h,q_post,k_post,v,z",0.0,0.0
410M:A7-OL1:0.5:clip:0.6,410M:A7-OL1:0.5,151c225fe559f3b234f44581dda52c7cbd81cee7804e78034da6f007fc8cb346,410M,A7-OL1,0.5,0.6,clipped,FP16,runs/030-2026-09-08-all-models-posthoc-clipping/artifacts/attempts/001/410M_A7-OL1_0.5/sweep.json,5.120694173510963,0.5732377358442227,0.8061642127273922,0.924021518291779,225371098334336,279559790395392,243902435033088,0.8724517738696526,0.8724517738696526,"a,m,h,q_post,k_post,v,z",0.0,0.0
410M:A7-OL1:0.5:clip:0.7,410M:A7-OL1:0.5,151c225fe559f3b234f44581dda52c7cbd81cee7804e78034da6f007fc8cb346,410M,A7-OL1,0.5,0.7,clipped,FP16,runs/030-2026-09-08-all-models-posthoc-clipping/artifacts/attempts/001/410M_A7-OL1_0.5/sweep.json,5.121993969883439,0.5745375322166986,0.806312084608168,0.9241910083257323,225412437366331,279559790395392,243902435033088,0.8724517738696526,0.8724517738696526,"a,m,h,q_post,k_post,v,z",0.0012997963724759032,0.00014787188077569624
410M:A7-OL1:0.5:clip:0.8,410M:A7-OL1:0.5,151c225fe559f3b234f44581dda52c7cbd81cee7804e78034da6f007fc8cb346,410M,A7-OL1,0.5,0.8,clipped,FP16,runs/030-2026-09-08-all-models-posthoc-clipping/artifacts/attempts/001/410M_A7-OL1_0.5/sweep.json,5.549168260845207,1.001711823178466,0.8017184579593937,0.9189258156969181,224128244063245,279559790395392,243902435033088,0.8724517738696526,0.8724517738696526,"a,m,h,q_post,k_post,v,z",0.4284740873342434,-0.004445754767998578
410M:A7-OL1:0.5:clip:0.9,410M:A7-OL1:0.5,151c225fe559f3b234f44581dda52c7cbd81cee7804e78034da6f007fc8cb346,410M,A7-OL1,0.5,0.9,clipped,FP16,runs/030-2026-09-08-all-models-posthoc-clipping/artifacts/attempts/001/410M_A7-OL1_0.5/sweep.json,6.830413269573415,2.2829568319066746,0.7846553405201497,0.8993681530841613,219358082528438,279559790395392,243902435033088,0.8724517738696526,0.8724517738696526,"a,m,h,q_post,k_post,v,z",1.709719096062452,-0.021508872207242513
