id,scale,family,step,successful_updates,input_tokens,task_loss,adamw_gradient_norm_pre_clip,adamw_gradient_norm_post_clip,learning_rate,optimizer_step_skipped
14M:A0:None,14M,A0,1,1,2097152,11.037468373775482,2.001891851425171,0.9999995202898692,0.0,False
14M:A0:None,14M,A0,2,2,4194304,11.035811513662338,1.9812573194503784,0.9999995285089852,0.0001404494382022472,False
14M:A0:None,14M,A0,3,3,6291456,10.874175608158112,1.758866548538208,0.9999994565490224,0.0002808988764044944,False
14M:A0:None,14M,A0,4,4,8388608,10.671877443790436,1.117722511291504,0.9999992048971796,0.0004213483146067416,False
14M:A0:None,14M,A0,5,5,10485760,10.54013878107071,0.966387152671814,0.9663872196674456,0.0005617977528089888,False
14M:A0:None,14M,A0,6,6,12582912,10.436709553003311,0.8854131698608398,0.8854131086058683,0.0007022471910112359,False
14M:A0:None,14M,A0,7,7,14680064,10.32882708311081,0.8774815201759338,0.8774814939748655,0.0008426966292134832,False
14M:A0:None,14M,A0,8,8,16777216,10.23350116610527,0.8753612041473389,0.87536118471118,0.0009831460674157304,False
14M:A0:None,14M,A0,9,9,18874368,10.116443157196045,0.8678764700889587,0.8678765789615706,0.0009999962308400703,False
14M:A0:None,14M,A0,10,10,20971520,9.989102125167847,0.8721160888671875,0.8721161689831805,0.0009999827974442107,False
14M:A0:None,14M,A0,11,11,23068672,9.879538655281067,0.8575380444526672,0.8575380321059245,0.0009999596299861823,False
14M:A0:None,14M,A0,12,12,25165824,9.757230997085571,0.8535172939300537,0.8535172901188945,0.0009999267289170272,False
14M:A0:None,14M,A0,13,13,27262976,9.632533073425293,0.8571426272392273,0.8571425455915243,0.0009998840948772898,False
14M:A0:None,14M,A0,14,14,29360128,9.523011356592178,0.8423828482627869,0.8423828898268871,0.0009998317286970036,False
14M:A0:None,14M,A0,15,15,31457280,9.391462445259094,0.8493170142173767,0.8493169608231566,0.0009997696313956746,False
14M:A0:None,14M,A0,16,16,33554432,9.294131249189377,0.8386922478675842,0.8386922523961053,0.0009996978041822626,False
14M:A0:None,14M,A0,17,17,35651584,9.180839896202087,0.8461306691169739,0.8461306520508842,0.0009996162484551569,False
14M:A0:None,14M,A0,18,18,37748736,9.084788203239441,0.8224229216575623,0.8224228410468866,0.0009995249658021493,False
14M:A0:None,14M,A0,19,19,39845888,8.982418090105057,0.8195800185203552,0.8195799407807822,0.0009994239580004022,False
14M:A0:None,14M,A0,20,20,41943040,8.882213056087494,0.8072272539138794,0.807227229939136,0.0009993132270164169,False
14M:A0:None,14M,A0,21,21,44040192,8.797676831483841,0.7871549129486084,0.7871549279772885,0.0009991927750059911,False
14M:A0:None,14M,A0,22,22,46137344,8.711378246545792,0.7734030485153198,0.7734031352131246,0.0009990626043141805,False
14M:A0:None,14M,A0,23,23,48234496,8.620426505804062,0.7543503046035767,0.7543503078807439,0.000998922717475252,False
14M:A0:None,14M,A0,24,24,50331648,8.538963317871094,0.7441199421882629,0.7441199818143676,0.000998773117212633,False
14M:A0:None,14M,A0,25,25,52428800,8.47493577003479,0.7275731563568115,0.7275731370017486,0.0009986138064388605,False
14M:A0:None,14M,A0,26,26,54525952,8.412508219480515,0.7212811708450317,0.7212811617822984,0.0009984447882555232,False
14M:A0:None,14M,A0,27,27,56623104,8.349029779434204,0.6794368624687195,0.6794367947343547,0.0009982660659532013,False
14M:A0:None,14M,A0,28,28,58720256,8.27475881576538,0.6650980114936829,0.6650979943097463,0.0009980776430114024,False
14M:A0:None,14M,A0,29,29,60817408,8.233335882425308,0.6526344418525696,0.6526344916227886,0.0009978795230984941,False
14M:A0:None,14M,A0,30,30,62914560,8.167791247367859,0.6141617894172668,0.6141618057297196,0.0009976717100716322,False
14M:A0:None,14M,A0,31,31,65011712,8.12225005030632,0.6014750003814697,0.6014750269717744,0.0009974542079766858,False
14M:A0:None,14M,A0,32,32,67108864,8.080414906144142,0.5660156607627869,0.5660157172714303,0.0009972270210481583,False
14M:A0:None,14M,A0,33,33,69206016,8.039046451449394,0.5401454567909241,0.5401454300636329,0.000996990153709105,False
14M:A0:None,14M,A0,34,34,71303168,7.988605201244354,0.5301869511604309,0.5301870166604845,0.000996743610571048,False
14M:A0:None,14M,A0,35,35,73400320,7.938813328742981,0.5110565423965454,0.5110565677250354,0.0009964873964338843,False
14M:A0:None,14M,A0,36,36,75497472,7.881323292851448,0.4970757067203522,0.4970757480819366,0.0009962215162857945,False
14M:A0:None,14M,A0,37,37,77594624,7.863965317606926,0.4783228039741516,0.47832280318107395,0.0009959459753031445,False
14M:A0:None,14M,A0,38,38,79691776,7.842066138982773,0.45750173926353455,0.45750173481933504,0.000995660778850385,False
14M:A0:None,14M,A0,39,39,81788928,7.808813124895096,0.43851396441459656,0.43851400394066536,0.0009953659324799468,False
14M:A0:None,14M,A0,40,40,83886080,7.777623280882835,0.43460389971733093,0.4346039069589294,0.0009950614419321332,False
14M:A0:None,14M,A0,41,41,85983232,7.72801411151886,0.4398893713951111,0.4398893801300761,0.0009947473131350084,False
14M:A0:None,14M,A0,42,42,88080384,7.727686420083046,0.5354244709014893,0.5354244826302696,0.0009944235522042811,False
14M:A0:None,14M,A0,43,43,90177536,7.679933696985245,0.4874125123023987,0.4874125374369562,0.0009940901654431858,False
14M:A0:None,14M,A0,44,44,92274688,7.6413260996341705,0.39211225509643555,0.39211224182923105,0.0009937471593423613,False
14M:A0:None,14M,A0,45,45,94371840,7.643090590834618,0.6116605997085571,0.6116605932144902,0.0009933945405797224,False
14M:A0:None,14M,A0,46,46,96468992,7.593514934182167,0.3359376788139343,0.3359376774302646,0.0009930323160203315,False
14M:A0:None,14M,A0,47,47,98566144,7.575258627533913,0.39372697472572327,0.3937270082646983,0.0009926604927162636,False
14M:A0:None,14M,A0,48,48,100663296,7.55720941722393,0.31488561630249023,0.31488562653200597,0.0009922790779064705,False
14M:A0:None,14M,A0,49,49,102760448,7.5260858833789825,0.4795715808868408,0.47957155665527657,0.0009918880790166385,False
14M:A0:None,14M,A0,50,50,104857600,7.474072217941284,0.2853890359401703,0.28538903262172455,0.0009914875036590443,False
14M:A0:None,14M,A0,51,51,106954752,7.433148667216301,0.32792776823043823,0.3279277727113609,0.0009910773596324073,False
14M:A0:None,14M,A0,52,52,109051904,7.4398757964372635,0.28208091855049133,0.28208092352864,0.0009906576549217369,False
14M:A0:None,14M,A0,53,53,111149056,7.445729225873947,0.4090244770050049,0.4090244941843887,0.000990228397698178,False
14M:A0:None,14M,A0,54,54,113246208,7.394807144999504,0.28252530097961426,0.28252529585218,0.0009897895963188513,False
14M:A0:None,14M,A0,55,55,115343360,7.340554058551788,0.29039838910102844,0.29039840494287983,0.0009893412593266898,False
14M:A0:None,14M,A0,56,56,117440512,7.351635709404945,0.26183807849884033,0.26183807490102096,0.0009888833954502748,False
14M:A0:None,14M,A0,57,57,119537664,7.32176248729229,0.3718971014022827,0.3718970776505829,0.0009884160136036635,False
14M:A0:None,14M,A0,58,58,121634816,7.2714803367853165,0.25671979784965515,0.2567198190877457,0.000987939122886217,False
14M:A0:None,14M,A0,59,59,123731968,7.290097162127495,0.290088415145874,0.2900884010887061,0.0009874527325824225,False
14M:A0:None,14M,A0,60,60,125829120,7.2656726241111755,0.30100932717323303,0.30100934481451747,0.0009869568521617127,False
14M:A0:None,14M,A0,61,61,127926272,7.213334277272224,0.2849906086921692,0.2849906267936456,0.0009864514912782817,False
14M:A0:None,14M,A0,62,62,130023424,7.200060322880745,0.28495481610298157,0.28495482555046525,0.0009859366597708959,False
14M:A0:None,14M,A0,63,63,132120576,7.17481093108654,0.25729304552078247,0.2572930291370444,0.0009854123676627045,False
14M:A0:None,14M,A0,64,64,134217728,7.152496725320816,0.3155600428581238,0.315560026431304,0.0009848786251610425,False
14M:A0:None,14M,A0,65,65,136314880,7.095833942294121,0.32476717233657837,0.32476717189719967,0.0009843354426572327,False
14M:A0:None,14M,A0,66,66,138412032,7.100186511874199,0.2773156762123108,0.2773156850564597,0.0009837828307263836,False
14M:A0:None,14M,A0,67,67,140509184,7.10694245994091,0.6339001655578613,0.6339001833547517,0.000983220800127183,False
14M:A0:None,14M,A0,68,68,142606336,7.0736368000507355,0.6799420118331909,0.6799419857149231,0.000982649361801689,False
14M:A0:None,14M,A0,69,69,144703488,7.04902908205986,0.4120100438594818,0.41201003195664926,0.0009820685268751167,False
14M:A0:None,14M,A0,70,70,146800640,7.058942437171936,0.6182096004486084,0.6182095995580197,0.0009814783066556217,False
14M:A0:None,14M,A0,71,71,148897792,7.0348184406757355,0.5026825070381165,0.5026825013374391,0.0009808787126340801,False
14M:A0:None,14M,A0,72,72,150994944,6.974737823009491,0.35799741744995117,0.3579974294716475,0.0009802697564838645,False
14M:A0:None,14M,A0,73,73,153092096,6.988943979144096,0.4249594211578369,0.4249594314127616,0.0009796514500606166,False
14M:A0:None,14M,A0,74,74,155189248,6.95379164814949,0.32255828380584717,0.32255827523819364,0.000979023805402017,False
14M:A0:None,14M,A0,75,75,157286400,6.974041551351547,0.4796293079853058,0.4796292831808203,0.0009783868347275507,False
14M:A0:None,14M,A0,76,76,159383552,6.914618283510208,0.2591933608055115,0.25919334896328927,0.000977740550438268,False
14M:A0:None,14M,A0,77,77,161480704,6.8931253254413605,0.3642773926258087,0.36427738489936035,0.0009770849651165455,False
14M:A0:None,14M,A0,78,78,163577856,6.899006858468056,0.2535434663295746,0.25354347390759635,0.0009764200915258382,False
14M:A0:None,14M,A0,79,79,165675008,6.88361768424511,0.4176422655582428,0.4176422620578409,0.0009757459426104335,False
14M:A0:None,14M,A0,80,80,167772160,6.874691158533096,0.2338864505290985,0.23388645764410726,0.0009750625314951977,False
14M:A0:None,14M,A0,81,81,169869312,6.868864104151726,0.2871413826942444,0.2871414000456798,0.0009743698714853213,False
14M:A0:None,14M,A0,82,82,171966464,6.8241961896419525,0.24704307317733765,0.24704306640208012,0.0009736679760660594,False
14M:A0:None,14M,A0,83,83,174063616,6.77456796169281,0.2824796736240387,0.28247969285221053,0.0009729568589024693,False
14M:A0:None,14M,A0,84,84,176160768,6.798298016190529,0.31791141629219055,0.3179114264156789,0.000972236533839145,False
14M:A0:None,14M,A0,85,85,178257920,6.82349219918251,0.20920470356941223,0.20920470530068586,0.0009715070148999465,False
14M:A0:None,14M,A0,86,86,180355072,6.76712229847908,0.25300881266593933,0.2530088338147014,0.0009707683162877283,False
14M:A0:None,14M,A0,87,87,182452224,6.731930166482925,0.215051531791687,0.21505152131991803,0.0009700204523840612,False
14M:A0:None,14M,A0,88,88,184549376,6.737909615039825,0.3426302969455719,0.34263030220524787,0.000969263437748954,False
14M:A0:None,14M,A0,89,89,186646528,6.730193316936493,0.2049388289451599,0.2049388192386087,0.0009684972871205686,False
14M:A0:None,14M,A0,90,90,188743680,6.740810841321945,0.25635889172554016,0.25635890123037647,0.0009677220154149337,False
14M:A0:None,14M,A0,91,91,190840832,6.693886980414391,0.2034296989440918,0.20342969462292068,0.0009669376377256549,False
14M:A0:None,14M,A0,92,92,192937984,6.711883500218391,0.2941835820674896,0.29418360218103945,0.0009661441693236197,False
14M:A0:None,14M,A0,93,93,195035136,6.680183053016663,0.20344187319278717,0.20344186339524198,0.0009653416256567013,False
14M:A0:None,14M,A0,94,94,197132288,6.67169101536274,0.22301337122917175,0.22301337232094204,0.0009645300223494571,False
14M:A0:None,14M,A0,95,95,199229440,6.637847766280174,0.25726136565208435,0.2572613669709843,0.000963709375202825,False
14M:A0:None,14M,A0,96,96,201326592,6.611079275608063,0.20720091462135315,0.2072009186526437,0.000962879700193815,False
14M:A0:None,14M,A0,97,97,203423744,6.5977828204631805,0.2503070831298828,0.2503070760326292,0.0009620410134751992,False
14M:A0:None,14M,A0,98,98,205520896,6.614692613482475,0.3416495621204376,0.34164957321537864,0.0009611933313751969,False
14M:A0:None,14M,A0,99,99,207618048,6.610411435365677,0.6079479455947876,0.6079479693361365,0.0009603366703971562,False
14M:A0:None,14M,A0,100,100,209715200,6.5968504548072815,0.706962525844574,0.7069624882318022,0.0009594710472192336,False
14M:A0:None,14M,A0,101,101,211812352,6.540602430701256,0.31346938014030457,0.3134693838506696,0.0009585964786940681,False
14M:A0:None,14M,A0,102,102,213909504,6.542617678642273,0.48879072070121765,0.48879072165886495,0.0009577129818484549,False
14M:A0:None,14M,A0,103,103,216006656,6.549487054347992,0.49432599544525146,0.4943260044769409,0.0009568205738830118,False
14M:A0:None,14M,A0,104,104,218103808,6.552920684218407,0.28356775641441345,0.2835677613670586,0.0009559192721718459,False
14M:A0:None,14M,A0,105,105,220200960,6.506194144487381,0.45734649896621704,0.457346500189592,0.0009550090942622149,False
14M:A0:None,14M,A0,106,106,222298112,6.5087407529354095,0.30871230363845825,0.30871230980215875,0.0009540900578741849,False
14M:A0:None,14M,A0,107,107,224395264,6.479727014899254,0.37939226627349854,0.379392265831043,0.0009531621809002862,False
14M:A0:None,14M,A0,108,108,226492416,6.496951758861542,0.29428496956825256,0.29428496190983006,0.0009522254814051648,False
14M:A0:None,14M,A0,109,109,228589568,6.470441564917564,0.3454321324825287,0.34543211999816736,0.0009512799776252301,False
14M:A0:None,14M,A0,110,110,230686720,6.4506761729717255,0.2991234064102173,0.29912339437897273,0.0009503256879683008,False
14M:A0:None,14M,A0,111,111,232783872,6.461363837122917,0.26981523633003235,0.2698152425680049,0.0009493626310132458,False
14M:A0:None,14M,A0,112,112,234881024,6.418472692370415,0.2900707721710205,0.2900707677927351,0.0009483908255096225,False
14M:A0:None,14M,A0,113,113,236978176,6.445533260703087,0.2504686415195465,0.2504686295805877,0.0009474102903773126,False
14M:A0:None,14M,A0,114,114,239075328,6.4084630608558655,0.3051849901676178,0.30518498671527095,0.0009464210447061523,False
14M:A0:None,14M,A0,115,115,241172480,6.400273814797401,0.2724061906337738,0.272406198218177,0.0009454231077555622,False
14M:A0:None,14M,A0,116,116,243269632,6.404276460409164,0.24840669333934784,0.24840670544184085,0.0009444164989541715,False
14M:A0:None,14M,A0,117,117,245366784,6.421759158372879,0.23966889083385468,0.2396688825131201,0.0009434012378994395,False
14M:A0:None,14M,A0,118,118,247463936,6.373919114470482,0.23009604215621948,0.23009603855406535,0.0009423773443572748,False
14M:A0:None,14M,A0,119,119,249561088,6.3846337497234344,0.24597686529159546,0.2459768630778829,0.00094134483826165,False
14M:A0:None,14M,A0,120,120,251658240,6.337908998131752,0.209039106965065,0.20903910140281878,0.0009403037397142138,False
14M:A0:None,14M,A0,121,121,253755392,6.340955808758736,0.22561633586883545,0.22561633867494013,0.0009392540689838996,False
14M:A0:None,14M,A0,122,122,255852544,6.333670437335968,0.2689657509326935,0.26896574663398864,0.0009381958465065305,False
14M:A0:None,14M,A0,123,123,257949696,6.309435218572617,0.26267343759536743,0.26267344173523005,0.0009371290928844224,False
14M:A0:None,14M,A0,124,124,260046848,6.30862183868885,0.2224542200565338,0.22245421262344206,0.0009360538288859819,False
14M:A0:None,14M,A0,125,125,262144000,6.28327302634716,0.23080016672611237,0.23080016838787706,0.0009349700754453024,False
14M:A0:None,14M,A0,126,126,264241152,6.317693412303925,0.25971218943595886,0.25971218682457364,0.0009338778536617566,False
14M:A0:None,14M,A0,127,127,266338304,6.276534214615822,0.25616803765296936,0.25616803448811276,0.0009327771847995856,False
14M:A0:None,14M,A0,128,128,268435456,6.2590213268995285,0.23383770883083344,0.23383770187638367,0.0009316680902874848,False
14M:A0:None,14M,A0,129,129,270532608,6.324243515729904,0.2797374725341797,0.2797374503665348,0.0009305505917181871,False
14M:A0:None,14M,A0,130,130,272629760,6.253169760107994,0.4096023142337799,0.40960230608493575,0.0009294247108480422,False
14M:A0:None,14M,A0,131,131,274726912,6.244879335165024,0.568760335445404,0.5687603073143321,0.0009282904695965927,False
14M:A0:None,14M,A0,132,132,276824064,6.2787371426820755,0.5132251381874084,0.5132251282383046,0.0009271478900461485,False
14M:A0:None,14M,A0,133,133,278921216,6.17139433324337,0.31307971477508545,0.3130797045165608,0.0009259969944413552,False
14M:A0:None,14M,A0,134,134,281018368,6.253982573747635,0.4995371699333191,0.4995371757060913,0.0009248378051887629,False
14M:A0:None,14M,A0,135,135,283115520,6.208560049533844,0.5154958367347717,0.5154958625500698,0.0009236703448563882,False
14M:A0:None,14M,A0,136,136,285212672,6.2120261490345,0.4264632761478424,0.42646327545938006,0.000922494636173276,False
14M:A0:None,14M,A0,137,137,287309824,6.198445230722427,0.314705491065979,0.31470550166592715,0.000921310702029057,False
14M:A0:None,14M,A0,138,138,289406976,6.186929389834404,0.35645878314971924,0.3564587657493943,0.0009201185654735012,False
14M:A0:None,14M,A0,139,139,291504128,6.178837493062019,0.3435809314250946,0.34358093003040585,0.0009189182497160696,False
14M:A0:None,14M,A0,140,140,293601280,6.1989671140909195,0.36408406496047974,0.36408408428802563,0.0009177097781254628,False
14M:A0:None,14M,A0,141,141,295698432,6.170645982027054,0.29953619837760925,0.29953618188821973,0.0009164931742291654,False
14M:A0:None,14M,A0,142,142,297795584,6.156715527176857,0.318571001291275,0.31857099817785306,0.0009152684617129883,False
14M:A0:None,14M,A0,143,143,299892736,6.113739967346191,0.3003106713294983,0.30031068051581467,0.0009140356644206073,False
14M:A0:None,14M,A0,144,144,301989888,6.153274655342102,0.41206127405166626,0.4120612657810097,0.0009127948063530991,False
14M:A0:None,14M,A0,145,145,304087040,6.121814072132111,0.41159239411354065,0.4115923681209668,0.0009115459116684743,False
14M:A0:None,14M,A0,146,146,306184192,6.142971366643906,0.5104686617851257,0.5104686395947365,0.000910289004681206,False
14M:A0:None,14M,A0,147,147,308281344,6.1314855217933655,0.5401926636695862,0.5401926682856238,0.000909024109861758,False
14M:A0:None,14M,A0,148,148,310378496,6.141480624675751,0.4297460615634918,0.42974606137779986,0.0009077512518361068,False
14M:A0:None,14M,A0,149,149,312475648,6.103068560361862,0.28908589482307434,0.2890858986169124,0.0009064704553852638,False
14M:A0:None,14M,A0,150,150,314572800,6.117684870958328,0.4066273272037506,0.40662733824491254,0.0009051817454447911,False
14M:A0:None,14M,A0,151,151,316669952,6.121180161833763,0.4377567768096924,0.43775677545140396,0.0009038851471043173,False
14M:A0:None,14M,A0,152,152,318767104,6.086269393563271,0.33200526237487793,0.3320052594749476,0.0009025806856070486,False
14M:A0:None,14M,A0,153,153,320864256,6.079663977026939,0.3532426357269287,0.35324264589874443,0.0009012683863492776,False
14M:A0:None,14M,A0,154,154,322961408,6.113490059971809,0.4573442339897156,0.4573442296033495,0.0008999482748798884,False
14M:A0:None,14M,A0,155,155,325058560,6.078790470957756,0.44451215863227844,0.4445121852807734,0.0008986203768998591,False
14M:A0:None,14M,A0,156,156,327155712,6.105864897370338,0.5562639832496643,0.5562640003634591,0.0008972847182617625,False
14M:A0:None,14M,A0,157,157,329252864,6.071025103330612,0.7374489307403564,0.7374489395116596,0.0008959413249692616,False
14M:A0:None,14M,A0,158,158,331350016,6.051181375980377,0.6971634030342102,0.6971634293057781,0.0008945902231766037,False
14M:A0:None,14M,A0,159,159,333447168,6.10226184129715,0.4849974513053894,0.48499744863344485,0.0008932314391881118,False
14M:A0:None,14M,A0,160,160,335544320,6.075699418783188,0.4631384313106537,0.46313842978168557,0.0008918649994576717,False
14M:A0:None,14M,A0,161,161,337641472,6.03447200357914,0.5052453279495239,0.5052453134344135,0.0008904909305882169,False
14M:A0:None,14M,A0,162,162,339738624,6.047562927007675,0.4270467758178711,0.4270467917296888,0.0008891092593312118,False
14M:A0:None,14M,A0,163,163,341835776,6.017956227064133,0.34812092781066895,0.3481209257696446,0.0008877200125861294,False
14M:A0:None,14M,A0,164,164,343932928,6.039637327194214,0.46418726444244385,0.4641872573419928,0.0008863232173999288,False
14M:A0:None,14M,A0,165,165,346030080,5.987875834107399,0.48405948281288147,0.48405946138577993,0.0008849189009665278,False
14M:A0:None,14M,A0,166,166,348127232,5.996717467904091,0.422184556722641,0.42218454958951745,0.0008835070906262741,False
14M:A0:None,14M,A0,167,167,350224384,5.983354017138481,0.42815250158309937,0.42815250073525546,0.0008820878138654127,False
14M:A0:None,14M,A0,168,168,352321536,5.964569613337517,0.32985785603523254,0.3298578538182594,0.0008806610983155505,False
14M:A0:None,14M,A0,169,169,354418688,5.98955412209034,0.42694091796875,0.4269409337577078,0.0008792269717531191,False
14M:A0:None,14M,A0,170,170,356515840,5.96437181532383,0.40296754240989685,0.40296755006686436,0.0008777854620988331,False
14M:A0:None,14M,A0,171,171,358612992,5.964948162436485,0.4147544801235199,0.41475446027542817,0.0008763365974171476,False
14M:A0:None,14M,A0,172,172,360710144,5.976453945040703,0.31770601868629456,0.31770605022281045,0.0008748804059157103,False
14M:A0:None,14M,A0,173,173,362807296,5.968387544155121,0.43730324506759644,0.43730322988384984,0.0008734169159448145,False
14M:A0:None,14M,A0,174,174,364904448,5.970268487930298,0.3885032534599304,0.38850325376788974,0.0008719461559968444,False
14M:A0:None,14M,A0,175,175,367001600,5.94732341170311,0.3532088100910187,0.3532088196712626,0.0008704681547057236,False
14M:A0:None,14M,A0,176,176,369098752,5.94575759768486,0.3677480220794678,0.3677480413539008,0.0008689829408463543,False
14M:A0:None,14M,A0,177,177,371195904,5.941968157887459,0.3623281419277191,0.3623281227992192,0.0008674905433340597,False
14M:A0:None,14M,A0,178,178,373293056,5.989156275987625,0.4314674139022827,0.43146740875821127,0.0008659909912240198,False
14M:A0:None,14M,A0,179,179,375390208,5.965336441993713,0.5024508833885193,0.5024508640603292,0.0008644843137107057,False
14M:A0:None,14M,A0,180,180,377487360,5.950427770614624,0.5992579460144043,0.5992579612682274,0.0008629705401273122,False
14M:A0:None,14M,A0,181,181,379584512,5.920301705598831,0.6533234715461731,0.6533234849337706,0.0008614496999451854,False
14M:A0:None,14M,A0,182,182,381681664,5.932814136147499,0.5961896777153015,0.5961897277473432,0.0008599218227732497,False
14M:A0:None,14M,A0,183,183,383778816,5.927906945347786,0.587151825428009,0.5871518396256571,0.0008583869383574314,False
14M:A0:None,14M,A0,184,184,385875968,5.910788685083389,0.9071432948112488,0.9071433415358519,0.000856845076580079,False
14M:A0:None,14M,A0,185,185,387973120,5.933950588107109,0.8771913647651672,0.877191406306405,0.0008552962674593825,False
14M:A0:None,14M,A0,186,186,390070272,5.90001668035984,0.6632908582687378,0.6632908720251943,0.0008537405411487875,False
14M:A0:None,14M,A0,187,187,392167424,5.936898395419121,0.7161579132080078,0.716157927533078,0.0008521779279364094,False
14M:A0:None,14M,A0,188,188,394264576,5.898635417222977,0.5812293291091919,0.5812293879768602,0.0008506084582444434,False
14M:A0:None,14M,A0,189,189,396361728,5.887469857931137,0.5830457806587219,0.5830457906168686,0.0008490321626285714,False
14M:A0:None,14M,A0,190,190,398458880,5.926150158047676,0.5420626401901245,0.5420626431566773,0.0008474490717773689,False
14M:A0:None,14M,A0,191,191,400556032,5.8974413722753525,0.5145471096038818,0.5145470923061194,0.0008458592165117054,False
14M:A0:None,14M,A0,192,192,402653184,5.900950074195862,0.4795501232147217,0.47955012083776744,0.0008442626277841459,False
14M:A0:None,14M,A0,193,193,404750336,5.8994219452142715,0.4503335654735565,0.4503335967356094,0.0008426593366783477,False
14M:A0:None,14M,A0,194,194,406847488,5.837314859032631,0.47786223888397217,0.47786222534990697,0.0008410493744084555,False
14M:A0:None,14M,A0,195,195,408944640,5.887178719043732,0.4000362157821655,0.4000362299707369,0.0008394327723184931,False
14M:A0:None,14M,A0,196,196,411041792,5.86165414750576,0.40058720111846924,0.40058719352785777,0.000837809561881754,False
14M:A0:None,14M,A0,197,197,413138944,5.860591545701027,0.3903190791606903,0.3903190791725111,0.0008361797747001882,False
14M:A0:None,14M,A0,198,198,415236096,5.879677519202232,0.35195857286453247,0.35195859506815685,0.0008345434425037864,False
14M:A0:None,14M,A0,199,199,417333248,5.857670947909355,0.4046824276447296,0.4046824333474047,0.0008329005971499637,False
14M:A0:None,14M,A0,200,200,419430400,5.8563311994075775,0.4477650225162506,0.44776502781802846,0.000831251270622938,False
14M:A0:None,14M,A0,201,201,421527552,5.839244082570076,0.5137253999710083,0.5137254111251287,0.0008295954950331082,False
14M:A0:None,14M,A0,202,202,423624704,5.8333789855241776,0.485432505607605,0.4854325105410095,0.0008279333026164282,False
14M:A0:None,14M,A0,203,203,425721856,5.817448154091835,0.41854390501976013,0.4185439137301857,0.0008262647257337799,False
14M:A0:None,14M,A0,204,204,427819008,5.8224430829286575,0.4035058915615082,0.4035058772898863,0.0008245897968703434,False
14M:A0:None,14M,A0,205,205,429916160,5.79466187953949,0.46525833010673523,0.4652583479690005,0.0008229085486349639,False
14M:A0:None,14M,A0,206,206,432013312,5.782419130206108,0.49067115783691406,0.4906711736155488,0.0008212210137595174,False
14M:A0:None,14M,A0,207,207,434110464,5.851246327161789,0.597788393497467,0.5977884131169948,0.0008195272250982728,False
14M:A0:None,14M,A0,208,208,436207616,5.796841189265251,0.6843001246452332,0.6843001587128809,0.0008178272156272531,False
14M:A0:None,14M,A0,209,209,438304768,5.7761939615011215,0.6040787696838379,0.6040787620420932,0.0008161210184435924,False
14M:A0:None,14M,A0,210,210,440401920,5.8133935779333115,0.6464576125144958,0.6464576149600394,0.000814408666764893,False
14M:A0:None,14M,A0,211,211,442499072,5.803738504648209,0.9141649603843689,0.9141649710593173,0.0008126901939285768,False
14M:A0:None,14M,A0,212,212,444596224,5.781648442149162,0.5537075400352478,0.5537075646644342,0.0008109656333912381,False
14M:A0:None,14M,A0,213,213,446693376,5.815899878740311,0.5687148571014404,0.5687148887998303,0.0008092350187279907,False
14M:A0:None,14M,A0,214,214,448790528,5.745845928788185,0.4796963930130005,0.4796963701929536,0.0008074983836318155,False
14M:A0:None,14M,A0,215,215,450887680,5.80018050968647,0.5381795167922974,0.5381794927232265,0.0008057557619129037,False
14M:A0:None,14M,A0,216,216,452984832,5.776162475347519,0.5197401642799377,0.5197401572898159,0.0008040071874979986,False
14M:A0:None,14M,A0,217,217,455081984,5.790202498435974,0.5646924376487732,0.5646924625491713,0.0008022526944297359,False
14M:A0:None,14M,A0,218,218,457179136,5.81594817340374,0.5234788060188293,0.5234788145044155,0.0008004923168659799,False
14M:A0:None,14M,A0,219,219,459276288,5.7697773873806,0.37553372979164124,0.37553371273930763,0.0007987260890791588,False
14M:A0:None,14M,A0,220,220,461373440,5.74357496201992,0.47464945912361145,0.4746494610110454,0.0007969540454555983,False
14M:A0:None,14M,A0,221,221,463470592,5.784962251782417,0.4218500554561615,0.4218500565278516,0.0007951762204948503,False
14M:A0:None,14M,A0,222,222,465567744,5.743973478674889,0.5160505771636963,0.5160505787132882,0.0007933926488090237,False
14M:A0:None,14M,A0,223,223,467664896,5.733678475022316,0.442757785320282,0.4427577796212242,0.0007916033651221082,False
14M:A0:None,14M,A0,224,224,469762048,5.732712507247925,0.4381186366081238,0.4381186414309684,0.0007898084042692996,False
14M:A0:None,14M,A0,225,225,471859200,5.744610667228699,0.5027139186859131,0.5027139476404361,0.0007880078011963212,False
14M:A0:None,14M,A0,226,226,473956352,5.712542831897736,0.6186415553092957,0.6186415276136928,0.0007862015909587439,False
14M:A0:None,14M,A0,227,227,476053504,5.761840730905533,0.6435418128967285,0.6435418098762089,0.0007843898087213027,False
14M:A0:None,14M,A0,228,228,478150656,5.77002739906311,0.6652055382728577,0.6652055455614566,0.0007825724897572133,False
14M:A0:None,14M,A0,229,229,480247808,5.750926852226257,0.7092245817184448,0.7092245931889725,0.0007807496694474843,False
14M:A0:None,14M,A0,230,230,482344960,5.738836154341698,0.6638984680175781,0.6638984879724694,0.0007789213832802293,False
14M:A0:None,14M,A0,231,231,484442112,5.727726757526398,0.5142370462417603,0.5142370538633947,0.0007770876668499753,False
14M:A0:None,14M,A0,232,232,486539264,5.731087803840637,0.5879121422767639,0.5879121263643398,0.0007752485558569699,False
14M:A0:None,14M,A0,233,233,488636416,5.744226709008217,0.6067067384719849,0.6067067276725507,0.000773404086106487,False
14M:A0:None,14M,A0,234,234,490733568,5.697661608457565,0.46260684728622437,0.4626068137359371,0.0007715542935081278,False
14M:A0:None,14M,A0,235,235,492830720,5.715218186378479,0.5440962910652161,0.5440962909458048,0.000769699214075124,False
14M:A0:None,14M,A0,236,236,494927872,5.736550897359848,0.616259753704071,0.6162597874011216,0.0007678388839236352,False
14M:A0:None,14M,A0,237,237,497025024,5.722622841596603,0.565846860408783,0.5658468860604171,0.0007659733392720463,False
14M:A0:None,14M,A0,238,238,499122176,5.714774072170258,0.5530998110771179,0.5530998248757181,0.0007641026164402619,False
14M:A0:None,14M,A0,239,239,501219328,5.741178900003433,0.5499886870384216,0.5499887034668715,0.000762226751849,False
14M:A0:None,14M,A0,240,240,503316480,5.723571360111237,0.541053056716919,0.5410530675857845,0.000760345782019082,False
14M:A0:None,14M,A0,241,241,505413632,5.679524675011635,0.45961859822273254,0.4596185911715178,0.0007584597435707223,False
14M:A0:None,14M,A0,242,242,507510784,5.690931975841522,0.361122727394104,0.36112272402325446,0.0007565686732228156,False
14M:A0:None,14M,A0,243,243,509607936,5.724790319800377,0.4740294814109802,0.4740294777594338,0.0007546726077922209,False
14M:A0:None,14M,A0,244,244,511705088,5.691030636429787,0.4907231032848358,0.4907230998838769,0.0007527715841930458,False
14M:A0:None,14M,A0,245,245,513802240,5.711826860904694,0.469571977853775,0.46957200373918206,0.0007508656394359278,False
14M:A0:None,14M,A0,246,246,515899392,5.667190134525299,0.4567730128765106,0.45677298915117515,0.0007489548106273127,False
14M:A0:None,14M,A0,247,247,517996544,5.710071757435799,0.542759120464325,0.5427590997188897,0.0007470391349687334,False
14M:A0:None,14M,A0,248,248,520093696,5.628230437636375,0.6220076680183411,0.6220076655757637,0.0007451186497560849,False
14M:A0:None,14M,A0,249,249,522190848,5.745266318321228,0.5965052843093872,0.5965052867977888,0.0007431933923788988,False
14M:A0:None,14M,A0,250,250,524288000,5.675710991024971,0.539778470993042,0.5397784520649325,0.0007412634003196142,False
14M:A0:None,14M,A0,251,251,526385152,5.6883686780929565,0.6386575102806091,0.6386575368585805,0.0007393287111528495,False
14M:A0:None,14M,A0,252,252,528482304,5.656835436820984,0.6724798083305359,0.6724798354017391,0.0007373893625446698,False
14M:A0:None,14M,A0,253,253,530579456,5.704048156738281,0.5166694521903992,0.5166694549357818,0.000735445392251854,False
14M:A0:None,14M,A0,254,254,532676608,5.64010488986969,0.5637156963348389,0.563715714133576,0.0007334968381211599,False
14M:A0:None,14M,A0,255,255,534773760,5.672709539532661,0.6420877575874329,0.6420877560385301,0.0007315437380885863,False
14M:A0:None,14M,A0,256,256,536870912,5.653482720255852,0.43079763650894165,0.430797651963802,0.0007295861301786358,False
14M:A0:None,14M,A0,257,257,538968064,5.625017032027245,0.4869036078453064,0.48690362350738253,0.0007276240525035743,False
14M:A0:None,14M,A0,258,258,541065216,5.7082798928022385,0.5341780781745911,0.5341780942982473,0.0007256575432626875,False
14M:A0:None,14M,A0,259,259,543162368,5.635088339447975,0.467218816280365,0.467218785222389,0.0007236866407415394,False
14M:A0:None,14M,A0,260,260,545259520,5.663218379020691,0.6208981275558472,0.6208981217583994,0.0007217113833112257,False
14M:A0:None,14M,A0,261,261,547356672,5.670517116785049,0.613060712814331,0.6130607082465643,0.0007197318094276264,False
14M:A0:None,14M,A0,262,262,549453824,5.650329276919365,0.5785310864448547,0.578531080058453,0.0007177479576306582,False
14M:A0:None,14M,A0,263,263,551550976,5.635421067476273,0.3973652720451355,0.3973652825505991,0.0007157598665435231,False
14M:A0:None,14M,A0,264,264,553648128,5.671189665794373,0.44208210706710815,0.44208213091169096,0.0007137675748719575,False
14M:A0:None,14M,A0,265,265,555745280,5.623500928282738,0.5417737364768982,0.5417737114022674,0.0007117711214034778,False
14M:A0:None,14M,A0,266,266,557842432,5.64732463657856,0.5642932653427124,0.5642932856682592,0.0007097705450066256,False
14M:A0:None,14M,A0,267,267,559939584,5.5833651423454285,0.49719202518463135,0.49719202593318307,0.0007077658846302111,False
14M:A0:None,14M,A0,268,268,562036736,5.609960183501244,0.6510354280471802,0.651035420192217,0.0007057571793025545,False
14M:A0:None,14M,A0,269,269,564133888,5.679241329431534,0.8049696087837219,0.8049696191974278,0.0007037444681307261,False
14M:A0:None,14M,A0,270,270,566231040,5.584268420934677,0.9715644121170044,0.9715643958868869,0.0007017277902997859,False
14M:A0:None,14M,A0,271,271,568328192,5.6038766503334045,0.8278701901435852,0.827870167092353,0.0006997071850720191,False
14M:A0:None,14M,A0,272,272,570425344,5.5618062019348145,0.6549095511436462,0.6549095154173744,0.000697682691786173,False
14M:A0:None,14M,A0,273,273,572522496,5.612803131341934,0.7897878885269165,0.7897878654351637,0.0006956543498566907,False
14M:A0:None,14M,A0,274,274,574619648,5.673434197902679,0.6232733130455017,0.6232733250764491,0.0006936221987729438,False
14M:A0:None,14M,A0,275,275,576716800,5.625235170125961,0.5686022639274597,0.5686022592507141,0.0006915862780984634,False
14M:A0:None,14M,A0,276,276,578813952,5.549830421805382,0.6780006885528564,0.6780006983332121,0.0006895466274701702,False
14M:A0:None,14M,A0,277,277,580911104,5.647564649581909,0.46535584330558777,0.46535583022872323,0.0006875032865976023,False
14M:A0:None,14M,A0,278,278,583008256,5.625716388225555,0.6066012978553772,0.6066013361827732,0.0006854562952621425,False
14M:A0:None,14M,A0,279,279,585105408,5.591608330607414,0.5434451103210449,0.5434451569733926,0.0006834056933162439,False
14M:A0:None,14M,A0,280,280,587202560,5.635429754853249,0.5124480128288269,0.5124479987033118,0.0006813515206826536,False
14M:A0:None,14M,A0,281,281,589299712,5.6084259152412415,0.516404926776886,0.5164049304572356,0.0006792938173536358,False
14M:A0:None,14M,A0,282,282,591396864,5.6312082558870316,0.4333620071411133,0.4333619883575026,0.0006772326233901931,False
14M:A0:None,14M,A0,283,283,593494016,5.5757754892110825,0.490403413772583,0.4904034276356173,0.0006751679789212864,False
14M:A0:None,14M,A0,284,284,595591168,5.5872228145599365,0.42507803440093994,0.42507801635591186,0.0006730999241430542,False
14M:A0:None,14M,A0,285,285,597688320,5.576479971408844,0.3598361313343048,0.35983614099765066,0.0006710284993180289,False
14M:A0:None,14M,A0,286,286,599785472,5.599754735827446,0.47133442759513855,0.4713344252644995,0.0006689537447743542,False
14M:A0:None,14M,A0,287,287,601882624,5.566181033849716,0.335386723279953,0.33538669822764416,0.0006668757009049992,False
14M:A0:None,14M,A0,288,288,603979776,5.618835389614105,0.45680928230285645,0.456809312261971,0.0006647944081669726,False
14M:A0:None,14M,A0,289,289,606076928,5.569536954164505,0.47669896483421326,0.4766989666324669,0.0006627099070805338,False
14M:A0:None,14M,A0,290,290,608174080,5.588717103004456,0.419182687997818,0.41918268620569393,0.0006606222382284057,False
14M:A0:None,14M,A0,291,291,610271232,5.527500420808792,0.5193604826927185,0.5193604672009678,0.0006585314422549834,False
14M:A0:None,14M,A0,292,292,612368384,5.566839829087257,0.43323972821235657,0.4332397272492009,0.0006564375598655432,False
14M:A0:None,14M,A0,293,293,614465536,5.503225862979889,0.5822064280509949,0.5822064046776848,0.0006543406318254507,False
14M:A0:None,14M,A0,294,294,616562688,5.553136229515076,0.7478532791137695,0.7478533004723535,0.0006522406989593659,False
14M:A0:None,14M,A0,295,295,618659840,5.55236904323101,0.6966629028320312,0.6966628716390478,0.0006501378021504498,False
14M:A0:None,14M,A0,296,296,620756992,5.544638589024544,0.6253187656402588,0.6253187640627489,0.0006480319823395672,False
14M:A0:None,14M,A0,297,297,622854144,5.593786433339119,0.8649583458900452,0.8649583004838814,0.0006459232805244909,False
14M:A0:None,14M,A0,298,298,624951296,5.589812695980072,1.0731526613235474,0.9999990508960656,0.0006438117377591023,False
14M:A0:None,14M,A0,299,299,627048448,5.57380236685276,0.6918565630912781,0.691856546603779,0.0006416973951525929,False
14M:A0:None,14M,A0,300,300,629145600,5.539458364248276,0.5337986946105957,0.533798735154738,0.0006395802938686637,False
14M:A0:None,14M,A0,301,301,631242752,5.597981333732605,0.7390471696853638,0.739047152529252,0.0006374604751247239,False
14M:A0:None,14M,A0,302,302,633339904,5.579958826303482,0.5448000431060791,0.5448000400084168,0.0006353379801910884,False
14M:A0:None,14M,A0,303,303,635437056,5.571335658431053,0.5542572140693665,0.554257245096135,0.0006332128503901737,False
14M:A0:None,14M,A0,304,304,637534208,5.527747452259064,0.5072007179260254,0.5072007276440932,0.0006310851270956948,False
14M:A0:None,14M,A0,305,305,639631360,5.537053197622299,0.43361878395080566,0.4336187752210149,0.0006289548517318587,False
14M:A0:None,14M,A0,306,306,641728512,5.545900046825409,0.5190091729164124,0.5190091327539768,0.0006268220657725576,False
14M:A0:None,14M,A0,307,307,643825664,5.502239987254143,0.4514055848121643,0.45140558970435657,0.0006246868107405626,False
14M:A0:None,14M,A0,308,308,645922816,5.590785652399063,0.41134414076805115,0.4113441405566155,0.0006225491282067144,False
14M:A0:None,14M,A0,309,309,648019968,5.53484071791172,0.4494817852973938,0.44948179018162077,0.0006204090597891141,False
14M:A0:None,14M,A0,310,310,650117120,5.552925035357475,0.48364800214767456,0.48364799360383026,0.0006182666471523134,False
14M:A0:None,14M,A0,311,311,652214272,5.538154780864716,0.5850302577018738,0.5850302831226406,0.0006161219320065028,False
14M:A0:None,14M,A0,312,312,654311424,5.53965936601162,0.5728437900543213,0.5728437790792855,0.0006139749561067,False
14M:A0:None,14M,A0,313,313,656408576,5.508683070540428,0.3596549928188324,0.35965500515712767,0.0006118257612519369,False
14M:A0:None,14M,A0,314,314,658505728,5.524703785777092,0.5263361930847168,0.526336203663298,0.0006096743892844458,False
14M:A0:None,14M,A0,315,315,660602880,5.5447433441877365,0.44314637780189514,0.44314637684215574,0.0006075208820888447,False
14M:A0:None,14M,A0,316,316,662700032,5.5555388033390045,0.46059033274650574,0.46059033169597213,0.0006053652815913218,False
14M:A0:None,14M,A0,317,317,664797184,5.485588803887367,0.5411204695701599,0.5411204643434383,0.0006032076297588196,False
14M:A0:None,14M,A0,318,318,666894336,5.514398574829102,0.49804380536079407,0.4980438116183348,0.0006010479685982174,False
14M:A0:None,14M,A0,319,319,668991488,5.530007407069206,0.5982115864753723,0.5982115958888202,0.0005988863401555141,False
14M:A0:None,14M,A0,320,320,671088640,5.526327818632126,0.7744973301887512,0.7744973611961207,0.0005967227865150084,False
14M:A0:None,14M,A0,321,321,673185792,5.4881883561611176,0.8499537706375122,0.8499537255911235,0.0005945573497984814,False
14M:A0:None,14M,A0,322,322,675282944,5.521114483475685,0.8731601238250732,0.873160116599926,0.0005923900721643743,False
14M:A0:None,14M,A0,323,323,677380096,5.5064277946949005,0.8761546611785889,0.8761546651720638,0.0005902209958069696,False
14M:A0:None,14M,A0,324,324,679477248,5.535015195608139,0.7710963487625122,0.7710963601684011,0.0005880501629555681,False
14M:A0:None,14M,A0,325,325,681574400,5.521249234676361,0.6959497332572937,0.6959497285255934,0.000585877615873668,False
14M:A0:None,14M,A0,326,326,683671552,5.51956145465374,0.6548736095428467,0.6548736308335064,0.0005837033968581412,False
14M:A0:None,14M,A0,327,327,685768704,5.51311981678009,0.7227017283439636,0.7227017293554588,0.00058152754823841,False
14M:A0:None,14M,A0,328,328,687865856,5.516858398914337,0.49157002568244934,0.491570040127106,0.0005793501123756235,False
14M:A0:None,14M,A0,329,329,689963008,5.517976999282837,0.7003704309463501,0.7003704195861715,0.0005771711316618323,False
14M:A0:None,14M,A0,330,330,692060160,5.50949989259243,0.5641533136367798,0.5641533230016084,0.0005749906485191633,False
14M:A0:None,14M,A0,331,331,694157312,5.477714359760284,0.4632256031036377,0.46322562086000385,0.0005728087053989942,False
14M:A0:None,14M,A0,332,332,696254464,5.5142862647771835,0.6267717480659485,0.6267717318972622,0.0005706253447811263,False
14M:A0:None,14M,A0,333,333,698351616,5.503843680024147,0.48546576499938965,0.48546574016662314,0.0005684406091729583,False
14M:A0:None,14M,A0,334,334,700448768,5.52242548763752,0.5109052062034607,0.5109051750018494,0.0005662545411086576,False
14M:A0:None,14M,A0,335,335,702545920,5.48183386027813,0.49694034457206726,0.4969403588552994,0.0005640671831483338,False
14M:A0:None,14M,A0,336,336,704643072,5.464398115873337,0.48380205035209656,0.48380204152492484,0.0005618785778772084,False
14M:A0:None,14M,A0,337,337,706740224,5.499231547117233,0.5442445278167725,0.5442445483579809,0.0005596887679047873,False
14M:A0:None,14M,A0,338,338,708837376,5.4673769026994705,0.4889103174209595,0.4889103310169449,0.0005574977958640298,False
14M:A0:None,14M,A0,339,339,710934528,5.437801361083984,0.5203487873077393,0.5203487530257983,0.00055530570441052,False
14M:A0:None,14M,A0,340,340,713031680,5.4919008910655975,0.5021370649337769,0.5021370646550652,0.0005531125362216347,False
14M:A0:None,14M,A0,341,341,715128832,5.482038125395775,0.5727285742759705,0.5727285727238313,0.0005509183339957144,False
14M:A0:None,14M,A0,342,342,717225984,5.51527526974678,0.5872976183891296,0.5872975738202573,0.0005487231404512303,False
14M:A0:None,14M,A0,343,343,719323136,5.482132211327553,0.5099640488624573,0.5099640383325564,0.0005465269983259538,False
14M:A0:None,14M,A0,344,344,721420288,5.458836033940315,0.48422059416770935,0.4842205986208504,0.0005443299503761237,False
14M:A0:None,14M,A0,345,345,723517440,5.469222277402878,0.4415645897388458,0.4415645759353503,0.0005421320393756143,False
14M:A0:None,14M,A0,346,346,725614592,5.472101271152496,0.42255350947380066,0.4225535047710875,0.0005399333081151029,False
14M:A0:None,14M,A0,347,347,727711744,5.462020039558411,0.4275004267692566,0.42750042562006496,0.0005377337994012352,False
14M:A0:None,14M,A0,348,348,729808896,5.463730037212372,0.49150121212005615,0.49150120793642166,0.0005355335560557942,False
14M:A0:None,14M,A0,349,349,731906048,5.447690933942795,0.5245221257209778,0.5245221308149263,0.0005333326209148643,False
14M:A0:None,14M,A0,350,350,734003200,5.467179000377655,0.4757664203643799,0.475766432901306,0.0005311310368279989,False
14M:A0:None,14M,A0,351,351,736100352,5.5057519525289536,0.4673306941986084,0.4673306976022946,0.0005289288466573854,False
14M:A0:None,14M,A0,352,352,738197504,5.475725829601288,0.5909497141838074,0.5909497424466595,0.000526726093277011,False
14M:A0:None,14M,A0,353,353,740294656,5.475919008255005,0.6964071989059448,0.696407188380503,0.0005245228195718276,False
14M:A0:None,14M,A0,354,354,742391808,5.458363085985184,0.6898766160011292,0.6898766131737107,0.0005223190684369178,False
14M:A0:None,14M,A0,355,355,744488960,5.457359805703163,0.5852353572845459,0.585235342788054,0.0005201148827766586,False
14M:A0:None,14M,A0,356,356,746586112,5.47774675488472,0.5148476958274841,0.5148477189384633,0.0005179103055038871,False
14M:A0:None,14M,A0,357,357,748683264,5.484894976019859,0.6363863348960876,0.6363863663998772,0.0005157053795390641,False
14M:A0:None,14M,A0,358,358,750780416,5.437250331044197,0.5821214914321899,0.5821214745076346,0.0005135001478094398,False
14M:A0:None,14M,A0,359,359,752877568,5.500425755977631,0.59603351354599,0.5960335202101052,0.0005112946532482165,False
14M:A0:None,14M,A0,360,360,754974720,5.481674179434776,0.731243908405304,0.7312439236375242,0.000509088938793714,False
14M:A0:None,14M,A0,361,361,757071872,5.4682861268520355,0.541119396686554,0.5411193870242819,0.0005068830473885331,False
14M:A0:None,14M,A0,362,362,759169024,5.451104313135147,0.4528995156288147,0.4528995206833575,0.0005046770219787191,False
14M:A0:None,14M,A0,363,363,761266176,5.471384152770042,0.6794673204421997,0.679467273193047,0.0005024709055129272,False
14M:A0:None,14M,A0,364,364,763363328,5.467549100518227,0.589429497718811,0.5894295026008339,0.0005002647409415843,False
14M:A0:None,14M,A0,365,365,765460480,5.422373816370964,0.5521649718284607,0.5521649823402686,0.0004980585712160544,False
14M:A0:None,14M,A0,366,366,767557632,5.461718127131462,0.501492440700531,0.5014924393612281,0.000495852439287802,False
14M:A0:None,14M,A0,367,367,769654784,5.459082946181297,0.4588211178779602,0.45882110378325985,0.0004936463881075554,False
14M:A0:None,14M,A0,368,368,771751936,5.4403769969940186,0.4325392246246338,0.4325392136185515,0.0004914404606244709,False
14M:A0:None,14M,A0,369,369,773849088,5.416003242135048,0.39784905314445496,0.39784903475843525,0.0004892346997852965,False
14M:A0:None,14M,A0,370,370,775946240,5.44675450026989,0.5030235648155212,0.5030235534021873,0.00048702914853353626,False
14M:A0:None,14M,A0,371,371,778043392,5.446522206068039,0.5475549697875977,0.5475549464671166,0.0004848238498086133,False
14M:A0:None,14M,A0,372,372,780140544,5.444583863019943,0.6477570533752441,0.6477570096122999,0.00048261884654503473,False
14M:A0:None,14M,A0,373,373,782237696,5.420930236577988,0.6798797249794006,0.6798797431215183,0.000480414181671555,False
14M:A0:None,14M,A0,374,374,784334848,5.496314495801926,0.56800776720047,0.5680078035468397,0.00047820989811034087,False
14M:A0:None,14M,A0,375,375,786432000,5.388709649443626,0.3659941852092743,0.36599418342290796,0.0004760060387761352,False
14M:A0:None,14M,A0,376,376,788529152,5.489320158958435,0.3790639340877533,0.37906393288081447,0.00047380264657542173,False
14M:A0:None,14M,A0,377,377,790626304,5.4675952941179276,0.4960023760795593,0.4960023506221854,0.00047159976440558983,False
14M:A0:None,14M,A0,378,378,792723456,5.418056607246399,0.4829755425453186,0.48297554185177527,0.0004693974351540988,False
14M:A0:None,14M,A0,379,379,794820608,5.447599336504936,0.4554012715816498,0.4554012563889707,0.0004671957016976438,False
14M:A0:None,14M,A0,380,380,796917760,5.425223380327225,0.42571336030960083,0.425713351726669,0.00046499460690132,False
14M:A0:None,14M,A0,381,381,799014912,5.44268000125885,0.4480443000793457,0.44804429114377375,0.00046279419361778916,False
14M:A0:None,14M,A0,382,382,801112064,5.418255940079689,0.40040919184684753,0.40040919412037573,0.0004605945046864444,False
14M:A0:None,14M,A0,383,383,803209216,5.408879652619362,0.44029852747917175,0.44029854245892275,0.00045839558293257705,False
14M:A0:None,14M,A0,384,384,805306368,5.4203168749809265,0.5057867765426636,0.5057868101428676,0.00045619747116654164,False
14M:A0:None,14M,A0,385,385,807403520,5.435730531811714,0.5231179594993591,0.5231179755664355,0.0004540002121829241,False
14M:A0:None,14M,A0,386,386,809500672,5.42774198949337,0.5706928372383118,0.5706927986730891,0.000451803848759707,False
14M:A0:None,14M,A0,387,387,811597824,5.391928881406784,0.7074901461601257,0.7074902015649931,0.0004496084236574379,False
14M:A0:None,14M,A0,388,388,813694976,5.46094685792923,0.6683065891265869,0.668306624452885,0.00044741397961839635,False
14M:A0:None,14M,A0,389,389,815792128,5.419257566332817,0.6266199350357056,0.6266199179953026,0.0004452205593657614,False
14M:A0:None,14M,A0,390,390,817889280,5.404019877314568,0.5773818492889404,0.5773818632478125,0.00044302820560278066,False
14M:A0:None,14M,A0,391,391,819986432,5.411115661263466,0.5122658014297485,0.5122658335998015,0.0004408369610119381,False
14M:A0:None,14M,A0,392,392,822083584,5.391791373491287,0.6170387268066406,0.6170387190417794,0.00043864686825412387,False
14M:A0:None,14M,A0,393,393,824180736,5.404994145035744,0.6784572005271912,0.6784571710681382,0.00043645796996780265,False
14M:A0:None,14M,A0,394,394,826277888,5.398033753037453,0.5132725238800049,0.5132724900032949,0.0004342703087681852,False
14M:A0:None,14M,A0,395,395,828375040,5.380262687802315,0.49727120995521545,0.4972712451985328,0.00043208392724639657,False
14M:A0:None,14M,A0,396,396,830472192,5.424127593636513,0.6469895243644714,0.6469894955423438,0.00042989886796864884,False
14M:A0:None,14M,A0,397,397,832569344,5.411961451172829,0.5814731121063232,0.5814730947116404,0.0004277151734754113,False
14M:A0:None,14M,A0,398,398,834666496,5.40392042696476,0.4390125274658203,0.4390125176627743,0.0004255328862805825,False
14M:A0:None,14M,A0,399,399,836763648,5.4210826605558395,0.615117073059082,0.6151170543271091,0.0004233520488706628,False
14M:A0:None,14M,A0,400,400,838860800,5.3867513835430145,0.49696123600006104,0.496961238299573,0.00042117270370392655,False
14M:A0:None,14M,A0,401,401,840957952,5.418682813644409,0.529060959815979,0.529060909832635,0.00041899489320959657,False
14M:A0:None,14M,A0,402,402,843055104,5.443286269903183,0.5769417881965637,0.5769417483609229,0.00041681865978701675,False
14M:A0:None,14M,A0,403,403,845152256,5.413427472114563,0.399039089679718,0.39903908473385924,0.00041464404580482807,False
14M:A0:None,14M,A0,404,404,847249408,5.368407756090164,0.5600424408912659,0.5600424468616199,0.00041247109360014204,False
14M:A0:None,14M,A0,405,405,849346560,5.401975229382515,0.49845582246780396,0.49845581674604356,0.00041029984547771826,False
14M:A0:None,14M,A0,406,406,851443712,5.385435611009598,0.5953925848007202,0.5953925577778753,0.00040813034370913915,False
14M:A0:None,14M,A0,407,407,853540864,5.4373361468315125,0.5699926614761353,0.5699926295278662,0.00040596263053198844,False
14M:A0:None,14M,A0,408,408,855638016,5.384017124772072,0.4635985493659973,0.4635985650872161,0.00040379674814902753,False
14M:A0:None,14M,A0,409,409,857735168,5.406041234731674,0.40413567423820496,0.4041356856486194,0.0004016327387273748,False
14M:A0:None,14M,A0,410,410,859832320,5.3724231123924255,0.5178125500679016,0.5178125784639811,0.0003994706443976843,False
14M:A0:None,14M,A0,411,411,861929472,5.402871862053871,0.4548804759979248,0.45488048002244885,0.0003973105072533254,False
14M:A0:None,14M,A0,412,412,864026624,5.405890911817551,0.44202902913093567,0.4420290421436924,0.0003951523693495637,False
14M:A0:None,14M,A0,413,413,866123776,5.394054144620895,0.46890220046043396,0.46890220483641065,0.00039299627270274163,False
14M:A0:None,14M,A0,414,414,868220928,5.364355534315109,0.4983057677745819,0.49830576496090706,0.00039084225928946124,False
14M:A0:None,14M,A0,415,415,870318080,5.384350284934044,0.5761023759841919,0.5761023904891688,0.0003886903710457659,False
14M:A0:None,14M,A0,416,416,872415232,5.385881870985031,0.45411181449890137,0.45411180522087957,0.0003865406498663253,False
14M:A0:None,14M,A0,417,417,874512384,5.354245275259018,0.4494839012622833,0.449483908362614,0.0003843931376036183,False
14M:A0:None,14M,A0,418,418,876609536,5.390677019953728,0.5038829445838928,0.5038829338035703,0.0003822478760671193,False
14M:A0:None,14M,A0,419,419,878706688,5.379940003156662,0.3922734558582306,0.3922734579908417,0.00038010490702248347,False
14M:A0:None,14M,A0,420,420,880803840,5.384889513254166,0.4313645660877228,0.43136456224443964,0.00037796427219073404,False
14M:A0:None,14M,A0,421,421,882900992,5.3738285303115845,0.5110777020454407,0.511077730461785,0.00037582601324745007,False
14M:A0:None,14M,A0,422,422,884998144,5.368557438254356,0.511500358581543,0.511500376266253,0.00037369017182195465,False
14M:A0:None,14M,A0,423,423,887095296,5.384922370314598,0.5030255913734436,0.5030256112513696,0.00037155678949650506,False
14M:A0:None,14M,A0,424,424,889192448,5.426161199808121,0.5026682019233704,0.5026682307069326,0.00036942590780548226,False
14M:A0:None,14M,A0,425,425,891289600,5.351375967264175,0.4921707808971405,0.4921707784923468,0.0003672975682345838,False
14M:A0:None,14M,A0,426,426,893386752,5.37495844066143,0.4876764714717865,0.48767646962213773,0.0003651718122200142,False
14M:A0:None,14M,A0,427,427,895483904,5.394361644983292,0.3906157612800598,0.39061577776194273,0.00036304868114768007,False
14M:A0:None,14M,A0,428,428,897581056,5.37978096306324,0.5128620862960815,0.512862141257561,0.00036092821635238316,False
14M:A0:None,14M,A0,429,429,899678208,5.3406855165958405,0.573120653629303,0.5731206736533548,0.00035881045911701604,False
14M:A0:None,14M,A0,430,430,901775360,5.371764436364174,0.5412561893463135,0.5412561749776612,0.00035669545067175856,False
14M:A0:None,14M,A0,431,431,903872512,5.364153578877449,0.5614287853240967,0.5614288119695136,0.0003545832321932746,False
14M:A0:None,14M,A0,432,432,905969664,5.370134696364403,0.49064865708351135,0.4906486523190404,0.00035247384480391114,False
14M:A0:None,14M,A0,433,433,908066816,5.3938800394535065,0.4071651101112366,0.40716509729766637,0.0003503673295708969,False
14M:A0:None,14M,A0,434,434,910163968,5.372581601142883,0.41407665610313416,0.41407667394468806,0.0003482637275055437,False
14M:A0:None,14M,A0,435,435,912261120,5.364971414208412,0.3914521634578705,0.391452163393609,0.00034616307956244656,False
14M:A0:None,14M,A0,436,436,914358272,5.320388838648796,0.4721519649028778,0.47215197843767165,0.00034406542663868847,False
14M:A0:None,14M,A0,437,437,916455424,5.354447856545448,0.3939847946166992,0.3939847660457056,0.000341970809573042,False
14M:A0:None,14M,A0,438,438,918552576,5.397710606455803,0.43396952748298645,0.4339695297244482,0.000339879269145176,False
14M:A0:None,14M,A0,439,439,920649728,5.374618738889694,0.45912453532218933,0.4591245185848275,0.0003377908460748602,False
14M:A0:None,14M,A0,440,440,922746880,5.333697497844696,0.3823401927947998,0.3823401984731312,0.00033570558102117377,False
14M:A0:None,14M,A0,441,441,924844032,5.369502916932106,0.4264644980430603,0.4264645014431497,0.0003336235145817128,False
14M:A0:None,14M,A0,442,442,926941184,5.351110249757767,0.3667631149291992,0.3667631188664346,0.0003315446872918,False
14M:A0:None,14M,A0,443,443,929038336,5.3552547842264175,0.45528268814086914,0.455282709719191,0.00032946913962369627,False
14M:A0:None,14M,A0,444,444,931135488,5.363962814211845,0.5174325108528137,0.5174325094741064,0.00032739691198581167,False
14M:A0:None,14M,A0,445,445,933232640,5.376372292637825,0.4392496347427368,0.4392496303906702,0.00032532804472191996,False
14M:A0:None,14M,A0,446,446,935329792,5.331702709197998,0.43659231066703796,0.43659230764334805,0.00032326257811037153,False
14M:A0:None,14M,A0,447,447,937426944,5.339506417512894,0.45424342155456543,0.4542434360336125,0.000321200552363311,False
14M:A0:None,14M,A0,448,448,939524096,5.364298105239868,0.46887683868408203,0.46887686713099896,0.00031914200762589304,False
14M:A0:None,14M,A0,449,449,941621248,5.353470221161842,0.4571439325809479,0.45714391826705053,0.0003170869839755016,False
14M:A0:None,14M,A0,450,450,943718400,5.340465262532234,0.3882048726081848,0.3882048617458445,0.000315035521420969,False
14M:A0:None,14M,A0,451,451,945815552,5.3649400770664215,0.44434478878974915,0.4443447625086124,0.00031298765990179746,False
14M:A0:None,14M,A0,452,452,947912704,5.372501686215401,0.5443475842475891,0.5443475673358901,0.0003109434392873814,False
14M:A0:None,14M,A0,453,453,950009856,5.368508562445641,0.6234806180000305,0.6234806475049544,0.0003089028993762312,False
14M:A0:None,14M,A0,454,454,952107008,5.360928058624268,0.43509641289711,0.43509642636436174,0.00030686607989519857,False
14M:A0:None,14M,A0,455,455,954204160,5.35745145380497,0.4157787561416626,0.4157787610322252,0.0003048330204987022,False
14M:A0:None,14M,A0,456,456,956301312,5.368141815066338,0.44662949442863464,0.4466294716141594,0.00030280376076795767,False
14M:A0:None,14M,A0,457,457,958398464,5.331945493817329,0.4701712429523468,0.4701712542027562,0.00030077834021020444,False
14M:A0:None,14M,A0,458,458,960495616,5.373119071125984,0.3650780916213989,0.3650780698730368,0.0002987567982579387,False
14M:A0:None,14M,A0,459,459,962592768,5.358163341879845,0.4280262589454651,0.4280262643870338,0.00029673917426814453,False
14M:A0:None,14M,A0,460,460,964689920,5.3228475749492645,0.4507376253604889,0.450737627008931,0.00029472550752152813,False
14M:A0:None,14M,A0,461,461,966787072,5.338049218058586,0.46519455313682556,0.46519455035793444,0.0002927158372217529,False
14M:A0:None,14M,A0,462,462,968884224,5.32291054725647,0.49579545855522156,0.4957954624542678,0.00029071020249467626,False
14M:A0:None,14M,A0,463,463,970981376,5.337598130106926,0.5259685516357422,0.525968582302402,0.00028870864238758794,False
14M:A0:None,14M,A0,464,464,973078528,5.308593794703484,0.44046103954315186,0.4404610647310594,0.00028671119586844927,False
14M:A0:None,14M,A0,465,465,975175680,5.294245168566704,0.4434534013271332,0.44345340592551136,0.00028471790182513603,False
14M:A0:None,14M,A0,466,466,977272832,5.345371440052986,0.39270535111427307,0.3927053359887796,0.0002827287990646793,False
14M:A0:None,14M,A0,467,467,979369984,5.339710399508476,0.3748703896999359,0.3748703693251984,0.00028074392631251125,False
14M:A0:None,14M,A0,468,468,981467136,5.360224738717079,0.5460140705108643,0.546014074723854,0.0002787633222117109,False
14M:A0:None,14M,A0,469,469,983564288,5.345833867788315,0.5279149413108826,0.5279149590599939,0.0002767870253222523,False
14M:A0:None,14M,A0,470,470,985661440,5.366710841655731,0.4418514668941498,0.4418514561086175,0.00027481507412025196,False
14M:A0:None,14M,A0,471,471,987758592,5.320862755179405,0.459075391292572,0.45907537087980943,0.0002728475069972227,False
14M:A0:None,14M,A0,472,472,989855744,5.3338498920202255,0.45462584495544434,0.4546258331638924,0.00027088436225932344,False
14M:A0:None,14M,A0,473,473,991952896,5.333085373044014,0.49618449807167053,0.4961845069838387,0.0002689256781266149,False
14M:A0:None,14M,A0,474,474,994050048,5.330864444375038,0.4689524173736572,0.4689524106294182,0.0002669714927323157,False
14M:A0:None,14M,A0,475,475,996147200,5.362528681755066,0.47246843576431274,0.47246843170331354,0.00026502184412205876,False
14M:A0:None,14M,A0,476,476,998244352,5.325955554842949,0.4129188060760498,0.4129187804102141,0.0002630767702531517,False
14M:A0:None,14M,A0,477,477,1000341504,5.340523764491081,0.49839895963668823,0.49839897020021384,0.000261136308993837,False
14M:A0:None,14M,A0,478,478,1002438656,5.300647214055061,0.4359995424747467,0.43599952498033084,0.00025920049812255596,False
14M:A0:None,14M,A0,479,479,1004535808,5.311714306473732,0.4203900098800659,0.4203900284380461,0.0002572693753272117,False
14M:A0:None,14M,A0,480,480,1006632960,5.3763658702373505,0.46256178617477417,0.4625617811796597,0.00025534297820443654,False
14M:A0:None,14M,A0,481,481,1008730112,5.31349590420723,0.3687896132469177,0.36878961005552713,0.0002534213442588594,False
14M:A0:None,14M,A0,482,482,1010827264,5.348888233304024,0.4377425014972687,0.43774250104663115,0.0002515045109023761,False
14M:A0:None,14M,A0,483,483,1012924416,5.328941911458969,0.39854854345321655,0.3985485353487887,0.0002495925154534206,False
14M:A0:None,14M,A0,484,484,1015021568,5.3011865466833115,0.4176974594593048,0.4176974741750131,0.0002476853951362389,False
14M:A0:None,14M,A0,485,485,1017118720,5.348093241453171,0.43402642011642456,0.4340264395015507,0.00024578318708016393,False
14M:A0:None,14M,A0,486,486,1019215872,5.313840225338936,0.36967408657073975,0.3696740594511225,0.00024388592831889257,False
14M:A0:None,14M,A0,487,487,1021313024,5.331093013286591,0.3829270899295807,0.38292708685687926,0.00024199365578976534,False
14M:A0:None,14M,A0,488,488,1023410176,5.369181528687477,0.38303160667419434,0.38303162037790056,0.00024010640633304652,False
14M:A0:None,14M,A0,489,489,1025507328,5.324492797255516,0.37454915046691895,0.3745491676881875,0.00023822421669120736,False
14M:A0:None,14M,A0,490,490,1027604480,5.313234865665436,0.3761860430240631,0.3761860424451274,0.00023634712350821036,False
14M:A0:None,14M,A0,491,491,1029701632,5.3054394125938416,0.34401145577430725,0.3440114645776004,0.00023447516332879688,False
14M:A0:None,14M,A0,492,492,1031798784,5.3004677295684814,0.37923917174339294,0.3792391543810955,0.00023260837259777358,False
14M:A0:None,14M,A0,493,493,1033895936,5.321056619286537,0.3417946398258209,0.34179463173840063,0.00023074678765930553,False
14M:A0:None,14M,A0,494,494,1035993088,5.344676747918129,0.35502690076828003,0.35502691788569496,0.00022889044475620646,False
14M:A0:None,14M,A0,495,495,1038090240,5.360804781317711,0.32659751176834106,0.32659753749309806,0.00022703938002923413,False
14M:A0:None,14M,A0,496,496,1040187392,5.268954426050186,0.344817578792572,0.3448175704695465,0.00022519362951638707,False
14M:A0:None,14M,A0,497,497,1042284544,5.337107941508293,0.35444989800453186,0.35444988654830756,0.00022335322915220185,False
14M:A0:None,14M,A0,498,498,1044381696,5.296319454908371,0.32913756370544434,0.3291375678885205,0.0002215182147670544,False
14M:A0:None,14M,A0,499,499,1046478848,5.341839715838432,0.39467883110046387,0.3946788318671423,0.0002196886220864619,False
14M:A0:None,14M,A0,500,500,1048576000,5.335984230041504,0.32896700501441956,0.3289669753559309,0.00021786448673038816,False
14M:A0:None,14M,A0,501,501,1050673152,5.362987279891968,0.37614887952804565,0.3761488809136724,0.00021604584421254825,False
14M:A0:None,14M,A0,502,502,1052770304,5.300463408231735,0.3663921654224396,0.3663921842173009,0.00021423272993971947,False
14M:A0:None,14M,A0,503,503,1054867456,5.327286675572395,0.3948940634727478,0.39489406907507024,0.00021242517921105032,False
14M:A0:None,14M,A0,504,504,1056964608,5.2943557649850845,0.3868880569934845,0.38688803976404235,0.00021062322721737364,False
14M:A0:None,14M,A0,505,505,1059061760,5.325315475463867,0.4007684588432312,0.4007684565398413,0.00020882690904052226,False
14M:A0:None,14M,A0,506,506,1061158912,5.273804560303688,0.3663649559020996,0.3663649579512763,0.00020703625965264489,False
14M:A0:None,14M,A0,507,507,1063256064,5.314814642071724,0.3340587615966797,0.3340587517900277,0.00020525131391552575,False
14M:A0:None,14M,A0,508,508,1065353216,5.309893444180489,0.3766087591648102,0.3766087583841414,0.000203472106579906,False
14M:A0:None,14M,A0,509,509,1067450368,5.3016020357608795,0.34242379665374756,0.3424237945880949,0.00020169867228480722,False
14M:A0:None,14M,A0,510,510,1069547520,5.341893553733826,0.34977370500564575,0.34977370641826916,0.00019993104555685653,False
14M:A0:None,14M,A0,511,511,1071644672,5.340433776378632,0.36618611216545105,0.36618612709752096,0.0001981692608096149,False
14M:A0:None,14M,A0,512,512,1073741824,5.303644374012947,0.3506010174751282,0.3506009984268524,0.0001964133523429069,False
14M:A0:None,14M,A0,513,513,1075838976,5.311671957373619,0.39021649956703186,0.39021648940959147,0.0001946633543421531,False
14M:A0:None,14M,A0,514,514,1077936128,5.30057792365551,0.31662774085998535,0.31662773556367646,0.0001929193008777041,False
14M:A0:None,14M,A0,515,515,1080033280,5.310447350144386,0.3572307825088501,0.3572307943241038,0.0001911812259041782,False
14M:A0:None,14M,A0,516,516,1082130432,5.331867516040802,0.3557465970516205,0.3557465931738558,0.0001894491632597991,False
14M:A0:None,14M,A0,517,517,1084227584,5.279859364032745,0.34357839822769165,0.3435783985056072,0.00018772314666573776,False
14M:A0:None,14M,A0,518,518,1086324736,5.3139840960502625,0.29716506600379944,0.2971650563915406,0.0001860032097254563,False
14M:A0:None,14M,A0,519,519,1088421888,5.256173327565193,0.33912691473960876,0.33912690101016324,0.00018428938592405286,False
14M:A0:None,14M,A0,520,520,1090519040,5.269825413823128,0.3376232385635376,0.3376232305336489,0.00018258170862761025,False
14M:A0:None,14M,A0,521,521,1092616192,5.277850359678268,0.3772420883178711,0.37724208636087864,0.00018088021108254604,False
14M:A0:None,14M,A0,522,522,1094713344,5.275289207696915,0.42373591661453247,0.42373590307308245,0.0001791849264149662,False
14M:A0:None,14M,A0,523,523,1096810496,5.268286824226379,0.38466334342956543,0.3846633499754806,0.0001774958876300184,False
14M:A0:None,14M,A0,524,524,1098907648,5.3004313707351685,0.32566598057746887,0.3256659731230935,0.00017581312761125146,False
14M:A0:None,14M,A0,525,525,1101004800,5.290643602609634,0.331063449382782,0.3310634358921071,0.00017413667911997372,False
14M:A0:None,14M,A0,526,526,1103101952,5.300550922751427,0.39154160022735596,0.3915415782675958,0.00017246657479461558,False
14M:A0:None,14M,A0,527,527,1105199104,5.309871822595596,0.3708924949169159,0.3708924707279616,0.00017080284715009477,False
14M:A0:None,14M,A0,528,528,1107296256,5.300548329949379,0.38316211104393005,0.38316210477301166,0.00016914552857718207,False
14M:A0:None,14M,A0,529,529,1109393408,5.3391164392232895,0.46751126646995544,0.4675112532441554,0.00016749465134187176,False
14M:A0:None,14M,A0,530,530,1111490560,5.286812379956245,0.3461630642414093,0.34616305490985494,0.00016585024758475271,False
14M:A0:None,14M,A0,531,531,1113587712,5.2864135801792145,0.33176758885383606,0.33176759872778955,0.00016421234932038371,False
14M:A0:None,14M,A0,532,532,1115684864,5.293914332985878,0.36102885007858276,0.36102884580045586,0.00016258098843666819,False
14M:A0:None,14M,A0,533,533,1117782016,5.303552746772766,0.3555680811405182,0.3555680723241263,0.000160956196694236,False
14M:A0:None,14M,A0,534,534,1119879168,5.271499380469322,0.3584722578525543,0.3584722577252361,0.00015933800572582292,False
14M:A0:None,14M,A0,535,535,1121976320,5.344087406992912,0.3246991038322449,0.324699098555528,0.0001577264470356558,False
14M:A0:None,14M,A0,536,536,1124073472,5.279315292835236,0.36555150151252747,0.3655514873774033,0.00015612155199883892,False
14M:A0:None,14M,A0,537,537,1126170624,5.285248085856438,0.31664854288101196,0.31664852999360915,0.0001545233518607438,False
14M:A0:None,14M,A0,538,538,1128267776,5.257854744791985,0.3487221300601959,0.34872214008819785,0.0001529318777363997,False
14M:A0:None,14M,A0,539,539,1130364928,5.312889635562897,0.33601289987564087,0.33601289402074835,0.00015134716060988867,False
14M:A0:None,14M,A0,540,540,1132462080,5.290082290768623,0.31522509455680847,0.3152250926270129,0.00014976923133374254,False
14M:A0:None,14M,A0,541,541,1134559232,5.299647241830826,0.32296955585479736,0.32296956280086403,0.00014819812062834148,False
14M:A0:None,14M,A0,542,542,1136656384,5.291816920042038,0.29075902700424194,0.2907590229744948,0.00014663385908131633,False
14M:A0:None,14M,A0,543,543,1138753536,5.294040188193321,0.4013415575027466,0.40134153322753313,0.00014507647714695327,False
14M:A0:None,14M,A0,544,544,1140850688,5.321315675973892,0.32969504594802856,0.32969506535081033,0.00014352600514560055,False
14M:A0:None,14M,A0,545,545,1142947840,5.310355648398399,0.3124762773513794,0.3124762772778309,0.00014198247326307827,False
14M:A0:None,14M,A0,546,546,1145044992,5.311841577291489,0.33915817737579346,0.3391581775995802,0.0001404459115500913,False
14M:A0:None,14M,A0,547,547,1147142144,5.275516375899315,0.31638437509536743,0.31638437102181893,0.0001389163499216431,False
14M:A0:None,14M,A0,548,548,1149239296,5.272009015083313,0.29890933632850647,0.29890932926758396,0.00013739381815645407,False
14M:A0:None,14M,A0,549,549,1151336448,5.274380803108215,0.3483562171459198,0.348356214594897,0.00013587834589638215,False
14M:A0:None,14M,A0,550,550,1153433600,5.280109718441963,0.3148772120475769,0.31487721871282587,0.0001343699626458445,False
14M:A0:None,14M,A0,551,551,1155530752,5.288544580340385,0.34873393177986145,0.3487339313777774,0.00013286869777124434,False
14M:A0:None,14M,A0,552,552,1157627904,5.293720498681068,0.36254701018333435,0.36254700113746247,0.00013137458050039818,False
14M:A0:None,14M,A0,553,553,1159725056,5.23888672888279,0.312828004360199,0.31282799458524074,0.00012988763992196817,False
14M:A0:None,14M,A0,554,554,1161822208,5.276090666651726,0.3793866038322449,0.37938661058100476,0.00012840790498489375,False
14M:A0:None,14M,A0,555,555,1163919360,5.294646069407463,0.3883402645587921,0.3883402496900219,0.00012693540449783025,False
14M:A0:None,14M,A0,556,556,1166016512,5.275868311524391,0.2928502559661865,0.29285025849714047,0.00012547016712858645,False
14M:A0:None,14M,A0,557,557,1168113664,5.26154887676239,0.4033508002758026,0.40335077150129495,0.00012401222140356687,False
14M:A0:None,14M,A0,558,558,1170210816,5.280943363904953,0.3134605884552002,0.3134605977418538,0.00012256159570721715,False
14M:A0:None,14M,A0,559,559,1172307968,5.271514445543289,0.3589547574520111,0.3589547362240975,0.00012111831828147012,False
14M:A0:None,14M,A0,560,560,1174405120,5.250939041376114,0.3523640036582947,0.3523640104562903,0.00011968241722519696,False
14M:A0:None,14M,A0,561,561,1176502272,5.263638913631439,0.3707497715950012,0.3707497754538924,0.00011825392049365963,False
14M:A0:None,14M,A0,562,562,1178599424,5.302018031477928,0.3543838858604431,0.3543838989910939,0.00011683285589796732,False
14M:A0:None,14M,A0,563,563,1180696576,5.266198173165321,0.3382854163646698,0.3382854188584302,0.00011541925110453366,False
14M:A0:None,14M,A0,564,564,1182793728,5.277591228485107,0.3772108256816864,0.37721084150547596,0.0001140131336345398,False
14M:A0:None,14M,A0,565,565,1184890880,5.288757041096687,0.30931442975997925,0.30931442707943707,0.00011261453086339718,False
14M:A0:None,14M,A0,566,566,1186988032,5.260643661022186,0.3275333642959595,0.3275333628953742,0.00011122347002021527,False
14M:A0:None,14M,A0,567,567,1189085184,5.230980813503265,0.33871838450431824,0.33871838952994127,0.00010983997818727115,False
14M:A0:None,14M,A0,568,568,1191182336,5.233142241835594,0.30760759115219116,0.3076075943606131,0.00010846408229948285,False
14M:A0:None,14M,A0,569,569,1193279488,5.293370679020882,0.30532655119895935,0.30532657454253626,0.00010709580914388406,False
14M:A0:None,14M,A0,570,570,1195376640,5.270800560712814,0.32382631301879883,0.3238263240038896,0.00010573518535910297,False
14M:A0:None,14M,A0,571,571,1197473792,5.308130174875259,0.2994110584259033,0.2994110602281924,0.00010438223743484443,False
14M:A0:None,14M,A0,572,572,1199570944,5.302480563521385,0.30732595920562744,0.3073259731591645,0.00010303699171137282,False
14M:A0:None,14M,A0,573,573,1201668096,5.244466722011566,0.29504916071891785,0.2950491546663647,0.00010169947437900024,False
14M:A0:None,14M,A0,574,574,1203765248,5.257653787732124,0.29046863317489624,0.290468644528595,0.0001003697114775764,False
14M:A0:None,14M,A0,575,575,1205862400,5.343266770243645,0.3236807882785797,0.3236808030671651,0.0001,False
14M:A0:None,14M,A0,576,576,1207959552,5.255055397748947,0.2942674160003662,0.2942674170910078,0.0001,False
14M:A0:None,14M,A0,577,577,1210056704,5.291014671325684,0.3048281669616699,0.3048281658647175,0.0001,False
14M:A0:None,14M,A0,578,578,1212153856,5.302452653646469,0.2804645597934723,0.2804645520967136,0.0001,False
14M:A0:None,14M,A0,579,579,1214251008,5.263069570064545,0.28373706340789795,0.283737085950089,0.0001,False
14M:A0:None,14M,A0,580,580,1216348160,5.271680727601051,0.30543074011802673,0.3054307437183596,0.0001,False
14M:A0:None,14M,A0,581,581,1218445312,5.2624781876802444,0.2877407670021057,0.2877407700465783,0.0001,False
14M:A0:None,14M,A0,582,582,1220542464,5.237694442272186,0.3189830780029297,0.31898306538903354,0.0001,False
14M:A0:None,14M,A0,583,583,1222639616,5.2476285845041275,0.29075783491134644,0.2907578348214097,0.0001,False
14M:A0:None,14M,A0,584,584,1224736768,5.279308795928955,0.3104971647262573,0.3104971639526262,0.0001,False
14M:A0:None,14M,A0,585,585,1226833920,5.273713767528534,0.2999102771282196,0.2999102995629577,0.0001,False
14M:A0:None,14M,A0,586,586,1228931072,5.285852417349815,0.30240312218666077,0.30240313804667074,0.0001,False
14M:A0:None,14M,A0,587,587,1231028224,5.2947609424591064,0.2733190655708313,0.2733190569472688,0.0001,False
14M:A0:None,14M,A0,588,588,1233125376,5.258231803774834,0.3119506537914276,0.31195065713052844,0.0001,False
14M:A0:None,14M,A0,589,589,1235222528,5.250219091773033,0.2786526679992676,0.278652664353286,0.0001,False
14M:A0:None,14M,A0,590,590,1237319680,5.306135416030884,0.30654728412628174,0.306547284801298,0.0001,False
14M:A0:None,14M,A0,591,591,1239416832,5.2747403383255005,0.30009353160858154,0.30009352147588886,0.0001,False
14M:A0:None,14M,A0,592,592,1241513984,5.283523365855217,0.3184603750705719,0.3184603770759977,0.0001,False
14M:A0:None,14M,A0,593,593,1243611136,5.290727391839027,0.2994688153266907,0.2994688153248269,0.0001,False
14M:A0:None,14M,A0,594,594,1245708288,5.23995441198349,0.33364036679267883,0.33364037830869936,0.0001,False
14M:A0:None,14M,A0,595,595,1247805440,5.334428176283836,0.2950448989868164,0.29504488249470606,0.0001,False
14M:A0:None,14M,A0,596,596,1249902592,5.307130664587021,0.3520451486110687,0.35204514395865655,0.0001,False
14M:A0:None,14M,A0,597,597,1251999744,5.287755012512207,0.2904045879840851,0.29040460072903673,0.0001,False
14M:A0:None,14M,A0,598,598,1254096896,5.29588870704174,0.29904401302337646,0.2990440267304416,0.0001,False
14M:A0:None,14M,A0,599,599,1256194048,5.236011773347855,0.31204885244369507,0.3120488424361142,0.0001,False
14M:A0:None,14M,A0,600,600,1258291200,5.255279794335365,0.2867402732372284,0.2867402746500712,0.0001,False
14M:A0:None,14M,A0,601,601,1260388352,5.277857661247253,0.31560465693473816,0.31560465677322436,0.0001,False
14M:A0:None,14M,A0,602,602,1262485504,5.27440220117569,0.32935357093811035,0.32935357349132216,0.0001,False
14M:A0:None,14M,A0,603,603,1264582656,5.2475775629282,0.30394718050956726,0.3039471819743035,0.0001,False
14M:A0:None,14M,A0,604,604,1266679808,5.299966886639595,0.345533162355423,0.345533172626047,0.0001,False
14M:A0:None,14M,A0,605,605,1268776960,5.272920846939087,0.3035453259944916,0.30354533132821704,0.0001,False
14M:A0:None,14M,A0,606,606,1270874112,5.277249410748482,0.3138892948627472,0.31388929622650175,0.0001,False
14M:A0:None,14M,A0,607,607,1272971264,5.209956467151642,0.31550270318984985,0.31550271314828243,0.0001,False
14M:A0:None,14M,A0,608,608,1275068416,5.282660245895386,0.315873920917511,0.31587390500487367,0.0001,False
14M:A0:None,14M,A0,609,609,1277165568,5.236194491386414,0.3405623733997345,0.3405623872556558,0.0001,False
14M:A0:None,14M,A0,610,610,1279262720,5.298200279474258,0.3061557412147522,0.30615574584648464,0.0001,False
14M:A0:None,14M,A0,611,611,1281359872,5.291247576475143,0.34380868077278137,0.34380865833613,0.0001,False
14M:A0:None,14M,A0,612,612,1283457024,5.26829420030117,0.3274841904640198,0.3274841843291055,0.0001,False
14M:A0:None,14M,A0,613,613,1285554176,5.2849428206682205,0.3227214217185974,0.3227214355537471,0.0001,False
14M:A0:None,14M,A0,614,614,1287651328,5.279833689332008,0.3278183043003082,0.3278183043375003,0.0001,False
14M:A0:None,14M,A0,615,615,1289748480,5.29065029323101,0.3387579619884491,0.33875797011950004,0.0001,False
14M:A0:None,14M,A0,616,616,1291845632,5.268649250268936,0.2792893648147583,0.279289361401512,0.0001,False
14M:A0:None,14M,A0,617,617,1293942784,5.268549829721451,0.34186089038848877,0.3418608910492906,0.0001,False
14M:A0:None,14M,A0,618,618,1296039936,5.227532505989075,0.3088224232196808,0.3088224144484387,0.0001,False
14M:A0:None,14M,A0,619,619,1298137088,5.294189557433128,0.3292980492115021,0.3292980567405349,0.0001,False
14M:A0:None,14M,A0,620,620,1300234240,5.267366275191307,0.3137647211551666,0.31376471104108494,0.0001,False
14M:A0:None,14M,A0,621,621,1302331392,5.250103235244751,0.2952912747859955,0.29529125035387205,0.0001,False
14M:A0:None,14M,A0,622,622,1304428544,5.291055932641029,0.3049192428588867,0.3049192400159849,0.0001,False
14M:A0:None,14M,A0,623,623,1306525696,5.270578593015671,0.27615368366241455,0.27615370750423585,0.0001,False
14M:A0:None,14M,A0,624,624,1308622848,5.275156930088997,0.3220391869544983,0.3220391746006098,0.0001,False
14M:A0:None,14M,A0,625,625,1310720000,5.199349626898766,0.29678070545196533,0.29678069188675915,0.0001,False
14M:A0:None,14M,A0,626,626,1312817152,5.249085858464241,0.2951083779335022,0.2951083781808445,0.0001,False
14M:A0:None,14M,A0,627,627,1314914304,5.2302336394786835,0.3274969458580017,0.32749694590692696,0.0001,False
14M:A0:None,14M,A0,628,628,1317011456,5.27827163040638,0.3004452884197235,0.3004452945428277,0.0001,False
14M:A0:None,14M,A0,629,629,1319108608,5.250334456562996,0.29822975397109985,0.29822973782719864,0.0001,False
14M:A0:None,14M,A0,630,630,1321205760,5.280093893408775,0.30651357769966125,0.3065135846649656,0.0001,False
14M:A0:None,14M,A0,631,631,1323302912,5.250286191701889,0.3068694472312927,0.30686942515857313,0.0001,False
14M:A0:None,14M,A0,632,632,1325400064,5.238482967019081,0.30431777238845825,0.3043177805619418,0.0001,False
14M:A0:None,14M,A0,633,633,1327497216,5.272650495171547,0.30390697717666626,0.3039069811633922,0.0001,False
14M:A0:None,14M,A0,634,634,1329594368,5.252462595701218,0.3329177796840668,0.33291778244241066,0.0001,False
14M:A0:None,14M,A0,635,635,1331691520,5.264975935220718,0.3297208547592163,0.32972087210499074,0.0001,False
14M:A0:None,14M,A0,636,636,1333788672,5.266327112913132,0.29100996255874634,0.29100998168655556,0.0001,False
14M:A0:None,14M,A0,637,637,1335885824,5.2474120408296585,0.32656529545783997,0.32656530174352005,0.0001,False
14M:A0:None,14M,A0,638,638,1337982976,5.292599231004715,0.3273718059062958,0.3273717945426959,0.0001,False
14M:A0:None,14M,A0,639,639,1340080128,5.271893069148064,0.3004251718521118,0.3004251624101859,0.0001,False
14M:A0:None,14M,A0,640,640,1342177280,5.238824903964996,0.31806161999702454,0.31806161881584705,0.0001,False
14M:A0:None,14M,A0,641,641,1344274432,5.241128101944923,0.3171524405479431,0.3171524287849479,0.0001,False
14M:A0:None,14M,A0,642,642,1346371584,5.28407795727253,0.3031877875328064,0.30318779623016684,0.0001,False
14M:A0:None,14M,A0,643,643,1348468736,5.261625275015831,0.2986058294773102,0.29860582962393506,0.0001,False
14M:A0:None,14M,A0,644,644,1350565888,5.278915241360664,0.3271413743495941,0.3271413799944151,0.0001,False
14M:A0:None,14M,A0,645,645,1352663040,5.2476518750190735,0.31596097350120544,0.31596097920000005,0.0001,False
14M:A0:None,14M,A0,646,646,1354760192,5.302185460925102,0.32061269879341125,0.32061268375208973,0.0001,False
14M:A0:None,14M,A0,647,647,1356857344,5.276444375514984,0.30631083250045776,0.30631082497757517,0.0001,False
14M:A0:None,14M,A0,648,648,1358954496,5.274179637432098,0.3156002461910248,0.31560023968282835,0.0001,False
14M:A0:None,14M,A0,649,649,1361051648,5.265797451138496,0.31131190061569214,0.3113119025513113,0.0001,False
14M:A0:None,14M,A0,650,650,1363148800,5.2426207065582275,0.300058513879776,0.3000585075874428,0.0001,False
14M:A0:None,14M,A0,651,651,1365245952,5.274583220481873,0.3231709897518158,0.32317099397524157,0.0001,False
14M:A0:None,14M,A0,652,652,1367343104,5.236360594630241,0.32265594601631165,0.32265593130457376,0.0001,False
14M:A0:None,14M,A0,653,653,1369440256,5.257096379995346,0.3002803325653076,0.30028033519030534,0.0001,False
14M:A0:None,14M,A0,654,654,1371537408,5.298675999045372,0.31031110882759094,0.31031110181000826,0.0001,False
14M:A0:None,14M,A0,655,655,1373634560,5.266493499279022,0.2804642617702484,0.2804642498495402,0.0001,False
14M:A0:None,14M,A0,656,656,1375731712,5.234590157866478,0.3039882481098175,0.30398824643707073,0.0001,False
14M:A0:None,14M,A0,657,657,1377828864,5.242908179759979,0.29862862825393677,0.29862863950133095,0.0001,False
14M:A0:None,14M,A0,658,658,1379926016,5.235847845673561,0.32135263085365295,0.3213526460137992,0.0001,False
14M:A0:None,14M,A0,659,659,1382023168,5.221866607666016,0.36795738339424133,0.36795737977852794,0.0001,False
14M:A0:None,14M,A0,660,660,1384120320,5.28028330206871,0.3620319366455078,0.36203193501447706,0.0001,False
14M:A0:None,14M,A0,661,661,1386217472,5.279252231121063,0.2832920253276825,0.28329203896296246,0.0001,False
14M:A0:None,14M,A0,662,662,1388314624,5.275031387805939,0.33113187551498413,0.3311318693429622,0.0001,False
14M:A0:None,14M,A0,663,663,1390411776,5.246198788285255,0.3166443109512329,0.31664430669205945,0.0001,False
14M:A0:None,14M,A0,664,664,1392508928,5.266280502080917,0.36274346709251404,0.36274346709958705,0.0001,False
14M:A0:None,14M,A0,665,665,1394606080,5.261796250939369,0.3026043772697449,0.30260436903748594,0.0001,False
14M:A0:None,14M,A0,666,666,1396703232,5.283915117383003,0.40100908279418945,0.40100907945261605,0.0001,False
14M:A0:None,14M,A0,667,667,1398800384,5.2499620616436005,0.3107316792011261,0.3107316946346329,0.0001,False
14M:A0:None,14M,A0,668,668,1400897536,5.243958726525307,0.3367265462875366,0.3367265686314197,0.0001,False
14M:A0:None,14M,A0,669,669,1402994688,5.219020888209343,0.37342292070388794,0.3734229232453389,0.0001,False
14M:A0:None,14M,A0,670,670,1405091840,5.2616163939237595,0.3048180341720581,0.3048180295635797,0.0001,False
14M:A0:None,14M,A0,671,671,1407188992,5.272612437605858,0.36788707971572876,0.3678870777353334,0.0001,False
14M:A0:None,14M,A0,672,672,1409286144,5.243650749325752,0.33616694808006287,0.33616693369892414,0.0001,False
14M:A0:None,14M,A0,673,673,1411383296,5.233605533838272,0.32181042432785034,0.32181042064710014,0.0001,False
14M:A0:None,14M,A0,674,674,1413480448,5.321597546339035,0.37910178303718567,0.3791017763334301,0.0001,False
14M:A0:None,14M,A0,675,675,1415577600,5.270006403326988,0.3009210526943207,0.3009210509128421,0.0001,False
14M:A0:None,14M,A0,676,676,1417674752,5.215378686785698,0.35849568247795105,0.3584956966263702,0.0001,False
14M:A0:None,14M,A0,677,677,1419771904,5.273721098899841,0.3536979556083679,0.35369794803762533,0.0001,False
14M:A0:None,14M,A0,678,678,1421869056,5.200392007827759,0.39329996705055237,0.39329998680104117,0.0001,False
14M:A0:None,14M,A0,679,679,1423966208,5.305343687534332,0.389454185962677,0.3894541763878796,0.0001,False
14M:A0:None,14M,A0,680,680,1426063360,5.275807246565819,0.3464161455631256,0.3464161421423845,0.0001,False
14M:A0:None,14M,A0,681,681,1428160512,5.209115028381348,0.34211447834968567,0.3421144909898814,0.0001,False
14M:A0:None,14M,A0,682,682,1430257664,5.216377273201942,0.35721009969711304,0.3572101140038967,0.0001,False
14M:A0:None,14M,A0,683,683,1432354816,5.281875237822533,0.3885516822338104,0.38855168322086436,0.0001,False
14M:A0:None,14M,A0,684,684,1434451968,5.257282868027687,0.34626221656799316,0.3462622184510722,0.0001,False
14M:A0:None,14M,A0,685,685,1436549120,5.2085812240839005,0.34438344836235046,0.3443834692183876,0.0001,False
14M:A0:None,14M,A0,686,686,1438646272,5.270184770226479,0.3397906720638275,0.33979066861219415,0.0001,False
14M:A0:None,14M,A0,687,687,1440743424,5.26683796942234,0.36423468589782715,0.36423468574558654,0.0001,False
14M:A0:None,14M,A0,688,688,1442840576,5.225577384233475,0.4036773443222046,0.40367736644200136,0.0001,False
14M:A0:None,14M,A0,689,689,1444937728,5.226191312074661,0.3092745840549469,0.3092746078926507,0.0001,False
14M:A0:None,14M,A0,690,690,1447034880,5.2598893493413925,0.3932093679904938,0.39320938565547675,0.0001,False
14M:A0:None,14M,A0,691,691,1449132032,5.263877853751183,0.3795166611671448,0.3795166730061794,0.0001,False
14M:A0:None,14M,A0,692,692,1451229184,5.263436779379845,0.3583870232105255,0.3583870122739663,0.0001,False
14M:A0:None,14M,A0,693,693,1453326336,5.2479869574308395,0.35307812690734863,0.35307813900055923,0.0001,False
14M:A0:None,14M,A0,694,694,1455423488,5.21217305958271,0.34864601492881775,0.3486460347424052,0.0001,False
14M:A0:None,14M,A0,695,695,1457520640,5.211097911000252,0.32547709345817566,0.32547710159741694,0.0001,False
14M:A0:None,14M,A0,696,696,1459617792,5.251299366354942,0.38735976815223694,0.38735976609462686,0.0001,False
14M:A0:None,14M,A0,697,697,1461714944,5.220956653356552,0.3456764817237854,0.3456764745134034,0.0001,False
14M:A0:None,14M,A0,698,698,1463812096,5.235317766666412,0.36077672243118286,0.36077671926171184,0.0001,False
14M:A0:None,14M,A0,699,699,1465909248,5.195582062005997,0.32497239112854004,0.324972379422197,0.0001,False
14M:A0:None,14M,A0,700,700,1468006400,5.225271537899971,0.3658908009529114,0.36589081482422886,0.0001,False
14M:A0:None,14M,A0,701,701,1470103552,5.274991065263748,0.3165087103843689,0.31650870911281853,0.0001,False
14M:A0:None,14M,A0,702,702,1472200704,5.212612226605415,0.34530049562454224,0.3453004943803073,0.0001,False
14M:A0:None,14M,A0,703,703,1474297856,5.269349560141563,0.34751641750335693,0.3475163991691895,0.0001,False
14M:A0:None,14M,A0,704,704,1476395008,5.233187034726143,0.34369927644729614,0.3436992632703376,0.0001,False
14M:A0:None,14M,A0,705,705,1478492160,5.249042645096779,0.32066795229911804,0.3206679486181301,0.0001,False
14M:A0:None,14M,A0,706,706,1480589312,5.225208476185799,0.3194752335548401,0.3194752180539514,0.0001,False
14M:A0:None,14M,A0,707,707,1482686464,5.234916910529137,0.3255251944065094,0.3255252014266266,0.0001,False
14M:A0:None,14M,A0,708,708,1484783616,5.254740089178085,0.32800063490867615,0.32800062590246143,0.0001,False
14M:A0:None,14M,A0,709,709,1486880768,5.25740459561348,0.3166790008544922,0.31667900442637403,0.0001,False
14M:A0:None,14M,A0,710,710,1488977920,5.256977289915085,0.3230379819869995,0.323037979915232,0.0001,False
14M:A0:None,14M,A0,711,711,1491075072,5.236504569649696,0.29355543851852417,0.29355544613838175,0.0001,False
14M:A0:None,14M,A0,712,712,1493172224,5.243930354714394,0.3035160303115845,0.3035160139092875,0.0001,False
14M:A4-OL1:0.5,14M,A4-OL1,1,1,2097152,11.032207489013672,1.199460744857788,0.9999992251355594,0.0,False
14M:A4-OL1:0.5,14M,A4-OL1,2,2,4194304,11.03584623336792,1.1921015977859497,0.9999992717216422,0.0001404494382022472,False
14M:A4-OL1:0.5,14M,A4-OL1,3,3,6291456,10.946713924407959,1.1604828834533691,0.9999991913072346,0.0002808988764044944,False
14M:A4-OL1:0.5,14M,A4-OL1,4,4,8388608,10.788201779127121,1.0345335006713867,0.9999990979937334,0.0004213483146067416,False
14M:A4-OL1:0.5,14M,A4-OL1,5,5,10485760,10.631256461143494,0.8827406764030457,0.882740662092817,0.0005617977528089888,False
14M:A4-OL1:0.5,14M,A4-OL1,6,6,12582912,10.504196405410767,0.8361883163452148,0.836188306332031,0.0007022471910112359,False
14M:A4-OL1:0.5,14M,A4-OL1,7,7,14680064,10.388328224420547,0.847294807434082,0.8472947937350547,0.0008426966292134832,False
14M:A4-OL1:0.5,14M,A4-OL1,8,8,16777216,10.28066173195839,0.8531652688980103,0.8531652573780801,0.0009831460674157304,False
14M:A4-OL1:0.5,14M,A4-OL1,9,9,18874368,10.154311001300812,0.8573311567306519,0.857331156726482,0.0009999962308400703,False
14M:A4-OL1:0.5,14M,A4-OL1,10,10,20971520,10.022686272859573,0.8675997257232666,0.8675996860571051,0.0009999827974442107,False
14M:A4-OL1:0.5,14M,A4-OL1,11,11,23068672,9.909125357866287,0.8596334457397461,0.8596334098897199,0.0009999596299861823,False
14M:A4-OL1:0.5,14M,A4-OL1,12,12,25165824,9.783040553331375,0.8586499094963074,0.8586498875955585,0.0009999267289170272,False
14M:A4-OL1:0.5,14M,A4-OL1,13,13,27262976,9.656263142824173,0.8647788166999817,0.864778896212695,0.0009998840948772898,False
14M:A4-OL1:0.5,14M,A4-OL1,14,14,29360128,9.544964879751205,0.8508632779121399,0.8508633092966178,0.0009998317286970036,False
14M:A4-OL1:0.5,14M,A4-OL1,15,15,31457280,9.41195324063301,0.8590985536575317,0.8590986739187557,0.0009997696313956746,False
14M:A4-OL1:0.5,14M,A4-OL1,16,16,33554432,9.312825113534927,0.8487598896026611,0.8487598539317837,0.0009996978041822626,False
14M:A4-OL1:0.5,14M,A4-OL1,17,17,35651584,9.20304349064827,0.860676646232605,0.8606767158158011,0.0009996162484551569,False
14M:A4-OL1:0.5,14M,A4-OL1,18,18,37748736,9.108636230230331,0.8404133915901184,0.840413359876123,0.0009995249658021493,False
14M:A4-OL1:0.5,14M,A4-OL1,19,19,39845888,9.013172596693039,0.8414742946624756,0.8414742791786054,0.0009994239580004022,False
14M:A4-OL1:0.5,14M,A4-OL1,20,20,41943040,8.918396025896072,0.8339073657989502,0.8339073636446832,0.0009993132270164169,False
14M:A4-OL1:0.5,14M,A4-OL1,21,21,44040192,8.838210970163345,0.818293035030365,0.8182929916732081,0.0009991927750059911,False
14M:A4-OL1:0.5,14M,A4-OL1,22,22,46137344,8.755606204271317,0.8079475164413452,0.8079474751411345,0.0009990626043141805,False
14M:A4-OL1:0.5,14M,A4-OL1,23,23,48234496,8.668882191181183,0.7921633720397949,0.7921634743758119,0.000998922717475252,False
14M:A4-OL1:0.5,14M,A4-OL1,24,24,50331648,8.591005355119705,0.7811179161071777,0.7811180719133372,0.000998773117212633,False
14M:A4-OL1:0.5,14M,A4-OL1,25,25,52428800,8.528345048427582,0.7638049125671387,0.7638048736074523,0.0009986138064388605,False
14M:A4-OL1:0.5,14M,A4-OL1,26,26,54525952,8.469173520803452,0.7546521425247192,0.7546520769343883,0.0009984447882555232,False
14M:A4-OL1:0.5,14M,A4-OL1,27,27,56623104,8.406832158565521,0.7112895846366882,0.7112896020098494,0.0009982660659532013,False
14M:A4-OL1:0.5,14M,A4-OL1,28,28,58720256,8.33452233672142,0.6972114443778992,0.6972114546699492,0.0009980776430114024,False
14M:A4-OL1:0.5,14M,A4-OL1,29,29,60817408,8.293154299259186,0.6846945881843567,0.6846946112988123,0.0009978795230984941,False
14M:A4-OL1:0.5,14M,A4-OL1,30,30,62914560,8.226133733987808,0.649175763130188,0.6491757520860999,0.0009976717100716322,False
14M:A4-OL1:0.5,14M,A4-OL1,31,31,65011712,8.185181498527527,0.6378043293952942,0.6378042621183281,0.0009974542079766858,False
14M:A4-OL1:0.5,14M,A4-OL1,32,32,67108864,8.145444840192795,0.6019836068153381,0.6019835597606804,0.0009972270210481583,False
14M:A4-OL1:0.5,14M,A4-OL1,33,33,69206016,8.105257600545883,0.5755822062492371,0.5755821628503796,0.000996990153709105,False
14M:A4-OL1:0.5,14M,A4-OL1,34,34,71303168,8.05465616285801,0.5591223239898682,0.5591223189315914,0.000996743610571048,False
14M:A4-OL1:0.5,14M,A4-OL1,35,35,73400320,8.00651291012764,0.5303849577903748,0.5303849323512684,0.0009964873964338843,False
14M:A4-OL1:0.5,14M,A4-OL1,36,36,75497472,7.950389236211777,0.5158976316452026,0.5158976493689145,0.0009962215162857945,False
14M:A4-OL1:0.5,14M,A4-OL1,37,37,77594624,7.938549071550369,0.49301716685295105,0.4930172087646219,0.0009959459753031445,False
14M:A4-OL1:0.5,14M,A4-OL1,38,38,79691776,7.920791000127792,0.468174546957016,0.4681745283506703,0.000995660778850385,False
14M:A4-OL1:0.5,14M,A4-OL1,39,39,81788928,7.892975836992264,0.444958359003067,0.4449583366028495,0.0009953659324799468,False
14M:A4-OL1:0.5,14M,A4-OL1,40,40,83886080,7.862464606761932,0.43032872676849365,0.430328752989987,0.0009950614419321332,False
14M:A4-OL1:0.5,14M,A4-OL1,41,41,85983232,7.824380785226822,0.40614089369773865,0.40614088256869163,0.0009947473131350084,False
14M:A4-OL1:0.5,14M,A4-OL1,42,42,88080384,7.811238557100296,0.3856492042541504,0.38564921353432435,0.0009944235522042811,False
14M:A4-OL1:0.5,14M,A4-OL1,43,43,90177536,7.789165914058685,0.3686962127685547,0.3686962398966807,0.0009940901654431858,False
14M:A4-OL1:0.5,14M,A4-OL1,44,44,92274688,7.75568924844265,0.35483241081237793,0.35483239717646564,0.0009937471593423613,False
14M:A4-OL1:0.5,14M,A4-OL1,45,45,94371840,7.732706069946289,0.3370811641216278,0.33708117705596163,0.0009933945405797224,False
14M:A4-OL1:0.5,14M,A4-OL1,46,46,96468992,7.717726051807404,0.32773706316947937,0.3277370712480201,0.0009930323160203315,False
14M:A4-OL1:0.5,14M,A4-OL1,47,47,98566144,7.705219775438309,0.30686286091804504,0.3068628814029292,0.0009926604927162636,False
14M:A4-OL1:0.5,14M,A4-OL1,48,48,100663296,7.692845776677132,0.30278050899505615,0.3027805044981835,0.0009922790779064705,False
14M:A4-OL1:0.5,14M,A4-OL1,49,49,102760448,7.64420348405838,0.2938026189804077,0.293802618582748,0.0009918880790166385,False
14M:A4-OL1:0.5,14M,A4-OL1,50,50,104857600,7.621713399887085,0.28413712978363037,0.28413715924577687,0.0009914875036590443,False
14M:A4-OL1:0.5,14M,A4-OL1,51,51,106954752,7.5876065492630005,0.2723495364189148,0.2723495515653644,0.0009910773596324073,False
14M:A4-OL1:0.5,14M,A4-OL1,52,52,109051904,7.599842920899391,0.2611576020717621,0.26115760741173766,0.0009906576549217369,False
14M:A4-OL1:0.5,14M,A4-OL1,53,53,111149056,7.593430265784264,0.260381281375885,0.26038126932384836,0.000990228397698178,False
14M:A4-OL1:0.5,14M,A4-OL1,54,54,113246208,7.558043673634529,0.2576543390750885,0.2576543258225199,0.0009897895963188513,False
14M:A4-OL1:0.5,14M,A4-OL1,55,55,115343360,7.5197054743766785,0.24821783602237701,0.24821786633969808,0.0009893412593266898,False
14M:A4-OL1:0.5,14M,A4-OL1,56,56,117440512,7.525617778301239,0.24255110323429108,0.2425511085856401,0.0009888833954502748,False
14M:A4-OL1:0.5,14M,A4-OL1,57,57,119537664,7.491302281618118,0.24437953531742096,0.24437952724195655,0.0009884160136036635,False
14M:A4-OL1:0.5,14M,A4-OL1,58,58,121634816,7.457790091633797,0.24401657283306122,0.244016571408807,0.000987939122886217,False
14M:A4-OL1:0.5,14M,A4-OL1,59,59,123731968,7.471566945314407,0.2379877120256424,0.2379876995937489,0.0009874527325824225,False
14M:A4-OL1:0.5,14M,A4-OL1,60,60,125829120,7.443209245800972,0.23011848330497742,0.2301184998371203,0.0009869568521617127,False
14M:A4-OL1:0.5,14M,A4-OL1,61,61,127926272,7.395877465605736,0.263521283864975,0.2635212816736153,0.0009864514912782817,False
14M:A4-OL1:0.5,14M,A4-OL1,62,62,130023424,7.391589969396591,0.22381624579429626,0.22381624533287114,0.0009859366597708959,False
14M:A4-OL1:0.5,14M,A4-OL1,63,63,132120576,7.368587374687195,0.24122688174247742,0.2412268779804499,0.0009854123676627045,False
14M:A4-OL1:0.5,14M,A4-OL1,64,64,134217728,7.340663507580757,0.2266249805688858,0.22662498166814846,0.0009848786251610425,False
14M:A4-OL1:0.5,14M,A4-OL1,65,65,136314880,7.295636907219887,0.2498171031475067,0.24981711967551104,0.0009843354426572327,False
14M:A4-OL1:0.5,14M,A4-OL1,66,66,138412032,7.295735776424408,0.2286762148141861,0.22867621162235438,0.0009837828307263836,False
14M:A4-OL1:0.5,14M,A4-OL1,67,67,140509184,7.284320995211601,0.2167239934206009,0.21672399049686097,0.000983220800127183,False
14M:A4-OL1:0.5,14M,A4-OL1,68,68,142606336,7.252679273486137,0.25454163551330566,0.2545416400718299,0.000982649361801689,False
14M:A4-OL1:0.5,14M,A4-OL1,69,69,144703488,7.237973868846893,0.21803544461727142,0.21803544560300223,0.0009820685268751167,False
14M:A4-OL1:0.5,14M,A4-OL1,70,70,146800640,7.2309505343437195,0.22150550782680511,0.22150549149072754,0.0009814783066556217,False
14M:A4-OL1:0.5,14M,A4-OL1,71,71,148897792,7.214064359664917,0.22334682941436768,0.22334683639496336,0.0009808787126340801,False
14M:A4-OL1:0.5,14M,A4-OL1,72,72,150994944,7.157145157456398,0.2416817992925644,0.24168182240192385,0.0009802697564838645,False
14M:A4-OL1:0.5,14M,A4-OL1,73,73,153092096,7.17461097240448,0.24069653451442719,0.24069654517957564,0.0009796514500606166,False
14M:A4-OL1:0.5,14M,A4-OL1,74,74,155189248,7.143492490053177,0.22822140157222748,0.22822139958076157,0.000979023805402017,False
14M:A4-OL1:0.5,14M,A4-OL1,75,75,157286400,7.151917174458504,0.2107255607843399,0.21072556340794996,0.0009783868347275507,False
14M:A4-OL1:0.5,14M,A4-OL1,76,76,159383552,7.103728473186493,0.20018287003040314,0.20018286556331835,0.000977740550438268,False
14M:A4-OL1:0.5,14M,A4-OL1,77,77,161480704,7.078164339065552,0.19783473014831543,0.19783473751990674,0.0009770849651165455,False
14M:A4-OL1:0.5,14M,A4-OL1,78,78,163577856,7.082146510481834,0.20672117173671722,0.20672117425862202,0.0009764200915258382,False
14M:A4-OL1:0.5,14M,A4-OL1,79,79,165675008,7.058780208230019,0.21482254564762115,0.21482254980024587,0.0009757459426104335,False
14M:A4-OL1:0.5,14M,A4-OL1,80,80,167772160,7.0548247545957565,0.2072068303823471,0.2072068435402753,0.0009750625314951977,False
14M:A4-OL1:0.5,14M,A4-OL1,81,81,169869312,7.04620161652565,0.19872049987316132,0.1987205224052513,0.0009743698714853213,False
14M:A4-OL1:0.5,14M,A4-OL1,82,82,171966464,7.003934144973755,0.19702351093292236,0.19702352513226853,0.0009736679760660594,False
14M:A4-OL1:0.5,14M,A4-OL1,83,83,174063616,6.954335078597069,0.21220271289348602,0.21220272530979645,0.0009729568589024693,False
14M:A4-OL1:0.5,14M,A4-OL1,84,84,176160768,6.974866941571236,0.190134197473526,0.19013421723649515,0.000972236533839145,False
14M:A4-OL1:0.5,14M,A4-OL1,85,85,178257920,7.000148698687553,0.1915174424648285,0.19151744879929536,0.0009715070148999465,False
14M:A4-OL1:0.5,14M,A4-OL1,86,86,180355072,6.944248467683792,0.20217488706111908,0.2021748977297737,0.0009707683162877283,False
14M:A4-OL1:0.5,14M,A4-OL1,87,87,182452224,6.917874172329903,0.190589040517807,0.1905890249316162,0.0009700204523840612,False
14M:A4-OL1:0.5,14M,A4-OL1,88,88,184549376,6.916684612631798,0.21975408494472504,0.21975408343767494,0.000969263437748954,False
14M:A4-OL1:0.5,14M,A4-OL1,89,89,186646528,6.917063876986504,0.1963716447353363,0.19637164121285583,0.0009684972871205686,False
14M:A4-OL1:0.5,14M,A4-OL1,90,90,188743680,6.921019002795219,0.17555692791938782,0.17555693626166097,0.0009677220154149337,False
14M:A4-OL1:0.5,14M,A4-OL1,91,91,190840832,6.884825229644775,0.18470649421215057,0.18470650378908937,0.0009669376377256549,False
14M:A4-OL1:0.5,14M,A4-OL1,92,92,192937984,6.892973437905312,0.1954740434885025,0.19547403980238123,0.0009661441693236197,False
14M:A4-OL1:0.5,14M,A4-OL1,93,93,195035136,6.864467799663544,0.18529793620109558,0.1852979405868179,0.0009653416256567013,False
14M:A4-OL1:0.5,14M,A4-OL1,94,94,197132288,6.857693523168564,0.17811879515647888,0.17811879739792977,0.0009645300223494571,False
14M:A4-OL1:0.5,14M,A4-OL1,95,95,199229440,6.826256021857262,0.20294195413589478,0.20294193287775775,0.000963709375202825,False
14M:A4-OL1:0.5,14M,A4-OL1,96,96,201326592,6.808929920196533,0.20971481502056122,0.20971481082701598,0.000962879700193815,False
14M:A4-OL1:0.5,14M,A4-OL1,97,97,203423744,6.7998157143592834,0.22397133708000183,0.2239713325276736,0.0009620410134751992,False
14M:A4-OL1:0.5,14M,A4-OL1,98,98,205520896,6.805505618453026,0.21415798366069794,0.21415799072446862,0.0009611933313751969,False
14M:A4-OL1:0.5,14M,A4-OL1,99,99,207618048,6.811600238084793,0.19544602930545807,0.19544601947939821,0.0009603366703971562,False
14M:A4-OL1:0.5,14M,A4-OL1,100,100,209715200,6.774727433919907,0.20617252588272095,0.2061725252933702,0.0009594710472192336,False
14M:A4-OL1:0.5,14M,A4-OL1,101,101,211812352,6.741600289940834,0.19481706619262695,0.19481707405587162,0.0009585964786940681,False
14M:A4-OL1:0.5,14M,A4-OL1,102,102,213909504,6.746986910700798,0.19125832617282867,0.19125832915722163,0.0009577129818484549,False
14M:A4-OL1:0.5,14M,A4-OL1,103,103,216006656,6.750105917453766,0.18118791282176971,0.18118790956424857,0.0009568205738830118,False
14M:A4-OL1:0.5,14M,A4-OL1,104,104,218103808,6.7604504227638245,0.18896281719207764,0.1889628161926175,0.0009559192721718459,False
14M:A4-OL1:0.5,14M,A4-OL1,105,105,220200960,6.717805430293083,0.21177160739898682,0.21177160292904473,0.0009550090942622149,False
14M:A4-OL1:0.5,14M,A4-OL1,106,106,222298112,6.722719252109528,0.1821156144142151,0.18211561123562958,0.0009540900578741849,False
14M:A4-OL1:0.5,14M,A4-OL1,107,107,224395264,6.687655180692673,0.17636850476264954,0.17636850608087332,0.0009531621809002862,False
14M:A4-OL1:0.5,14M,A4-OL1,108,108,226492416,6.719623103737831,0.2238232046365738,0.22382320124581284,0.0009522254814051648,False
14M:A4-OL1:0.5,14M,A4-OL1,109,109,228589568,6.69759775698185,0.1762988567352295,0.17629886179839366,0.0009512799776252301,False
14M:A4-OL1:0.5,14M,A4-OL1,110,110,230686720,6.669094309210777,0.2029394656419754,0.20293946607656502,0.0009503256879683008,False
14M:A4-OL1:0.5,14M,A4-OL1,111,111,232783872,6.675706043839455,0.19468340277671814,0.1946834027895766,0.0009493626310132458,False
14M:A4-OL1:0.5,14M,A4-OL1,112,112,234881024,6.6587483286857605,0.264535516500473,0.2645355272201241,0.0009483908255096225,False
14M:A4-OL1:0.5,14M,A4-OL1,113,113,236978176,6.674428999423981,0.2179141491651535,0.21791413519661848,0.0009474102903773126,False
14M:A4-OL1:0.5,14M,A4-OL1,114,114,239075328,6.638770028948784,0.21795447170734406,0.2179544723496035,0.0009464210447061523,False
14M:A4-OL1:0.5,14M,A4-OL1,115,115,241172480,6.639645889401436,0.17683514952659607,0.17683514510982246,0.0009454231077555622,False
14M:A4-OL1:0.5,14M,A4-OL1,116,116,243269632,6.645507022738457,0.2436266839504242,0.24362668453708164,0.0009444164989541715,False
14M:A4-OL1:0.5,14M,A4-OL1,117,117,245366784,6.654497563838959,0.1602516770362854,0.16025167375378688,0.0009434012378994395,False
14M:A4-OL1:0.5,14M,A4-OL1,118,118,247463936,6.612847283482552,0.22591812908649445,0.225918131928228,0.0009423773443572748,False
14M:A4-OL1:0.5,14M,A4-OL1,119,119,249561088,6.628313049674034,0.1772696077823639,0.17726961714881082,0.00094134483826165,False
14M:A4-OL1:0.5,14M,A4-OL1,120,120,251658240,6.587148889899254,0.21451514959335327,0.2145151454802357,0.0009403037397142138,False
14M:A4-OL1:0.5,14M,A4-OL1,121,121,253755392,6.593341499567032,0.19753900170326233,0.19753900983456893,0.0009392540689838996,False
14M:A4-OL1:0.5,14M,A4-OL1,122,122,255852544,6.575779169797897,0.21988561749458313,0.21988561347407753,0.0009381958465065305,False
14M:A4-OL1:0.5,14M,A4-OL1,123,123,257949696,6.56487512588501,0.20495478808879852,0.2049547693004933,0.0009371290928844224,False
14M:A4-OL1:0.5,14M,A4-OL1,124,124,260046848,6.563707381486893,0.19525858759880066,0.19525859701891468,0.0009360538288859819,False
14M:A4-OL1:0.5,14M,A4-OL1,125,125,262144000,6.544631987810135,0.23144711554050446,0.23144711046634045,0.0009349700754453024,False
14M:A4-OL1:0.5,14M,A4-OL1,126,126,264241152,6.57221058011055,0.18576586246490479,0.18576585905418216,0.0009338778536617566,False
14M:A4-OL1:0.5,14M,A4-OL1,127,127,266338304,6.549223959445953,0.1924283504486084,0.19242835881679396,0.0009327771847995856,False
14M:A4-OL1:0.5,14M,A4-OL1,128,128,268435456,6.5331194549798965,0.19244210422039032,0.19244210224984576,0.0009316680902874848,False
14M:A4-OL1:0.5,14M,A4-OL1,129,129,270532608,6.576626837253571,0.19350922107696533,0.19350922855914268,0.0009305505917181871,False
14M:A4-OL1:0.5,14M,A4-OL1,130,130,272629760,6.541753962635994,0.2978092133998871,0.29780921210912514,0.0009294247108480422,False
14M:A4-OL1:0.5,14M,A4-OL1,131,131,274726912,6.506651863455772,0.1953965574502945,0.19539655438177064,0.0009282904695965927,False
14M:A4-OL1:0.5,14M,A4-OL1,132,132,276824064,6.544105991721153,0.27276864647865295,0.272768654238952,0.0009271478900461485,False
14M:A4-OL1:0.5,14M,A4-OL1,133,133,278921216,6.468938857316971,0.20328575372695923,0.2032857581605319,0.0009259969944413552,False
14M:A4-OL1:0.5,14M,A4-OL1,134,134,281018368,6.5142809599637985,0.20478609204292297,0.2047860894759421,0.0009248378051887629,False
14M:A4-OL1:0.5,14M,A4-OL1,135,135,283115520,6.495569184422493,0.16917334496974945,0.1691733476811805,0.0009236703448563882,False
14M:A4-OL1:0.5,14M,A4-OL1,136,136,285212672,6.498934969305992,0.18741492927074432,0.1874149295348779,0.000922494636173276,False
14M:A4-OL1:0.5,14M,A4-OL1,137,137,287309824,6.478039413690567,0.1904199719429016,0.19041997152033396,0.000921310702029057,False
14M:A4-OL1:0.5,14M,A4-OL1,138,138,289406976,6.474649995565414,0.19164805114269257,0.19164806888217456,0.0009201185654735012,False
14M:A4-OL1:0.5,14M,A4-OL1,139,139,291504128,6.4800101816654205,0.19085250794887543,0.19085250227707634,0.0009189182497160696,False
14M:A4-OL1:0.5,14M,A4-OL1,140,140,293601280,6.497310787439346,0.226485013961792,0.22648500416424344,0.0009177097781254628,False
14M:A4-OL1:0.5,14M,A4-OL1,141,141,295698432,6.472213327884674,0.19479809701442719,0.1947981092308895,0.0009164931742291654,False
14M:A4-OL1:0.5,14M,A4-OL1,142,142,297795584,6.458596035838127,0.1943265199661255,0.19432653195007057,0.0009152684617129883,False
14M:A4-OL1:0.5,14M,A4-OL1,143,143,299892736,6.427009657025337,0.22124053537845612,0.2212405215713224,0.0009140356644206073,False
14M:A4-OL1:0.5,14M,A4-OL1,144,144,301989888,6.445367902517319,0.18378622829914093,0.1837862246904993,0.0009127948063530991,False
14M:A4-OL1:0.5,14M,A4-OL1,145,145,304087040,6.433688789606094,0.19391778111457825,0.19391779111479415,0.0009115459116684743,False
14M:A4-OL1:0.5,14M,A4-OL1,146,146,306184192,6.4503937512636185,0.2203395813703537,0.22033957712177515,0.000910289004681206,False
14M:A4-OL1:0.5,14M,A4-OL1,147,147,308281344,6.439665511250496,0.19492976367473602,0.1949297529062634,0.000909024109861758,False
14M:A4-OL1:0.5,14M,A4-OL1,148,148,310378496,6.450485795736313,0.21150095760822296,0.21150095356023144,0.0009077512518361068,False
14M:A4-OL1:0.5,14M,A4-OL1,149,149,312475648,6.414349541068077,0.2308056652545929,0.23080566830395888,0.0009064704553852638,False
14M:A4-OL1:0.5,14M,A4-OL1,150,150,314572800,6.432517319917679,0.19019274413585663,0.19019274635061953,0.0009051817454447911,False
14M:A4-OL1:0.5,14M,A4-OL1,151,151,316669952,6.431224584579468,0.2043187916278839,0.20431878325304798,0.0009038851471043173,False
14M:A4-OL1:0.5,14M,A4-OL1,152,152,318767104,6.418950125575066,0.2703216075897217,0.2703216245251166,0.0009025806856070486,False
14M:A4-OL1:0.5,14M,A4-OL1,153,153,320864256,6.395072042942047,0.20224322378635406,0.20224321308190055,0.0009012683863492776,False
14M:A4-OL1:0.5,14M,A4-OL1,154,154,322961408,6.428939342498779,0.24304664134979248,0.24304664192213227,0.0008999482748798884,False
14M:A4-OL1:0.5,14M,A4-OL1,155,155,325058560,6.395474404096603,0.2320692390203476,0.23206923756324285,0.0008986203768998591,False
14M:A4-OL1:0.5,14M,A4-OL1,156,156,327155712,6.433079957962036,0.19295410811901093,0.19295411566669818,0.0008972847182617625,False
14M:A4-OL1:0.5,14M,A4-OL1,157,157,329252864,6.3875013291835785,0.28361642360687256,0.28361642156607514,0.0008959413249692616,False
14M:A4-OL1:0.5,14M,A4-OL1,158,158,331350016,6.395385846495628,0.22953356802463531,0.2295335569172155,0.0008945902231766037,False
14M:A4-OL1:0.5,14M,A4-OL1,159,159,333447168,6.424426257610321,0.23995982110500336,0.2399598205814625,0.0008932314391881118,False
14M:A4-OL1:0.5,14M,A4-OL1,160,160,335544320,6.398980110883713,0.2423587590456009,0.2423587525622951,0.0008918649994576717,False
14M:A4-OL1:0.5,14M,A4-OL1,161,161,337641472,6.380179092288017,0.18462979793548584,0.18462980394469242,0.0008904909305882169,False
14M:A4-OL1:0.5,14M,A4-OL1,162,162,339738624,6.3896904438734055,0.21263231337070465,0.21263230538458747,0.0008891092593312118,False
14M:A4-OL1:0.5,14M,A4-OL1,163,163,341835776,6.355648085474968,0.2317325621843338,0.23173256152467095,0.0008877200125861294,False
14M:A4-OL1:0.5,14M,A4-OL1,164,164,343932928,6.395014926791191,0.19892144203186035,0.19892143982316216,0.0008863232173999288,False
14M:A4-OL1:0.5,14M,A4-OL1,165,165,346030080,6.334363594651222,0.1904786080121994,0.1904786120407787,0.0008849189009665278,False
14M:A4-OL1:0.5,14M,A4-OL1,166,166,348127232,6.354817345738411,0.2333213835954666,0.23332137629467314,0.0008835070906262741,False
14M:A4-OL1:0.5,14M,A4-OL1,167,167,350224384,6.343539863824844,0.1921136975288391,0.19211370426226132,0.0008820878138654127,False
14M:A4-OL1:0.5,14M,A4-OL1,168,168,352321536,6.319095090031624,0.22525908052921295,0.2252590784846715,0.0008806610983155505,False
14M:A4-OL1:0.5,14M,A4-OL1,169,169,354418688,6.345710590481758,0.2223067581653595,0.22230676257205792,0.0008792269717531191,False
14M:A4-OL1:0.5,14M,A4-OL1,170,170,356515840,6.322423279285431,0.21815498173236847,0.21815498276039494,0.0008777854620988331,False
14M:A4-OL1:0.5,14M,A4-OL1,171,171,358612992,6.329377934336662,0.22350218892097473,0.2235021919318395,0.0008763365974171476,False
14M:A4-OL1:0.5,14M,A4-OL1,172,172,360710144,6.342816859483719,0.18216991424560547,0.18216991213062422,0.0008748804059157103,False
14M:A4-OL1:0.5,14M,A4-OL1,173,173,362807296,6.3192455768585205,0.2553544342517853,0.25535444561904896,0.0008734169159448145,False
14M:A4-OL1:0.5,14M,A4-OL1,174,174,364904448,6.333897843956947,0.18671932816505432,0.1867193302674795,0.0008719461559968444,False
14M:A4-OL1:0.5,14M,A4-OL1,175,175,367001600,6.31339006125927,0.22810131311416626,0.22810130667948886,0.0008704681547057236,False
14M:A4-OL1:0.5,14M,A4-OL1,176,176,369098752,6.315672188997269,0.19788293540477753,0.19788294272372509,0.0008689829408463543,False
14M:A4-OL1:0.5,14M,A4-OL1,177,177,371195904,6.310032337903976,0.20676489174365997,0.20676488934051995,0.0008674905433340597,False
14M:A4-OL1:0.5,14M,A4-OL1,178,178,373293056,6.361657559871674,0.18939046561717987,0.1893904625553345,0.0008659909912240198,False
14M:A4-OL1:0.5,14M,A4-OL1,179,179,375390208,6.332587197422981,0.1878289431333542,0.1878289538451851,0.0008644843137107057,False
14M:A4-OL1:0.5,14M,A4-OL1,180,180,377487360,6.317966282367706,0.1994609534740448,0.19946095892503296,0.0008629705401273122,False
14M:A4-OL1:0.5,14M,A4-OL1,181,181,379584512,6.301119074225426,0.20129850506782532,0.20129849470737757,0.0008614496999451854,False
14M:A4-OL1:0.5,14M,A4-OL1,182,182,381681664,6.314357414841652,0.21403193473815918,0.2140319315777077,0.0008599218227732497,False
14M:A4-OL1:0.5,14M,A4-OL1,183,183,383778816,6.316782578825951,0.21192492544651031,0.21192493570979085,0.0008583869383574314,False
14M:A4-OL1:0.5,14M,A4-OL1,184,184,385875968,6.303986415266991,0.22233860194683075,0.22233859456997349,0.000856845076580079,False
14M:A4-OL1:0.5,14M,A4-OL1,185,185,387973120,6.302631601691246,0.21909934282302856,0.21909934128072459,0.0008552962674593825,False
14M:A4-OL1:0.5,14M,A4-OL1,186,186,390070272,6.308208405971527,0.2169307917356491,0.21693078700337562,0.0008537405411487875,False
14M:A4-OL1:0.5,14M,A4-OL1,187,187,392167424,6.32571966946125,0.2398749589920044,0.23987495258235508,0.0008521779279364094,False
14M:A4-OL1:0.5,14M,A4-OL1,188,188,394264576,6.304925739765167,0.23347319662570953,0.2334732057711674,0.0008506084582444434,False
14M:A4-OL1:0.5,14M,A4-OL1,189,189,396361728,6.296870172023773,0.1961902678012848,0.19619028107106173,0.0008490321626285714,False
14M:A4-OL1:0.5,14M,A4-OL1,190,190,398458880,6.2986974865198135,0.21909579634666443,0.21909578609160113,0.0008474490717773689,False
14M:A4-OL1:0.5,14M,A4-OL1,191,191,400556032,6.296151295304298,0.22144730389118195,0.22144729526010765,0.0008458592165117054,False
14M:A4-OL1:0.5,14M,A4-OL1,192,192,402653184,6.295081168413162,0.254934698343277,0.25493469602035573,0.0008442626277841459,False
14M:A4-OL1:0.5,14M,A4-OL1,193,193,404750336,6.302789658308029,0.23453515768051147,0.23453514847975532,0.0008426593366783477,False
14M:A4-OL1:0.5,14M,A4-OL1,194,194,406847488,6.265735551714897,0.24531419575214386,0.2453141882440551,0.0008410493744084555,False
14M:A4-OL1:0.5,14M,A4-OL1,195,195,408944640,6.289673447608948,0.21779468655586243,0.21779467901582608,0.0008394327723184931,False
14M:A4-OL1:0.5,14M,A4-OL1,196,196,411041792,6.2938690930604935,0.2256775051355362,0.22567751026517302,0.000837809561881754,False
14M:A4-OL1:0.5,14M,A4-OL1,197,197,413138944,6.2727184146642685,0.23336687684059143,0.2333668799273744,0.0008361797747001882,False
14M:A4-OL1:0.5,14M,A4-OL1,198,198,415236096,6.289513736963272,0.23675574362277985,0.23675574798253846,0.0008345434425037864,False
14M:A4-OL1:0.5,14M,A4-OL1,199,199,417333248,6.278545141220093,0.23226037621498108,0.23226037110798448,0.0008329005971499637,False
14M:A4-OL1:0.5,14M,A4-OL1,200,200,419430400,6.261679798364639,0.2345387190580368,0.23453871166937024,0.000831251270622938,False
14M:A4-OL1:0.5,14M,A4-OL1,201,201,421527552,6.27107647061348,0.22727042436599731,0.22727042278448054,0.0008295954950331082,False
14M:A4-OL1:0.5,14M,A4-OL1,202,202,423624704,6.26390777528286,0.2761482000350952,0.2761481933772787,0.0008279333026164282,False
14M:A4-OL1:0.5,14M,A4-OL1,203,203,425721856,6.263459175825119,0.23248569667339325,0.2324856913420466,0.0008262647257337799,False
14M:A4-OL1:0.5,14M,A4-OL1,204,204,427819008,6.257013827562332,0.24124211072921753,0.24124211123306452,0.0008245897968703434,False
14M:A4-OL1:0.5,14M,A4-OL1,205,205,429916160,6.231129482388496,0.23628216981887817,0.23628217077754204,0.0008229085486349639,False
14M:A4-OL1:0.5,14M,A4-OL1,206,206,432013312,6.235664755105972,0.2189146876335144,0.21891468397562683,0.0008212210137595174,False
14M:A4-OL1:0.5,14M,A4-OL1,207,207,434110464,6.276546597480774,0.2544834017753601,0.25448339837544454,0.0008195272250982728,False
14M:A4-OL1:0.5,14M,A4-OL1,208,208,436207616,6.239291608333588,0.23093777894973755,0.23093778210589078,0.0008178272156272531,False
14M:A4-OL1:0.5,14M,A4-OL1,209,209,438304768,6.228051245212555,0.26722896099090576,0.2672289416933481,0.0008161210184435924,False
14M:A4-OL1:0.5,14M,A4-OL1,210,210,440401920,6.248251065611839,0.24141015112400055,0.24141013851404158,0.000814408666764893,False
14M:A4-OL1:0.5,14M,A4-OL1,211,211,442499072,6.246420159935951,0.24603363871574402,0.24603364755874596,0.0008126901939285768,False
14M:A4-OL1:0.5,14M,A4-OL1,212,212,444596224,6.218488365411758,0.2333603948354721,0.23336038783363824,0.0008109656333912381,False
14M:A4-OL1:0.5,14M,A4-OL1,213,213,446693376,6.258801519870758,0.23139023780822754,0.2313902475072114,0.0008092350187279907,False
14M:A4-OL1:0.5,14M,A4-OL1,214,214,448790528,6.2068182826042175,0.21707095205783844,0.21707095029085768,0.0008074983836318155,False
14M:A4-OL1:0.5,14M,A4-OL1,215,215,450887680,6.23320971429348,0.2113484889268875,0.21134847680852212,0.0008057557619129037,False
14M:A4-OL1:0.5,14M,A4-OL1,216,216,452984832,6.237832725048065,0.21962976455688477,0.21962975855240865,0.0008040071874979986,False
14M:A4-OL1:0.5,14M,A4-OL1,217,217,455081984,6.244102135300636,0.23459123075008392,0.23459121900324867,0.0008022526944297359,False
14M:A4-OL1:0.5,14M,A4-OL1,218,218,457179136,6.26642969250679,0.2071249634027481,0.20712496737833586,0.0008004923168659799,False
14M:A4-OL1:0.5,14M,A4-OL1,219,219,459276288,6.224874258041382,0.23503054678440094,0.23503055091667596,0.0007987260890791588,False
14M:A4-OL1:0.5,14M,A4-OL1,220,220,461373440,6.214886978268623,0.22244592010974884,0.22244592295755122,0.0007969540454555983,False
14M:A4-OL1:0.5,14M,A4-OL1,221,221,463470592,6.2501766830682755,0.22893434762954712,0.22893435213242802,0.0007951762204948503,False
14M:A4-OL1:0.5,14M,A4-OL1,222,222,465567744,6.213419780135155,0.2429029792547226,0.2429029752124567,0.0007933926488090237,False
14M:A4-OL1:0.5,14M,A4-OL1,223,223,467664896,6.211140602827072,0.23001836240291595,0.23001835641050924,0.0007916033651221082,False
14M:A4-OL1:0.5,14M,A4-OL1,224,224,469762048,6.205690011382103,0.21888522803783417,0.21888521885689424,0.0007898084042692996,False
14M:A4-OL1:0.5,14M,A4-OL1,225,225,471859200,6.219912812113762,0.24331682920455933,0.2433168300224224,0.0007880078011963212,False
14M:A4-OL1:0.5,14M,A4-OL1,226,226,473956352,6.197753235697746,0.22032935917377472,0.22032935353996297,0.0007862015909587439,False
14M:A4-OL1:0.5,14M,A4-OL1,227,227,476053504,6.216249644756317,0.2249736189842224,0.22497361950785863,0.0007843898087213027,False
14M:A4-OL1:0.5,14M,A4-OL1,228,228,478150656,6.242394760251045,0.21905897557735443,0.21905898291192502,0.0007825724897572133,False
14M:A4-OL1:0.5,14M,A4-OL1,229,229,480247808,6.227592200040817,0.2529482841491699,0.2529482719426336,0.0007807496694474843,False
14M:A4-OL1:0.5,14M,A4-OL1,230,230,482344960,6.214301973581314,0.26787152886390686,0.26787151615935,0.0007789213832802293,False
14M:A4-OL1:0.5,14M,A4-OL1,231,231,484442112,6.215017423033714,0.23374062776565552,0.2337406286244458,0.0007770876668499753,False
14M:A4-OL1:0.5,14M,A4-OL1,232,232,486539264,6.199085712432861,0.25639042258262634,0.2563904372178846,0.0007752485558569699,False
14M:A4-OL1:0.5,14M,A4-OL1,233,233,488636416,6.2236138433218,0.2328842282295227,0.23288423479277637,0.000773404086106487,False
14M:A4-OL1:0.5,14M,A4-OL1,234,234,490733568,6.182978495955467,0.2525034248828888,0.25250343136132525,0.0007715542935081278,False
14M:A4-OL1:0.5,14M,A4-OL1,235,235,492830720,6.209129601716995,0.2331898808479309,0.23318988031935003,0.000769699214075124,False
14M:A4-OL1:0.5,14M,A4-OL1,236,236,494927872,6.202414348721504,0.25415411591529846,0.25415411810139793,0.0007678388839236352,False
14M:A4-OL1:0.5,14M,A4-OL1,237,237,497025024,6.216979414224625,0.2907344698905945,0.2907344839490038,0.0007659733392720463,False
14M:A4-OL1:0.5,14M,A4-OL1,238,238,499122176,6.2202944457530975,0.30417439341545105,0.304174373221145,0.0007641026164402619,False
14M:A4-OL1:0.5,14M,A4-OL1,239,239,501219328,6.230753034353256,0.3329564034938812,0.33295640845090313,0.000762226751849,False
14M:A4-OL1:0.5,14M,A4-OL1,240,240,503316480,6.225242659449577,0.30516013503074646,0.3051601347723019,0.000760345782019082,False
14M:A4-OL1:0.5,14M,A4-OL1,241,241,505413632,6.192225009202957,0.2880466878414154,0.2880466992310263,0.0007584597435707223,False
14M:A4-OL1:0.5,14M,A4-OL1,242,242,507510784,6.194348156452179,0.3381381928920746,0.33813820171353437,0.0007565686732228156,False
14M:A4-OL1:0.5,14M,A4-OL1,243,243,509607936,6.235559910535812,0.2983573377132416,0.2983573309700765,0.0007546726077922209,False
14M:A4-OL1:0.5,14M,A4-OL1,244,244,511705088,6.190824016928673,0.3135840892791748,0.3135840987675909,0.0007527715841930458,False
14M:A4-OL1:0.5,14M,A4-OL1,245,245,513802240,6.229249343276024,0.3142717480659485,0.3142717507958026,0.0007508656394359278,False
14M:A4-OL1:0.5,14M,A4-OL1,246,246,515899392,6.197790548205376,0.3526075482368469,0.3526075631957411,0.0007489548106273127,False
14M:A4-OL1:0.5,14M,A4-OL1,247,247,517996544,6.216383531689644,0.2745276987552643,0.2745276855171372,0.0007470391349687334,False
14M:A4-OL1:0.5,14M,A4-OL1,248,248,520093696,6.170265287160873,0.3113149404525757,0.3113149367157966,0.0007451186497560849,False
14M:A4-OL1:0.5,14M,A4-OL1,249,249,522190848,6.234564229846001,0.3212969899177551,0.3212969831579972,0.0007431933923788988,False
14M:A4-OL1:0.5,14M,A4-OL1,250,250,524288000,6.194965094327927,0.29916253685951233,0.2991625216659527,0.0007412634003196142,False
14M:A4-OL1:0.5,14M,A4-OL1,251,251,526385152,6.202267944812775,0.2996894121170044,0.2996894111688441,0.0007393287111528495,False
14M:A4-OL1:0.5,14M,A4-OL1,252,252,528482304,6.183519423007965,0.2754625976085663,0.2754626081958493,0.0007373893625446698,False
14M:A4-OL1:0.5,14M,A4-OL1,253,253,530579456,6.209386825561523,0.2742784917354584,0.27427848771745705,0.000735445392251854,False
14M:A4-OL1:0.5,14M,A4-OL1,254,254,532676608,6.160313501954079,0.2885441780090332,0.288544168905909,0.0007334968381211599,False
14M:A4-OL1:0.5,14M,A4-OL1,255,255,534773760,6.18991257250309,0.28709039092063904,0.28709037430111733,0.0007315437380885863,False
14M:A4-OL1:0.5,14M,A4-OL1,256,256,536870912,6.196776390075684,0.31409069895744324,0.31409069555938496,0.0007295861301786358,False
14M:A4-OL1:0.5,14M,A4-OL1,257,257,538968064,6.165714308619499,0.2726808786392212,0.272680883494753,0.0007276240525035743,False
14M:A4-OL1:0.5,14M,A4-OL1,258,258,541065216,6.226202726364136,0.2743471562862396,0.2743471465413507,0.0007256575432626875,False
14M:A4-OL1:0.5,14M,A4-OL1,259,259,543162368,6.172212406992912,0.28699493408203125,0.2869949204938308,0.0007236866407415394,False
14M:A4-OL1:0.5,14M,A4-OL1,260,260,545259520,6.199177667498589,0.2800898253917694,0.2800898169533924,0.0007217113833112257,False
14M:A4-OL1:0.5,14M,A4-OL1,261,261,547356672,6.192668378353119,0.2588561177253723,0.2588561085143732,0.0007197318094276264,False
14M:A4-OL1:0.5,14M,A4-OL1,262,262,549453824,6.166018187999725,0.2557511031627655,0.2557510931849781,0.0007177479576306582,False
14M:A4-OL1:0.5,14M,A4-OL1,263,263,551550976,6.175479099154472,0.2693936228752136,0.2693936293203186,0.0007157598665435231,False
14M:A4-OL1:0.5,14M,A4-OL1,264,264,553648128,6.2054256945848465,0.2643406391143799,0.2643406425787959,0.0007137675748719575,False
14M:A4-OL1:0.5,14M,A4-OL1,265,265,555745280,6.176821291446686,0.2701907455921173,0.2701907455733184,0.0007117711214034778,False
14M:A4-OL1:0.5,14M,A4-OL1,266,266,557842432,6.1924945414066315,0.25191202759742737,0.2519120319975733,0.0007097705450066256,False
14M:A4-OL1:0.5,14M,A4-OL1,267,267,559939584,6.151805743575096,0.27462124824523926,0.274621246703461,0.0007077658846302111,False
14M:A4-OL1:0.5,14M,A4-OL1,268,268,562036736,6.1699952483177185,0.2823221981525421,0.28232218750431337,0.0007057571793025545,False
14M:A4-OL1:0.5,14M,A4-OL1,269,269,564133888,6.1991197019815445,0.2544363737106323,0.25443636575842987,0.0007037444681307261,False
14M:A4-OL1:0.5,14M,A4-OL1,270,270,566231040,6.151775524020195,0.2763029932975769,0.27630298713350193,0.0007017277902997859,False
14M:A4-OL1:0.5,14M,A4-OL1,271,271,568328192,6.144784584641457,0.26237037777900696,0.26237035781468787,0.0006997071850720191,False
14M:A4-OL1:0.5,14M,A4-OL1,272,272,570425344,6.130946755409241,0.264358252286911,0.2643582605975769,0.000697682691786173,False
14M:A4-OL1:0.5,14M,A4-OL1,273,273,572522496,6.169411465525627,0.2702031135559082,0.27020313074624436,0.0006956543498566907,False
14M:A4-OL1:0.5,14M,A4-OL1,274,274,574619648,6.191880092024803,0.2553061842918396,0.2553062088521212,0.0006936221987729438,False
14M:A4-OL1:0.5,14M,A4-OL1,275,275,576716800,6.192144513130188,0.25812259316444397,0.25812258553712797,0.0006915862780984634,False
14M:A4-OL1:0.5,14M,A4-OL1,276,276,578813952,6.142869800329208,0.28404122591018677,0.28404123301418044,0.0006895466274701702,False
14M:A4-OL1:0.5,14M,A4-OL1,277,277,580911104,6.206385582685471,0.2876559793949127,0.287655977962897,0.0006875032865976023,False
14M:A4-OL1:0.5,14M,A4-OL1,278,278,583008256,6.183741495013237,0.31421536207199097,0.3142153655988848,0.0006854562952621425,False
14M:A4-OL1:0.5,14M,A4-OL1,279,279,585105408,6.18490244448185,0.29103225469589233,0.29103226357765977,0.0006834056933162439,False
14M:A4-OL1:0.5,14M,A4-OL1,280,280,587202560,6.2121890634298325,0.30970498919487,0.3097049770247922,0.0006813515206826536,False
14M:A4-OL1:0.5,14M,A4-OL1,281,281,589299712,6.161503374576569,0.2554660737514496,0.25546609684213445,0.0006792938173536358,False
14M:A4-OL1:0.5,14M,A4-OL1,282,282,591396864,6.197267472743988,0.27339786291122437,0.27339785022344776,0.0006772326233901931,False
14M:A4-OL1:0.5,14M,A4-OL1,283,283,593494016,6.144764468073845,0.2705942690372467,0.2705942802894826,0.0006751679789212864,False
14M:A4-OL1:0.5,14M,A4-OL1,284,284,595591168,6.160145819187164,0.26523682475090027,0.2652368205444152,0.0006730999241430542,False
14M:A4-OL1:0.5,14M,A4-OL1,285,285,597688320,6.138949289917946,0.29656121134757996,0.29656119932086583,0.0006710284993180289,False
14M:A4-OL1:0.5,14M,A4-OL1,286,286,599785472,6.168355703353882,0.2715641260147095,0.27156411912620526,0.0006689537447743542,False
14M:A4-OL1:0.5,14M,A4-OL1,287,287,601882624,6.133939430117607,0.2798997163772583,0.279899724987327,0.0006668757009049992,False
14M:A4-OL1:0.5,14M,A4-OL1,288,288,603979776,6.20576773583889,0.3578733205795288,0.3578733074906468,0.0006647944081669726,False
14M:A4-OL1:0.5,14M,A4-OL1,289,289,606076928,6.160915702581406,0.311779648065567,0.31177964325986035,0.0006627099070805338,False
14M:A4-OL1:0.5,14M,A4-OL1,290,290,608174080,6.173521712422371,0.26384878158569336,0.2638487916053792,0.0006606222382284057,False
14M:A4-OL1:0.5,14M,A4-OL1,291,291,610271232,6.121995180845261,0.2962540090084076,0.29625400572037064,0.0006585314422549834,False
14M:A4-OL1:0.5,14M,A4-OL1,292,292,612368384,6.161386147141457,0.30687573552131653,0.30687572992518997,0.0006564375598655432,False
14M:A4-OL1:0.5,14M,A4-OL1,293,293,614465536,6.098201796412468,0.29178547859191895,0.2917854829268398,0.0006543406318254507,False
14M:A4-OL1:0.5,14M,A4-OL1,294,294,616562688,6.138748690485954,0.26083120703697205,0.2608311958144251,0.0006522406989593659,False
14M:A4-OL1:0.5,14M,A4-OL1,295,295,618659840,6.153346002101898,0.32719090580940247,0.3271909126616708,0.0006501378021504498,False
14M:A4-OL1:0.5,14M,A4-OL1,296,296,620756992,6.1534576416015625,0.31525951623916626,0.3152595259316926,0.0006480319823395672,False
14M:A4-OL1:0.5,14M,A4-OL1,297,297,622854144,6.168693721294403,0.2771231234073639,0.27712314650478653,0.0006459232805244909,False
14M:A4-OL1:0.5,14M,A4-OL1,298,298,624951296,6.169536754488945,0.31165993213653564,0.3116599286615725,0.0006438117377591023,False
14M:A4-OL1:0.5,14M,A4-OL1,299,299,627048448,6.179025426506996,0.29767879843711853,0.29767877342381965,0.0006416973951525929,False
14M:A4-OL1:0.5,14M,A4-OL1,300,300,629145600,6.137389063835144,0.28548958897590637,0.285489586680987,0.0006395802938686637,False
14M:A4-OL1:0.5,14M,A4-OL1,301,301,631242752,6.1854726523160934,0.2989044785499573,0.29890447889825716,0.0006374604751247239,False
14M:A4-OL1:0.5,14M,A4-OL1,302,302,633339904,6.17872166633606,0.2698342800140381,0.26983425371756853,0.0006353379801910884,False
14M:A4-OL1:0.5,14M,A4-OL1,303,303,635437056,6.168071165680885,0.2793472409248352,0.27934724093769864,0.0006332128503901737,False
14M:A4-OL1:0.5,14M,A4-OL1,304,304,637534208,6.127213403582573,0.2928760051727295,0.29287601020514414,0.0006310851270956948,False
14M:A4-OL1:0.5,14M,A4-OL1,305,305,639631360,6.146562859416008,0.27788934111595154,0.27788932801997623,0.0006289548517318587,False
14M:A4-OL1:0.5,14M,A4-OL1,306,306,641728512,6.142059773206711,0.3053826689720154,0.3053826653077136,0.0006268220657725576,False
14M:A4-OL1:0.5,14M,A4-OL1,307,307,643825664,6.115026265382767,0.2871963083744049,0.28719631092587167,0.0006246868107405626,False
14M:A4-OL1:0.5,14M,A4-OL1,308,308,645922816,6.1927100867033005,0.3025573790073395,0.30255737239364777,0.0006225491282067144,False
14M:A4-OL1:0.5,14M,A4-OL1,309,309,648019968,6.1592748910188675,0.28595516085624695,0.2859551483263868,0.0006204090597891141,False
14M:A4-OL1:0.5,14M,A4-OL1,310,310,650117120,6.15515011548996,0.2799520194530487,0.2799520261170193,0.0006182666471523134,False
14M:A4-OL1:0.5,14M,A4-OL1,311,311,652214272,6.1479441076517105,0.2923468053340912,0.29234680125110213,0.0006161219320065028,False
14M:A4-OL1:0.5,14M,A4-OL1,312,312,654311424,6.158231645822525,0.282410591840744,0.28241057312728257,0.0006139749561067,False
14M:A4-OL1:0.5,14M,A4-OL1,313,313,656408576,6.143906995654106,0.28554296493530273,0.2855429776893661,0.0006118257612519369,False
14M:A4-OL1:0.5,14M,A4-OL1,314,314,658505728,6.146632879972458,0.27895113825798035,0.2789511267807334,0.0006096743892844458,False
14M:A4-OL1:0.5,14M,A4-OL1,315,315,660602880,6.161341354250908,0.2784873843193054,0.27848738333683704,0.0006075208820888447,False
14M:A4-OL1:0.5,14M,A4-OL1,316,316,662700032,6.158575460314751,0.27475646138191223,0.2747564653608798,0.0006053652815913218,False
14M:A4-OL1:0.5,14M,A4-OL1,317,317,664797184,6.1101642698049545,0.29248863458633423,0.292488620538554,0.0006032076297588196,False
14M:A4-OL1:0.5,14M,A4-OL1,318,318,666894336,6.134863510727882,0.2867538034915924,0.28675381992861904,0.0006010479685982174,False
14M:A4-OL1:0.5,14M,A4-OL1,319,319,668991488,6.1613157242536545,0.2677669823169708,0.2677669796149914,0.0005988863401555141,False
14M:A4-OL1:0.5,14M,A4-OL1,320,320,671088640,6.152064993977547,0.27891167998313904,0.27891165662101036,0.0005967227865150084,False
14M:A4-OL1:0.5,14M,A4-OL1,321,321,673185792,6.142472520470619,0.2895301282405853,0.28953011734964545,0.0005945573497984814,False
14M:A4-OL1:0.5,14M,A4-OL1,322,322,675282944,6.11892269551754,0.30236467719078064,0.3023646736127996,0.0005923900721643743,False
14M:A4-OL1:0.5,14M,A4-OL1,323,323,677380096,6.1531642228364944,0.33201974630355835,0.33201974174826593,0.0005902209958069696,False
14M:A4-OL1:0.5,14M,A4-OL1,324,324,679477248,6.157078251242638,0.30909496545791626,0.3090949793617567,0.0005880501629555681,False
14M:A4-OL1:0.5,14M,A4-OL1,325,325,681574400,6.133355036377907,0.30814996361732483,0.3081499720803823,0.000585877615873668,False
14M:A4-OL1:0.5,14M,A4-OL1,326,326,683671552,6.158395409584045,0.2944302260875702,0.29443022049845213,0.0005837033968581412,False
14M:A4-OL1:0.5,14M,A4-OL1,327,327,685768704,6.128750786185265,0.29235801100730896,0.2923580077662407,0.00058152754823841,False
14M:A4-OL1:0.5,14M,A4-OL1,328,328,687865856,6.148969754576683,0.29857274889945984,0.29857276560043156,0.0005793501123756235,False
14M:A4-OL1:0.5,14M,A4-OL1,329,329,689963008,6.151789680123329,0.2911219596862793,0.2911219462445187,0.0005771711316618323,False
14M:A4-OL1:0.5,14M,A4-OL1,330,330,692060160,6.135979726910591,0.29222214221954346,0.29222213998249236,0.0005749906485191633,False
14M:A4-OL1:0.5,14M,A4-OL1,331,331,694157312,6.126867771148682,0.29354044795036316,0.2935404636466357,0.0005728087053989942,False
14M:A4-OL1:0.5,14M,A4-OL1,332,332,696254464,6.1566890478134155,0.33880987763404846,0.3388098763417959,0.0005706253447811263,False
14M:A4-OL1:0.5,14M,A4-OL1,333,333,698351616,6.139831483364105,0.28863316774368286,0.28863315924835037,0.0005684406091729583,False
14M:A4-OL1:0.5,14M,A4-OL1,334,334,700448768,6.158773258328438,0.27579793334007263,0.2757979131377982,0.0005662545411086576,False
14M:A4-OL1:0.5,14M,A4-OL1,335,335,702545920,6.14414256811142,0.28304150700569153,0.28304151145041867,0.0005640671831483338,False
14M:A4-OL1:0.5,14M,A4-OL1,336,336,704643072,6.100440263748169,0.302634596824646,0.3026346076678924,0.0005618785778772084,False
14M:A4-OL1:0.5,14M,A4-OL1,337,337,706740224,6.155582576990128,0.2915651202201843,0.2915651149566169,0.0005596887679047873,False
14M:A4-OL1:0.5,14M,A4-OL1,338,338,708837376,6.113339126110077,0.2913903594017029,0.29139035639062183,0.0005574977958640298,False
14M:A4-OL1:0.5,14M,A4-OL1,339,339,710934528,6.106153830885887,0.30048298835754395,0.30048296981282074,0.00055530570441052,False
14M:A4-OL1:0.5,14M,A4-OL1,340,340,713031680,6.126064419746399,0.28213515877723694,0.2821351694963045,0.0005531125362216347,False
14M:A4-OL1:0.5,14M,A4-OL1,341,341,715128832,6.130463659763336,0.29733213782310486,0.2973321363300756,0.0005509183339957144,False
14M:A4-OL1:0.5,14M,A4-OL1,342,342,717225984,6.151599332690239,0.2947166860103607,0.29471669991636945,0.0005487231404512303,False
14M:A4-OL1:0.5,14M,A4-OL1,343,343,719323136,6.139132246375084,0.29188403487205505,0.2918840358070931,0.0005465269983259538,False
14M:A4-OL1:0.5,14M,A4-OL1,344,344,721420288,6.1220602840185165,0.29438310861587524,0.2943831093835531,0.0005443299503761237,False
14M:A4-OL1:0.5,14M,A4-OL1,345,345,723517440,6.138095736503601,0.29545310139656067,0.29545310370880473,0.0005421320393756143,False
14M:A4-OL1:0.5,14M,A4-OL1,346,346,725614592,6.135399624705315,0.2920551598072052,0.29205516000582515,0.0005399333081151029,False
14M:A4-OL1:0.5,14M,A4-OL1,347,347,727711744,6.122936576604843,0.30020421743392944,0.3002042175869442,0.0005377337994012352,False
14M:A4-OL1:0.5,14M,A4-OL1,348,348,729808896,6.12560972571373,0.3019550144672394,0.30195500990334523,0.0005355335560557942,False
14M:A4-OL1:0.5,14M,A4-OL1,349,349,731906048,6.119909346103668,0.29508718848228455,0.29508717798537365,0.0005333326209148643,False
14M:A4-OL1:0.5,14M,A4-OL1,350,350,734003200,6.122680574655533,0.29601994156837463,0.29601995346349347,0.0005311310368279989,False
14M:A4-OL1:0.5,14M,A4-OL1,351,351,736100352,6.160159096121788,0.2939581573009491,0.2939581706301805,0.0005289288466573854,False
14M:A4-OL1:0.5,14M,A4-OL1,352,352,738197504,6.127752900123596,0.3014518618583679,0.30145186606061414,0.000526726093277011,False
14M:A4-OL1:0.5,14M,A4-OL1,353,353,740294656,6.1327837109565735,0.296888142824173,0.2968881529949081,0.0005245228195718276,False
14M:A4-OL1:0.5,14M,A4-OL1,354,354,742391808,6.122143387794495,0.3013712167739868,0.301371202205377,0.0005223190684369178,False
14M:A4-OL1:0.5,14M,A4-OL1,355,355,744488960,6.130257859826088,0.2950497269630432,0.29504974835124526,0.0005201148827766586,False
14M:A4-OL1:0.5,14M,A4-OL1,356,356,746586112,6.140260353684425,0.3156672716140747,0.3156672789361599,0.0005179103055038871,False
14M:A4-OL1:0.5,14M,A4-OL1,357,357,748683264,6.1516658663749695,0.294830322265625,0.29483034273760744,0.0005157053795390641,False
14M:A4-OL1:0.5,14M,A4-OL1,358,358,750780416,6.107593581080437,0.2872290015220642,0.28722900128737927,0.0005135001478094398,False
14M:A4-OL1:0.5,14M,A4-OL1,359,359,752877568,6.177316442131996,0.2878842353820801,0.28788424078205616,0.0005112946532482165,False
14M:A4-OL1:0.5,14M,A4-OL1,360,360,754974720,6.153266951441765,0.30552077293395996,0.305520774985691,0.000509088938793714,False
14M:A4-OL1:0.5,14M,A4-OL1,361,361,757071872,6.135525852441788,0.31036925315856934,0.3103692369331847,0.0005068830473885331,False
14M:A4-OL1:0.5,14M,A4-OL1,362,362,759169024,6.129154101014137,0.2997039258480072,0.2997039416335696,0.0005046770219787191,False
14M:A4-OL1:0.5,14M,A4-OL1,363,363,761266176,6.163368910551071,0.39409077167510986,0.3940907587252735,0.0005024709055129272,False
14M:A4-OL1:0.5,14M,A4-OL1,364,364,763363328,6.128601491451263,0.30924203991889954,0.3092420602985819,0.0005002647409415843,False
14M:A4-OL1:0.5,14M,A4-OL1,365,365,765460480,6.125237539410591,0.2989005446434021,0.298900540757861,0.0004980585712160544,False
14M:A4-OL1:0.5,14M,A4-OL1,366,366,767557632,6.14807316660881,0.30113041400909424,0.30113042245794697,0.000495852439287802,False
14M:A4-OL1:0.5,14M,A4-OL1,367,367,769654784,6.1422722935676575,0.3148062229156494,0.31480622027424887,0.0004936463881075554,False
14M:A4-OL1:0.5,14M,A4-OL1,368,368,771751936,6.121278315782547,0.3141668140888214,0.3141668246770944,0.0004914404606244709,False
14M:A4-OL1:0.5,14M,A4-OL1,369,369,773849088,6.116808891296387,0.30995628237724304,0.3099562718328021,0.0004892346997852965,False
14M:A4-OL1:0.5,14M,A4-OL1,370,370,775946240,6.140217110514641,0.31620365381240845,0.3162036338530721,0.00048702914853353626,False
14M:A4-OL1:0.5,14M,A4-OL1,371,371,778043392,6.139945805072784,0.320255845785141,0.3202558475646484,0.0004848238498086133,False
14M:A4-OL1:0.5,14M,A4-OL1,372,372,780140544,6.141870215535164,0.3616448640823364,0.3616448604887385,0.00048261884654503473,False
14M:A4-OL1:0.5,14M,A4-OL1,373,373,782237696,6.120053097605705,0.3261357247829437,0.3261357121144654,0.000480414181671555,False
14M:A4-OL1:0.5,14M,A4-OL1,374,374,784334848,6.185585871338844,0.3285272717475891,0.32852728842511253,0.00047820989811034087,False
14M:A4-OL1:0.5,14M,A4-OL1,375,375,786432000,6.095866292715073,0.33007657527923584,0.3300765688691005,0.0004760060387761352,False
14M:A4-OL1:0.5,14M,A4-OL1,376,376,788529152,6.178058221936226,0.3184862434864044,0.31848624374210854,0.00047380264657542173,False
14M:A4-OL1:0.5,14M,A4-OL1,377,377,790626304,6.1513462215662,0.34528008103370667,0.34528009789390257,0.00047159976440558983,False
14M:A4-OL1:0.5,14M,A4-OL1,378,378,792723456,6.119240045547485,0.3208342492580414,0.32083425672939864,0.0004693974351540988,False
14M:A4-OL1:0.5,14M,A4-OL1,379,379,794820608,6.147418424487114,0.31834110617637634,0.318341114692954,0.0004671957016976438,False
14M:A4-OL1:0.5,14M,A4-OL1,380,380,796917760,6.1017217338085175,0.3215557634830475,0.3215557514534477,0.00046499460690132,False
14M:A4-OL1:0.5,14M,A4-OL1,381,381,799014912,6.146966397762299,0.3186660408973694,0.31866602163962104,0.00046279419361778916,False
14M:A4-OL1:0.5,14M,A4-OL1,382,382,801112064,6.132004350423813,0.3147420287132263,0.3147420247466332,0.0004605945046864444,False
14M:A4-OL1:0.5,14M,A4-OL1,383,383,803209216,6.119280397891998,0.3403030335903168,0.340303043720271,0.00045839558293257705,False
14M:A4-OL1:0.5,14M,A4-OL1,384,384,805306368,6.118295818567276,0.31779947876930237,0.31779948760569676,0.00045619747116654164,False
14M:A4-OL1:0.5,14M,A4-OL1,385,385,807403520,6.148585423827171,0.31997445225715637,0.3199744678548552,0.0004540002121829241,False
14M:A4-OL1:0.5,14M,A4-OL1,386,386,809500672,6.136353015899658,0.35426604747772217,0.35426605936986205,0.000451803848759707,False
14M:A4-OL1:0.5,14M,A4-OL1,387,387,811597824,6.112281262874603,0.3190784454345703,0.3190784386792802,0.0004496084236574379,False
14M:A4-OL1:0.5,14M,A4-OL1,388,388,813694976,6.151628285646439,0.32460248470306396,0.3246025126252744,0.00044741397961839635,False
14M:A4-OL1:0.5,14M,A4-OL1,389,389,815792128,6.128021866083145,0.3348897099494934,0.3348897144103837,0.0004452205593657614,False
14M:A4-OL1:0.5,14M,A4-OL1,390,390,817889280,6.1038088500499725,0.35169604420661926,0.3516960312146754,0.00044302820560278066,False
14M:A4-OL1:0.5,14M,A4-OL1,391,391,819986432,6.119263648986816,0.302460640668869,0.3024606419473763,0.0004408369610119381,False
14M:A4-OL1:0.5,14M,A4-OL1,392,392,822083584,6.113492205739021,0.31734582781791687,0.3173458359607837,0.00043864686825412387,False
14M:A4-OL1:0.5,14M,A4-OL1,393,393,824180736,6.119453653693199,0.33052676916122437,0.3305267544314136,0.00043645796996780265,False
14M:A4-OL1:0.5,14M,A4-OL1,394,394,826277888,6.102939307689667,0.3198677897453308,0.3198678043616779,0.0004342703087681852,False
14M:A4-OL1:0.5,14M,A4-OL1,395,395,828375040,6.094796538352966,0.32108697295188904,0.32108698194385404,0.00043208392724639657,False
14M:A4-OL1:0.5,14M,A4-OL1,396,396,830472192,6.124715223908424,0.32397332787513733,0.32397331518047146,0.00042989886796864884,False
14M:A4-OL1:0.5,14M,A4-OL1,397,397,832569344,6.113379210233688,0.3257010281085968,0.3257010324055435,0.0004277151734754113,False
14M:A4-OL1:0.5,14M,A4-OL1,398,398,834666496,6.1300428956747055,0.3388140797615051,0.3388140786332961,0.0004255328862805825,False
14M:A4-OL1:0.5,14M,A4-OL1,399,399,836763648,6.124686822295189,0.3199161887168884,0.3199162022347869,0.0004233520488706628,False
14M:A4-OL1:0.5,14M,A4-OL1,400,400,838860800,6.0928724855184555,0.3140251934528351,0.3140251760514195,0.00042117270370392655,False
14M:A4-OL1:0.5,14M,A4-OL1,401,401,840957952,6.12678025662899,0.31226256489753723,0.31226255029404365,0.00041899489320959657,False
14M:A4-OL1:0.5,14M,A4-OL1,402,402,843055104,6.138806879520416,0.3533834218978882,0.35338341798734274,0.00041681865978701675,False
14M:A4-OL1:0.5,14M,A4-OL1,403,403,845152256,6.123946011066437,0.3104626536369324,0.31046265109447524,0.00041464404580482807,False
14M:A4-OL1:0.5,14M,A4-OL1,404,404,847249408,6.102865099906921,0.33028754591941833,0.3302875462331704,0.00041247109360014204,False
14M:A4-OL1:0.5,14M,A4-OL1,405,405,849346560,6.127687603235245,0.3484169840812683,0.3484169820259668,0.00041029984547771826,False
14M:A4-OL1:0.5,14M,A4-OL1,406,406,851443712,6.106331989169121,0.33587098121643066,0.33587099254283864,0.00040813034370913915,False
14M:A4-OL1:0.5,14M,A4-OL1,407,407,853540864,6.156750380992889,0.3345992863178253,0.33459928659533344,0.00040596263053198844,False
14M:A4-OL1:0.5,14M,A4-OL1,408,408,855638016,6.107670694589615,0.3682693541049957,0.3682693548819311,0.00040379674814902753,False
14M:A4-OL1:0.5,14M,A4-OL1,409,409,857735168,6.145598515868187,0.3376687467098236,0.33766874089646337,0.0004016327387273748,False
14M:A4-OL1:0.5,14M,A4-OL1,410,410,859832320,6.105924367904663,0.32152289152145386,0.3215228967066484,0.0003994706443976843,False
14M:A4-OL1:0.5,14M,A4-OL1,411,411,861929472,6.131908640265465,0.3306359648704529,0.33063597743219836,0.0003973105072533254,False
14M:A4-OL1:0.5,14M,A4-OL1,412,412,864026624,6.140212699770927,0.3141757547855377,0.31417577209279773,0.0003951523693495637,False
14M:A4-OL1:0.5,14M,A4-OL1,413,413,866123776,6.130291983485222,0.3455938994884491,0.3455939092432635,0.00039299627270274163,False
14M:A4-OL1:0.5,14M,A4-OL1,414,414,868220928,6.112444072961807,0.3423886001110077,0.34238859791144105,0.00039084225928946124,False
14M:A4-OL1:0.5,14M,A4-OL1,415,415,870318080,6.11176210641861,0.34845253825187683,0.34845251960951323,0.0003886903710457659,False
14M:A4-OL1:0.5,14M,A4-OL1,416,416,872415232,6.12224218249321,0.3464421331882477,0.346442138364339,0.0003865406498663253,False
14M:A4-OL1:0.5,14M,A4-OL1,417,417,874512384,6.080341428518295,0.33341270685195923,0.3334127079435173,0.0003843931376036183,False
14M:A4-OL1:0.5,14M,A4-OL1,418,418,876609536,6.123857423663139,0.3239383399486542,0.3239383342334579,0.0003822478760671193,False
14M:A4-OL1:0.5,14M,A4-OL1,419,419,878706688,6.126200497150421,0.35283660888671875,0.35283661110526,0.00038010490702248347,False
14M:A4-OL1:0.5,14M,A4-OL1,420,420,880803840,6.134786397218704,0.3450751304626465,0.3450751120010034,0.00037796427219073404,False
14M:A4-OL1:0.5,14M,A4-OL1,421,421,882900992,6.110867440700531,0.3480941951274872,0.3480942015887859,0.00037582601324745007,False
14M:A4-OL1:0.5,14M,A4-OL1,422,422,884998144,6.123071670532227,0.3429345190525055,0.3429345004265883,0.00037369017182195465,False
14M:A4-OL1:0.5,14M,A4-OL1,423,423,887095296,6.117207199335098,0.3410568833351135,0.3410568803496312,0.00037155678949650506,False
14M:A4-OL1:0.5,14M,A4-OL1,424,424,889192448,6.165887221693993,0.333604633808136,0.33360463455392136,0.00036942590780548226,False
14M:A4-OL1:0.5,14M,A4-OL1,425,425,891289600,6.105110615491867,0.3431012034416199,0.34310120527061405,0.0003672975682345838,False
14M:A4-OL1:0.5,14M,A4-OL1,426,426,893386752,6.124157011508942,0.32985538244247437,0.32985538826320804,0.0003651718122200142,False
14M:A4-OL1:0.5,14M,A4-OL1,427,427,895483904,6.121993586421013,0.34899047017097473,0.3489904651411013,0.00036304868114768007,False
14M:A4-OL1:0.5,14M,A4-OL1,428,428,897581056,6.1231579184532166,0.33473849296569824,0.33473850682042994,0.00036092821635238316,False
14M:A4-OL1:0.5,14M,A4-OL1,429,429,899678208,6.084174960851669,0.3290373980998993,0.32903739007985844,0.00035881045911701604,False
14M:A4-OL1:0.5,14M,A4-OL1,430,430,901775360,6.099238961935043,0.3315993547439575,0.3315993576419003,0.00035669545067175856,False
14M:A4-OL1:0.5,14M,A4-OL1,431,431,903872512,6.106785207986832,0.33329230546951294,0.3332922874797938,0.0003545832321932746,False
14M:A4-OL1:0.5,14M,A4-OL1,432,432,905969664,6.126086309552193,0.37233051657676697,0.37233048779149236,0.00035247384480391114,False
14M:A4-OL1:0.5,14M,A4-OL1,433,433,908066816,6.129715204238892,0.35682642459869385,0.3568264264585371,0.0003503673295708969,False
14M:A4-OL1:0.5,14M,A4-OL1,434,434,910163968,6.115590319037437,0.35595449805259705,0.35595448935928115,0.0003482637275055437,False
14M:A4-OL1:0.5,14M,A4-OL1,435,435,912261120,6.117156133055687,0.35416871309280396,0.35416870685935686,0.00034616307956244656,False
14M:A4-OL1:0.5,14M,A4-OL1,436,436,914358272,6.091871678829193,0.34610801935195923,0.3461080352810531,0.00034406542663868847,False
14M:A4-OL1:0.5,14M,A4-OL1,437,437,916455424,6.104128107428551,0.4338926672935486,0.43389268564060934,0.000341970809573042,False
14M:A4-OL1:0.5,14M,A4-OL1,438,438,918552576,6.125629082322121,0.4033684730529785,0.40336845109508834,0.000339879269145176,False
14M:A4-OL1:0.5,14M,A4-OL1,439,439,920649728,6.134063273668289,0.36051005125045776,0.3605100657779257,0.0003377908460748602,False
14M:A4-OL1:0.5,14M,A4-OL1,440,440,922746880,6.103589490056038,0.3587212562561035,0.35872126456377407,0.00033570558102117377,False
14M:A4-OL1:0.5,14M,A4-OL1,441,441,924844032,6.121888816356659,0.3761183023452759,0.3761183238303023,0.0003336235145817128,False
14M:A4-OL1:0.5,14M,A4-OL1,442,442,926941184,6.116973340511322,0.3810243308544159,0.3810243246508842,0.0003315446872918,False
14M:A4-OL1:0.5,14M,A4-OL1,443,443,929038336,6.102508872747421,0.35429418087005615,0.35429416307953393,0.00032946913962369627,False
14M:A4-OL1:0.5,14M,A4-OL1,444,444,931135488,6.119914963841438,0.3448796272277832,0.34487961145459034,0.00032739691198581167,False
14M:A4-OL1:0.5,14M,A4-OL1,445,445,933232640,6.132214531302452,0.38191118836402893,0.3819111986047351,0.00032532804472191996,False
14M:A4-OL1:0.5,14M,A4-OL1,446,446,935329792,6.104513570666313,0.34476253390312195,0.3447625491140488,0.00032326257811037153,False
14M:A4-OL1:0.5,14M,A4-OL1,447,447,937426944,6.101900026202202,0.3442869484424591,0.34428695454209635,0.000321200552363311,False
14M:A4-OL1:0.5,14M,A4-OL1,448,448,939524096,6.105677679181099,0.3384269177913666,0.3384269219551935,0.00031914200762589304,False
14M:A4-OL1:0.5,14M,A4-OL1,449,449,941621248,6.104159593582153,0.34934642910957336,0.34934641113891607,0.0003170869839755016,False
14M:A4-OL1:0.5,14M,A4-OL1,450,450,943718400,6.119942992925644,0.3788353502750397,0.3788353386444871,0.000315035521420969,False
14M:A4-OL1:0.5,14M,A4-OL1,451,451,945815552,6.121196076273918,0.3647305965423584,0.36473057857456187,0.00031298765990179746,False
14M:A4-OL1:0.5,14M,A4-OL1,452,452,947912704,6.1193867623806,0.36200371384620667,0.3620037356756256,0.0003109434392873814,False
14M:A4-OL1:0.5,14M,A4-OL1,453,453,950009856,6.130782142281532,0.34338608384132385,0.3433860783387805,0.0003089028993762312,False
14M:A4-OL1:0.5,14M,A4-OL1,454,454,952107008,6.116931885480881,0.3401847183704376,0.3401847359262465,0.00030686607989519857,False
14M:A4-OL1:0.5,14M,A4-OL1,455,455,954204160,6.112497940659523,0.3508146107196808,0.35081460991096397,0.0003048330204987022,False
14M:A4-OL1:0.5,14M,A4-OL1,456,456,956301312,6.131407126784325,0.35607028007507324,0.3560702758730972,0.00030280376076795767,False
14M:A4-OL1:0.5,14M,A4-OL1,457,457,958398464,6.110408753156662,0.343279629945755,0.34327962997412526,0.00030077834021020444,False
14M:A4-OL1:0.5,14M,A4-OL1,458,458,960495616,6.152478829026222,0.33892935514450073,0.33892936473131646,0.0002987567982579387,False
14M:A4-OL1:0.5,14M,A4-OL1,459,459,962592768,6.11735862493515,0.33438706398010254,0.3343870707443247,0.00029673917426814453,False
14M:A4-OL1:0.5,14M,A4-OL1,460,460,964689920,6.10551780462265,0.3411144018173218,0.3411144156463028,0.00029472550752152813,False
14M:A4-OL1:0.5,14M,A4-OL1,461,461,966787072,6.100548878312111,0.3418179452419281,0.3418179551848971,0.0002927158372217529,False
14M:A4-OL1:0.5,14M,A4-OL1,462,462,968884224,6.115436017513275,0.33482125401496887,0.334821253399066,0.00029071020249467626,False
14M:A4-OL1:0.5,14M,A4-OL1,463,463,970981376,6.114441275596619,0.3520561754703522,0.35205617838139674,0.00028870864238758794,False
14M:A4-OL1:0.5,14M,A4-OL1,464,464,973078528,6.08617028594017,0.35484224557876587,0.35484222412408367,0.00028671119586844927,False
14M:A4-OL1:0.5,14M,A4-OL1,465,465,975175680,6.08923502266407,0.35361596941947937,0.35361596851004157,0.00028471790182513603,False
14M:A4-OL1:0.5,14M,A4-OL1,466,466,977272832,6.111072227358818,0.35216450691223145,0.35216451084620015,0.0002827287990646793,False
14M:A4-OL1:0.5,14M,A4-OL1,467,467,979369984,6.112091571092606,0.3476789593696594,0.347678957278198,0.00028074392631251125,False
14M:A4-OL1:0.5,14M,A4-OL1,468,468,981467136,6.1233872175216675,0.36232060194015503,0.3623206100382506,0.0002787633222117109,False
14M:A4-OL1:0.5,14M,A4-OL1,469,469,983564288,6.117229491472244,0.3479780852794647,0.34797809348813213,0.0002767870253222523,False
14M:A4-OL1:0.5,14M,A4-OL1,470,470,985661440,6.1385482251644135,0.3714164197444916,0.37141643195229984,0.00027481507412025196,False
14M:A4-OL1:0.5,14M,A4-OL1,471,471,987758592,6.101631611585617,0.3595695495605469,0.35956955783289385,0.0002728475069972227,False
14M:A4-OL1:0.5,14M,A4-OL1,472,472,989855744,6.106980055570602,0.3536463975906372,0.3536464057691711,0.00027088436225932344,False
14M:A4-OL1:0.5,14M,A4-OL1,473,473,991952896,6.1240154504776,0.3599700629711151,0.35997005627442363,0.0002689256781266149,False
14M:A4-OL1:0.5,14M,A4-OL1,474,474,994050048,6.112414985895157,0.37792882323265076,0.37792882169461,0.0002669714927323157,False
14M:A4-OL1:0.5,14M,A4-OL1,475,475,996147200,6.133273214101791,0.3487676978111267,0.348767706801675,0.00026502184412205876,False
14M:A4-OL1:0.5,14M,A4-OL1,476,476,998244352,6.110899895429611,0.33480316400527954,0.3348031693911159,0.0002630767702531517,False
14M:A4-OL1:0.5,14M,A4-OL1,477,477,1000341504,6.11345437169075,0.3522103726863861,0.35221038773273655,0.000261136308993837,False
14M:A4-OL1:0.5,14M,A4-OL1,478,478,1002438656,6.084308668971062,0.34590768814086914,0.3459077007357031,0.00025920049812255596,False
14M:A4-OL1:0.5,14M,A4-OL1,479,479,1004535808,6.08281897008419,0.3714619576931,0.3714619600032737,0.0002572693753272117,False
14M:A4-OL1:0.5,14M,A4-OL1,480,480,1006632960,6.139490872621536,0.3495728671550751,0.34957286829432527,0.00025534297820443654,False
14M:A4-OL1:0.5,14M,A4-OL1,481,481,1008730112,6.111421316862106,0.35463565587997437,0.35463567879685925,0.0002534213442588594,False
14M:A4-OL1:0.5,14M,A4-OL1,482,482,1010827264,6.133770123124123,0.3430277109146118,0.34302769836486285,0.0002515045109023761,False
14M:A4-OL1:0.5,14M,A4-OL1,483,483,1012924416,6.114897042512894,0.3704628646373749,0.37046285887376057,0.0002495925154534206,False
14M:A4-OL1:0.5,14M,A4-OL1,484,484,1015021568,6.10968853533268,0.35450759530067444,0.3545075829153868,0.0002476853951362389,False
14M:A4-OL1:0.5,14M,A4-OL1,485,485,1017118720,6.144094333052635,0.358881413936615,0.358881398013137,0.00024578318708016393,False
14M:A4-OL1:0.5,14M,A4-OL1,486,486,1019215872,6.103738680481911,0.3539859652519226,0.3539859431176536,0.00024388592831889257,False
14M:A4-OL1:0.5,14M,A4-OL1,487,487,1021313024,6.1136554181575775,0.3529921770095825,0.35299219167687046,0.00024199365578976534,False
14M:A4-OL1:0.5,14M,A4-OL1,488,488,1023410176,6.15137542784214,0.3466165065765381,0.3466164985865732,0.00024010640633304652,False
14M:A4-OL1:0.5,14M,A4-OL1,489,489,1025507328,6.118743851780891,0.35691800713539124,0.3569180302147517,0.00023822421669120736,False
14M:A4-OL1:0.5,14M,A4-OL1,490,490,1027604480,6.122357621788979,0.3592389225959778,0.35923892985074585,0.00023634712350821036,False
14M:A4-OL1:0.5,14M,A4-OL1,491,491,1029701632,6.108139663934708,0.3608842194080353,0.3608842318519155,0.00023447516332879688,False
14M:A4-OL1:0.5,14M,A4-OL1,492,492,1031798784,6.103232711553574,0.35031887888908386,0.3503188846140632,0.00023260837259777358,False
14M:A4-OL1:0.5,14M,A4-OL1,493,493,1033895936,6.105196073651314,0.34417229890823364,0.34417230090835715,0.00023074678765930553,False
14M:A4-OL1:0.5,14M,A4-OL1,494,494,1035993088,6.141766682267189,0.3574504852294922,0.35745049243579,0.00022889044475620646,False
14M:A4-OL1:0.5,14M,A4-OL1,495,495,1038090240,6.144330248236656,0.3531571924686432,0.3531571643831489,0.00022703938002923413,False
14M:A4-OL1:0.5,14M,A4-OL1,496,496,1040187392,6.0756111443042755,0.362215518951416,0.3622155151804809,0.00022519362951638707,False
14M:A4-OL1:0.5,14M,A4-OL1,497,497,1042284544,6.123577505350113,0.350233793258667,0.3502337793175872,0.00022335322915220185,False
14M:A4-OL1:0.5,14M,A4-OL1,498,498,1044381696,6.092175111174583,0.340469092130661,0.34046910114422396,0.0002215182147670544,False
14M:A4-OL1:0.5,14M,A4-OL1,499,499,1046478848,6.132469683885574,0.34746700525283813,0.3474669988577645,0.0002196886220864619,False
14M:A4-OL1:0.5,14M,A4-OL1,500,500,1048576000,6.142159178853035,0.3568895757198334,0.35688957939035737,0.00021786448673038816,False
14M:A4-OL1:0.5,14M,A4-OL1,501,501,1050673152,6.150016263127327,0.34892529249191284,0.3489253059404357,0.00021604584421254825,False
14M:A4-OL1:0.5,14M,A4-OL1,502,502,1052770304,6.099683567881584,0.34201154112815857,0.34201154857211646,0.00021423272993971947,False
14M:A4-OL1:0.5,14M,A4-OL1,503,503,1054867456,6.129545748233795,0.35018542408943176,0.3501854066166971,0.00021242517921105032,False
14M:A4-OL1:0.5,14M,A4-OL1,504,504,1056964608,6.08936408162117,0.35645538568496704,0.35645540858306457,0.00021062322721737364,False
14M:A4-OL1:0.5,14M,A4-OL1,505,505,1059061760,6.115185663104057,0.3489944040775299,0.3489944081536477,0.00020882690904052226,False
14M:A4-OL1:0.5,14M,A4-OL1,506,506,1061158912,6.06995952129364,0.3489903509616852,0.34899034059461004,0.00020703625965264489,False
14M:A4-OL1:0.5,14M,A4-OL1,507,507,1063256064,6.12367357313633,0.34764429926872253,0.34764430040659716,0.00020525131391552575,False
14M:A4-OL1:0.5,14M,A4-OL1,508,508,1065353216,6.102681055665016,0.3408178687095642,0.34081785744211074,0.000203472106579906,False
14M:A4-OL1:0.5,14M,A4-OL1,509,509,1067450368,6.108412936329842,0.3537442684173584,0.35374427562713445,0.00020169867228480722,False
14M:A4-OL1:0.5,14M,A4-OL1,510,510,1069547520,6.113861382007599,0.3553679585456848,0.35536796415451916,0.00019993104555685653,False
14M:A4-OL1:0.5,14M,A4-OL1,511,511,1071644672,6.133456334471703,0.3628898561000824,0.362889878608912,0.0001981692608096149,False
14M:A4-OL1:0.5,14M,A4-OL1,512,512,1073741824,6.115618214011192,0.3609083592891693,0.3609083484697811,0.0001964133523429069,False
14M:A4-OL1:0.5,14M,A4-OL1,513,513,1075838976,6.094565734267235,0.3492766320705414,0.3492766385279283,0.0001946633543421531,False
14M:A4-OL1:0.5,14M,A4-OL1,514,514,1077936128,6.093417763710022,0.3516288697719574,0.35162886055203285,0.0001929193008777041,False
14M:A4-OL1:0.5,14M,A4-OL1,515,515,1080033280,6.106675177812576,0.3773130476474762,0.37731303289942775,0.0001911812259041782,False
14M:A4-OL1:0.5,14M,A4-OL1,516,516,1082130432,6.121253505349159,0.3462066948413849,0.3462066748672404,0.0001894491632597991,False
14M:A4-OL1:0.5,14M,A4-OL1,517,517,1084227584,6.073153600096703,0.35343673825263977,0.35343672866579656,0.00018772314666573776,False
14M:A4-OL1:0.5,14M,A4-OL1,518,518,1086324736,6.112569451332092,0.34509938955307007,0.3450994060029573,0.0001860032097254563,False
14M:A4-OL1:0.5,14M,A4-OL1,519,519,1088421888,6.077999547123909,0.3516036570072174,0.351603650103405,0.00018428938592405286,False
14M:A4-OL1:0.5,14M,A4-OL1,520,520,1090519040,6.097022578120232,0.3906838893890381,0.3906838678189382,0.00018258170862761025,False
14M:A4-OL1:0.5,14M,A4-OL1,521,521,1092616192,6.0813577473163605,0.34887760877609253,0.3488776090635787,0.00018088021108254604,False
14M:A4-OL1:0.5,14M,A4-OL1,522,522,1094713344,6.080814361572266,0.3531346321105957,0.35313465937768473,0.0001791849264149662,False
14M:A4-OL1:0.5,14M,A4-OL1,523,523,1096810496,6.075867727398872,0.34855231642723083,0.34855231760359995,0.0001774958876300184,False
14M:A4-OL1:0.5,14M,A4-OL1,524,524,1098907648,6.101690366864204,0.3577899932861328,0.35778997696658904,0.00017581312761125146,False
14M:A4-OL1:0.5,14M,A4-OL1,525,525,1101004800,6.089499816298485,0.3603053390979767,0.360305341973178,0.00017413667911997372,False
14M:A4-OL1:0.5,14M,A4-OL1,526,526,1103101952,6.104413196444511,0.355430543422699,0.3554305348491809,0.00017246657479461558,False
14M:A4-OL1:0.5,14M,A4-OL1,527,527,1105199104,6.117434769868851,0.35580915212631226,0.3558091542689037,0.00017080284715009477,False
14M:A4-OL1:0.5,14M,A4-OL1,528,528,1107296256,6.093069240450859,0.3639673590660095,0.3639673456060605,0.00016914552857718207,False
14M:A4-OL1:0.5,14M,A4-OL1,529,529,1109393408,6.137949436903,0.3575020134449005,0.35750202076591364,0.00016749465134187176,False
14M:A4-OL1:0.5,14M,A4-OL1,530,530,1111490560,6.105620056390762,0.3723713159561157,0.372371322483655,0.00016585024758475271,False
14M:A4-OL1:0.5,14M,A4-OL1,531,531,1113587712,6.125538140535355,0.38481345772743225,0.3848134410869632,0.00016421234932038371,False
14M:A4-OL1:0.5,14M,A4-OL1,532,532,1115684864,6.087765857577324,0.3422468900680542,0.342246883086662,0.00016258098843666819,False
14M:A4-OL1:0.5,14M,A4-OL1,533,533,1117782016,6.1094667464494705,0.3486151695251465,0.3486151844157121,0.000160956196694236,False
14M:A4-OL1:0.5,14M,A4-OL1,534,534,1119879168,6.101640567183495,0.38443437218666077,0.3844343835320465,0.00015933800572582292,False
14M:A4-OL1:0.5,14M,A4-OL1,535,535,1121976320,6.132839351892471,0.3509208858013153,0.3509208781816838,0.0001577264470356558,False
14M:A4-OL1:0.5,14M,A4-OL1,536,536,1124073472,6.093512624502182,0.3551998734474182,0.35519985073126514,0.00015612155199883892,False
14M:A4-OL1:0.5,14M,A4-OL1,537,537,1126170624,6.105126515030861,0.3532658815383911,0.3532658759744033,0.0001545233518607438,False
14M:A4-OL1:0.5,14M,A4-OL1,538,538,1128267776,6.0823598355054855,0.35694098472595215,0.35694096346505894,0.0001529318777363997,False
14M:A4-OL1:0.5,14M,A4-OL1,539,539,1130364928,6.126183748245239,0.3581002354621887,0.35810023724937795,0.00015134716060988867,False
14M:A4-OL1:0.5,14M,A4-OL1,540,540,1132462080,6.116421654820442,0.3480544984340668,0.34805450472677024,0.00014976923133374254,False
14M:A4-OL1:0.5,14M,A4-OL1,541,541,1134559232,6.1110541969537735,0.3618393838405609,0.3618393681674698,0.00014819812062834148,False
14M:A4-OL1:0.5,14M,A4-OL1,542,542,1136656384,6.105495437979698,0.34966376423835754,0.3496637806462882,0.00014663385908131633,False
14M:A4-OL1:0.5,14M,A4-OL1,543,543,1138753536,6.109607487916946,0.36635419726371765,0.3663541896697637,0.00014507647714695327,False
14M:A4-OL1:0.5,14M,A4-OL1,544,544,1140850688,6.1384855806827545,0.34453633427619934,0.344536334913078,0.00014352600514560055,False
14M:A4-OL1:0.5,14M,A4-OL1,545,545,1142947840,6.12989604473114,0.34668827056884766,0.3466882825620753,0.00014198247326307827,False
14M:A4-OL1:0.5,14M,A4-OL1,546,546,1145044992,6.116720408201218,0.35250571370124817,0.352505710490731,0.0001404459115500913,False
14M:A4-OL1:0.5,14M,A4-OL1,547,547,1147142144,6.093701556324959,0.35211825370788574,0.3521182644777332,0.0001389163499216431,False
14M:A4-OL1:0.5,14M,A4-OL1,548,548,1149239296,6.105823814868927,0.3560786843299866,0.35607867528500264,0.00013739381815645407,False
14M:A4-OL1:0.5,14M,A4-OL1,549,549,1151336448,6.1003595888614655,0.3567434251308441,0.35674341968800827,0.00013587834589638215,False
14M:A4-OL1:0.5,14M,A4-OL1,550,550,1153433600,6.110874831676483,0.3518645465373993,0.3518645539521076,0.0001343699626458445,False
14M:A4-OL1:0.5,14M,A4-OL1,551,551,1155530752,6.113787919282913,0.34603747725486755,0.3460374779315226,0.00013286869777124434,False
14M:A4-OL1:0.5,14M,A4-OL1,552,552,1157627904,6.10983382165432,0.3584028482437134,0.35840283548620755,0.00013137458050039818,False
14M:A4-OL1:0.5,14M,A4-OL1,553,553,1159725056,6.084819778800011,0.3503583073616028,0.3503583239329653,0.00012988763992196817,False
14M:A4-OL1:0.5,14M,A4-OL1,554,554,1161822208,6.114040315151215,0.34882956743240356,0.3488295854515687,0.00012840790498489375,False
14M:A4-OL1:0.5,14M,A4-OL1,555,555,1163919360,6.114690199494362,0.3695356547832489,0.36953566964643203,0.00012693540449783025,False
14M:A4-OL1:0.5,14M,A4-OL1,556,556,1166016512,6.111997812986374,0.35205498337745667,0.35205496169370254,0.00012547016712858645,False
14M:A4-OL1:0.5,14M,A4-OL1,557,557,1168113664,6.093826159834862,0.3528542220592499,0.3528542259560156,0.00012401222140356687,False
14M:A4-OL1:0.5,14M,A4-OL1,558,558,1170210816,6.1165254563093185,0.3586181700229645,0.3586181673656124,0.00012256159570721715,False
14M:A4-OL1:0.5,14M,A4-OL1,559,559,1172307968,6.097140625119209,0.36853882670402527,0.36853882776938546,0.00012111831828147012,False
14M:A4-OL1:0.5,14M,A4-OL1,560,560,1174405120,6.0797310173511505,0.3518754839897156,0.35187548776439664,0.00011968241722519696,False
14M:A4-OL1:0.5,14M,A4-OL1,561,561,1176502272,6.1063524186611176,0.37047475576400757,0.3704747544429285,0.00011825392049365963,False
14M:A4-OL1:0.5,14M,A4-OL1,562,562,1178599424,6.108627587556839,0.3515094220638275,0.35150940329866115,0.00011683285589796732,False
14M:A4-OL1:0.5,14M,A4-OL1,563,563,1180696576,6.090335831046104,0.34685051441192627,0.34685052329284405,0.00011541925110453366,False
14M:A4-OL1:0.5,14M,A4-OL1,564,564,1182793728,6.104883447289467,0.3598915934562683,0.3598915824970594,0.0001140131336345398,False
14M:A4-OL1:0.5,14M,A4-OL1,565,565,1184890880,6.092334225773811,0.36636248230934143,0.36636247373006087,0.00011261453086339718,False
14M:A4-OL1:0.5,14M,A4-OL1,566,566,1186988032,6.083202227950096,0.3584049344062805,0.3584049427339194,0.00011122347002021527,False
14M:A4-OL1:0.5,14M,A4-OL1,567,567,1189085184,6.059715375304222,0.362266480922699,0.3622664952753589,0.00010983997818727115,False
14M:A4-OL1:0.5,14M,A4-OL1,568,568,1191182336,6.066916286945343,0.36203357577323914,0.3620335909522365,0.00010846408229948285,False
14M:A4-OL1:0.5,14M,A4-OL1,569,569,1193279488,6.115263357758522,0.3547850251197815,0.35478503007748424,0.00010709580914388406,False
14M:A4-OL1:0.5,14M,A4-OL1,570,570,1195376640,6.099699467420578,0.36565062403678894,0.3656505960231593,0.00010573518535910297,False
14M:A4-OL1:0.5,14M,A4-OL1,571,571,1197473792,6.108587458729744,0.3629932701587677,0.3629932651229039,0.00010438223743484443,False
14M:A4-OL1:0.5,14M,A4-OL1,572,572,1199570944,6.122135326266289,0.3533790409564972,0.35337902870635923,0.00010303699171137282,False
14M:A4-OL1:0.5,14M,A4-OL1,573,573,1201668096,6.082766503095627,0.35153862833976746,0.35153864201192847,0.00010169947437900024,False
14M:A4-OL1:0.5,14M,A4-OL1,574,574,1203765248,6.090699777007103,0.35682040452957153,0.3568204182182707,0.0001003697114775764,False
14M:A4-OL1:0.5,14M,A4-OL1,575,575,1205862400,6.159855037927628,0.3477308750152588,0.34773085116531566,0.0001,False
14M:A4-OL1:0.5,14M,A4-OL1,576,576,1207959552,6.071260303258896,0.35835185647010803,0.35835185134415753,0.0001,False
14M:A4-OL1:0.5,14M,A4-OL1,577,577,1210056704,6.12418819963932,0.3509698808193207,0.35096987617839254,0.0001,False
14M:A4-OL1:0.5,14M,A4-OL1,578,578,1212153856,6.129213482141495,0.3538435399532318,0.3538435425486777,0.0001,False
14M:A4-OL1:0.5,14M,A4-OL1,579,579,1214251008,6.103094920516014,0.35230153799057007,0.3523015667307997,0.0001,False
14M:A4-OL1:0.5,14M,A4-OL1,580,580,1216348160,6.112310916185379,0.3524002730846405,0.3524002606942048,0.0001,False
14M:A4-OL1:0.5,14M,A4-OL1,581,581,1218445312,6.09431017935276,0.3685864508152008,0.368586456529464,0.0001,False
14M:A4-OL1:0.5,14M,A4-OL1,582,582,1220542464,6.07717552781105,0.3601233959197998,0.3601234014292031,0.0001,False
14M:A4-OL1:0.5,14M,A4-OL1,583,583,1222639616,6.093215361237526,0.34502115845680237,0.34502113961157954,0.0001,False
14M:A4-OL1:0.5,14M,A4-OL1,584,584,1224736768,6.089286416769028,0.36448362469673157,0.36448361263368173,0.0001,False
14M:A4-OL1:0.5,14M,A4-OL1,585,585,1226833920,6.1055149137973785,0.350128173828125,0.3501281688491784,0.0001,False
14M:A4-OL1:0.5,14M,A4-OL1,586,586,1228931072,6.137681171298027,0.36717602610588074,0.36717600428575087,0.0001,False
14M:A4-OL1:0.5,14M,A4-OL1,587,587,1231028224,6.129943177103996,0.34959927201271057,0.34959925781010454,0.0001,False
14M:A4-OL1:0.5,14M,A4-OL1,588,588,1233125376,6.102133929729462,0.35676634311676025,0.3567663633823764,0.0001,False
14M:A4-OL1:0.5,14M,A4-OL1,589,589,1235222528,6.098144665360451,0.36511990427970886,0.3651199044577615,0.0001,False
14M:A4-OL1:0.5,14M,A4-OL1,590,590,1237319680,6.1423715353012085,0.35059264302253723,0.35059264716460203,0.0001,False
14M:A4-OL1:0.5,14M,A4-OL1,591,591,1239416832,6.123929634690285,0.3562358617782593,0.35623584922744017,0.0001,False
14M:A4-OL1:0.5,14M,A4-OL1,592,592,1241513984,6.114300638437271,0.3549783229827881,0.3549783313755653,0.0001,False
14M:A4-OL1:0.5,14M,A4-OL1,593,593,1243611136,6.125749483704567,0.3471205234527588,0.34712053118846997,0.0001,False
14M:A4-OL1:0.5,14M,A4-OL1,594,594,1245708288,6.09582445025444,0.35080254077911377,0.35080253345091456,0.0001,False
14M:A4-OL1:0.5,14M,A4-OL1,595,595,1247805440,6.149819508194923,0.3695579469203949,0.36955796128126295,0.0001,False
14M:A4-OL1:0.5,14M,A4-OL1,596,596,1249902592,6.134290114045143,0.35209986567497253,0.3520998716022354,0.0001,False
14M:A4-OL1:0.5,14M,A4-OL1,597,597,1251999744,6.116676941514015,0.35954296588897705,0.3595429424316571,0.0001,False
14M:A4-OL1:0.5,14M,A4-OL1,598,598,1254096896,6.128608524799347,0.371019184589386,0.3710191804011683,0.0001,False
14M:A4-OL1:0.5,14M,A4-OL1,599,599,1256194048,6.068470135331154,0.35577645897865295,0.35577644294402117,0.0001,False
14M:A4-OL1:0.5,14M,A4-OL1,600,600,1258291200,6.1057741194963455,0.358327716588974,0.35832770107746065,0.0001,False
14M:A4-OL1:0.5,14M,A4-OL1,601,601,1260388352,6.116031438112259,0.3564082384109497,0.3564082529081106,0.0001,False
14M:A4-OL1:0.5,14M,A4-OL1,602,602,1262485504,6.116110667586327,0.35955941677093506,0.35955943451847616,0.0001,False
14M:A4-OL1:0.5,14M,A4-OL1,603,603,1264582656,6.083077102899551,0.35765179991722107,0.35765181885727565,0.0001,False
14M:A4-OL1:0.5,14M,A4-OL1,604,604,1266679808,6.112509861588478,0.36298245191574097,0.3629824619215822,0.0001,False
14M:A4-OL1:0.5,14M,A4-OL1,605,605,1268776960,6.109351366758347,0.3605443835258484,0.36054439285321144,0.0001,False
14M:A4-OL1:0.5,14M,A4-OL1,606,606,1270874112,6.122883424162865,0.3612075746059418,0.36120755174247615,0.0001,False
14M:A4-OL1:0.5,14M,A4-OL1,607,607,1272971264,6.073414742946625,0.36435040831565857,0.36435040722097634,0.0001,False
14M:A4-OL1:0.5,14M,A4-OL1,608,608,1275068416,6.114099413156509,0.34860268235206604,0.3486026925915916,0.0001,False
14M:A4-OL1:0.5,14M,A4-OL1,609,609,1277165568,6.0644420981407166,0.3510022461414337,0.3510022445261487,0.0001,False
14M:A4-OL1:0.5,14M,A4-OL1,610,610,1279262720,6.134443789720535,0.3608909249305725,0.3608909121607129,0.0001,False
14M:A4-OL1:0.5,14M,A4-OL1,611,611,1281359872,6.126930549740791,0.3555768132209778,0.35557682941816887,0.0001,False
14M:A4-OL1:0.5,14M,A4-OL1,612,612,1283457024,6.112714037299156,0.3546997904777527,0.3546997700038069,0.0001,False
14M:A4-OL1:0.5,14M,A4-OL1,613,613,1285554176,6.125905007123947,0.36085009574890137,0.3608500826927588,0.0001,False
14M:A4-OL1:0.5,14M,A4-OL1,614,614,1287651328,6.128560960292816,0.35791143774986267,0.3579114361134856,0.0001,False
14M:A4-OL1:0.5,14M,A4-OL1,615,615,1289748480,6.140740543603897,0.358659029006958,0.3586590451821365,0.0001,False
14M:A4-OL1:0.5,14M,A4-OL1,616,616,1291845632,6.107556402683258,0.3593904674053192,0.3593904514995569,0.0001,False
14M:A4-OL1:0.5,14M,A4-OL1,617,617,1293942784,6.110984444618225,0.3535454273223877,0.3535454045548174,0.0001,False
14M:A4-OL1:0.5,14M,A4-OL1,618,618,1296039936,6.085459962487221,0.3598863482475281,0.3598863384919918,0.0001,False
14M:A4-OL1:0.5,14M,A4-OL1,619,619,1298137088,6.133487060666084,0.3606967628002167,0.36069676718333005,0.0001,False
14M:A4-OL1:0.5,14M,A4-OL1,620,620,1300234240,6.108318939805031,0.3662404716014862,0.3662404974365129,0.0001,False
14M:A4-OL1:0.5,14M,A4-OL1,621,621,1302331392,6.109144538640976,0.36837291717529297,0.36837293990325903,0.0001,False
14M:A4-OL1:0.5,14M,A4-OL1,622,622,1304428544,6.119972258806229,0.3532305061817169,0.35323049850690746,0.0001,False
14M:A4-OL1:0.5,14M,A4-OL1,623,623,1306525696,6.104929506778717,0.3613481819629669,0.3613481638196272,0.0001,False
14M:A4-OL1:0.5,14M,A4-OL1,624,624,1308622848,6.120037794113159,0.36162474751472473,0.3616247518249515,0.0001,False
14M:A4-OL1:0.5,14M,A4-OL1,625,625,1310720000,6.0533010214567184,0.36966586112976074,0.3696658805325447,0.0001,False
14M:A4-OL1:0.5,14M,A4-OL1,626,626,1312817152,6.104390278458595,0.38141289353370667,0.38141288985858557,0.0001,False
14M:A4-OL1:0.5,14M,A4-OL1,627,627,1314914304,6.078826457262039,0.36824914813041687,0.3682491438434826,0.0001,False
14M:A4-OL1:0.5,14M,A4-OL1,628,628,1317011456,6.116207480430603,0.3557146191596985,0.35571462138365645,0.0001,False
14M:A4-OL1:0.5,14M,A4-OL1,629,629,1319108608,6.10318860411644,0.36456045508384705,0.36456046418566873,0.0001,False
14M:A4-OL1:0.5,14M,A4-OL1,630,630,1321205760,6.119967877864838,0.3583630919456482,0.35836309515180714,0.0001,False
14M:A4-OL1:0.5,14M,A4-OL1,631,631,1323302912,6.115873277187347,0.36644142866134644,0.36644141050508655,0.0001,False
14M:A4-OL1:0.5,14M,A4-OL1,632,632,1325400064,6.088457956910133,0.35691508650779724,0.3569150835171113,0.0001,False
14M:A4-OL1:0.5,14M,A4-OL1,633,633,1327497216,6.127912193536758,0.36859554052352905,0.3685955496996554,0.0001,False
14M:A4-OL1:0.5,14M,A4-OL1,634,634,1329594368,6.1120934933424,0.36286717653274536,0.36286718576337385,0.0001,False
14M:A4-OL1:0.5,14M,A4-OL1,635,635,1331691520,6.094297826290131,0.37435707449913025,0.3743570669350441,0.0001,False
14M:A4-OL1:0.5,14M,A4-OL1,636,636,1333788672,6.103762313723564,0.3662983179092407,0.366298315655014,0.0001,False
14M:A4-OL1:0.5,14M,A4-OL1,637,637,1335885824,6.107379525899887,0.366755872964859,0.36675587906112,0.0001,False
14M:A4-OL1:0.5,14M,A4-OL1,638,638,1337982976,6.129734858870506,0.36053553223609924,0.36053551582228477,0.0001,False
14M:A4-OL1:0.5,14M,A4-OL1,639,639,1340080128,6.1047255247831345,0.3730853497982025,0.3730853380544612,0.0001,False
14M:A4-OL1:0.5,14M,A4-OL1,640,640,1342177280,6.081320479512215,0.35937997698783875,0.3593799637511926,0.0001,False
14M:A4-OL1:0.5,14M,A4-OL1,641,641,1344274432,6.083454713225365,0.3634672462940216,0.36346725900116106,0.0001,False
14M:A4-OL1:0.5,14M,A4-OL1,642,642,1346371584,6.125399366021156,0.36889147758483887,0.3688914808005172,0.0001,False
14M:A4-OL1:0.5,14M,A4-OL1,643,643,1348468736,6.098197713494301,0.3665124177932739,0.3665124353549182,0.0001,False
14M:A4-OL1:0.5,14M,A4-OL1,644,644,1350565888,6.12657804787159,0.36748597025871277,0.3674859725598799,0.0001,False
14M:A4-OL1:0.5,14M,A4-OL1,645,645,1352663040,6.1107384115457535,0.389225572347641,0.38922558136811697,0.0001,False
14M:A4-OL1:0.5,14M,A4-OL1,646,646,1354760192,6.1207642406225204,0.3603302538394928,0.3603302660153247,0.0001,False
14M:A4-OL1:0.5,14M,A4-OL1,647,647,1356857344,6.115085706114769,0.3537072241306305,0.35370720173229603,0.0001,False
14M:A4-OL1:0.5,14M,A4-OL1,648,648,1358954496,6.112169474363327,0.36181411147117615,0.3618141111853857,0.0001,False
14M:A4-OL1:0.5,14M,A4-OL1,649,649,1361051648,6.097011148929596,0.3657372295856476,0.36573724119713924,0.0001,False
14M:A4-OL1:0.5,14M,A4-OL1,650,650,1363148800,6.112390980124474,0.3592303395271301,0.3592303381923817,0.0001,False
14M:A4-OL1:0.5,14M,A4-OL1,651,651,1365245952,6.121755212545395,0.3610532283782959,0.3610532198218958,0.0001,False
14M:A4-OL1:0.5,14M,A4-OL1,652,652,1367343104,6.0964608788490295,0.35608920454978943,0.356089207222541,0.0001,False
14M:A4-OL1:0.5,14M,A4-OL1,653,653,1369440256,6.12522491812706,0.36039459705352783,0.36039460595488565,0.0001,False
14M:A4-OL1:0.5,14M,A4-OL1,654,654,1371537408,6.133914336562157,0.3709806501865387,0.3709806665690333,0.0001,False
14M:A4-OL1:0.5,14M,A4-OL1,655,655,1373634560,6.103557139635086,0.37815889716148376,0.37815890189241536,0.0001,False
14M:A4-OL1:0.5,14M,A4-OL1,656,656,1375731712,6.100306913256645,0.35822591185569763,0.3582259249337006,0.0001,False
14M:A4-OL1:0.5,14M,A4-OL1,657,657,1377828864,6.1217373460531235,0.37696632742881775,0.37696631109248996,0.0001,False
14M:A4-OL1:0.5,14M,A4-OL1,658,658,1379926016,6.105570733547211,0.36677953600883484,0.366779540321032,0.0001,False
14M:A4-OL1:0.5,14M,A4-OL1,659,659,1382023168,6.09816338121891,0.3732239902019501,0.3732239797908026,0.0001,False
14M:A4-OL1:0.5,14M,A4-OL1,660,660,1384120320,6.121689140796661,0.3735460042953491,0.37354602119190855,0.0001,False
14M:A4-OL1:0.5,14M,A4-OL1,661,661,1386217472,6.120339438319206,0.36902183294296265,0.3690218664879636,0.0001,False
14M:A4-OL1:0.5,14M,A4-OL1,662,662,1388314624,6.143237411975861,0.35721954703330994,0.35721952619879294,0.0001,False
14M:A4-OL1:0.5,14M,A4-OL1,663,663,1390411776,6.122249752283096,0.35851573944091797,0.35851575230387356,0.0001,False
14M:A4-OL1:0.5,14M,A4-OL1,664,664,1392508928,6.125759109854698,0.3667975664138794,0.3667975696260591,0.0001,False
14M:A4-OL1:0.5,14M,A4-OL1,665,665,1394606080,6.107412710785866,0.369619220495224,0.3696192125057521,0.0001,False
14M:A4-OL1:0.5,14M,A4-OL1,666,666,1396703232,6.137352138757706,0.36114975810050964,0.361149766588702,0.0001,False
14M:A4-OL1:0.5,14M,A4-OL1,667,667,1398800384,6.1289703994989395,0.3614414930343628,0.3614414938493262,0.0001,False
14M:A4-OL1:0.5,14M,A4-OL1,668,668,1400897536,6.101950228214264,0.36807772517204285,0.36807772105175546,0.0001,False
14M:A4-OL1:0.5,14M,A4-OL1,669,669,1402994688,6.10016967356205,0.37192103266716003,0.3719210134088905,0.0001,False
14M:A4-OL1:0.5,14M,A4-OL1,670,670,1405091840,6.109001711010933,0.36335358023643494,0.3633535808418557,0.0001,False
14M:A4-OL1:0.5,14M,A4-OL1,671,671,1407188992,6.118259698152542,0.3685618042945862,0.36856180688102597,0.0001,False
14M:A4-OL1:0.5,14M,A4-OL1,672,672,1409286144,6.102134704589844,0.3769698143005371,0.3769698011649414,0.0001,False
14M:A4-OL1:0.5,14M,A4-OL1,673,673,1411383296,6.1106913685798645,0.36221423745155334,0.3622142437750601,0.0001,False
14M:A4-OL1:0.5,14M,A4-OL1,674,674,1413480448,6.155823603272438,0.38559678196907043,0.3855967666955886,0.0001,False
14M:A4-OL1:0.5,14M,A4-OL1,675,675,1415577600,6.129056170582771,0.3696070909500122,0.36960709461048474,0.0001,False
14M:A4-OL1:0.5,14M,A4-OL1,676,676,1417674752,6.084783524274826,0.36689087748527527,0.3668908874100166,0.0001,False
14M:A4-OL1:0.5,14M,A4-OL1,677,677,1419771904,6.140408754348755,0.3707650303840637,0.3707650308590047,0.0001,False
14M:A4-OL1:0.5,14M,A4-OL1,678,678,1421869056,6.086998149752617,0.3732989728450775,0.37329895260271934,0.0001,False
14M:A4-OL1:0.5,14M,A4-OL1,679,679,1423966208,6.152216091752052,0.36597639322280884,0.3659763858429049,0.0001,False
14M:A4-OL1:0.5,14M,A4-OL1,680,680,1426063360,6.134488940238953,0.36595872044563293,0.36595872677762614,0.0001,False
14M:A4-OL1:0.5,14M,A4-OL1,681,681,1428160512,6.0768561363220215,0.36762356758117676,0.36762356833398474,0.0001,False
14M:A4-OL1:0.5,14M,A4-OL1,682,682,1430257664,6.091961041092873,0.36338046193122864,0.3633804429670002,0.0001,False
14M:A4-OL1:0.5,14M,A4-OL1,683,683,1432354816,6.139025703072548,0.36664581298828125,0.3666458200541593,0.0001,False
14M:A4-OL1:0.5,14M,A4-OL1,684,684,1434451968,6.13144813477993,0.36708468198776245,0.3670846787301177,0.0001,False
14M:A4-OL1:0.5,14M,A4-OL1,685,685,1436549120,6.064382418990135,0.36859551072120667,0.3685955100471479,0.0001,False
14M:A4-OL1:0.5,14M,A4-OL1,686,686,1438646272,6.1186362355947495,0.3708916902542114,0.3708917041514083,0.0001,False
14M:A4-OL1:0.5,14M,A4-OL1,687,687,1440743424,6.117734283208847,0.36949673295021057,0.3694967099330767,0.0001,False
14M:A4-OL1:0.5,14M,A4-OL1,688,688,1442840576,6.0945523381233215,0.36545687913894653,0.3654568616058066,0.0001,False
14M:A4-OL1:0.5,14M,A4-OL1,689,689,1444937728,6.089523032307625,0.3652265965938568,0.36522656467408054,0.0001,False
14M:A4-OL1:0.5,14M,A4-OL1,690,690,1447034880,6.1203311532735825,0.3702472150325775,0.37024717878412355,0.0001,False
14M:A4-OL1:0.5,14M,A4-OL1,691,691,1449132032,6.138962626457214,0.37867289781570435,0.37867289667969806,0.0001,False
14M:A4-OL1:0.5,14M,A4-OL1,692,692,1451229184,6.131436869502068,0.36579960584640503,0.3657995964775915,0.0001,False
14M:A4-OL1:0.5,14M,A4-OL1,693,693,1453326336,6.100294336676598,0.37076395750045776,0.3707639498418097,0.0001,False
14M:A4-OL1:0.5,14M,A4-OL1,694,694,1455423488,6.067964807152748,0.3837057054042816,0.38370571166057044,0.0001,False
14M:A4-OL1:0.5,14M,A4-OL1,695,695,1457520640,6.097337603569031,0.3777875602245331,0.37778754995230945,0.0001,False
14M:A4-OL1:0.5,14M,A4-OL1,696,696,1459617792,6.1051216423511505,0.371166855096817,0.3711668732127204,0.0001,False
14M:A4-OL1:0.5,14M,A4-OL1,697,697,1461714944,6.099252134561539,0.3764917254447937,0.3764917200895963,0.0001,False
14M:A4-OL1:0.5,14M,A4-OL1,698,698,1463812096,6.103434517979622,0.3682979941368103,0.3682979834269569,0.0001,False
14M:A4-OL1:0.5,14M,A4-OL1,699,699,1465909248,6.073300093412399,0.3738982081413269,0.3738981861033401,0.0001,False
14M:A4-OL1:0.5,14M,A4-OL1,700,700,1468006400,6.105468988418579,0.3651414215564728,0.3651414141254795,0.0001,False
14M:A4-OL1:0.5,14M,A4-OL1,701,701,1470103552,6.137547969818115,0.3656616508960724,0.3656616711446129,0.0001,False
14M:A4-OL1:0.5,14M,A4-OL1,702,702,1472200704,6.069527745246887,0.38092610239982605,0.38092614259657365,0.0001,False
14M:A4-OL1:0.5,14M,A4-OL1,703,703,1474297856,6.121714875102043,0.3741462230682373,0.3741462298982461,0.0001,False
14M:A4-OL1:0.5,14M,A4-OL1,704,704,1476395008,6.093677058815956,0.36834895610809326,0.36834894023038567,0.0001,False
14M:A4-OL1:0.5,14M,A4-OL1,705,705,1478492160,6.113064289093018,0.36981040239334106,0.36981039883980615,0.0001,False
14M:A4-OL1:0.5,14M,A4-OL1,706,706,1480589312,6.097696244716644,0.3766491115093231,0.3766490975830053,0.0001,False
14M:A4-OL1:0.5,14M,A4-OL1,707,707,1482686464,6.123977094888687,0.3802298307418823,0.3802298194718124,0.0001,False
14M:A4-OL1:0.5,14M,A4-OL1,708,708,1484783616,6.116806462407112,0.3676570951938629,0.3676570792229025,0.0001,False
14M:A4-OL1:0.5,14M,A4-OL1,709,709,1486880768,6.14088873565197,0.36930733919143677,0.36930732656404214,0.0001,False
14M:A4-OL1:0.5,14M,A4-OL1,710,710,1488977920,6.127786412835121,0.3686077892780304,0.36860779572399427,0.0001,False
14M:A4-OL1:0.5,14M,A4-OL1,711,711,1491075072,6.123037859797478,0.3688719570636749,0.3688719769122541,0.0001,False
14M:A4-OL1:0.5,14M,A4-OL1,712,712,1493172224,6.124030500650406,0.36691680550575256,0.3669168218144512,0.0001,False
14M:A7-OL1:0.5,14M,A7-OL1,1,1,2097152,11.027585178613663,1.171242356300354,0.999999087578028,0.0,False
14M:A7-OL1:0.5,14M,A7-OL1,2,2,4194304,11.030730843544006,1.1634812355041504,0.999999270832726,0.0001404494382022472,False
14M:A7-OL1:0.5,14M,A7-OL1,3,3,6291456,10.944813936948776,1.1559950113296509,0.9999990867422305,0.0002808988764044944,False
14M:A7-OL1:0.5,14M,A7-OL1,4,4,8388608,10.791682660579681,1.0308736562728882,0.9999990230435901,0.0004213483146067416,False
14M:A7-OL1:0.5,14M,A7-OL1,5,5,10485760,10.641863375902176,0.8978615403175354,0.8978615132379151,0.0005617977528089888,False
14M:A7-OL1:0.5,14M,A7-OL1,6,6,12582912,10.512187331914902,0.8433659076690674,0.8433659086776943,0.0007022471910112359,False
14M:A7-OL1:0.5,14M,A7-OL1,7,7,14680064,10.391602396965027,0.8575739860534668,0.85757399536285,0.0008426966292134832,False
14M:A7-OL1:0.5,14M,A7-OL1,8,8,16777216,10.287886798381805,0.863629162311554,0.8636292257109579,0.0009831460674157304,False
14M:A7-OL1:0.5,14M,A7-OL1,9,9,18874368,10.163256108760834,0.86281418800354,0.8628141406565645,0.0009999962308400703,False
14M:A7-OL1:0.5,14M,A7-OL1,10,10,20971520,10.03192937374115,0.8699184656143188,0.8699184551705036,0.0009999827974442107,False
14M:A7-OL1:0.5,14M,A7-OL1,11,11,23068672,9.919861823320389,0.8588175773620605,0.858817523156232,0.0009999596299861823,False
14M:A7-OL1:0.5,14M,A7-OL1,12,12,25165824,9.796386748552322,0.8571546077728271,0.8571546098294519,0.0009999267289170272,False
14M:A7-OL1:0.5,14M,A7-OL1,13,13,27262976,9.672859340906143,0.8633223176002502,0.8633222878039996,0.0009998840948772898,False
14M:A7-OL1:0.5,14M,A7-OL1,14,14,29360128,9.563608199357986,0.8503611087799072,0.8503610665795496,0.0009998317286970036,False
14M:A7-OL1:0.5,14M,A7-OL1,15,15,31457280,9.436711430549622,0.861050009727478,0.8610499555720857,0.0009997696313956746,False
14M:A7-OL1:0.5,14M,A7-OL1,16,16,33554432,9.342260479927063,0.8523959517478943,0.8523959748749637,0.0009996978041822626,False
14M:A7-OL1:0.5,14M,A7-OL1,17,17,35651584,9.235596895217896,0.8652551770210266,0.865255225959035,0.0009996162484551569,False
14M:A7-OL1:0.5,14M,A7-OL1,18,18,37748736,9.144030094146729,0.8449309468269348,0.8449308229773687,0.0009995249658021493,False
14M:A7-OL1:0.5,14M,A7-OL1,19,19,39845888,9.052256226539612,0.8476806879043579,0.8476806983927838,0.0009994239580004022,False
14M:A7-OL1:0.5,14M,A7-OL1,20,20,41943040,8.95989528298378,0.8406842947006226,0.840684358630789,0.0009993132270164169,False
14M:A7-OL1:0.5,14M,A7-OL1,21,21,44040192,8.88418236374855,0.8262233734130859,0.8262232727887899,0.0009991927750059911,False
14M:A7-OL1:0.5,14M,A7-OL1,22,22,46137344,8.803860515356064,0.8181626796722412,0.8181625946998237,0.0009990626043141805,False
14M:A7-OL1:0.5,14M,A7-OL1,23,23,48234496,8.720162123441696,0.801950991153717,0.8019509632271836,0.000998922717475252,False
14M:A7-OL1:0.5,14M,A7-OL1,24,24,50331648,8.642237156629562,0.7929392457008362,0.7929393477176588,0.000998773117212633,False
14M:A7-OL1:0.5,14M,A7-OL1,25,25,52428800,8.582448601722717,0.7759344577789307,0.7759345147706127,0.0009986138064388605,False
14M:A7-OL1:0.5,14M,A7-OL1,26,26,54525952,8.52597764134407,0.7690146565437317,0.7690146915000764,0.0009984447882555232,False
14M:A7-OL1:0.5,14M,A7-OL1,27,27,56623104,8.466956943273544,0.7281623482704163,0.7281623077024156,0.0009982660659532013,False
14M:A7-OL1:0.5,14M,A7-OL1,28,28,58720256,8.39888620376587,0.7154479026794434,0.7154478936029448,0.0009980776430114024,False
14M:A7-OL1:0.5,14M,A7-OL1,29,29,60817408,8.359005272388458,0.704548716545105,0.7045487309680998,0.0009978795230984941,False
14M:A7-OL1:0.5,14M,A7-OL1,30,30,62914560,8.293668150901794,0.6684818863868713,0.6684819606533274,0.0009976717100716322,False
14M:A7-OL1:0.5,14M,A7-OL1,31,31,65011712,8.25450286269188,0.6565535664558411,0.6565535625410264,0.0009974542079766858,False
14M:A7-OL1:0.5,14M,A7-OL1,32,32,67108864,8.216233640909195,0.6181870102882385,0.6181869247254775,0.0009972270210481583,False
14M:A7-OL1:0.5,14M,A7-OL1,33,33,69206016,8.175819218158722,0.5874863266944885,0.5874862736412538,0.000996990153709105,False
14M:A7-OL1:0.5,14M,A7-OL1,34,34,71303168,8.125760942697525,0.5691424608230591,0.5691425293481603,0.000996743610571048,False
14M:A7-OL1:0.5,14M,A7-OL1,35,35,73400320,8.082156136631966,0.5399747490882874,0.5399748225952173,0.0009964873964338843,False
14M:A7-OL1:0.5,14M,A7-OL1,36,36,75497472,8.026812970638275,0.5207186341285706,0.5207186175719338,0.0009962215162857945,False
14M:A7-OL1:0.5,14M,A7-OL1,37,37,77594624,8.013066038489342,0.49493634700775146,0.4949363148487153,0.0009959459753031445,False
14M:A7-OL1:0.5,14M,A7-OL1,38,38,79691776,7.995478302240372,0.4703163504600525,0.4703163014966167,0.000995660778850385,False
14M:A7-OL1:0.5,14M,A7-OL1,39,39,81788928,7.967882737517357,0.4403068423271179,0.4403068815905277,0.0009953659324799468,False
14M:A7-OL1:0.5,14M,A7-OL1,40,40,83886080,7.9412481635808945,0.42324286699295044,0.4232428349182882,0.0009950614419321332,False
14M:A7-OL1:0.5,14M,A7-OL1,41,41,85983232,7.904104366898537,0.3989405333995819,0.3989405223581842,0.0009947473131350084,False
14M:A7-OL1:0.5,14M,A7-OL1,42,42,88080384,7.889939174056053,0.377178430557251,0.3771784589401888,0.0009944235522042811,False
14M:A7-OL1:0.5,14M,A7-OL1,43,43,90177536,7.869837671518326,0.3597241938114166,0.3597241538038277,0.0009940901654431858,False
14M:A7-OL1:0.5,14M,A7-OL1,44,44,92274688,7.83842833340168,0.3444840908050537,0.34448406141649424,0.0009937471593423613,False
14M:A7-OL1:0.5,14M,A7-OL1,45,45,94371840,7.819477215409279,0.3216850161552429,0.32168506084705717,0.0009933945405797224,False
14M:A7-OL1:0.5,14M,A7-OL1,46,46,96468992,7.805937871336937,0.3091496229171753,0.30914959004695264,0.0009930323160203315,False
14M:A7-OL1:0.5,14M,A7-OL1,47,47,98566144,7.793437048792839,0.2945830821990967,0.2945830399934331,0.0009926604927162636,False
14M:A7-OL1:0.5,14M,A7-OL1,48,48,100663296,7.783147975802422,0.29045769572257996,0.2904576838584868,0.0009922790779064705,False
14M:A7-OL1:0.5,14M,A7-OL1,49,49,102760448,7.740051403641701,0.27745139598846436,0.2774514119436966,0.0009918880790166385,False
14M:A7-OL1:0.5,14M,A7-OL1,50,50,104857600,7.715254560112953,0.2776433825492859,0.27764337521124044,0.0009914875036590443,False
14M:A7-OL1:0.5,14M,A7-OL1,51,51,106954752,7.684469550848007,0.2594168782234192,0.2594168685544121,0.0009910773596324073,False
14M:A7-OL1:0.5,14M,A7-OL1,52,52,109051904,7.696398571133614,0.2442433387041092,0.244243346902048,0.0009906576549217369,False
14M:A7-OL1:0.5,14M,A7-OL1,53,53,111149056,7.691205933690071,0.2461109459400177,0.2461109655838158,0.000990228397698178,False
14M:A7-OL1:0.5,14M,A7-OL1,54,54,113246208,7.658473119139671,0.24568641185760498,0.24568641390099716,0.0009897895963188513,False
14M:A7-OL1:0.5,14M,A7-OL1,55,55,115343360,7.6204754412174225,0.24423305690288544,0.24423306910097442,0.0009893412593266898,False
14M:A7-OL1:0.5,14M,A7-OL1,56,56,117440512,7.6275263130664825,0.23106490075588226,0.23106490330538815,0.0009888833954502748,False
14M:A7-OL1:0.5,14M,A7-OL1,57,57,119537664,7.592914089560509,0.2312738597393036,0.23127384634192996,0.0009884160136036635,False
14M:A7-OL1:0.5,14M,A7-OL1,58,58,121634816,7.557989105582237,0.2278297245502472,0.2278297245361579,0.000987939122886217,False
14M:A7-OL1:0.5,14M,A7-OL1,59,59,123731968,7.5718178898096085,0.22336912155151367,0.2233691304571585,0.0009874527325824225,False
14M:A7-OL1:0.5,14M,A7-OL1,60,60,125829120,7.545022934675217,0.22369390726089478,0.2236939132486679,0.0009869568521617127,False
14M:A7-OL1:0.5,14M,A7-OL1,61,61,127926272,7.495753616094589,0.2334960401058197,0.23349604676653346,0.0009864514912782817,False
14M:A7-OL1:0.5,14M,A7-OL1,62,62,130023424,7.494961887598038,0.23422181606292725,0.23422182446808823,0.0009859366597708959,False
14M:A7-OL1:0.5,14M,A7-OL1,63,63,132120576,7.466141626238823,0.22037768363952637,0.22037768151800052,0.0009854123676627045,False
14M:A7-OL1:0.5,14M,A7-OL1,64,64,134217728,7.441287964582443,0.20992784202098846,0.20992782663148743,0.0009848786251610425,False
14M:A7-OL1:0.5,14M,A7-OL1,65,65,136314880,7.388991102576256,0.21832485496997833,0.218324843139076,0.0009843354426572327,False
14M:A7-OL1:0.5,14M,A7-OL1,66,66,138412032,7.392460212111473,0.21521107852458954,0.21521107664722017,0.0009837828307263836,False
14M:A7-OL1:0.5,14M,A7-OL1,67,67,140509184,7.3811072409152985,0.21464388072490692,0.21464387675615298,0.000983220800127183,False
14M:A7-OL1:0.5,14M,A7-OL1,68,68,142606336,7.352673128247261,0.22043824195861816,0.22043822572193178,0.000982649361801689,False
14M:A7-OL1:0.5,14M,A7-OL1,69,69,144703488,7.3357565850019455,0.22412803769111633,0.22412804344231746,0.0009820685268751167,False
14M:A7-OL1:0.5,14M,A7-OL1,70,70,146800640,7.330517530441284,0.22628755867481232,0.22628755126905736,0.0009814783066556217,False
14M:A7-OL1:0.5,14M,A7-OL1,71,71,148897792,7.3085163831710815,0.2128426432609558,0.2128426629529013,0.0009808787126340801,False
14M:A7-OL1:0.5,14M,A7-OL1,72,72,150994944,7.2507133185863495,0.22955375909805298,0.2295537770911623,0.0009802697564838645,False
14M:A7-OL1:0.5,14M,A7-OL1,73,73,153092096,7.268771931529045,0.2212216556072235,0.22122166118645106,0.0009796514500606166,False
14M:A7-OL1:0.5,14M,A7-OL1,74,74,155189248,7.240224078297615,0.21341688930988312,0.2134168816471373,0.000979023805402017,False
14M:A7-OL1:0.5,14M,A7-OL1,75,75,157286400,7.2487586587667465,0.21511781215667725,0.21511781483507317,0.0009783868347275507,False
14M:A7-OL1:0.5,14M,A7-OL1,76,76,159383552,7.195975959300995,0.2116013914346695,0.2116013928996641,0.000977740550438268,False
14M:A7-OL1:0.5,14M,A7-OL1,77,77,161480704,7.170570820569992,0.224161759018898,0.22416174238592868,0.0009770849651165455,False
14M:A7-OL1:0.5,14M,A7-OL1,78,78,163577856,7.177132248878479,0.21636152267456055,0.2163615300619029,0.0009764200915258382,False
14M:A7-OL1:0.5,14M,A7-OL1,79,79,165675008,7.152453362941742,0.20237889885902405,0.20237891477624934,0.0009757459426104335,False
14M:A7-OL1:0.5,14M,A7-OL1,80,80,167772160,7.1462661027908325,0.19908224046230316,0.19908223820876292,0.0009750625314951977,False
14M:A7-OL1:0.5,14M,A7-OL1,81,81,169869312,7.1358935832977295,0.21206225454807281,0.21206225506699553,0.0009743698714853213,False
14M:A7-OL1:0.5,14M,A7-OL1,82,82,171966464,7.091788366436958,0.2029976099729538,0.2029976244366332,0.0009736679760660594,False
14M:A7-OL1:0.5,14M,A7-OL1,83,83,174063616,7.037572517991066,0.2240065187215805,0.22400652488586165,0.0009729568589024693,False
14M:A7-OL1:0.5,14M,A7-OL1,84,84,176160768,7.060160681605339,0.1954091191291809,0.19540912844756472,0.000972236533839145,False
14M:A7-OL1:0.5,14M,A7-OL1,85,85,178257920,7.082638919353485,0.18244028091430664,0.18244028965444706,0.0009715070148999465,False
14M:A7-OL1:0.5,14M,A7-OL1,86,86,180355072,7.024650901556015,0.1903548240661621,0.1903548270872119,0.0009707683162877283,False
14M:A7-OL1:0.5,14M,A7-OL1,87,87,182452224,6.996251210570335,0.19039598107337952,0.19039596719569146,0.0009700204523840612,False
14M:A7-OL1:0.5,14M,A7-OL1,88,88,184549376,7.000370278954506,0.19914653897285461,0.19914654582415645,0.000969263437748954,False
14M:A7-OL1:0.5,14M,A7-OL1,89,89,186646528,6.98960417509079,0.17996367812156677,0.1799636676112839,0.0009684972871205686,False
14M:A7-OL1:0.5,14M,A7-OL1,90,90,188743680,7.001911878585815,0.16667169332504272,0.16667169988160632,0.0009677220154149337,False
14M:A7-OL1:0.5,14M,A7-OL1,91,91,190840832,6.961784139275551,0.18132533133029938,0.1813253383108246,0.0009669376377256549,False
14M:A7-OL1:0.5,14M,A7-OL1,92,92,192937984,6.969673588871956,0.17303623259067535,0.17303623115710817,0.0009661441693236197,False
14M:A7-OL1:0.5,14M,A7-OL1,93,93,195035136,6.937299117445946,0.17337755858898163,0.17337756282451758,0.0009653416256567013,False
14M:A7-OL1:0.5,14M,A7-OL1,94,94,197132288,6.932631328701973,0.17369793355464935,0.17369792524995736,0.0009645300223494571,False
14M:A7-OL1:0.5,14M,A7-OL1,95,95,199229440,6.900919169187546,0.16940921545028687,0.16940920652772853,0.000963709375202825,False
14M:A7-OL1:0.5,14M,A7-OL1,96,96,201326592,6.875778257846832,0.16075362265110016,0.16075362058378206,0.000962879700193815,False
14M:A7-OL1:0.5,14M,A7-OL1,97,97,203423744,6.867005243897438,0.1555260568857193,0.15552606905249672,0.0009620410134751992,False
14M:A7-OL1:0.5,14M,A7-OL1,98,98,205520896,6.875801622867584,0.16473519802093506,0.16473520060259067,0.0009611933313751969,False
14M:A7-OL1:0.5,14M,A7-OL1,99,99,207618048,6.883074849843979,0.15929555892944336,0.1592955553384967,0.0009603366703971562,False
14M:A7-OL1:0.5,14M,A7-OL1,100,100,209715200,6.846541836857796,0.15825282037258148,0.15825281631902668,0.0009594710472192336,False
14M:A7-OL1:0.5,14M,A7-OL1,101,101,211812352,6.809784576296806,0.15753860771656036,0.15753861338690894,0.0009585964786940681,False
14M:A7-OL1:0.5,14M,A7-OL1,102,102,213909504,6.817839294672012,0.16567102074623108,0.16567100756987804,0.0009577129818484549,False
14M:A7-OL1:0.5,14M,A7-OL1,103,103,216006656,6.817027717828751,0.1603280007839203,0.16032800299248542,0.0009568205738830118,False
14M:A7-OL1:0.5,14M,A7-OL1,104,104,218103808,6.826847240328789,0.15739992260932922,0.157399918114454,0.0009559192721718459,False
14M:A7-OL1:0.5,14M,A7-OL1,105,105,220200960,6.777347728610039,0.15208272635936737,0.1520827205913542,0.0009550090942622149,False
14M:A7-OL1:0.5,14M,A7-OL1,106,106,222298112,6.784997269511223,0.15161535143852234,0.15161534529557844,0.0009540900578741849,False
14M:A7-OL1:0.5,14M,A7-OL1,107,107,224395264,6.754686698317528,0.15369850397109985,0.153698505830979,0.0009531621809002862,False
14M:A7-OL1:0.5,14M,A7-OL1,108,108,226492416,6.780392497777939,0.1870170533657074,0.1870170477875949,0.0009522254814051648,False
14M:A7-OL1:0.5,14M,A7-OL1,109,109,228589568,6.756797686219215,0.17386826872825623,0.17386826683392032,0.0009512799776252301,False
14M:A7-OL1:0.5,14M,A7-OL1,110,110,230686720,6.737356022000313,0.16298170387744904,0.16298169708786492,0.0009503256879683008,False
14M:A7-OL1:0.5,14M,A7-OL1,111,111,232783872,6.741340756416321,0.1664494425058365,0.16644943417632663,0.0009493626310132458,False
14M:A7-OL1:0.5,14M,A7-OL1,112,112,234881024,6.714623108506203,0.15262827277183533,0.15262828075106938,0.0009483908255096225,False
14M:A7-OL1:0.5,14M,A7-OL1,113,113,236978176,6.73619981110096,0.16387495398521423,0.1638749510951229,0.0009474102903773126,False
14M:A7-OL1:0.5,14M,A7-OL1,114,114,239075328,6.6975992023944855,0.17133480310440063,0.17133479770215596,0.0009464210447061523,False
14M:A7-OL1:0.5,14M,A7-OL1,115,115,241172480,6.698282837867737,0.16660434007644653,0.16660434938912658,0.0009454231077555622,False
14M:A7-OL1:0.5,14M,A7-OL1,116,116,243269632,6.700436756014824,0.15549422800540924,0.15549421940110153,0.0009444164989541715,False
14M:A7-OL1:0.5,14M,A7-OL1,117,117,245366784,6.714601427316666,0.15063977241516113,0.1506397699776755,0.0009434012378994395,False
14M:A7-OL1:0.5,14M,A7-OL1,118,118,247463936,6.67236502468586,0.15673986077308655,0.15673987188165442,0.0009423773443572748,False
14M:A7-OL1:0.5,14M,A7-OL1,119,119,249561088,6.6939952820539474,0.14983628690242767,0.14983629645467217,0.00094134483826165,False
14M:A7-OL1:0.5,14M,A7-OL1,120,120,251658240,6.643625915050507,0.16943223774433136,0.16943224511966323,0.0009403037397142138,False
14M:A7-OL1:0.5,14M,A7-OL1,121,121,253755392,6.655480161309242,0.1605447679758072,0.16054476697232462,0.0009392540689838996,False
14M:A7-OL1:0.5,14M,A7-OL1,122,122,255852544,6.640917524695396,0.15170034766197205,0.15170035160900175,0.0009381958465065305,False
14M:A7-OL1:0.5,14M,A7-OL1,123,123,257949696,6.620450869202614,0.15446309745311737,0.15446309689939314,0.0009371290928844224,False
14M:A7-OL1:0.5,14M,A7-OL1,124,124,260046848,6.618834882974625,0.15228678286075592,0.1522867720563213,0.0009360538288859819,False
14M:A7-OL1:0.5,14M,A7-OL1,125,125,262144000,6.6033458560705185,0.15116098523139954,0.15116098501801736,0.0009349700754453024,False
14M:A7-OL1:0.5,14M,A7-OL1,126,126,264241152,6.63115556538105,0.15229257941246033,0.1522925816375724,0.0009338778536617566,False
14M:A7-OL1:0.5,14M,A7-OL1,127,127,266338304,6.600544571876526,0.1548628807067871,0.15486287567922558,0.0009327771847995856,False
14M:A7-OL1:0.5,14M,A7-OL1,128,128,268435456,6.590847283601761,0.1586131751537323,0.15861316427808778,0.0009316680902874848,False
14M:A7-OL1:0.5,14M,A7-OL1,129,129,270532608,6.628518968820572,0.1470528095960617,0.1470528038006052,0.0009305505917181871,False
14M:A7-OL1:0.5,14M,A7-OL1,130,130,272629760,6.594245806336403,0.16592590510845184,0.16592589843327857,0.0009294247108480422,False
14M:A7-OL1:0.5,14M,A7-OL1,131,131,274726912,6.558269038796425,0.15677547454833984,0.15677547427391875,0.0009282904695965927,False
14M:A7-OL1:0.5,14M,A7-OL1,132,132,276824064,6.607174947857857,0.16849398612976074,0.1684939913706338,0.0009271478900461485,False
14M:A7-OL1:0.5,14M,A7-OL1,133,133,278921216,6.525963708758354,0.187203049659729,0.18720304352269915,0.0009259969944413552,False
14M:A7-OL1:0.5,14M,A7-OL1,134,134,281018368,6.566162019968033,0.16354060173034668,0.16354060218367483,0.0009248378051887629,False
14M:A7-OL1:0.5,14M,A7-OL1,135,135,283115520,6.547000095248222,0.1764553338289261,0.17645533450314332,0.0009236703448563882,False
14M:A7-OL1:0.5,14M,A7-OL1,136,136,285212672,6.546453058719635,0.1677091270685196,0.167709133502154,0.000922494636173276,False
14M:A7-OL1:0.5,14M,A7-OL1,137,137,287309824,6.5306214690208435,0.16761766374111176,0.1676176695155849,0.000921310702029057,False
14M:A7-OL1:0.5,14M,A7-OL1,138,138,289406976,6.52332966029644,0.1838153898715973,0.18381540046135716,0.0009201185654735012,False
14M:A7-OL1:0.5,14M,A7-OL1,139,139,291504128,6.523107171058655,0.1695679873228073,0.16956799589045243,0.0009189182497160696,False
14M:A7-OL1:0.5,14M,A7-OL1,140,140,293601280,6.5498902797698975,0.17037509381771088,0.17037509016810104,0.0009177097781254628,False
14M:A7-OL1:0.5,14M,A7-OL1,141,141,295698432,6.524591997265816,0.16090576350688934,0.16090575686460543,0.0009164931742291654,False
14M:A7-OL1:0.5,14M,A7-OL1,142,142,297795584,6.50811105966568,0.17779414355754852,0.17779414452864784,0.0009152684617129883,False
14M:A7-OL1:0.5,14M,A7-OL1,143,143,299892736,6.476594924926758,0.18437457084655762,0.18437456892302437,0.0009140356644206073,False
14M:A7-OL1:0.5,14M,A7-OL1,144,144,301989888,6.495105013251305,0.17640171945095062,0.1764017169665991,0.0009127948063530991,False
14M:A7-OL1:0.5,14M,A7-OL1,145,145,304087040,6.4871141612529755,0.19341912865638733,0.19341912707441783,0.0009115459116684743,False
14M:A7-OL1:0.5,14M,A7-OL1,146,146,306184192,6.4980010986328125,0.17943225800991058,0.17943225091280052,0.000910289004681206,False
14M:A7-OL1:0.5,14M,A7-OL1,147,147,308281344,6.481609061360359,0.1845141500234604,0.18451414780683872,0.000909024109861758,False
14M:A7-OL1:0.5,14M,A7-OL1,148,148,310378496,6.495277225971222,0.20177119970321655,0.20177120583489014,0.0009077512518361068,False
14M:A7-OL1:0.5,14M,A7-OL1,149,149,312475648,6.455117776989937,0.18684203922748566,0.186842038718597,0.0009064704553852638,False
14M:A7-OL1:0.5,14M,A7-OL1,150,150,314572800,6.473336473107338,0.18168221414089203,0.18168221504003518,0.0009051817454447911,False
14M:A7-OL1:0.5,14M,A7-OL1,151,151,316669952,6.4721023589372635,0.1781981736421585,0.1781981764436209,0.0009038851471043173,False
14M:A7-OL1:0.5,14M,A7-OL1,152,152,318767104,6.4568105190992355,0.17067770659923553,0.17067770001388902,0.0009025806856070486,False
14M:A7-OL1:0.5,14M,A7-OL1,153,153,320864256,6.442391932010651,0.17973096668720245,0.17973096294956356,0.0009012683863492776,False
14M:A7-OL1:0.5,14M,A7-OL1,154,154,322961408,6.475251108407974,0.18285128474235535,0.1828512920231497,0.0008999482748798884,False
14M:A7-OL1:0.5,14M,A7-OL1,155,155,325058560,6.439352244138718,0.16715025901794434,0.1671502559777518,0.0008986203768998591,False
14M:A7-OL1:0.5,14M,A7-OL1,156,156,327155712,6.4684827625751495,0.1813662350177765,0.1813662339124559,0.0008972847182617625,False
14M:A7-OL1:0.5,14M,A7-OL1,157,157,329252864,6.417159795761108,0.18861974775791168,0.18861973532255286,0.0008959413249692616,False
14M:A7-OL1:0.5,14M,A7-OL1,158,158,331350016,6.431012064218521,0.17806731164455414,0.1780673021614583,0.0008945902231766037,False
14M:A7-OL1:0.5,14M,A7-OL1,159,159,333447168,6.467870682477951,0.18202847242355347,0.18202848043009742,0.0008932314391881118,False
14M:A7-OL1:0.5,14M,A7-OL1,160,160,335544320,6.435112118721008,0.1774332970380783,0.17743329322089924,0.0008918649994576717,False
14M:A7-OL1:0.5,14M,A7-OL1,161,161,337641472,6.415956646203995,0.1995321810245514,0.19953219195828703,0.0008904909305882169,False
14M:A7-OL1:0.5,14M,A7-OL1,162,162,339738624,6.425503671169281,0.1941438466310501,0.19414385194784012,0.0008891092593312118,False
14M:A7-OL1:0.5,14M,A7-OL1,163,163,341835776,6.390629708766937,0.20996630191802979,0.20996629154196683,0.0008877200125861294,False
14M:A7-OL1:0.5,14M,A7-OL1,164,164,343932928,6.428271040320396,0.20724177360534668,0.20724177328048346,0.0008863232173999288,False
14M:A7-OL1:0.5,14M,A7-OL1,165,165,346030080,6.358192160725594,0.18599410355091095,0.1859941028957284,0.0008849189009665278,False
14M:A7-OL1:0.5,14M,A7-OL1,166,166,348127232,6.379109248518944,0.20619340240955353,0.2061934132203672,0.0008835070906262741,False
14M:A7-OL1:0.5,14M,A7-OL1,167,167,350224384,6.364345967769623,0.19595928490161896,0.1959592851783704,0.0008820878138654127,False
14M:A7-OL1:0.5,14M,A7-OL1,168,168,352321536,6.340802758932114,0.18893270194530487,0.18893270319659838,0.0008806610983155505,False
14M:A7-OL1:0.5,14M,A7-OL1,169,169,354418688,6.37437941133976,0.197808176279068,0.1978081776961954,0.0008792269717531191,False
14M:A7-OL1:0.5,14M,A7-OL1,170,170,356515840,6.343521863222122,0.18488545715808868,0.1848854579493255,0.0008777854620988331,False
14M:A7-OL1:0.5,14M,A7-OL1,171,171,358612992,6.347443774342537,0.18457183241844177,0.18457183570179592,0.0008763365974171476,False
14M:A7-OL1:0.5,14M,A7-OL1,172,172,360710144,6.359580993652344,0.19851477444171906,0.19851477568792633,0.0008748804059157103,False
14M:A7-OL1:0.5,14M,A7-OL1,173,173,362807296,6.339661777019501,0.18483798205852509,0.18483797679545252,0.0008734169159448145,False
14M:A7-OL1:0.5,14M,A7-OL1,174,174,364904448,6.350520119071007,0.18697910010814667,0.18697911139846438,0.0008719461559968444,False
14M:A7-OL1:0.5,14M,A7-OL1,175,175,367001600,6.333396449685097,0.18243049085140228,0.18243049383157145,0.0008704681547057236,False
14M:A7-OL1:0.5,14M,A7-OL1,176,176,369098752,6.3325861394405365,0.18446289002895355,0.18446288030391675,0.0008689829408463543,False
14M:A7-OL1:0.5,14M,A7-OL1,177,177,371195904,6.330010235309601,0.191657155752182,0.19165714972808992,0.0008674905433340597,False
14M:A7-OL1:0.5,14M,A7-OL1,178,178,373293056,6.3760165721178055,0.1970139741897583,0.19701398509360707,0.0008659909912240198,False
14M:A7-OL1:0.5,14M,A7-OL1,179,179,375390208,6.3394625633955,0.19697360694408417,0.19697361275190148,0.0008644843137107057,False
14M:A7-OL1:0.5,14M,A7-OL1,180,180,377487360,6.329142853617668,0.1867462396621704,0.18674623215775593,0.0008629705401273122,False
14M:A7-OL1:0.5,14M,A7-OL1,181,181,379584512,6.3083557933568954,0.19418148696422577,0.1941814851828358,0.0008614496999451854,False
14M:A7-OL1:0.5,14M,A7-OL1,182,182,381681664,6.317032486200333,0.197383850812912,0.1973838378470994,0.0008599218227732497,False
14M:A7-OL1:0.5,14M,A7-OL1,183,183,383778816,6.315875560045242,0.18138137459754944,0.18138136859343956,0.0008583869383574314,False
14M:A7-OL1:0.5,14M,A7-OL1,184,184,385875968,6.295788064599037,0.19323693215847015,0.19323693097057396,0.000856845076580079,False
14M:A7-OL1:0.5,14M,A7-OL1,185,185,387973120,6.301983550190926,0.19742028415203094,0.19742029100391983,0.0008552962674593825,False
14M:A7-OL1:0.5,14M,A7-OL1,186,186,390070272,6.301886260509491,0.19739864766597748,0.1973986567938696,0.0008537405411487875,False
14M:A7-OL1:0.5,14M,A7-OL1,187,187,392167424,6.3177391439676285,0.18812143802642822,0.18812144293591443,0.0008521779279364094,False
14M:A7-OL1:0.5,14M,A7-OL1,188,188,394264576,6.292082369327545,0.18905143439769745,0.18905143471053135,0.0008506084582444434,False
14M:A7-OL1:0.5,14M,A7-OL1,189,189,396361728,6.278238579630852,0.19235765933990479,0.1923576667748634,0.0008490321626285714,False
14M:A7-OL1:0.5,14M,A7-OL1,190,190,398458880,6.292147144675255,0.18946316838264465,0.18946318135836793,0.0008474490717773689,False
14M:A7-OL1:0.5,14M,A7-OL1,191,191,400556032,6.281734108924866,0.19518829882144928,0.19518830765807993,0.0008458592165117054,False
14M:A7-OL1:0.5,14M,A7-OL1,192,192,402653184,6.283371567726135,0.20289519429206848,0.20289521181750456,0.0008442626277841459,False
14M:A7-OL1:0.5,14M,A7-OL1,193,193,404750336,6.286370247602463,0.20091775059700012,0.2009177493742307,0.0008426593366783477,False
14M:A7-OL1:0.5,14M,A7-OL1,194,194,406847488,6.234190061688423,0.2104036659002304,0.2104036615547295,0.0008410493744084555,False
14M:A7-OL1:0.5,14M,A7-OL1,195,195,408944640,6.270064577460289,0.19873881340026855,0.19873881740602425,0.0008394327723184931,False
14M:A7-OL1:0.5,14M,A7-OL1,196,196,411041792,6.267222017049789,0.2087060660123825,0.20870607363760552,0.000837809561881754,False
14M:A7-OL1:0.5,14M,A7-OL1,197,197,413138944,6.253731742501259,0.19524984061717987,0.19524982912099922,0.0008361797747001882,False
14M:A7-OL1:0.5,14M,A7-OL1,198,198,415236096,6.278850570321083,0.24971014261245728,0.24971013682226298,0.0008345434425037864,False
14M:A7-OL1:0.5,14M,A7-OL1,199,199,417333248,6.265411004424095,0.213433638215065,0.21343362481977235,0.0008329005971499637,False
14M:A7-OL1:0.5,14M,A7-OL1,200,200,419430400,6.237696543335915,0.2088056057691574,0.20880559988446004,0.000831251270622938,False
14M:A7-OL1:0.5,14M,A7-OL1,201,201,421527552,6.2458049058914185,0.21609337627887726,0.2160933780211606,0.0008295954950331082,False
14M:A7-OL1:0.5,14M,A7-OL1,202,202,423624704,6.229773968458176,0.22766737639904022,0.2276673755018819,0.0008279333026164282,False
14M:A7-OL1:0.5,14M,A7-OL1,203,203,425721856,6.224041700363159,0.20891593396663666,0.2089159380768284,0.0008262647257337799,False
14M:A7-OL1:0.5,14M,A7-OL1,204,204,427819008,6.223822861909866,0.21249958872795105,0.2124995945222576,0.0008245897968703434,False
14M:A7-OL1:0.5,14M,A7-OL1,205,205,429916160,6.196996212005615,0.20255416631698608,0.20255416284491579,0.0008229085486349639,False
14M:A7-OL1:0.5,14M,A7-OL1,206,206,432013312,6.192771881818771,0.20415864884853363,0.20415864471499431,0.0008212210137595174,False
14M:A7-OL1:0.5,14M,A7-OL1,207,207,434110464,6.241248324513435,0.21144835650920868,0.2114483474768034,0.0008195272250982728,False
14M:A7-OL1:0.5,14M,A7-OL1,208,208,436207616,6.199919268488884,0.2180616408586502,0.21806163311241894,0.0008178272156272531,False
14M:A7-OL1:0.5,14M,A7-OL1,209,209,438304768,6.184818804264069,0.21976952254772186,0.219769517889489,0.0008161210184435924,False
14M:A7-OL1:0.5,14M,A7-OL1,210,210,440401920,6.205861955881119,0.20376306772232056,0.20376306572360547,0.000814408666764893,False
14M:A7-OL1:0.5,14M,A7-OL1,211,211,442499072,6.205987438559532,0.2047625035047531,0.2047624884228154,0.0008126901939285768,False
14M:A7-OL1:0.5,14M,A7-OL1,212,212,444596224,6.168468341231346,0.2099728137254715,0.20997281220304004,0.0008109656333912381,False
14M:A7-OL1:0.5,14M,A7-OL1,213,213,446693376,6.218121036887169,0.21311090886592865,0.2131109033220325,0.0008092350187279907,False
14M:A7-OL1:0.5,14M,A7-OL1,214,214,448790528,6.161976844072342,0.21286500990390778,0.21286500149727858,0.0008074983836318155,False
14M:A7-OL1:0.5,14M,A7-OL1,215,215,450887680,6.190569907426834,0.20937378704547882,0.20937378421349984,0.0008057557619129037,False
14M:A7-OL1:0.5,14M,A7-OL1,216,216,452984832,6.189855992794037,0.2156178504228592,0.2156178450479168,0.0008040071874979986,False
14M:A7-OL1:0.5,14M,A7-OL1,217,217,455081984,6.196763098239899,0.2260558307170868,0.22605581653399004,0.0008022526944297359,False
14M:A7-OL1:0.5,14M,A7-OL1,218,218,457179136,6.213653787970543,0.2192269265651703,0.21922692229680807,0.0008004923168659799,False
14M:A7-OL1:0.5,14M,A7-OL1,219,219,459276288,6.171610817313194,0.22203665971755981,0.22203665608008583,0.0007987260890791588,False
14M:A7-OL1:0.5,14M,A7-OL1,220,220,461373440,6.164069220423698,0.2118992954492569,0.21189929737181296,0.0007969540454555983,False
14M:A7-OL1:0.5,14M,A7-OL1,221,221,463470592,6.189915180206299,0.2224869281053543,0.22248693593259802,0.0007951762204948503,False
14M:A7-OL1:0.5,14M,A7-OL1,222,222,465567744,6.152078613638878,0.23311911523342133,0.23311911356920378,0.0007933926488090237,False
14M:A7-OL1:0.5,14M,A7-OL1,223,223,467664896,6.148960635066032,0.23611433804035187,0.23611433636344553,0.0007916033651221082,False
14M:A7-OL1:0.5,14M,A7-OL1,224,224,469762048,6.147274523973465,0.21651461720466614,0.21651460408573842,0.0007898084042692996,False
14M:A7-OL1:0.5,14M,A7-OL1,225,225,471859200,6.156270116567612,0.22342021763324738,0.22342021341130322,0.0007880078011963212,False
14M:A7-OL1:0.5,14M,A7-OL1,226,226,473956352,6.134495735168457,0.2153455913066864,0.21534558496266704,0.0007862015909587439,False
14M:A7-OL1:0.5,14M,A7-OL1,227,227,476053504,6.154420241713524,0.21891699731349945,0.218916991687253,0.0007843898087213027,False
14M:A7-OL1:0.5,14M,A7-OL1,228,228,478150656,6.180574730038643,0.22060838341712952,0.22060838043722453,0.0007825724897572133,False
14M:A7-OL1:0.5,14M,A7-OL1,229,229,480247808,6.160509184002876,0.21744802594184875,0.21744802795178605,0.0007807496694474843,False
14M:A7-OL1:0.5,14M,A7-OL1,230,230,482344960,6.143993556499481,0.22085270285606384,0.22085269762503298,0.0007789213832802293,False
14M:A7-OL1:0.5,14M,A7-OL1,231,231,484442112,6.1441498547792435,0.23069292306900024,0.230692928149949,0.0007770876668499753,False
14M:A7-OL1:0.5,14M,A7-OL1,232,232,486539264,6.1425620168447495,0.22667823731899261,0.2266782365326795,0.0007752485558569699,False
14M:A7-OL1:0.5,14M,A7-OL1,233,233,488636416,6.157524093985558,0.22388796508312225,0.22388797398959778,0.000773404086106487,False
14M:A7-OL1:0.5,14M,A7-OL1,234,234,490733568,6.116446152329445,0.2227025032043457,0.22270250938035457,0.0007715542935081278,False
14M:A7-OL1:0.5,14M,A7-OL1,235,235,492830720,6.141557902097702,0.21784676611423492,0.2178467508044038,0.000769699214075124,False
14M:A7-OL1:0.5,14M,A7-OL1,236,236,494927872,6.13888643682003,0.24398115277290344,0.24398114298285134,0.0007678388839236352,False
14M:A7-OL1:0.5,14M,A7-OL1,237,237,497025024,6.151597619056702,0.238589808344841,0.23858980937728763,0.0007659733392720463,False
14M:A7-OL1:0.5,14M,A7-OL1,238,238,499122176,6.140071511268616,0.23262280225753784,0.23262280328713353,0.0007641026164402619,False
14M:A7-OL1:0.5,14M,A7-OL1,239,239,501219328,6.160125479102135,0.2578950524330139,0.25789505269891516,0.000762226751849,False
14M:A7-OL1:0.5,14M,A7-OL1,240,240,503316480,6.142055451869965,0.22854739427566528,0.22854739824262046,0.000760345782019082,False
14M:A7-OL1:0.5,14M,A7-OL1,241,241,505413632,6.1163449883461,0.2466955929994583,0.24669559661179585,0.0007584597435707223,False
14M:A7-OL1:0.5,14M,A7-OL1,242,242,507510784,6.125227332115173,0.25504517555236816,0.2550451601115927,0.0007565686732228156,False
14M:A7-OL1:0.5,14M,A7-OL1,243,243,509607936,6.16398648917675,0.24837172031402588,0.24837172229864976,0.0007546726077922209,False
14M:A7-OL1:0.5,14M,A7-OL1,244,244,511705088,6.118796959519386,0.24920278787612915,0.2492027810831469,0.0007527715841930458,False
14M:A7-OL1:0.5,14M,A7-OL1,245,245,513802240,6.148663640022278,0.2572043538093567,0.25720435366900896,0.0007508656394359278,False
14M:A7-OL1:0.5,14M,A7-OL1,246,246,515899392,6.1157524436712265,0.26609736680984497,0.26609737524381727,0.0007489548106273127,False
14M:A7-OL1:0.5,14M,A7-OL1,247,247,517996544,6.144166871905327,0.24174103140830994,0.24174101593426606,0.0007470391349687334,False
14M:A7-OL1:0.5,14M,A7-OL1,248,248,520093696,6.08497679233551,0.2416025996208191,0.2416026142494222,0.0007451186497560849,False
14M:A7-OL1:0.5,14M,A7-OL1,249,249,522190848,6.163113132119179,0.2493700087070465,0.24937002101692873,0.0007431933923788988,False
14M:A7-OL1:0.5,14M,A7-OL1,250,250,524288000,6.118123427033424,0.2500109374523163,0.2500109412028314,0.0007412634003196142,False
14M:A7-OL1:0.5,14M,A7-OL1,251,251,526385152,6.129480361938477,0.2310556322336197,0.23105563066826665,0.0007393287111528495,False
14M:A7-OL1:0.5,14M,A7-OL1,252,252,528482304,6.109765738248825,0.231193408370018,0.2311934017853905,0.0007373893625446698,False
14M:A7-OL1:0.5,14M,A7-OL1,253,253,530579456,6.140844985842705,0.2343258261680603,0.23432583422109124,0.000735445392251854,False
14M:A7-OL1:0.5,14M,A7-OL1,254,254,532676608,6.087112277746201,0.224785715341568,0.2247857179280137,0.0007334968381211599,False
14M:A7-OL1:0.5,14M,A7-OL1,255,255,534773760,6.110404402017593,0.2392333447933197,0.23923335185081715,0.0007315437380885863,False
14M:A7-OL1:0.5,14M,A7-OL1,256,256,536870912,6.101315304636955,0.24578918516635895,0.24578917840482148,0.0007295861301786358,False
14M:A7-OL1:0.5,14M,A7-OL1,257,257,538968064,6.07986843585968,0.23163729906082153,0.23163730593499132,0.0007276240525035743,False
14M:A7-OL1:0.5,14M,A7-OL1,258,258,541065216,6.1484260112047195,0.24124732613563538,0.24124731119211806,0.0007256575432626875,False
14M:A7-OL1:0.5,14M,A7-OL1,259,259,543162368,6.09215584397316,0.22775357961654663,0.22775358742529808,0.0007236866407415394,False
14M:A7-OL1:0.5,14M,A7-OL1,260,260,545259520,6.108164206147194,0.2347271591424942,0.23472715880523118,0.0007217113833112257,False
14M:A7-OL1:0.5,14M,A7-OL1,261,261,547356672,6.1107992976903915,0.23381617665290833,0.2338161838880061,0.0007197318094276264,False
14M:A7-OL1:0.5,14M,A7-OL1,262,262,549453824,6.088909685611725,0.2412341684103012,0.24123417645060719,0.0007177479576306582,False
14M:A7-OL1:0.5,14M,A7-OL1,263,263,551550976,6.094315871596336,0.23013077676296234,0.230130769498998,0.0007157598665435231,False
14M:A7-OL1:0.5,14M,A7-OL1,264,264,553648128,6.119141727685928,0.22748182713985443,0.22748182554861351,0.0007137675748719575,False
14M:A7-OL1:0.5,14M,A7-OL1,265,265,555745280,6.081440582871437,0.23528003692626953,0.23528003512618392,0.0007117711214034778,False
14M:A7-OL1:0.5,14M,A7-OL1,266,266,557842432,6.099417567253113,0.23187707364559174,0.23187707251377587,0.0007097705450066256,False
14M:A7-OL1:0.5,14M,A7-OL1,267,267,559939584,6.047487676143646,0.2475711852312088,0.2475711882398473,0.0007077658846302111,False
14M:A7-OL1:0.5,14M,A7-OL1,268,268,562036736,6.0759755820035934,0.2425997406244278,0.2425997441476585,0.0007057571793025545,False
14M:A7-OL1:0.5,14M,A7-OL1,269,269,564133888,6.1043857634067535,0.229773610830307,0.2297735894371609,0.0007037444681307261,False
14M:A7-OL1:0.5,14M,A7-OL1,270,270,566231040,6.0510131269693375,0.25029778480529785,0.2502977922457781,0.0007017277902997859,False
14M:A7-OL1:0.5,14M,A7-OL1,271,271,568328192,6.043149933218956,0.2467973232269287,0.24679731826151455,0.0006997071850720191,False
14M:A7-OL1:0.5,14M,A7-OL1,272,272,570425344,6.020649313926697,0.23103253543376923,0.2310325349811062,0.000697682691786173,False
14M:A7-OL1:0.5,14M,A7-OL1,273,273,572522496,6.070022702217102,0.2536434531211853,0.2536434401938468,0.0006956543498566907,False
14M:A7-OL1:0.5,14M,A7-OL1,274,274,574619648,6.0996227860450745,0.24244964122772217,0.24244964487803436,0.0006936221987729438,False
14M:A7-OL1:0.5,14M,A7-OL1,275,275,576716800,6.089790299534798,0.2458893358707428,0.2458893399571419,0.0006915862780984634,False
14M:A7-OL1:0.5,14M,A7-OL1,276,276,578813952,6.02618408203125,0.2494661957025528,0.24946619195754147,0.0006895466274701702,False
14M:A7-OL1:0.5,14M,A7-OL1,277,277,580911104,6.102708742022514,0.2394947111606598,0.23949471934111274,0.0006875032865976023,False
14M:A7-OL1:0.5,14M,A7-OL1,278,278,583008256,6.082218751311302,0.2622675895690918,0.26226757876363854,0.0006854562952621425,False
14M:A7-OL1:0.5,14M,A7-OL1,279,279,585105408,6.079023778438568,0.2602742314338684,0.26027421572635934,0.0006834056933162439,False
14M:A7-OL1:0.5,14M,A7-OL1,280,280,587202560,6.101738095283508,0.2437569499015808,0.24375694925537403,0.0006813515206826536,False
14M:A7-OL1:0.5,14M,A7-OL1,281,281,589299712,6.057712733745575,0.2433578372001648,0.24335783623108626,0.0006792938173536358,False
14M:A7-OL1:0.5,14M,A7-OL1,282,282,591396864,6.099378049373627,0.25125035643577576,0.2512503520562165,0.0006772326233901931,False
14M:A7-OL1:0.5,14M,A7-OL1,283,283,593494016,6.035623878240585,0.2477577179670334,0.24775771925885423,0.0006751679789212864,False
14M:A7-OL1:0.5,14M,A7-OL1,284,284,595591168,6.058447018265724,0.2451019138097763,0.2451019062573275,0.0006730999241430542,False
14M:A7-OL1:0.5,14M,A7-OL1,285,285,597688320,6.0395175367593765,0.26343581080436707,0.26343583297633444,0.0006710284993180289,False
14M:A7-OL1:0.5,14M,A7-OL1,286,286,599785472,6.06450879573822,0.24234814941883087,0.24234815311894864,0.0006689537447743542,False
14M:A7-OL1:0.5,14M,A7-OL1,287,287,601882624,6.024297297000885,0.25960516929626465,0.2596051658689977,0.0006668757009049992,False
14M:A7-OL1:0.5,14M,A7-OL1,288,288,603979776,6.089948415756226,0.2586941719055176,0.258694187197828,0.0006647944081669726,False
14M:A7-OL1:0.5,14M,A7-OL1,289,289,606076928,6.041847318410873,0.24092333018779755,0.24092333519360898,0.0006627099070805338,False
14M:A7-OL1:0.5,14M,A7-OL1,290,290,608174080,6.058367744088173,0.26678457856178284,0.2667845948931036,0.0006606222382284057,False
14M:A7-OL1:0.5,14M,A7-OL1,291,291,610271232,5.997870787978172,0.249852254986763,0.24985225453639204,0.0006585314422549834,False
14M:A7-OL1:0.5,14M,A7-OL1,292,292,612368384,6.0572318732738495,0.2653481662273407,0.2653481614746709,0.0006564375598655432,False
14M:A7-OL1:0.5,14M,A7-OL1,293,293,614465536,5.984266757965088,0.24486498534679413,0.24486498558204578,0.0006543406318254507,False
14M:A7-OL1:0.5,14M,A7-OL1,294,294,616562688,6.016591414809227,0.2773210108280182,0.2773210076164685,0.0006522406989593659,False
14M:A7-OL1:0.5,14M,A7-OL1,295,295,618659840,6.0240395069122314,0.24464228749275208,0.24464228640957622,0.0006501378021504498,False
14M:A7-OL1:0.5,14M,A7-OL1,296,296,620756992,6.025980472564697,0.2482662945985794,0.2482662866833319,0.0006480319823395672,False
14M:A7-OL1:0.5,14M,A7-OL1,297,297,622854144,6.056801423430443,0.2574225068092346,0.25742250224123486,0.0006459232805244909,False
14M:A7-OL1:0.5,14M,A7-OL1,298,298,624951296,6.051713690161705,0.2575243413448334,0.2575243371979117,0.0006438117377591023,False
14M:A7-OL1:0.5,14M,A7-OL1,299,299,627048448,6.059983193874359,0.26648077368736267,0.26648077665298536,0.0006416973951525929,False
14M:A7-OL1:0.5,14M,A7-OL1,300,300,629145600,6.017148911952972,0.26519304513931274,0.26519304751022776,0.0006395802938686637,False
14M:A7-OL1:0.5,14M,A7-OL1,301,301,631242752,6.072738781571388,0.2644291818141937,0.2644291837717909,0.0006374604751247239,False
14M:A7-OL1:0.5,14M,A7-OL1,302,302,633339904,6.055403873324394,0.248503178358078,0.24850318477617891,0.0006353379801910884,False
14M:A7-OL1:0.5,14M,A7-OL1,303,303,635437056,6.0424060225486755,0.25942090153694153,0.2594209089954331,0.0006332128503901737,False
14M:A7-OL1:0.5,14M,A7-OL1,304,304,637534208,6.000706225633621,0.2597702443599701,0.2597702591534751,0.0006310851270956948,False
14M:A7-OL1:0.5,14M,A7-OL1,305,305,639631360,6.021134614944458,0.2595573663711548,0.2595573610803844,0.0006289548517318587,False
14M:A7-OL1:0.5,14M,A7-OL1,306,306,641728512,6.017503961920738,0.2641090452671051,0.2641090471799564,0.0006268220657725576,False
14M:A7-OL1:0.5,14M,A7-OL1,307,307,643825664,5.980877369642258,0.2645101845264435,0.26451016811942485,0.0006246868107405626,False
14M:A7-OL1:0.5,14M,A7-OL1,308,308,645922816,6.061645999550819,0.2556416988372803,0.25564171045351813,0.0006225491282067144,False
14M:A7-OL1:0.5,14M,A7-OL1,309,309,648019968,6.025326818227768,0.2634653151035309,0.26346531255691563,0.0006204090597891141,False
14M:A7-OL1:0.5,14M,A7-OL1,310,310,650117120,6.03506463766098,0.27665841579437256,0.2766584196611763,0.0006182666471523134,False
14M:A7-OL1:0.5,14M,A7-OL1,311,311,652214272,6.024149402976036,0.2626185119152069,0.2626185119763821,0.0006161219320065028,False
14M:A7-OL1:0.5,14M,A7-OL1,312,312,654311424,6.031854957342148,0.2676866054534912,0.2676866013243076,0.0006139749561067,False
14M:A7-OL1:0.5,14M,A7-OL1,313,313,656408576,6.007300615310669,0.2757430672645569,0.2757430742399827,0.0006118257612519369,False
14M:A7-OL1:0.5,14M,A7-OL1,314,314,658505728,6.011529088020325,0.2714332640171051,0.27143325939043844,0.0006096743892844458,False
14M:A7-OL1:0.5,14M,A7-OL1,315,315,660602880,6.036977410316467,0.2594718337059021,0.2594718411433674,0.0006075208820888447,False
14M:A7-OL1:0.5,14M,A7-OL1,316,316,662700032,6.035014986991882,0.26886412501335144,0.2688641226865183,0.0006053652815913218,False
14M:A7-OL1:0.5,14M,A7-OL1,317,317,664797184,5.970434799790382,0.27021974325180054,0.2702197407285051,0.0006032076297588196,False
14M:A7-OL1:0.5,14M,A7-OL1,318,318,666894336,5.99680595099926,0.25907230377197266,0.25907231053574387,0.0006010479685982174,False
14M:A7-OL1:0.5,14M,A7-OL1,319,319,668991488,6.023906633257866,0.26564478874206543,0.26564480404467383,0.0005988863401555141,False
14M:A7-OL1:0.5,14M,A7-OL1,320,320,671088640,6.011890083551407,0.26814183592796326,0.2681418288763173,0.0005967227865150084,False
14M:A7-OL1:0.5,14M,A7-OL1,321,321,673185792,5.992795005440712,0.27433085441589355,0.274330851272804,0.0005945573497984814,False
14M:A7-OL1:0.5,14M,A7-OL1,322,322,675282944,5.994408041238785,0.31931790709495544,0.31931791219175754,0.0005923900721643743,False
14M:A7-OL1:0.5,14M,A7-OL1,323,323,677380096,6.01230151951313,0.26842251420021057,0.26842254165991997,0.0005902209958069696,False
14M:A7-OL1:0.5,14M,A7-OL1,324,324,679477248,6.018155455589294,0.3018876612186432,0.3018876688276866,0.0005880501629555681,False
14M:A7-OL1:0.5,14M,A7-OL1,325,325,681574400,6.001076206564903,0.2799067497253418,0.27990674265694027,0.000585877615873668,False
14M:A7-OL1:0.5,14M,A7-OL1,326,326,683671552,6.015581369400024,0.2719838619232178,0.2719838594935657,0.0005837033968581412,False
14M:A7-OL1:0.5,14M,A7-OL1,327,327,685768704,5.988963738083839,0.26847055554389954,0.26847055627892225,0.00058152754823841,False
14M:A7-OL1:0.5,14M,A7-OL1,328,328,687865856,6.016094282269478,0.27541130781173706,0.2754113324681604,0.0005793501123756235,False
14M:A7-OL1:0.5,14M,A7-OL1,329,329,689963008,6.022858634591103,0.28022098541259766,0.2802209982367236,0.0005771711316618323,False
14M:A7-OL1:0.5,14M,A7-OL1,330,330,692060160,5.994134172797203,0.28074708580970764,0.28074708852253727,0.0005749906485191633,False
14M:A7-OL1:0.5,14M,A7-OL1,331,331,694157312,5.98015384376049,0.2791622281074524,0.27916223047741046,0.0005728087053989942,False
14M:A7-OL1:0.5,14M,A7-OL1,332,332,696254464,6.012177094817162,0.282009482383728,0.28200947992925585,0.0005706253447811263,False
14M:A7-OL1:0.5,14M,A7-OL1,333,333,698351616,5.998137459158897,0.27828800678253174,0.2782879839686603,0.0005684406091729583,False
14M:A7-OL1:0.5,14M,A7-OL1,334,334,700448768,6.016966834664345,0.2662038803100586,0.2662038653518889,0.0005662545411086576,False
14M:A7-OL1:0.5,14M,A7-OL1,335,335,702545920,5.995482534170151,0.282760888338089,0.2827608885461735,0.0005640671831483338,False
14M:A7-OL1:0.5,14M,A7-OL1,336,336,704643072,5.952613711357117,0.26834964752197266,0.26834966693402196,0.0005618785778772084,False
14M:A7-OL1:0.5,14M,A7-OL1,337,337,706740224,6.006048113107681,0.26557645201683044,0.26557643172586637,0.0005596887679047873,False
14M:A7-OL1:0.5,14M,A7-OL1,338,338,708837376,5.9720441699028015,0.2746107578277588,0.2746107480048811,0.0005574977958640298,False
14M:A7-OL1:0.5,14M,A7-OL1,339,339,710934528,5.951196685433388,0.2746582627296448,0.2746582500475846,0.00055530570441052,False
14M:A7-OL1:0.5,14M,A7-OL1,340,340,713031680,5.983715608716011,0.27896711230278015,0.27896710623465526,0.0005531125362216347,False
14M:A7-OL1:0.5,14M,A7-OL1,341,341,715128832,5.987778022885323,0.27689290046691895,0.276892899994124,0.0005509183339957144,False
14M:A7-OL1:0.5,14M,A7-OL1,342,342,717225984,6.011124640703201,0.28094956278800964,0.2809495699197983,0.0005487231404512303,False
14M:A7-OL1:0.5,14M,A7-OL1,343,343,719323136,5.994505807757378,0.2679688632488251,0.2679688676791342,0.0005465269983259538,False
14M:A7-OL1:0.5,14M,A7-OL1,344,344,721420288,5.966690570116043,0.2748044729232788,0.2748044835756608,0.0005443299503761237,False
14M:A7-OL1:0.5,14M,A7-OL1,345,345,723517440,5.9810866713523865,0.28099068999290466,0.28099069344827265,0.0005421320393756143,False
14M:A7-OL1:0.5,14M,A7-OL1,346,346,725614592,5.978045791387558,0.273741751909256,0.2737417555719673,0.0005399333081151029,False
14M:A7-OL1:0.5,14M,A7-OL1,347,347,727711744,5.971021547913551,0.27202653884887695,0.2720265353483558,0.0005377337994012352,False
14M:A7-OL1:0.5,14M,A7-OL1,348,348,729808896,5.9787779450416565,0.27968406677246094,0.2796840793835726,0.0005355335560557942,False
14M:A7-OL1:0.5,14M,A7-OL1,349,349,731906048,5.963501989841461,0.2749999165534973,0.27499992785900174,0.0005333326209148643,False
14M:A7-OL1:0.5,14M,A7-OL1,350,350,734003200,5.973402619361877,0.27306821942329407,0.2730681977035748,0.0005311310368279989,False
14M:A7-OL1:0.5,14M,A7-OL1,351,351,736100352,6.015958607196808,0.27956628799438477,0.2795662893085181,0.0005289288466573854,False
14M:A7-OL1:0.5,14M,A7-OL1,352,352,738197504,5.9823858588933945,0.26798608899116516,0.26798608498600685,0.000526726093277011,False
14M:A7-OL1:0.5,14M,A7-OL1,353,353,740294656,5.983141005039215,0.2674541473388672,0.267454130029555,0.0005245228195718276,False
14M:A7-OL1:0.5,14M,A7-OL1,354,354,742391808,5.975115701556206,0.28119856119155884,0.2811985548774647,0.0005223190684369178,False
14M:A7-OL1:0.5,14M,A7-OL1,355,355,744488960,5.974810004234314,0.27223750948905945,0.2722374984387688,0.0005201148827766586,False
14M:A7-OL1:0.5,14M,A7-OL1,356,356,746586112,5.9823083728551865,0.27569645643234253,0.2756964494226993,0.0005179103055038871,False
14M:A7-OL1:0.5,14M,A7-OL1,357,357,748683264,5.9889979511499405,0.27160388231277466,0.2716038877422533,0.0005157053795390641,False
14M:A7-OL1:0.5,14M,A7-OL1,358,358,750780416,5.952181577682495,0.27210313081741333,0.2721031159467637,0.0005135001478094398,False
14M:A7-OL1:0.5,14M,A7-OL1,359,359,752877568,6.02043990790844,0.28288570046424866,0.2828857052752654,0.0005112946532482165,False
14M:A7-OL1:0.5,14M,A7-OL1,360,360,754974720,6.001548126339912,0.2770429849624634,0.27704298389987514,0.000509088938793714,False
14M:A7-OL1:0.5,14M,A7-OL1,361,361,757071872,5.985227450728416,0.28330501914024353,0.2833050133523513,0.0005068830473885331,False
14M:A7-OL1:0.5,14M,A7-OL1,362,362,759169024,5.967058539390564,0.28032466769218445,0.28032465088148445,0.0005046770219787191,False
14M:A7-OL1:0.5,14M,A7-OL1,363,363,761266176,5.99654246866703,0.27855387330055237,0.2785538852466099,0.0005024709055129272,False
14M:A7-OL1:0.5,14M,A7-OL1,364,364,763363328,5.970065787434578,0.28228235244750977,0.28228235778057675,0.0005002647409415843,False
14M:A7-OL1:0.5,14M,A7-OL1,365,365,765460480,5.955685421824455,0.27851417660713196,0.27851415533066937,0.0004980585712160544,False
14M:A7-OL1:0.5,14M,A7-OL1,366,366,767557632,5.985995963215828,0.29865193367004395,0.29865193224138803,0.000495852439287802,False
14M:A7-OL1:0.5,14M,A7-OL1,367,367,769654784,5.980587348341942,0.288058340549469,0.28805835420199166,0.0004936463881075554,False
14M:A7-OL1:0.5,14M,A7-OL1,368,368,771751936,5.9608894139528275,0.30039307475090027,0.3003930811795558,0.0004914404606244709,False
14M:A7-OL1:0.5,14M,A7-OL1,369,369,773849088,5.94971676170826,0.28411683440208435,0.28411684560458167,0.0004892346997852965,False
14M:A7-OL1:0.5,14M,A7-OL1,370,370,775946240,5.975100666284561,0.28935879468917847,0.2893587810628871,0.00048702914853353626,False
14M:A7-OL1:0.5,14M,A7-OL1,371,371,778043392,5.970533609390259,0.28059121966362,0.2805912262050256,0.0004848238498086133,False
14M:A7-OL1:0.5,14M,A7-OL1,372,372,780140544,5.975559249520302,0.28493329882621765,0.2849332975052422,0.00048261884654503473,False
14M:A7-OL1:0.5,14M,A7-OL1,373,373,782237696,5.9396824687719345,0.2784222662448883,0.2784222775671905,0.000480414181671555,False
14M:A7-OL1:0.5,14M,A7-OL1,374,374,784334848,6.017326146364212,0.28338927030563354,0.2833892719597866,0.00047820989811034087,False
14M:A7-OL1:0.5,14M,A7-OL1,375,375,786432000,5.921253204345703,0.2905406653881073,0.2905406562140124,0.0004760060387761352,False
14M:A7-OL1:0.5,14M,A7-OL1,376,376,788529152,6.009741544723511,0.28252917528152466,0.28252918040595354,0.00047380264657542173,False
14M:A7-OL1:0.5,14M,A7-OL1,377,377,790626304,5.992448061704636,0.2856854796409607,0.285685464817472,0.00047159976440558983,False
14M:A7-OL1:0.5,14M,A7-OL1,378,378,792723456,5.951000988483429,0.27826187014579773,0.2782618691347728,0.0004693974351540988,False
14M:A7-OL1:0.5,14M,A7-OL1,379,379,794820608,5.988966137170792,0.2923945486545563,0.2923945415580053,0.0004671957016976438,False
14M:A7-OL1:0.5,14M,A7-OL1,380,380,796917760,5.942440927028656,0.2860250473022461,0.2860250603106853,0.00046499460690132,False
14M:A7-OL1:0.5,14M,A7-OL1,381,381,799014912,5.97636952996254,0.29016607999801636,0.29016607991791277,0.00046279419361778916,False
14M:A7-OL1:0.5,14M,A7-OL1,382,382,801112064,5.954280599951744,0.28181004524230957,0.2818100335188727,0.0004605945046864444,False
14M:A7-OL1:0.5,14M,A7-OL1,383,383,803209216,5.948178514838219,0.2828090190887451,0.2828090048548317,0.00045839558293257705,False
14M:A7-OL1:0.5,14M,A7-OL1,384,384,805306368,5.9438998103141785,0.28694257140159607,0.28694257434240866,0.00045619747116654164,False
14M:A7-OL1:0.5,14M,A7-OL1,385,385,807403520,5.974756047129631,0.2825529873371124,0.28255298709681637,0.0004540002121829241,False
14M:A7-OL1:0.5,14M,A7-OL1,386,386,809500672,5.947963044047356,0.29084300994873047,0.29084301529659157,0.000451803848759707,False
14M:A7-OL1:0.5,14M,A7-OL1,387,387,811597824,5.933816656470299,0.2850935161113739,0.28509351711288206,0.0004496084236574379,False
14M:A7-OL1:0.5,14M,A7-OL1,388,388,813694976,5.983175426721573,0.29500260949134827,0.2950026242158473,0.00044741397961839635,False
14M:A7-OL1:0.5,14M,A7-OL1,389,389,815792128,5.949798345565796,0.30423080921173096,0.3042307973966631,0.0004452205593657614,False
14M:A7-OL1:0.5,14M,A7-OL1,390,390,817889280,5.933429136872292,0.30217111110687256,0.30217109067296255,0.00044302820560278066,False
14M:A7-OL1:0.5,14M,A7-OL1,391,391,819986432,5.947692483663559,0.2890745997428894,0.2890746267667556,0.0004408369610119381,False
14M:A7-OL1:0.5,14M,A7-OL1,392,392,822083584,5.933977276086807,0.2878483831882477,0.28784840497697434,0.00043864686825412387,False
14M:A7-OL1:0.5,14M,A7-OL1,393,393,824180736,5.948306128382683,0.3040546178817749,0.3040546041688319,0.00043645796996780265,False
14M:A7-OL1:0.5,14M,A7-OL1,394,394,826277888,5.9272700548172,0.2897215187549591,0.2897215054769417,0.0004342703087681852,False
14M:A7-OL1:0.5,14M,A7-OL1,395,395,828375040,5.917420983314514,0.2900209128856659,0.2900209108839354,0.00043208392724639657,False
14M:A7-OL1:0.5,14M,A7-OL1,396,396,830472192,5.951988011598587,0.28328099846839905,0.28328100394854305,0.00042989886796864884,False
14M:A7-OL1:0.5,14M,A7-OL1,397,397,832569344,5.937620639801025,0.29892921447753906,0.2989292245702595,0.0004277151734754113,False
14M:A7-OL1:0.5,14M,A7-OL1,398,398,834666496,5.9472633600234985,0.3016332685947418,0.3016332917232482,0.0004255328862805825,False
14M:A7-OL1:0.5,14M,A7-OL1,399,399,836763648,5.951699867844582,0.2909161150455475,0.2909161201663513,0.0004233520488706628,False
14M:A7-OL1:0.5,14M,A7-OL1,400,400,838860800,5.920447409152985,0.2882585823535919,0.28825858580501174,0.00042117270370392655,False
14M:A7-OL1:0.5,14M,A7-OL1,401,401,840957952,5.956657379865646,0.28567853569984436,0.2856785443425803,0.00041899489320959657,False
14M:A7-OL1:0.5,14M,A7-OL1,402,402,843055104,5.972206562757492,0.3066105842590332,0.30661058740418845,0.00041681865978701675,False
14M:A7-OL1:0.5,14M,A7-OL1,403,403,845152256,5.951177135109901,0.2874276638031006,0.28742766002579434,0.00041464404580482807,False
14M:A7-OL1:0.5,14M,A7-OL1,404,404,847249408,5.924359068274498,0.29361507296562195,0.29361504888915796,0.00041247109360014204,False
14M:A7-OL1:0.5,14M,A7-OL1,405,405,849346560,5.943865329027176,0.29873472452163696,0.29873473190438005,0.00041029984547771826,False
14M:A7-OL1:0.5,14M,A7-OL1,406,406,851443712,5.931242927908897,0.29421377182006836,0.2942137722629497,0.00040813034370913915,False
14M:A7-OL1:0.5,14M,A7-OL1,407,407,853540864,5.976858288049698,0.2970735430717468,0.29707355087438847,0.00040596263053198844,False
14M:A7-OL1:0.5,14M,A7-OL1,408,408,855638016,5.9320616871118546,0.30777865648269653,0.3077786427934601,0.00040379674814902753,False
14M:A7-OL1:0.5,14M,A7-OL1,409,409,857735168,5.96658182144165,0.2991388440132141,0.29913884204932784,0.0004016327387273748,False
14M:A7-OL1:0.5,14M,A7-OL1,410,410,859832320,5.919210761785507,0.2955727279186249,0.29557274254848986,0.0003994706443976843,False
14M:A7-OL1:0.5,14M,A7-OL1,411,411,861929472,5.951895400881767,0.29323089122772217,0.29323089473546143,0.0003973105072533254,False
14M:A7-OL1:0.5,14M,A7-OL1,412,412,864026624,5.95577897131443,0.29304239153862,0.29304239429932555,0.0003951523693495637,False
14M:A7-OL1:0.5,14M,A7-OL1,413,413,866123776,5.935676410794258,0.2861096262931824,0.2861096398312546,0.00039299627270274163,False
14M:A7-OL1:0.5,14M,A7-OL1,414,414,868220928,5.916496351361275,0.29338744282722473,0.2933874627428752,0.00039084225928946124,False
14M:A7-OL1:0.5,14M,A7-OL1,415,415,870318080,5.933477848768234,0.29840999841690063,0.2984099883704064,0.0003886903710457659,False
14M:A7-OL1:0.5,14M,A7-OL1,416,416,872415232,5.932673290371895,0.30069592595100403,0.3006959335484919,0.0003865406498663253,False
14M:A7-OL1:0.5,14M,A7-OL1,417,417,874512384,5.897325322031975,0.2963285446166992,0.2963285429158463,0.0003843931376036183,False
14M:A7-OL1:0.5,14M,A7-OL1,418,418,876609536,5.940535292029381,0.2915249168872833,0.29152492907771377,0.0003822478760671193,False
14M:A7-OL1:0.5,14M,A7-OL1,419,419,878706688,5.933772087097168,0.28767597675323486,0.28767597238116493,0.00038010490702248347,False
14M:A7-OL1:0.5,14M,A7-OL1,420,420,880803840,5.938646748661995,0.2908683121204376,0.29086832979641836,0.00037796427219073404,False
14M:A7-OL1:0.5,14M,A7-OL1,421,421,882900992,5.919008582830429,0.29088106751441956,0.29088107949201647,0.00037582601324745007,False
14M:A7-OL1:0.5,14M,A7-OL1,422,422,884998144,5.9272632002830505,0.29450955986976624,0.2945095771004278,0.00037369017182195465,False
14M:A7-OL1:0.5,14M,A7-OL1,423,423,887095296,5.932556673884392,0.30216479301452637,0.3021647729781192,0.00037155678949650506,False
14M:A7-OL1:0.5,14M,A7-OL1,424,424,889192448,5.977555051445961,0.29532817006111145,0.2953281881045084,0.00036942590780548226,False
14M:A7-OL1:0.5,14M,A7-OL1,425,425,891289600,5.910445362329483,0.2950344979763031,0.2950345076304907,0.0003672975682345838,False
14M:A7-OL1:0.5,14M,A7-OL1,426,426,893386752,5.9307935535907745,0.29572775959968567,0.29572775412631847,0.0003651718122200142,False
14M:A7-OL1:0.5,14M,A7-OL1,427,427,895483904,5.941299885511398,0.29550760984420776,0.2955076181294806,0.00036304868114768007,False
14M:A7-OL1:0.5,14M,A7-OL1,428,428,897581056,5.935787171125412,0.2957075536251068,0.295707539306346,0.00036092821635238316,False
14M:A7-OL1:0.5,14M,A7-OL1,429,429,899678208,5.890515744686127,0.29616403579711914,0.29616403908375316,0.00035881045911701604,False
14M:A7-OL1:0.5,14M,A7-OL1,430,430,901775360,5.918218895792961,0.2965245842933655,0.2965246039067589,0.00035669545067175856,False
14M:A7-OL1:0.5,14M,A7-OL1,431,431,903872512,5.920111000537872,0.29625403881073,0.29625403131743516,0.0003545832321932746,False
14M:A7-OL1:0.5,14M,A7-OL1,432,432,905969664,5.937619388103485,0.3015803396701813,0.3015803417487271,0.00035247384480391114,False
14M:A7-OL1:0.5,14M,A7-OL1,433,433,908066816,5.938643887639046,0.29762017726898193,0.2976201924641552,0.0003503673295708969,False
14M:A7-OL1:0.5,14M,A7-OL1,434,434,910163968,5.922707810997963,0.30604490637779236,0.3060449096781859,0.0003482637275055437,False
14M:A7-OL1:0.5,14M,A7-OL1,435,435,912261120,5.9282964169979095,0.2982814610004425,0.29828146559487134,0.00034616307956244656,False
14M:A7-OL1:0.5,14M,A7-OL1,436,436,914358272,5.894435301423073,0.2955816984176636,0.29558168113991207,0.00034406542663868847,False
14M:A7-OL1:0.5,14M,A7-OL1,437,437,916455424,5.912312686443329,0.3160756230354309,0.3160756166993756,0.000341970809573042,False
14M:A7-OL1:0.5,14M,A7-OL1,438,438,918552576,5.943851470947266,0.30207470059394836,0.30207471089490134,0.000339879269145176,False
14M:A7-OL1:0.5,14M,A7-OL1,439,439,920649728,5.942048475146294,0.30120715498924255,0.3012071578941347,0.0003377908460748602,False
14M:A7-OL1:0.5,14M,A7-OL1,440,440,922746880,5.90591025352478,0.31092268228530884,0.31092266187577644,0.00033570558102117377,False
14M:A7-OL1:0.5,14M,A7-OL1,441,441,924844032,5.9258125722408295,0.304158478975296,0.30415849063907907,0.0003336235145817128,False
14M:A7-OL1:0.5,14M,A7-OL1,442,442,926941184,5.914594858884811,0.3018650412559509,0.3018650486949807,0.0003315446872918,False
14M:A7-OL1:0.5,14M,A7-OL1,443,443,929038336,5.917431980371475,0.3002801239490509,0.3002801208556966,0.00032946913962369627,False
14M:A7-OL1:0.5,14M,A7-OL1,444,444,931135488,5.929027691483498,0.3079674541950226,0.30796745330207725,0.00032739691198581167,False
14M:A7-OL1:0.5,14M,A7-OL1,445,445,933232640,5.947130858898163,0.31076914072036743,0.3107691578252136,0.00032532804472191996,False
14M:A7-OL1:0.5,14M,A7-OL1,446,446,935329792,5.901846081018448,0.3044475018978119,0.30444751634053074,0.00032326257811037153,False
14M:A7-OL1:0.5,14M,A7-OL1,447,447,937426944,5.9016502648591995,0.3015696704387665,0.3015696648189652,0.000321200552363311,False
14M:A7-OL1:0.5,14M,A7-OL1,448,448,939524096,5.918399438261986,0.30762091279029846,0.30762092657987017,0.00031914200762589304,False
14M:A7-OL1:0.5,14M,A7-OL1,449,449,941621248,5.909283369779587,0.30739790201187134,0.3073979064428405,0.0003170869839755016,False
14M:A7-OL1:0.5,14M,A7-OL1,450,450,943718400,5.908598810434341,0.31593385338783264,0.3159338468931562,0.000315035521420969,False
14M:A7-OL1:0.5,14M,A7-OL1,451,451,945815552,5.927149906754494,0.3057052493095398,0.30570524149466705,0.00031298765990179746,False
14M:A7-OL1:0.5,14M,A7-OL1,452,452,947912704,5.931343078613281,0.30435946583747864,0.3043594462861506,0.0003109434392873814,False
14M:A7-OL1:0.5,14M,A7-OL1,453,453,950009856,5.941005781292915,0.3080037832260132,0.30800377458632,0.0003089028993762312,False
14M:A7-OL1:0.5,14M,A7-OL1,454,454,952107008,5.928411692380905,0.30719080567359924,0.3071908214109923,0.00030686607989519857,False
14M:A7-OL1:0.5,14M,A7-OL1,455,455,954204160,5.922264188528061,0.3089163303375244,0.3089163412208367,0.0003048330204987022,False
14M:A7-OL1:0.5,14M,A7-OL1,456,456,956301312,5.935078248381615,0.3051964342594147,0.30519642820385673,0.00030280376076795767,False
14M:A7-OL1:0.5,14M,A7-OL1,457,457,958398464,5.9086781442165375,0.3041950762271881,0.3041950670853721,0.00030077834021020444,False
14M:A7-OL1:0.5,14M,A7-OL1,458,458,960495616,5.9532134383916855,0.3107573986053467,0.3107574001751258,0.0002987567982579387,False
14M:A7-OL1:0.5,14M,A7-OL1,459,459,962592768,5.920730501413345,0.3042549192905426,0.3042549194461912,0.00029673917426814453,False
14M:A7-OL1:0.5,14M,A7-OL1,460,460,964689920,5.904649943113327,0.3097868859767914,0.3097868790808249,0.00029472550752152813,False
14M:A7-OL1:0.5,14M,A7-OL1,461,461,966787072,5.901096224784851,0.3094956576824188,0.3094956661197826,0.0002927158372217529,False
14M:A7-OL1:0.5,14M,A7-OL1,462,462,968884224,5.909628808498383,0.3083154261112213,0.3083154269421575,0.00029071020249467626,False
14M:A7-OL1:0.5,14M,A7-OL1,463,463,970981376,5.9143285900354385,0.30743786692619324,0.3074378576044819,0.00028870864238758794,False
14M:A7-OL1:0.5,14M,A7-OL1,464,464,973078528,5.890179336071014,0.3061637580394745,0.30616375561930115,0.00028671119586844927,False
14M:A7-OL1:0.5,14M,A7-OL1,465,465,975175680,5.878695860505104,0.30716124176979065,0.30716125523806326,0.00028471790182513603,False
14M:A7-OL1:0.5,14M,A7-OL1,466,466,977272832,5.914183542132378,0.3072933256626129,0.307293317219531,0.0002827287990646793,False
14M:A7-OL1:0.5,14M,A7-OL1,467,467,979369984,5.9072132259607315,0.3073559105396271,0.3073559124071422,0.00028074392631251125,False
14M:A7-OL1:0.5,14M,A7-OL1,468,468,981467136,5.933675184845924,0.30972227454185486,0.30972228978210103,0.0002787633222117109,False
14M:A7-OL1:0.5,14M,A7-OL1,469,469,983564288,5.920269176363945,0.30925750732421875,0.30925749863945196,0.0002767870253222523,False
14M:A7-OL1:0.5,14M,A7-OL1,470,470,985661440,5.942868456244469,0.3068661093711853,0.306866103139388,0.00027481507412025196,False
14M:A7-OL1:0.5,14M,A7-OL1,471,471,987758592,5.895667180418968,0.30540692806243896,0.30540694079210484,0.0002728475069972227,False
14M:A7-OL1:0.5,14M,A7-OL1,472,472,989855744,5.913206338882446,0.30766332149505615,0.307663323328784,0.00027088436225932344,False
14M:A7-OL1:0.5,14M,A7-OL1,473,473,991952896,5.917043164372444,0.3064456582069397,0.3064456446157572,0.0002689256781266149,False
14M:A7-OL1:0.5,14M,A7-OL1,474,474,994050048,5.914681911468506,0.30731695890426636,0.30731696736441466,0.0002669714927323157,False
14M:A7-OL1:0.5,14M,A7-OL1,475,475,996147200,5.9357530772686005,0.3079725503921509,0.3079725537153993,0.00026502184412205876,False
14M:A7-OL1:0.5,14M,A7-OL1,476,476,998244352,5.90951843559742,0.3066960573196411,0.30669607180789576,0.0002630767702531517,False
14M:A7-OL1:0.5,14M,A7-OL1,477,477,1000341504,5.917367115616798,0.3113153278827667,0.31131534045445175,0.000261136308993837,False
14M:A7-OL1:0.5,14M,A7-OL1,478,478,1002438656,5.880711957812309,0.3058439791202545,0.3058439919025024,0.00025920049812255596,False
14M:A7-OL1:0.5,14M,A7-OL1,479,479,1004535808,5.891214802861214,0.3142365515232086,0.314236524502549,0.0002572693753272117,False
14M:A7-OL1:0.5,14M,A7-OL1,480,480,1006632960,5.949194818735123,0.3046503961086273,0.304650410424566,0.00025534297820443654,False
14M:A7-OL1:0.5,14M,A7-OL1,481,481,1008730112,5.8994701355695724,0.30910906195640564,0.3091090562809989,0.0002534213442588594,False
14M:A7-OL1:0.5,14M,A7-OL1,482,482,1010827264,5.9287582486867905,0.3040686845779419,0.30406868041204893,0.0002515045109023761,False
14M:A7-OL1:0.5,14M,A7-OL1,483,483,1012924416,5.91660338640213,0.30955612659454346,0.3095561307660533,0.0002495925154534206,False
14M:A7-OL1:0.5,14M,A7-OL1,484,484,1015021568,5.896753445267677,0.30773159861564636,0.3077316035907028,0.0002476853951362389,False
14M:A7-OL1:0.5,14M,A7-OL1,485,485,1017118720,5.9409612864255905,0.30746182799339294,0.307461837295626,0.00024578318708016393,False
14M:A7-OL1:0.5,14M,A7-OL1,486,486,1019215872,5.897361755371094,0.31022343039512634,0.31022342435873934,0.00024388592831889257,False
14M:A7-OL1:0.5,14M,A7-OL1,487,487,1021313024,5.909228980541229,0.31174784898757935,0.311747840745575,0.00024199365578976534,False
14M:A7-OL1:0.5,14M,A7-OL1,488,488,1023410176,5.960106313228607,0.30981478095054626,0.30981479295549424,0.00024010640633304652,False
14M:A7-OL1:0.5,14M,A7-OL1,489,489,1025507328,5.915373682975769,0.30924126505851746,0.309241260376417,0.00023822421669120736,False
14M:A7-OL1:0.5,14M,A7-OL1,490,490,1027604480,5.908659532666206,0.3091787099838257,0.30917868545260585,0.00023634712350821036,False
14M:A7-OL1:0.5,14M,A7-OL1,491,491,1029701632,5.896803572773933,0.3189588189125061,0.31895881015691785,0.00023447516332879688,False
14M:A7-OL1:0.5,14M,A7-OL1,492,492,1031798784,5.8949117213487625,0.3073388338088989,0.30733881712508654,0.00023260837259777358,False
14M:A7-OL1:0.5,14M,A7-OL1,493,493,1033895936,5.899293065071106,0.3105633854866028,0.3105633836748156,0.00023074678765930553,False
14M:A7-OL1:0.5,14M,A7-OL1,494,494,1035993088,5.937859579920769,0.31067606806755066,0.3106760592767882,0.00022889044475620646,False
14M:A7-OL1:0.5,14M,A7-OL1,495,495,1038090240,5.945602506399155,0.3107277452945709,0.31072773971372647,0.00022703938002923413,False
14M:A7-OL1:0.5,14M,A7-OL1,496,496,1040187392,5.862309619784355,0.31212306022644043,0.31212306768679327,0.00022519362951638707,False
14M:A7-OL1:0.5,14M,A7-OL1,497,497,1042284544,5.918462470173836,0.30743852257728577,0.3074385342505707,0.00022335322915220185,False
14M:A7-OL1:0.5,14M,A7-OL1,498,498,1044381696,5.888216972351074,0.3090544641017914,0.30905445738257703,0.0002215182147670544,False
14M:A7-OL1:0.5,14M,A7-OL1,499,499,1046478848,5.929779097437859,0.3123105764389038,0.31231054907798067,0.0002196886220864619,False
14M:A7-OL1:0.5,14M,A7-OL1,500,500,1048576000,5.932641297578812,0.31001025438308716,0.3100102692994113,0.00021786448673038816,False
14M:A7-OL1:0.5,14M,A7-OL1,501,501,1050673152,5.949263840913773,0.31083425879478455,0.31083426308115775,0.00021604584421254825,False
14M:A7-OL1:0.5,14M,A7-OL1,502,502,1052770304,5.891624450683594,0.311810702085495,0.31181069510545983,0.00021423272993971947,False
14M:A7-OL1:0.5,14M,A7-OL1,503,503,1054867456,5.923494204878807,0.31154388189315796,0.3115438885053996,0.00021242517921105032,False
14M:A7-OL1:0.5,14M,A7-OL1,504,504,1056964608,5.88134491443634,0.31216299533843994,0.31216296916041686,0.00021062322721737364,False
14M:A7-OL1:0.5,14M,A7-OL1,505,505,1059061760,5.910749554634094,0.31760549545288086,0.3176054934949792,0.00020882690904052226,False
14M:A7-OL1:0.5,14M,A7-OL1,506,506,1061158912,5.864148572087288,0.3091520369052887,0.30915205593535816,0.00020703625965264489,False
14M:A7-OL1:0.5,14M,A7-OL1,507,507,1063256064,5.919495552778244,0.31429222226142883,0.31429221945097385,0.00020525131391552575,False
14M:A7-OL1:0.5,14M,A7-OL1,508,508,1065353216,5.899375259876251,0.3121337592601776,0.31213376460578235,0.000203472106579906,False
14M:A7-OL1:0.5,14M,A7-OL1,509,509,1067450368,5.895816341042519,0.3144780993461609,0.3144781079047628,0.00020169867228480722,False
14M:A7-OL1:0.5,14M,A7-OL1,510,510,1069547520,5.916562899947166,0.3106113076210022,0.31061131161397076,0.00019993104555685653,False
14M:A7-OL1:0.5,14M,A7-OL1,511,511,1071644672,5.927670359611511,0.3128523528575897,0.3128523482430452,0.0001981692608096149,False
14M:A7-OL1:0.5,14M,A7-OL1,512,512,1073741824,5.902200922369957,0.3099963963031769,0.30999641310525394,0.0001964133523429069,False
14M:A7-OL1:0.5,14M,A7-OL1,513,513,1075838976,5.902014136314392,0.3104461431503296,0.3104461411046566,0.0001946633543421531,False
14M:A7-OL1:0.5,14M,A7-OL1,514,514,1077936128,5.895014643669128,0.3073078691959381,0.30730787120178354,0.0001929193008777041,False
14M:A7-OL1:0.5,14M,A7-OL1,515,515,1080033280,5.910353675484657,0.3135930299758911,0.31359301685931734,0.0001911812259041782,False
14M:A7-OL1:0.5,14M,A7-OL1,516,516,1082130432,5.929367005825043,0.30905282497406006,0.3090528184417608,0.0001894491632597991,False
14M:A7-OL1:0.5,14M,A7-OL1,517,517,1084227584,5.870298773050308,0.3119575083255768,0.31195750230844993,0.00018772314666573776,False
14M:A7-OL1:0.5,14M,A7-OL1,518,518,1086324736,5.9156772047281265,0.31455665826797485,0.31455665678233735,0.0001860032097254563,False
14M:A7-OL1:0.5,14M,A7-OL1,519,519,1088421888,5.87007150053978,0.3122625946998596,0.31226260531762734,0.00018428938592405286,False
14M:A7-OL1:0.5,14M,A7-OL1,520,520,1090519040,5.877668380737305,0.3157866597175598,0.3157866718443813,0.00018258170862761025,False
14M:A7-OL1:0.5,14M,A7-OL1,521,521,1092616192,5.87236875295639,0.3182505667209625,0.3182505777275913,0.00018088021108254604,False
14M:A7-OL1:0.5,14M,A7-OL1,522,522,1094713344,5.872552245855331,0.32265955209732056,0.32265954986818757,0.0001791849264149662,False
14M:A7-OL1:0.5,14M,A7-OL1,523,523,1096810496,5.860516667366028,0.31443992257118225,0.3144398995170764,0.0001774958876300184,False
14M:A7-OL1:0.5,14M,A7-OL1,524,524,1098907648,5.901538699865341,0.31235140562057495,0.31235142259615384,0.00017581312761125146,False
14M:A7-OL1:0.5,14M,A7-OL1,525,525,1101004800,5.892092823982239,0.3121902346611023,0.3121902283998295,0.00017413667911997372,False
14M:A7-OL1:0.5,14M,A7-OL1,526,526,1103101952,5.904541030526161,0.31927886605262756,0.31927885511451215,0.00017246657479461558,False
14M:A7-OL1:0.5,14M,A7-OL1,527,527,1105199104,5.920530915260315,0.3292136788368225,0.3292136686768025,0.00017080284715009477,False
14M:A7-OL1:0.5,14M,A7-OL1,528,528,1107296256,5.90266352891922,0.31461861729621887,0.3146186157808318,0.00016914552857718207,False
14M:A7-OL1:0.5,14M,A7-OL1,529,529,1109393408,5.940876469016075,0.315514475107193,0.31551446156363555,0.00016749465134187176,False
14M:A7-OL1:0.5,14M,A7-OL1,530,530,1111490560,5.8940466940402985,0.3141624927520752,0.3141624923653479,0.00016585024758475271,False
14M:A7-OL1:0.5,14M,A7-OL1,531,531,1113587712,5.9012544602155685,0.3179587125778198,0.31795871199135695,0.00016421234932038371,False
14M:A7-OL1:0.5,14M,A7-OL1,532,532,1115684864,5.8881823271512985,0.3175494074821472,0.3175494052591518,0.00016258098843666819,False
14M:A7-OL1:0.5,14M,A7-OL1,533,533,1117782016,5.9107841700315475,0.3148089647293091,0.3148089831355444,0.000160956196694236,False
14M:A7-OL1:0.5,14M,A7-OL1,534,534,1119879168,5.880066439509392,0.35323411226272583,0.3532341007868599,0.00015933800572582292,False
14M:A7-OL1:0.5,14M,A7-OL1,535,535,1121976320,5.936362102627754,0.34974002838134766,0.34974002133923676,0.0001577264470356558,False
14M:A7-OL1:0.5,14M,A7-OL1,536,536,1124073472,5.892558380961418,0.33334073424339294,0.3333407359973212,0.00015612155199883892,False
14M:A7-OL1:0.5,14M,A7-OL1,537,537,1126170624,5.90214130282402,0.33959734439849854,0.3395973540911458,0.0001545233518607438,False
14M:A7-OL1:0.5,14M,A7-OL1,538,538,1128267776,5.871076971292496,0.3353481590747833,0.33534816671571405,0.0001529318777363997,False
14M:A7-OL1:0.5,14M,A7-OL1,539,539,1130364928,5.927582114934921,0.3231525719165802,0.32315255432254636,0.00015134716060988867,False
14M:A7-OL1:0.5,14M,A7-OL1,540,540,1132462080,5.902620002627373,0.3269997537136078,0.326999754055058,0.00014976923133374254,False
14M:A7-OL1:0.5,14M,A7-OL1,541,541,1134559232,5.907422557473183,0.3364517092704773,0.336451698555529,0.00014819812062834148,False
14M:A7-OL1:0.5,14M,A7-OL1,542,542,1136656384,5.898923724889755,0.3315676748752594,0.3315676727807144,0.00014663385908131633,False
14M:A7-OL1:0.5,14M,A7-OL1,543,543,1138753536,5.9010695815086365,0.3280978500843048,0.32809784117265295,0.00014507647714695327,False
14M:A7-OL1:0.5,14M,A7-OL1,544,544,1140850688,5.932824715971947,0.3239673674106598,0.32396735160062146,0.00014352600514560055,False
14M:A7-OL1:0.5,14M,A7-OL1,545,545,1142947840,5.929699689149857,0.3209765553474426,0.3209765329086642,0.00014198247326307827,False
14M:A7-OL1:0.5,14M,A7-OL1,546,546,1145044992,5.912280306220055,0.32568466663360596,0.32568465605162183,0.0001404459115500913,False
14M:A7-OL1:0.5,14M,A7-OL1,547,547,1147142144,5.884724482893944,0.3206888735294342,0.32068890069223177,0.0001389163499216431,False
14M:A7-OL1:0.5,14M,A7-OL1,548,548,1149239296,5.891886651515961,0.3219510316848755,0.32195101550044175,0.00013739381815645407,False
14M:A7-OL1:0.5,14M,A7-OL1,549,549,1151336448,5.884138390421867,0.316560298204422,0.31656028430249566,0.00013587834589638215,False
14M:A7-OL1:0.5,14M,A7-OL1,550,550,1153433600,5.895269930362701,0.3197294771671295,0.31972947100014837,0.0001343699626458445,False
14M:A7-OL1:0.5,14M,A7-OL1,551,551,1155530752,5.901735424995422,0.31885436177253723,0.31885436411803725,0.00013286869777124434,False
14M:A7-OL1:0.5,14M,A7-OL1,552,552,1157627904,5.907763823866844,0.32459014654159546,0.32459016556839604,0.00013137458050039818,False
14M:A7-OL1:0.5,14M,A7-OL1,553,553,1159725056,5.861210465431213,0.3246902823448181,0.32469026107266447,0.00012988763992196817,False
14M:A7-OL1:0.5,14M,A7-OL1,554,554,1161822208,5.900841787457466,0.3154214918613434,0.3154215022001964,0.00012840790498489375,False
14M:A7-OL1:0.5,14M,A7-OL1,555,555,1163919360,5.906622961163521,0.31863275170326233,0.3186327338147146,0.00012693540449783025,False
14M:A7-OL1:0.5,14M,A7-OL1,556,556,1166016512,5.900933459401131,0.31736239790916443,0.31736238997390326,0.00012547016712858645,False
14M:A7-OL1:0.5,14M,A7-OL1,557,557,1168113664,5.886668801307678,0.3170992136001587,0.3170992227284974,0.00012401222140356687,False
14M:A7-OL1:0.5,14M,A7-OL1,558,558,1170210816,5.905181795358658,0.31693094968795776,0.31693094263745675,0.00012256159570721715,False
14M:A7-OL1:0.5,14M,A7-OL1,559,559,1172307968,5.879246637225151,0.3213866949081421,0.32138669449749513,0.00012111831828147012,False
14M:A7-OL1:0.5,14M,A7-OL1,560,560,1174405120,5.8650267124176025,0.317592591047287,0.3175925871736778,0.00011968241722519696,False
14M:A7-OL1:0.5,14M,A7-OL1,561,561,1176502272,5.88507542014122,0.3211818039417267,0.3211817952854115,0.00011825392049365963,False
14M:A7-OL1:0.5,14M,A7-OL1,562,562,1178599424,5.912434995174408,0.3198787569999695,0.31987873649689347,0.00011683285589796732,False
14M:A7-OL1:0.5,14M,A7-OL1,563,563,1180696576,5.8833490163087845,0.32176369428634644,0.32176367170593195,0.00011541925110453366,False
14M:A7-OL1:0.5,14M,A7-OL1,564,564,1182793728,5.8981823772192,0.32006168365478516,0.32006169099226783,0.0001140131336345398,False
14M:A7-OL1:0.5,14M,A7-OL1,565,565,1184890880,5.9034896939992905,0.43139559030532837,0.43139560440751573,0.00011261453086339718,False
14M:A7-OL1:0.5,14M,A7-OL1,566,566,1186988032,5.881312534213066,0.3270896375179291,0.3270896551304891,0.00011122347002021527,False
14M:A7-OL1:0.5,14M,A7-OL1,567,567,1189085184,5.853969037532806,0.33198314905166626,0.3319831493653211,0.00010983997818727115,False
14M:A7-OL1:0.5,14M,A7-OL1,568,568,1191182336,5.859684020280838,0.33140116930007935,0.3314011638973057,0.00010846408229948285,False
14M:A7-OL1:0.5,14M,A7-OL1,569,569,1193279488,5.909626692533493,0.3229115903377533,0.32291157746218996,0.00010709580914388406,False
14M:A7-OL1:0.5,14M,A7-OL1,570,570,1195376640,5.895044982433319,0.383250892162323,0.3832508955332034,0.00010573518535910297,False
14M:A7-OL1:0.5,14M,A7-OL1,571,571,1197473792,5.91387015581131,0.3730314373970032,0.3730314344567672,0.00010438223743484443,False
14M:A7-OL1:0.5,14M,A7-OL1,572,572,1199570944,5.926145911216736,0.35374054312705994,0.35374053996894633,0.00010303699171137282,False
14M:A7-OL1:0.5,14M,A7-OL1,573,573,1201668096,5.876405939459801,0.3247181475162506,0.32471815072901633,0.00010169947437900024,False
14M:A7-OL1:0.5,14M,A7-OL1,574,574,1203765248,5.88764263689518,0.342115193605423,0.34211518703225435,0.0001003697114775764,False
14M:A7-OL1:0.5,14M,A7-OL1,575,575,1205862400,5.961222797632217,0.34116026759147644,0.34116028030378825,0.0001,False
14M:A7-OL1:0.5,14M,A7-OL1,576,576,1207959552,5.880290821194649,0.33700472116470337,0.337004705356083,0.0001,False
14M:A7-OL1:0.5,14M,A7-OL1,577,577,1210056704,5.9213913679122925,0.3318001925945282,0.3318001970958685,0.0001,False
14M:A7-OL1:0.5,14M,A7-OL1,578,578,1212153856,5.929202124476433,0.32624104619026184,0.32624103937088816,0.0001,False
14M:A7-OL1:0.5,14M,A7-OL1,579,579,1214251008,5.894879966974258,0.3228001594543457,0.32280016809315654,0.0001,False
14M:A7-OL1:0.5,14M,A7-OL1,580,580,1216348160,5.899724319577217,0.3203097879886627,0.3203097908188785,0.0001,False
14M:A7-OL1:0.5,14M,A7-OL1,581,581,1218445312,5.8816042840480804,0.31863564252853394,0.31863563172769244,0.0001,False
14M:A7-OL1:0.5,14M,A7-OL1,582,582,1220542464,5.8707887679338455,0.327880322933197,0.3278803440238439,0.0001,False
14M:A7-OL1:0.5,14M,A7-OL1,583,583,1222639616,5.884652465581894,0.31757068634033203,0.3175706760479864,0.0001,False
14M:A7-OL1:0.5,14M,A7-OL1,584,584,1224736768,5.891240492463112,0.3207978904247284,0.3207978846592607,0.0001,False
14M:A7-OL1:0.5,14M,A7-OL1,585,585,1226833920,5.90478752553463,0.32126957178115845,0.32126957451525295,0.0001,False
14M:A7-OL1:0.5,14M,A7-OL1,586,586,1228931072,5.9289900958538055,0.331138551235199,0.331138555540769,0.0001,False
14M:A7-OL1:0.5,14M,A7-OL1,587,587,1231028224,5.923858091235161,0.32646840810775757,0.32646839541592587,0.0001,False
14M:A7-OL1:0.5,14M,A7-OL1,588,588,1233125376,5.887489661574364,0.31965357065200806,0.3196535736223426,0.0001,False
14M:A7-OL1:0.5,14M,A7-OL1,589,589,1235222528,5.890198230743408,0.3241560757160187,0.3241560653289505,0.0001,False
14M:A7-OL1:0.5,14M,A7-OL1,590,590,1237319680,5.9433101415634155,0.3253086507320404,0.3253086688626408,0.0001,False
14M:A7-OL1:0.5,14M,A7-OL1,591,591,1239416832,5.909946858882904,0.3267834782600403,0.326783475848214,0.0001,False
14M:A7-OL1:0.5,14M,A7-OL1,592,592,1241513984,5.902665764093399,0.3256697654724121,0.3256697852351804,0.0001,False
14M:A7-OL1:0.5,14M,A7-OL1,593,593,1243611136,5.9171614199876785,0.32154637575149536,0.32154637500759164,0.0001,False
14M:A7-OL1:0.5,14M,A7-OL1,594,594,1245708288,5.87911020219326,0.32845404744148254,0.32845405171043307,0.0001,False
14M:A7-OL1:0.5,14M,A7-OL1,595,595,1247805440,5.955702945590019,0.32740524411201477,0.32740523964469187,0.0001,False
14M:A7-OL1:0.5,14M,A7-OL1,596,596,1249902592,5.931936547160149,0.31798896193504333,0.3179889705953406,0.0001,False
14M:A7-OL1:0.5,14M,A7-OL1,597,597,1251999744,5.919975981116295,0.31778910756111145,0.31778910362692975,0.0001,False
14M:A7-OL1:0.5,14M,A7-OL1,598,598,1254096896,5.926271438598633,0.32760748267173767,0.32760747334541496,0.0001,False
14M:A7-OL1:0.5,14M,A7-OL1,599,599,1256194048,5.867385163903236,0.321251779794693,0.321251797465852,0.0001,False
14M:A7-OL1:0.5,14M,A7-OL1,600,600,1258291200,5.8965499848127365,0.3200119137763977,0.32001192131882583,0.0001,False
14M:A7-OL1:0.5,14M,A7-OL1,601,601,1260388352,5.90927717089653,0.3197256624698639,0.31972566113963974,0.0001,False
14M:A7-OL1:0.5,14M,A7-OL1,602,602,1262485504,5.913469776511192,0.3281172811985016,0.32811728910960364,0.0001,False
14M:A7-OL1:0.5,14M,A7-OL1,603,603,1264582656,5.8811594396829605,0.32133159041404724,0.3213315920804151,0.0001,False
14M:A7-OL1:0.5,14M,A7-OL1,604,604,1266679808,5.923005327582359,0.32314571738243103,0.32314570214529,0.0001,False
14M:A7-OL1:0.5,14M,A7-OL1,605,605,1268776960,5.906552001833916,0.32795488834381104,0.32795491014401673,0.0001,False
14M:A7-OL1:0.5,14M,A7-OL1,606,606,1270874112,5.916429162025452,0.32432445883750916,0.324324450207362,0.0001,False
14M:A7-OL1:0.5,14M,A7-OL1,607,607,1272971264,5.862775593996048,0.33166977763175964,0.3316697884816639,0.0001,False
14M:A7-OL1:0.5,14M,A7-OL1,608,608,1275068416,5.915881618857384,0.32591667771339417,0.3259166792089885,0.0001,False
14M:A7-OL1:0.5,14M,A7-OL1,609,609,1277165568,5.860432535409927,0.3214748501777649,0.32147484619848793,0.0001,False
14M:A7-OL1:0.5,14M,A7-OL1,610,610,1279262720,5.932943165302277,0.32180675864219666,0.3218067796970727,0.0001,False
14M:A7-OL1:0.5,14M,A7-OL1,611,611,1281359872,5.931453227996826,0.323716938495636,0.3237169410751639,0.0001,False
14M:A7-OL1:0.5,14M,A7-OL1,612,612,1283457024,5.9122336357831955,0.32556453347206116,0.32556455265409795,0.0001,False
14M:A7-OL1:0.5,14M,A7-OL1,613,613,1285554176,5.919443741440773,0.3252224028110504,0.3252223961120977,0.0001,False
14M:A7-OL1:0.5,14M,A7-OL1,614,614,1287651328,5.922973707318306,0.3245440125465393,0.32454401620432577,0.0001,False
14M:A7-OL1:0.5,14M,A7-OL1,615,615,1289748480,5.934204801917076,0.3281807601451874,0.3281807718204154,0.0001,False
14M:A7-OL1:0.5,14M,A7-OL1,616,616,1291845632,5.905173018574715,0.3224743902683258,0.3224743984064626,0.0001,False
14M:A7-OL1:0.5,14M,A7-OL1,617,617,1293942784,5.908531531691551,0.3209339678287506,0.3209339668166985,0.0001,False
14M:A7-OL1:0.5,14M,A7-OL1,618,618,1296039936,5.875775679945946,0.3280124068260193,0.32801240605027654,0.0001,False
14M:A7-OL1:0.5,14M,A7-OL1,619,619,1298137088,5.927442401647568,0.3517257571220398,0.3517257468708766,0.0001,False
14M:A7-OL1:0.5,14M,A7-OL1,620,620,1300234240,5.904806926846504,0.33689162135124207,0.336891608403697,0.0001,False
14M:A7-OL1:0.5,14M,A7-OL1,621,621,1302331392,5.8974749147892,0.3262612819671631,0.3262612886968246,0.0001,False
14M:A7-OL1:0.5,14M,A7-OL1,622,622,1304428544,5.924282267689705,0.32553738355636597,0.32553737306205577,0.0001,False
14M:A7-OL1:0.5,14M,A7-OL1,623,623,1306525696,5.904202088713646,0.3258630037307739,0.32586299189690127,0.0001,False
14M:A7-OL1:0.5,14M,A7-OL1,624,624,1308622848,5.909082010388374,0.33011138439178467,0.33011140033226616,0.0001,False
14M:A7-OL1:0.5,14M,A7-OL1,625,625,1310720000,5.842402592301369,0.3249145746231079,0.3249145836854518,0.0001,False
14M:A7-OL1:0.5,14M,A7-OL1,626,626,1312817152,5.893614858388901,0.32806670665740967,0.32806672515273005,0.0001,False
14M:A7-OL1:0.5,14M,A7-OL1,627,627,1314914304,5.8744023740291595,0.33213555812835693,0.33213554689334124,0.0001,False
14M:A7-OL1:0.5,14M,A7-OL1,628,628,1317011456,5.9179816246032715,0.33040085434913635,0.3304008785066947,0.0001,False
14M:A7-OL1:0.5,14M,A7-OL1,629,629,1319108608,5.900386855006218,0.33141326904296875,0.3314132857540788,0.0001,False
14M:A7-OL1:0.5,14M,A7-OL1,630,630,1321205760,5.924156814813614,0.3253144919872284,0.32531448753291375,0.0001,False
14M:A7-OL1:0.5,14M,A7-OL1,631,631,1323302912,5.9015244245529175,0.32719922065734863,0.32719921780160544,0.0001,False
14M:A7-OL1:0.5,14M,A7-OL1,632,632,1325400064,5.876281276345253,0.3275664448738098,0.32756643567585364,0.0001,False
14M:A7-OL1:0.5,14M,A7-OL1,633,633,1327497216,5.921759560704231,0.3303438425064087,0.3303438558912596,0.0001,False
14M:A7-OL1:0.5,14M,A7-OL1,634,634,1329594368,5.901505202054977,0.3332352936267853,0.33323528972719185,0.0001,False
14M:A7-OL1:0.5,14M,A7-OL1,635,635,1331691520,5.901160076260567,0.33571723103523254,0.3357172275641492,0.0001,False
14M:A7-OL1:0.5,14M,A7-OL1,636,636,1333788672,5.90318238735199,0.32990017533302307,0.32990017925803444,0.0001,False
14M:A7-OL1:0.5,14M,A7-OL1,637,637,1335885824,5.899411574006081,0.3317837119102478,0.33178371586878946,0.0001,False
14M:A7-OL1:0.5,14M,A7-OL1,638,638,1337982976,5.937231540679932,0.33346492052078247,0.3334649244507,0.0001,False
14M:A7-OL1:0.5,14M,A7-OL1,639,639,1340080128,5.912884205579758,0.3264279067516327,0.32642790432174545,0.0001,False
14M:A7-OL1:0.5,14M,A7-OL1,640,640,1342177280,5.874694585800171,0.3265279531478882,0.32652796014226965,0.0001,False
14M:A7-OL1:0.5,14M,A7-OL1,641,641,1344274432,5.881183624267578,0.3291572630405426,0.32915724222924103,0.0001,False
14M:A7-OL1:0.5,14M,A7-OL1,642,642,1346371584,5.924613207578659,0.3307924270629883,0.3307924118862087,0.0001,False
14M:A7-OL1:0.5,14M,A7-OL1,643,643,1348468736,5.903063327074051,0.3268934190273285,0.326893427746771,0.0001,False
14M:A7-OL1:0.5,14M,A7-OL1,644,644,1350565888,5.922676458954811,0.328405499458313,0.3284055105569958,0.0001,False
14M:A7-OL1:0.5,14M,A7-OL1,645,645,1352663040,5.908017709851265,0.3332658112049103,0.333265804946582,0.0001,False
14M:A7-OL1:0.5,14M,A7-OL1,646,646,1354760192,5.933758720755577,0.32875776290893555,0.32875776443297716,0.0001,False
14M:A7-OL1:0.5,14M,A7-OL1,647,647,1356857344,5.924808293581009,0.32481953501701355,0.3248195353584697,0.0001,False
14M:A7-OL1:0.5,14M,A7-OL1,648,648,1358954496,5.916662022471428,0.3290143609046936,0.32901435922326544,0.0001,False
14M:A7-OL1:0.5,14M,A7-OL1,649,649,1361051648,5.901927933096886,0.32939407229423523,0.3293940613931832,0.0001,False
14M:A7-OL1:0.5,14M,A7-OL1,650,650,1363148800,5.909613937139511,0.33195972442626953,0.33195973249557176,0.0001,False
14M:A7-OL1:0.5,14M,A7-OL1,651,651,1365245952,5.925548359751701,0.3318338990211487,0.33183389906549515,0.0001,False
14M:A7-OL1:0.5,14M,A7-OL1,652,652,1367343104,5.888173446059227,0.3244534730911255,0.3244534737823852,0.0001,False
14M:A7-OL1:0.5,14M,A7-OL1,653,653,1369440256,5.915178447961807,0.32827138900756836,0.3282713842774581,0.0001,False
14M:A7-OL1:0.5,14M,A7-OL1,654,654,1371537408,5.9435130804777145,0.33774125576019287,0.33774125204848593,0.0001,False
14M:A7-OL1:0.5,14M,A7-OL1,655,655,1373634560,5.911117747426033,0.33452823758125305,0.33452824220448374,0.0001,False
14M:A7-OL1:0.5,14M,A7-OL1,656,656,1375731712,5.892818182706833,0.33146047592163086,0.33146047454022465,0.0001,False
14M:A7-OL1:0.5,14M,A7-OL1,657,657,1377828864,5.916242629289627,0.37896859645843506,0.37896859052452425,0.0001,False
14M:A7-OL1:0.5,14M,A7-OL1,658,658,1379926016,5.893878132104874,0.3336350917816162,0.333635087713396,0.0001,False
14M:A7-OL1:0.5,14M,A7-OL1,659,659,1382023168,5.885568469762802,0.3345758318901062,0.33457583265845564,0.0001,False
14M:A7-OL1:0.5,14M,A7-OL1,660,660,1384120320,5.932055771350861,0.3349589705467224,0.33495895155788546,0.0001,False
14M:A7-OL1:0.5,14M,A7-OL1,661,661,1386217472,5.922834351658821,0.33393728733062744,0.3339372914066522,0.0001,False
14M:A7-OL1:0.5,14M,A7-OL1,662,662,1388314624,5.934114888310432,0.3307434618473053,0.33074347448465313,0.0001,False
14M:A7-OL1:0.5,14M,A7-OL1,663,663,1390411776,5.910541623830795,0.3282667398452759,0.32826672646759647,0.0001,False
14M:A7-OL1:0.5,14M,A7-OL1,664,664,1392508928,5.923038080334663,0.33436107635498047,0.3343610893488922,0.0001,False
14M:A7-OL1:0.5,14M,A7-OL1,665,665,1394606080,5.9063879400491714,0.33806347846984863,0.3380634612885074,0.0001,False
14M:A7-OL1:0.5,14M,A7-OL1,666,666,1396703232,5.944251269102097,0.34754928946495056,0.34754927350337816,0.0001,False
14M:A7-OL1:0.5,14M,A7-OL1,667,667,1398800384,5.921934604644775,0.3436286151409149,0.3436286252015752,0.0001,False
14M:A7-OL1:0.5,14M,A7-OL1,668,668,1400897536,5.901956915855408,0.3375488519668579,0.3375488487844005,0.0001,False
14M:A7-OL1:0.5,14M,A7-OL1,669,669,1402994688,5.880868837237358,0.3396665155887604,0.339666513508452,0.0001,False
14M:A7-OL1:0.5,14M,A7-OL1,670,670,1405091840,5.911600470542908,0.3331005275249481,0.3331005335654173,0.0001,False
14M:A7-OL1:0.5,14M,A7-OL1,671,671,1407188992,5.9295650869607925,0.3431110084056854,0.3431110285623099,0.0001,False
14M:A7-OL1:0.5,14M,A7-OL1,672,672,1409286144,5.900047674775124,0.33075061440467834,0.3307505945488655,0.0001,False
14M:A7-OL1:0.5,14M,A7-OL1,673,673,1411383296,5.904478803277016,0.3291974365711212,0.3291974521060147,0.0001,False
14M:A7-OL1:0.5,14M,A7-OL1,674,674,1413480448,5.963419154286385,0.3394967019557953,0.3394966959675093,0.0001,False
14M:A7-OL1:0.5,14M,A7-OL1,675,675,1415577600,5.9252235144376755,0.3355644643306732,0.33556444557689696,0.0001,False
14M:A7-OL1:0.5,14M,A7-OL1,676,676,1417674752,5.8735218197107315,0.3236885070800781,0.323688517292044,0.0001,False
14M:A7-OL1:0.5,14M,A7-OL1,677,677,1419771904,5.932983040809631,0.33057206869125366,0.33057206615695206,0.0001,False
14M:A7-OL1:0.5,14M,A7-OL1,678,678,1421869056,5.875224769115448,0.3327890634536743,0.33278906354777676,0.0001,False
14M:A7-OL1:0.5,14M,A7-OL1,679,679,1423966208,5.953020438551903,0.3304624557495117,0.3304624565919125,0.0001,False
14M:A7-OL1:0.5,14M,A7-OL1,680,680,1426063360,5.934977278113365,0.33075249195098877,0.33075249810182566,0.0001,False
14M:A7-OL1:0.5,14M,A7-OL1,681,681,1428160512,5.874962598085403,0.3289389908313751,0.3289389847083555,0.0001,False
14M:A7-OL1:0.5,14M,A7-OL1,682,682,1430257664,5.888219013810158,0.3263481855392456,0.3263481849890802,0.0001,False
14M:A7-OL1:0.5,14M,A7-OL1,683,683,1432354816,5.9393350929021835,0.33316919207572937,0.33316920247850107,0.0001,False
14M:A7-OL1:0.5,14M,A7-OL1,684,684,1434451968,5.931084990501404,0.3339996337890625,0.3339996381688988,0.0001,False
14M:A7-OL1:0.5,14M,A7-OL1,685,685,1436549120,5.8685770481824875,0.3311673104763031,0.3311672991041149,0.0001,False
14M:A7-OL1:0.5,14M,A7-OL1,686,686,1438646272,5.928285673260689,0.332509845495224,0.33250984601983186,0.0001,False
14M:A7-OL1:0.5,14M,A7-OL1,687,687,1440743424,5.921004801988602,0.3295309841632843,0.3295309704927774,0.0001,False
14M:A7-OL1:0.5,14M,A7-OL1,688,688,1442840576,5.8864262998104095,0.33126509189605713,0.3312650814464914,0.0001,False
14M:A7-OL1:0.5,14M,A7-OL1,689,689,1444937728,5.886872693896294,0.3350783586502075,0.3350783492184639,0.0001,False
14M:A7-OL1:0.5,14M,A7-OL1,690,690,1447034880,5.917261645197868,0.3328971266746521,0.3328971318596096,0.0001,False
14M:A7-OL1:0.5,14M,A7-OL1,691,691,1449132032,5.928153395652771,0.3318747580051422,0.3318747612101683,0.0001,False
14M:A7-OL1:0.5,14M,A7-OL1,692,692,1451229184,5.9318079352378845,0.33240965008735657,0.3324096644682677,0.0001,False
14M:A7-OL1:0.5,14M,A7-OL1,693,693,1453326336,5.909624353051186,0.33299410343170166,0.33299408985243306,0.0001,False
14M:A7-OL1:0.5,14M,A7-OL1,694,694,1455423488,5.871515855193138,0.33361080288887024,0.3336108016250965,0.0001,False
14M:A7-OL1:0.5,14M,A7-OL1,695,695,1457520640,5.882739141583443,0.33676856756210327,0.3367685684483147,0.0001,False
14M:A7-OL1:0.5,14M,A7-OL1,696,696,1459617792,5.91496242582798,0.3388824164867401,0.3388824225671484,0.0001,False
14M:A7-OL1:0.5,14M,A7-OL1,697,697,1461714944,5.892249017953873,0.33020585775375366,0.33020585016369436,0.0001,False
14M:A7-OL1:0.5,14M,A7-OL1,698,698,1463812096,5.897641867399216,0.33110326528549194,0.33110326661271405,0.0001,False
14M:A7-OL1:0.5,14M,A7-OL1,699,699,1465909248,5.861444219946861,0.33046603202819824,0.33046602450733265,0.0001,False
14M:A7-OL1:0.5,14M,A7-OL1,700,700,1468006400,5.893507093191147,0.32742398977279663,0.327423988718566,0.0001,False
14M:A7-OL1:0.5,14M,A7-OL1,701,701,1470103552,5.94044041633606,0.3287464678287506,0.328746466981962,0.0001,False
14M:A7-OL1:0.5,14M,A7-OL1,702,702,1472200704,5.868008106946945,0.3308187425136566,0.3308187472793959,0.0001,False
14M:A7-OL1:0.5,14M,A7-OL1,703,703,1474297856,5.925275951623917,0.3345312178134918,0.3345312023704075,0.0001,False
14M:A7-OL1:0.5,14M,A7-OL1,704,704,1476395008,5.896243646740913,0.3316982686519623,0.3316982577278549,0.0001,False
14M:A7-OL1:0.5,14M,A7-OL1,705,705,1478492160,5.914884015917778,0.3277742266654968,0.3277742082652261,0.0001,False
14M:A7-OL1:0.5,14M,A7-OL1,706,706,1480589312,5.896246954798698,0.3402085304260254,0.34020852663203865,0.0001,False
14M:A7-OL1:0.5,14M,A7-OL1,707,707,1482686464,5.916648954153061,0.34235861897468567,0.3423586136466648,0.0001,False
14M:A7-OL1:0.5,14M,A7-OL1,708,708,1484783616,5.92525640130043,0.3404003083705902,0.34040030293248436,0.0001,False
14M:A7-OL1:0.5,14M,A7-OL1,709,709,1486880768,5.938920900225639,0.33455997705459595,0.3345599652064444,0.0001,False
14M:A7-OL1:0.5,14M,A7-OL1,710,710,1488977920,5.92712564766407,0.33214446902275085,0.33214446113700175,0.0001,False
14M:A7-OL1:0.5,14M,A7-OL1,711,711,1491075072,5.918590769171715,0.33179476857185364,0.3317947510549153,0.0001,False
14M:A7-OL1:0.5,14M,A7-OL1,712,712,1493172224,5.921474382281303,0.33909857273101807,0.3390985878016908,0.0001,False
70M:A4-OL1:0.5,70M,A4-OL1,1,1,2097152,11.026893768459558,2.374579429626465,0.9999996514038051,0.0,False
70M:A4-OL1:0.5,70M,A4-OL1,2,2,4194304,11.027339354157448,2.356933355331421,0.999999623937861,0.0001404494382022472,False
70M:A4-OL1:0.5,70M,A4-OL1,3,3,6291456,10.500138405710459,2.0305798053741455,0.9999995847385524,0.0002808988764044944,False
70M:A4-OL1:0.5,70M,A4-OL1,4,4,8388608,10.027039241045713,1.6482306718826294,0.999999394471564,0.0004213483146067416,False
70M:A4-OL1:0.5,70M,A4-OL1,5,5,10485760,9.762199107557535,1.453414797782898,0.999999334306254,0.0005617977528089888,False
70M:A4-OL1:0.5,70M,A4-OL1,6,6,12582912,9.501412060111761,1.3775780200958252,0.9999993471254552,0.0007022471910112359,False
70M:A4-OL1:0.5,70M,A4-OL1,7,7,14680064,9.210120029747486,1.2570565938949585,0.9999992370127896,0.0008426966292134832,False
70M:A4-OL1:0.5,70M,A4-OL1,8,8,16777216,8.915709547698498,1.086111307144165,0.9999990384079608,0.0009831460674157304,False
70M:A4-OL1:0.5,70M,A4-OL1,9,9,18874368,8.623613972216845,0.9037631154060364,0.903763187322643,0.0009999962308400703,False
70M:A4-OL1:0.5,70M,A4-OL1,10,10,20971520,8.385587565600872,0.7982874512672424,0.79828740427266,0.0009999827974442107,False
70M:A4-OL1:0.5,70M,A4-OL1,11,11,23068672,8.250314094126225,0.7033045887947083,0.7033046078209944,0.0009999596299861823,False
70M:A4-OL1:0.5,70M,A4-OL1,12,12,25165824,8.111613471060991,0.8558890223503113,0.8558889903167496,0.0009999267289170272,False
70M:A4-OL1:0.5,70M,A4-OL1,13,13,27262976,8.016598084941506,0.6347561478614807,0.6347561186742975,0.0009998840948772898,False
70M:A4-OL1:0.5,70M,A4-OL1,14,14,29360128,7.935421446338296,0.4255698621273041,0.42556983404340004,0.0009998317286970036,False
70M:A4-OL1:0.5,70M,A4-OL1,15,15,31457280,7.833940502256155,0.43306803703308105,0.43306806477756044,0.0009997696313956746,False
70M:A4-OL1:0.5,70M,A4-OL1,16,16,33554432,7.815306855365634,0.6257497072219849,0.6257497054820754,0.0009996978041822626,False
70M:A4-OL1:0.5,70M,A4-OL1,17,17,35651584,7.799845447763801,0.6160669922828674,0.6160669792887712,0.0009996162484551569,False
70M:A4-OL1:0.5,70M,A4-OL1,18,18,37748736,7.772606670856476,0.44935426115989685,0.4493542623698733,0.0009995249658021493,False
70M:A4-OL1:0.5,70M,A4-OL1,19,19,39845888,7.716596774756908,0.5343496203422546,0.5343495842397072,0.0009994239580004022,False
70M:A4-OL1:0.5,70M,A4-OL1,20,20,41943040,7.701224412769079,0.7349395751953125,0.7349395458417597,0.0009993132270164169,False
70M:A4-OL1:0.5,70M,A4-OL1,21,21,44040192,7.702715650200844,0.5738735795021057,0.573873573338927,0.0009991927750059911,False
70M:A4-OL1:0.5,70M,A4-OL1,22,22,46137344,7.598367355763912,0.314517617225647,0.31451759128034623,0.0009990626043141805,False
70M:A4-OL1:0.5,70M,A4-OL1,23,23,48234496,7.542756734415889,0.319610059261322,0.31961006719194407,0.000998922717475252,False
70M:A4-OL1:0.5,70M,A4-OL1,24,24,50331648,7.492874938994646,0.30696502327919006,0.3069650324704389,0.000998773117212633,False
70M:A4-OL1:0.5,70M,A4-OL1,25,25,52428800,7.455870104953647,0.2840699255466461,0.2840699236592068,0.0009986138064388605,False
70M:A4-OL1:0.5,70M,A4-OL1,26,26,54525952,7.41310178861022,0.3440469801425934,0.3440469677074873,0.0009984447882555232,False
70M:A4-OL1:0.5,70M,A4-OL1,27,27,56623104,7.361754866316915,0.31329309940338135,0.31329307506968085,0.0009982660659532013,False
70M:A4-OL1:0.5,70M,A4-OL1,28,28,58720256,7.282827517017722,0.3601219058036804,0.36012191900855905,0.0009980776430114024,False
70M:A4-OL1:0.5,70M,A4-OL1,29,29,60817408,7.252930773422122,0.23154588043689728,0.2315458753389506,0.0009978795230984941,False
70M:A4-OL1:0.5,70M,A4-OL1,30,30,62914560,7.174452964216471,0.2532368302345276,0.2532367966855366,0.0009976717100716322,False
70M:A4-OL1:0.5,70M,A4-OL1,31,31,65011712,7.131821855902672,0.25289419293403625,0.25289420308507776,0.0009974542079766858,False
70M:A4-OL1:0.5,70M,A4-OL1,32,32,67108864,7.095116740092635,0.4100666344165802,0.41006666642894696,0.0009972270210481583,False
70M:A4-OL1:0.5,70M,A4-OL1,33,33,69206016,7.068825531750917,0.36143842339515686,0.3614384317109634,0.000996990153709105,False
70M:A4-OL1:0.5,70M,A4-OL1,34,34,71303168,7.0017872378230095,0.38103294372558594,0.3810329143792562,0.000996743610571048,False
70M:A4-OL1:0.5,70M,A4-OL1,35,35,73400320,6.936118071898818,0.2699134945869446,0.2699135030538776,0.0009964873964338843,False
70M:A4-OL1:0.5,70M,A4-OL1,36,36,75497472,6.880683531984687,0.3156298100948334,0.3156298011684458,0.0009962215162857945,False
70M:A4-OL1:0.5,70M,A4-OL1,37,37,77594624,6.866866754367948,0.43170395493507385,0.43170392721796824,0.0009959459753031445,False
70M:A4-OL1:0.5,70M,A4-OL1,38,38,79691776,6.882493317127228,0.32666245102882385,0.3266624665688177,0.000995660778850385,False
70M:A4-OL1:0.5,70M,A4-OL1,39,39,81788928,6.8414636347442865,0.3450223207473755,0.34502230297278386,0.0009953659324799468,False
70M:A4-OL1:0.5,70M,A4-OL1,40,40,83886080,6.785640683025122,0.31857678294181824,0.31857677105547044,0.0009950614419321332,False
70M:A4-OL1:0.5,70M,A4-OL1,41,41,85983232,6.742809219285846,0.22402602434158325,0.2240260275473541,0.0009947473131350084,False
70M:A4-OL1:0.5,70M,A4-OL1,42,42,88080384,6.729448415338993,0.2414105385541916,0.24141051828676502,0.0009944235522042811,False
70M:A4-OL1:0.5,70M,A4-OL1,43,43,90177536,6.705148557201028,0.25330430269241333,0.25330428658491233,0.0009940901654431858,False
70M:A4-OL1:0.5,70M,A4-OL1,44,44,92274688,6.6649200692772865,0.2299509346485138,0.22995092837446124,0.0009937471593423613,False
70M:A4-OL1:0.5,70M,A4-OL1,45,45,94371840,6.638824097812176,0.16326981782913208,0.16326981973315124,0.0009933945405797224,False
70M:A4-OL1:0.5,70M,A4-OL1,46,46,96468992,6.623699801042676,0.16497346758842468,0.1649734672846681,0.0009930323160203315,False
70M:A4-OL1:0.5,70M,A4-OL1,47,47,98566144,6.619284573942423,0.33987870812416077,0.3398786859173975,0.0009926604927162636,False
70M:A4-OL1:0.5,70M,A4-OL1,48,48,100663296,6.6336871813982725,0.4104805588722229,0.4104805749979217,0.0009922790779064705,False
70M:A4-OL1:0.5,70M,A4-OL1,49,49,102760448,6.578188365325332,0.5667198896408081,0.5667198965204826,0.0009918880790166385,False
70M:A4-OL1:0.5,70M,A4-OL1,50,50,104857600,6.554679196327925,0.29376769065856934,0.29376768157005156,0.0009914875036590443,False
70M:A4-OL1:0.5,70M,A4-OL1,51,51,106954752,6.494306130334735,0.29500219225883484,0.2950022119894958,0.0009910773596324073,False
70M:A4-OL1:0.5,70M,A4-OL1,52,52,109051904,6.5081467889249325,0.3202219009399414,0.3202218829202135,0.0009906576549217369,False
70M:A4-OL1:0.5,70M,A4-OL1,53,53,111149056,6.520421113818884,0.22128231823444366,0.22128229264525964,0.000990228397698178,False
70M:A4-OL1:0.5,70M,A4-OL1,54,54,113246208,6.499874897301197,0.2147856503725052,0.21478565461173355,0.0009897895963188513,False
70M:A4-OL1:0.5,70M,A4-OL1,55,55,115343360,6.425671324133873,0.23766393959522247,0.2376639357177643,0.0009893412593266898,False
70M:A4-OL1:0.5,70M,A4-OL1,56,56,117440512,6.445282688364387,0.34603846073150635,0.3460384484132605,0.0009888833954502748,False
70M:A4-OL1:0.5,70M,A4-OL1,57,57,119537664,6.420494772493839,0.237206369638443,0.23720637081649593,0.0009884160136036635,False
70M:A4-OL1:0.5,70M,A4-OL1,58,58,121634816,6.381547965109348,0.19489124417304993,0.19489124590938162,0.000987939122886217,False
70M:A4-OL1:0.5,70M,A4-OL1,59,59,123731968,6.4268497582525015,0.17394794523715973,0.1739479589226412,0.0009874527325824225,False
70M:A4-OL1:0.5,70M,A4-OL1,60,60,125829120,6.3950543738901615,0.22122643887996674,0.22122643704106384,0.0009869568521617127,False
70M:A4-OL1:0.5,70M,A4-OL1,61,61,127926272,6.359307495877147,0.14771871268749237,0.14771871494854222,0.0009864514912782817,False
70M:A4-OL1:0.5,70M,A4-OL1,62,62,130023424,6.348210286349058,0.201237291097641,0.20123728991688236,0.0009859366597708959,False
70M:A4-OL1:0.5,70M,A4-OL1,63,63,132120576,6.3243470545858145,0.23945234715938568,0.2394523444834018,0.0009854123676627045,False
70M:A4-OL1:0.5,70M,A4-OL1,64,64,134217728,6.315148141235113,0.3313184082508087,0.3313184123258321,0.0009848786251610425,False
70M:A4-OL1:0.5,70M,A4-OL1,65,65,136314880,6.255514480173588,0.38934993743896484,0.3893499585407129,0.0009843354426572327,False
70M:A4-OL1:0.5,70M,A4-OL1,66,66,138412032,6.297539396211505,0.41981396079063416,0.41981395761993867,0.0009837828307263836,False
70M:A4-OL1:0.5,70M,A4-OL1,67,67,140509184,6.3000926319509745,0.3791811466217041,0.3791811360210205,0.000983220800127183,False
70M:A4-OL1:0.5,70M,A4-OL1,68,68,142606336,6.2396660558879375,0.3836239278316498,0.38362395251819237,0.000982649361801689,False
70M:A4-OL1:0.5,70M,A4-OL1,69,69,144703488,6.263196386396885,0.39175450801849365,0.39175450127260353,0.0009820685268751167,False
70M:A4-OL1:0.5,70M,A4-OL1,70,70,146800640,6.2566735483706,0.27721107006073,0.2772110686108373,0.0009814783066556217,False
70M:A4-OL1:0.5,70M,A4-OL1,71,71,148897792,6.236358875408769,0.433602511882782,0.43360251197748856,0.0009808787126340801,False
70M:A4-OL1:0.5,70M,A4-OL1,72,72,150994944,6.209025654941797,0.30336153507232666,0.30336152964803215,0.0009802697564838645,False
70M:A4-OL1:0.5,70M,A4-OL1,73,73,153092096,6.215261489152908,0.24436679482460022,0.24436680185653623,0.0009796514500606166,False
70M:A4-OL1:0.5,70M,A4-OL1,74,74,155189248,6.157590007409453,0.3209824562072754,0.3209824441568296,0.000979023805402017,False
70M:A4-OL1:0.5,70M,A4-OL1,75,75,157286400,6.187062369659543,0.2601338326931,0.2601338486495012,0.0009783868347275507,False
70M:A4-OL1:0.5,70M,A4-OL1,76,76,159383552,6.138887081295252,0.25558698177337646,0.25558698462473345,0.000977740550438268,False
70M:A4-OL1:0.5,70M,A4-OL1,77,77,161480704,6.125863244757056,0.33537447452545166,0.33537447747958077,0.0009770849651165455,False
70M:A4-OL1:0.5,70M,A4-OL1,78,78,163577856,6.157720722258091,0.30924370884895325,0.3092437190776866,0.0009764200915258382,False
70M:A4-OL1:0.5,70M,A4-OL1,79,79,165675008,6.152140660211444,0.3149314522743225,0.3149314593727356,0.0009757459426104335,False
70M:A4-OL1:0.5,70M,A4-OL1,80,80,167772160,6.138088978827,0.32046669721603394,0.3204667096352237,0.0009750625314951977,False
70M:A4-OL1:0.5,70M,A4-OL1,81,81,169869312,6.1316936779767275,0.27262452244758606,0.2726245055225839,0.0009743698714853213,False
70M:A4-OL1:0.5,70M,A4-OL1,82,82,171966464,6.106656242161989,0.2965782880783081,0.2965782800149114,0.0009736679760660594,False
70M:A4-OL1:0.5,70M,A4-OL1,83,83,174063616,6.09123326651752,0.42435088753700256,0.424350888691854,0.0009729568589024693,False
70M:A4-OL1:0.5,70M,A4-OL1,84,84,176160768,6.101220440119505,0.36693239212036133,0.36693239805013317,0.000972236533839145,False
70M:A4-OL1:0.5,70M,A4-OL1,85,85,178257920,6.13004145771265,0.31947261095046997,0.3194726121535632,0.0009715070148999465,False
70M:A4-OL1:0.5,70M,A4-OL1,86,86,180355072,6.086017394438386,0.27316930890083313,0.273169299721178,0.0009707683162877283,False
70M:A4-OL1:0.5,70M,A4-OL1,87,87,182452224,6.061469506472349,0.33010002970695496,0.3301000213912446,0.0009700204523840612,False
70M:A4-OL1:0.5,70M,A4-OL1,88,88,184549376,6.071216681972146,0.3392206132411957,0.33922061911295304,0.000969263437748954,False
70M:A4-OL1:0.5,70M,A4-OL1,89,89,186646528,6.062266072258353,0.27654287219047546,0.2765428731206492,0.0009684972871205686,False
70M:A4-OL1:0.5,70M,A4-OL1,90,90,188743680,6.06827212497592,0.25050073862075806,0.2505007412629312,0.0009677220154149337,False
70M:A4-OL1:0.5,70M,A4-OL1,91,91,190840832,6.0398043263703585,0.31764650344848633,0.31764649326806776,0.0009669376377256549,False
70M:A4-OL1:0.5,70M,A4-OL1,92,92,192937984,6.081829585134983,0.40995103120803833,0.40995103209624273,0.0009661441693236197,False
70M:A4-OL1:0.5,70M,A4-OL1,93,93,195035136,6.050848301500082,0.4690834581851959,0.4690834413874448,0.0009653416256567013,False
70M:A4-OL1:0.5,70M,A4-OL1,94,94,197132288,6.052186544984579,0.40871328115463257,0.40871328651675004,0.0009645300223494571,False
70M:A4-OL1:0.5,70M,A4-OL1,95,95,199229440,6.0251134149730206,0.3253892958164215,0.3253892823078708,0.000963709375202825,False
70M:A4-OL1:0.5,70M,A4-OL1,96,96,201326592,6.004953645169735,0.29668331146240234,0.29668329623427947,0.000962879700193815,False
70M:A4-OL1:0.5,70M,A4-OL1,97,97,203423744,5.980287669226527,0.4815971553325653,0.4815971486222464,0.0009620410134751992,False
70M:A4-OL1:0.5,70M,A4-OL1,98,98,205520896,6.014532394707203,0.5067122578620911,0.5067122650731214,0.0009611933313751969,False
70M:A4-OL1:0.5,70M,A4-OL1,99,99,207618048,5.9946962632238865,0.3058825731277466,0.30588256072318604,0.0009603366703971562,False
70M:A4-OL1:0.5,70M,A4-OL1,100,100,209715200,5.9773114286363125,0.4376438558101654,0.4376438688140413,0.0009594710472192336,False
70M:A4-OL1:0.5,70M,A4-OL1,101,101,211812352,5.9674818236380816,0.5586597919464111,0.5586597977289753,0.0009585964786940681,False
70M:A4-OL1:0.5,70M,A4-OL1,102,102,213909504,5.971687523648143,0.5368292927742004,0.5368292977164878,0.0009577129818484549,False
70M:A4-OL1:0.5,70M,A4-OL1,103,103,216006656,5.945437457412481,0.5558721423149109,0.5558721243733558,0.0009568205738830118,False
70M:A4-OL1:0.5,70M,A4-OL1,104,104,218103808,5.980816615745425,0.5075019598007202,0.5075019939893346,0.0009559192721718459,False
70M:A4-OL1:0.5,70M,A4-OL1,105,105,220200960,5.955362742766738,0.5268316864967346,0.5268317312897778,0.0009550090942622149,False
70M:A4-OL1:0.5,70M,A4-OL1,106,106,222298112,5.961062693968415,0.6306639313697815,0.6306639349075588,0.0009540900578741849,False
70M:A4-OL1:0.5,70M,A4-OL1,107,107,224395264,5.915543066337705,0.4269807040691376,0.4269807168312987,0.0009531621809002862,False
70M:A4-OL1:0.5,70M,A4-OL1,108,108,226492416,5.948519509285688,0.4584744870662689,0.4584744537812013,0.0009522254814051648,False
70M:A4-OL1:0.5,70M,A4-OL1,109,109,228589568,5.937071092426777,0.5681141018867493,0.5681141089697502,0.0009512799776252301,False
70M:A4-OL1:0.5,70M,A4-OL1,110,110,230686720,5.907794574275613,0.2809896767139435,0.28098968754512255,0.0009503256879683008,False
70M:A4-OL1:0.5,70M,A4-OL1,111,111,232783872,5.939218191429973,0.4796058237552643,0.4796057970234948,0.0009493626310132458,False
70M:A4-OL1:0.5,70M,A4-OL1,112,112,234881024,5.888114536181092,0.36861318349838257,0.3686131811466205,0.0009483908255096225,False
70M:A4-OL1:0.5,70M,A4-OL1,113,113,236978176,5.928970227017999,0.3826991021633148,0.3826990900016063,0.0009474102903773126,False
70M:A4-OL1:0.5,70M,A4-OL1,114,114,239075328,5.88539981842041,0.4169524610042572,0.4169524498500815,0.0009464210447061523,False
70M:A4-OL1:0.5,70M,A4-OL1,115,115,241172480,5.887130053713918,0.3469456136226654,0.346945610696597,0.0009454231077555622,False
70M:A4-OL1:0.5,70M,A4-OL1,116,116,243269632,5.901176432147622,0.3426344096660614,0.34263439139840324,0.0009444164989541715,False
70M:A4-OL1:0.5,70M,A4-OL1,117,117,245366784,5.929106198251247,0.35330715775489807,0.3533071572833648,0.0009434012378994395,False
70M:A4-OL1:0.5,70M,A4-OL1,118,118,247463936,5.884637642651796,0.3264937400817871,0.32649374633853245,0.0009423773443572748,False
70M:A4-OL1:0.5,70M,A4-OL1,119,119,249561088,5.8969729114323854,0.3441787660121918,0.34417877702237376,0.00094134483826165,False
70M:A4-OL1:0.5,70M,A4-OL1,120,120,251658240,5.847754927352071,0.4319041967391968,0.4319041861187709,0.0009403037397142138,False
70M:A4-OL1:0.5,70M,A4-OL1,121,121,253755392,5.862148294225335,0.5626055598258972,0.5626055265085657,0.0009392540689838996,False
70M:A4-OL1:0.5,70M,A4-OL1,122,122,255852544,5.857222754508257,0.6512809991836548,0.6512810327411023,0.0009381958465065305,False
70M:A4-OL1:0.5,70M,A4-OL1,123,123,257949696,5.839124610647559,0.5611388683319092,0.5611388583355965,0.0009371290928844224,False
70M:A4-OL1:0.5,70M,A4-OL1,124,124,260046848,5.831217538565397,0.40775299072265625,0.4077530064565559,0.0009360538288859819,False
70M:A4-OL1:0.5,70M,A4-OL1,125,125,262144000,5.832953156903386,0.3869923949241638,0.38699239205265673,0.0009349700754453024,False
70M:A4-OL1:0.5,70M,A4-OL1,126,126,264241152,5.8559484500437975,0.4535665512084961,0.453566541330626,0.0009338778536617566,False
70M:A4-OL1:0.5,70M,A4-OL1,127,127,266338304,5.81967487372458,0.462719202041626,0.4627192048545005,0.0009327771847995856,False
70M:A4-OL1:0.5,70M,A4-OL1,128,128,268435456,5.802460545673966,0.43947717547416687,0.43947717387209123,0.0009316680902874848,False
70M:A4-OL1:0.5,70M,A4-OL1,129,129,270532608,5.879315255209804,0.3354054093360901,0.3354054145141502,0.0009305505917181871,False
70M:A4-OL1:0.5,70M,A4-OL1,130,130,272629760,5.816664308309555,0.3237520158290863,0.32375200012902683,0.0009294247108480422,False
70M:A4-OL1:0.5,70M,A4-OL1,131,131,274726912,5.794570874422789,0.33847030997276306,0.3384703067290157,0.0009282904695965927,False
70M:A4-OL1:0.5,70M,A4-OL1,132,132,276824064,5.850091341882944,0.4549669921398163,0.4549669674531633,0.0009271478900461485,False
70M:A4-OL1:0.5,70M,A4-OL1,133,133,278921216,5.7327423971146345,0.5304414629936218,0.5304414674065241,0.0009259969944413552,False
70M:A4-OL1:0.5,70M,A4-OL1,134,134,281018368,5.82114864140749,0.5692138671875,0.5692138354468959,0.0009248378051887629,False
70M:A4-OL1:0.5,70M,A4-OL1,135,135,283115520,5.795449171215296,0.6179270148277283,0.617926975464448,0.0009236703448563882,False
70M:A4-OL1:0.5,70M,A4-OL1,136,136,285212672,5.809929547831416,0.508619487285614,0.5086194485478576,0.000922494636173276,False
70M:A4-OL1:0.5,70M,A4-OL1,137,137,287309824,5.792126638814807,0.30302679538726807,0.3030267803130503,0.000921310702029057,False
70M:A4-OL1:0.5,70M,A4-OL1,138,138,289406976,5.777924943715334,0.5382449626922607,0.5382449850570098,0.0009201185654735012,False
70M:A4-OL1:0.5,70M,A4-OL1,139,139,291504128,5.781689818948507,0.4795854389667511,0.4795854434528031,0.0009189182497160696,False
70M:A4-OL1:0.5,70M,A4-OL1,140,140,293601280,5.798696707934141,0.4123830199241638,0.41238302962042767,0.0009177097781254628,False
70M:A4-OL1:0.5,70M,A4-OL1,141,141,295698432,5.772758267819881,0.4701826572418213,0.4701826262677588,0.0009164931742291654,False
70M:A4-OL1:0.5,70M,A4-OL1,142,142,297795584,5.761718936264515,0.36839351058006287,0.36839352855790486,0.0009152684617129883,False
70M:A4-OL1:0.5,70M,A4-OL1,143,143,299892736,5.733995139598846,0.42320308089256287,0.4232030855734443,0.0009140356644206073,False
70M:A4-OL1:0.5,70M,A4-OL1,144,144,301989888,5.775064510293305,0.4712837040424347,0.47128371105836336,0.0009127948063530991,False
70M:A4-OL1:0.5,70M,A4-OL1,145,145,304087040,5.747191179543734,0.33944594860076904,0.3394459277889435,0.0009115459116684743,False
70M:A4-OL1:0.5,70M,A4-OL1,146,146,306184192,5.770035520195961,0.3960544466972351,0.3960544531603253,0.000910289004681206,False
70M:A4-OL1:0.5,70M,A4-OL1,147,147,308281344,5.754391988739371,0.36328747868537903,0.3632874893794558,0.000909024109861758,False
70M:A4-OL1:0.5,70M,A4-OL1,148,148,310378496,5.758740367367864,0.42864716053009033,0.42864714812165877,0.0009077512518361068,False
70M:A4-OL1:0.5,70M,A4-OL1,149,149,312475648,5.752100387588143,0.4146988093852997,0.4146987999583212,0.0009064704553852638,False
70M:A4-OL1:0.5,70M,A4-OL1,150,150,314572800,5.761233367025852,0.4139229953289032,0.4139229966525527,0.0009051817454447911,False
70M:A4-OL1:0.5,70M,A4-OL1,151,151,316669952,5.757368555292487,0.40140482783317566,0.40140483391630366,0.0009038851471043173,False
70M:A4-OL1:0.5,70M,A4-OL1,152,152,318767104,5.72818716801703,0.41408571600914,0.4140857161833873,0.0009025806856070486,False
70M:A4-OL1:0.5,70M,A4-OL1,153,153,320864256,5.7283138278871775,0.3068476915359497,0.306847694549696,0.0009012683863492776,False
70M:A4-OL1:0.5,70M,A4-OL1,154,154,322961408,5.761783855035901,0.3536418080329895,0.3536417923936034,0.0008999482748798884,False
70M:A4-OL1:0.5,70M,A4-OL1,155,155,325058560,5.725253479555249,0.4089275598526001,0.40892758444666183,0.0008986203768998591,False
70M:A4-OL1:0.5,70M,A4-OL1,156,156,327155712,5.760575346648693,0.3746658265590668,0.37466584096432615,0.0008972847182617625,False
70M:A4-OL1:0.5,70M,A4-OL1,157,157,329252864,5.69810801371932,0.5354265570640564,0.5354265718268558,0.0008959413249692616,False
70M:A4-OL1:0.5,70M,A4-OL1,158,158,331350016,5.722587479278445,0.5853752493858337,0.5853752051533776,0.0008945902231766037,False
70M:A4-OL1:0.5,70M,A4-OL1,159,159,333447168,5.740727426484227,0.7387903332710266,0.7387903224076493,0.0008932314391881118,False
70M:A4-OL1:0.5,70M,A4-OL1,160,160,335544320,5.726481702178717,0.5611127614974976,0.5611127715093563,0.0008918649994576717,False
70M:A4-OL1:0.5,70M,A4-OL1,161,161,337641472,5.70692222006619,0.4064309895038605,0.4064310014987628,0.0008904909305882169,False
70M:A4-OL1:0.5,70M,A4-OL1,162,162,339738624,5.700166027992964,0.45334696769714355,0.45334696107317385,0.0008891092593312118,False
70M:A4-OL1:0.5,70M,A4-OL1,163,163,341835776,5.674964977428317,0.5224410891532898,0.5224411199736222,0.0008877200125861294,False
70M:A4-OL1:0.5,70M,A4-OL1,164,164,343932928,5.692157655954361,0.4693925678730011,0.4693925663663745,0.0008863232173999288,False
70M:A4-OL1:0.5,70M,A4-OL1,165,165,346030080,5.6546296793967485,0.37114426493644714,0.371144251068396,0.0008849189009665278,False
70M:A4-OL1:0.5,70M,A4-OL1,166,166,348127232,5.670038806274533,0.393412321805954,0.3934123134277873,0.0008835070906262741,False
70M:A4-OL1:0.5,70M,A4-OL1,167,167,350224384,5.661960080265999,0.46633222699165344,0.4663322502527267,0.0008820878138654127,False
70M:A4-OL1:0.5,70M,A4-OL1,168,168,352321536,5.6442701406776905,0.39856675267219543,0.39856676215082243,0.0008806610983155505,False
70M:A4-OL1:0.5,70M,A4-OL1,169,169,354418688,5.670152986422181,0.40888142585754395,0.40888144986879277,0.0008792269717531191,False
70M:A4-OL1:0.5,70M,A4-OL1,170,170,356515840,5.656816218048334,0.38208410143852234,0.3820840886495259,0.0008777854620988331,False
70M:A4-OL1:0.5,70M,A4-OL1,171,171,358612992,5.648623500019312,0.3555338978767395,0.3555338783533544,0.0008763365974171476,False
70M:A4-OL1:0.5,70M,A4-OL1,172,172,360710144,5.668866325169802,0.3320268392562866,0.33202683612340655,0.0008748804059157103,False
70M:A4-OL1:0.5,70M,A4-OL1,173,173,362807296,5.6463941372931,0.33637046813964844,0.33637047872144493,0.0008734169159448145,False
70M:A4-OL1:0.5,70M,A4-OL1,174,174,364904448,5.66167657263577,0.36908063292503357,0.3690806523452239,0.0008719461559968444,False
70M:A4-OL1:0.5,70M,A4-OL1,175,175,367001600,5.644020469859242,0.3557821214199066,0.35578212939802756,0.0008704681547057236,False
70M:A4-OL1:0.5,70M,A4-OL1,176,176,369098752,5.647522788494825,0.3770352900028229,0.3770352845858686,0.0008689829408463543,False
70M:A4-OL1:0.5,70M,A4-OL1,177,177,371195904,5.643864220008254,0.3748357594013214,0.3748357648870143,0.0008674905433340597,False
70M:A4-OL1:0.5,70M,A4-OL1,178,178,373293056,5.695915190503001,0.45829519629478455,0.4582951953765593,0.0008659909912240198,False
70M:A4-OL1:0.5,70M,A4-OL1,179,179,375390208,5.670904740691185,0.5308324694633484,0.5308324885900976,0.0008644843137107057,False
70M:A4-OL1:0.5,70M,A4-OL1,180,180,377487360,5.665662806481123,0.5558211207389832,0.5558211301977855,0.0008629705401273122,False
70M:A4-OL1:0.5,70M,A4-OL1,181,181,379584512,5.619403563439846,0.48543599247932434,0.48543599812618116,0.0008614496999451854,False
70M:A4-OL1:0.5,70M,A4-OL1,182,182,381681664,5.6338976956903934,0.4906579256057739,0.4906579265237927,0.0008599218227732497,False
70M:A4-OL1:0.5,70M,A4-OL1,183,183,383778816,5.641015779227018,0.4461710453033447,0.4461710380885824,0.0008583869383574314,False
70M:A4-OL1:0.5,70M,A4-OL1,184,184,385875968,5.623888460919261,0.4102092981338501,0.41020928875124407,0.000856845076580079,False
70M:A4-OL1:0.5,70M,A4-OL1,185,185,387973120,5.625028727576137,0.38174331188201904,0.3817432903663717,0.0008552962674593825,False
70M:A4-OL1:0.5,70M,A4-OL1,186,186,390070272,5.6249954784289,0.4896519184112549,0.4896519076392557,0.0008537405411487875,False
70M:A4-OL1:0.5,70M,A4-OL1,187,187,392167424,5.6493103969842196,0.3802069127559662,0.38020690488091624,0.0008521779279364094,False
70M:A4-OL1:0.5,70M,A4-OL1,188,188,394264576,5.6022997591644526,0.4132680296897888,0.41326801911535477,0.0008506084582444434,False
70M:A4-OL1:0.5,70M,A4-OL1,189,189,396361728,5.6142047215253115,0.5831575989723206,0.5831575622156606,0.0008490321626285714,False
70M:A4-OL1:0.5,70M,A4-OL1,190,190,398458880,5.654803214594722,0.5681143999099731,0.5681144337577768,0.0008474490717773689,False
70M:A4-OL1:0.5,70M,A4-OL1,191,191,400556032,5.6206639762967825,0.6147339344024658,0.6147339241430864,0.0008458592165117054,False
70M:A4-OL1:0.5,70M,A4-OL1,192,192,402653184,5.64596220292151,0.6489371061325073,0.6489370937967732,0.0008442626277841459,False
70M:A4-OL1:0.5,70M,A4-OL1,193,193,404750336,5.619710689410567,0.47018831968307495,0.4701883074391095,0.0008426593366783477,False
70M:A4-OL1:0.5,70M,A4-OL1,194,194,406847488,5.574662301689386,0.5159764885902405,0.5159764483457726,0.0008410493744084555,False
70M:A4-OL1:0.5,70M,A4-OL1,195,195,408944640,5.637284103780985,0.576927125453949,0.5769271160779781,0.0008394327723184931,False
70M:A4-OL1:0.5,70M,A4-OL1,196,196,411041792,5.593969106674194,0.3425639867782593,0.3425639941028403,0.000837809561881754,False
70M:A4-OL1:0.5,70M,A4-OL1,197,197,413138944,5.59972396120429,0.5155388116836548,0.5155387827460391,0.0008361797747001882,False
70M:A4-OL1:0.5,70M,A4-OL1,198,198,415236096,5.633002329617739,0.41684088110923767,0.41684089015482323,0.0008345434425037864,False
70M:A4-OL1:0.5,70M,A4-OL1,199,199,417333248,5.60965421050787,0.60345458984375,0.6034546056425469,0.0008329005971499637,False
70M:A4-OL1:0.5,70M,A4-OL1,200,200,419430400,5.594474773854017,1.0668785572052002,0.9999990340299771,0.000831251270622938,False
70M:A4-OL1:0.5,70M,A4-OL1,201,201,421527552,5.606393206864595,0.8737396597862244,0.8737396805507853,0.0008295954950331082,False
70M:A4-OL1:0.5,70M,A4-OL1,202,202,423624704,5.583127532154322,0.42770421504974365,0.4277041917459151,0.0008279333026164282,False
70M:A4-OL1:0.5,70M,A4-OL1,203,203,425721856,5.58657930418849,0.9170329570770264,0.9170329328469313,0.0008262647257337799,False
70M:A4-OL1:0.5,70M,A4-OL1,204,204,427819008,5.596221599727869,0.6521804332733154,0.6521804046010308,0.0008245897968703434,False
70M:A4-OL1:0.5,70M,A4-OL1,205,205,429916160,5.552756557241082,0.5981236100196838,0.5981236008344365,0.0008229085486349639,False
70M:A4-OL1:0.5,70M,A4-OL1,206,206,432013312,5.557173343375325,0.8233125805854797,0.8233125091619431,0.0008212210137595174,False
70M:A4-OL1:0.5,70M,A4-OL1,207,207,434110464,5.615702707320452,0.4362194538116455,0.4362194535161859,0.0008195272250982728,False
70M:A4-OL1:0.5,70M,A4-OL1,208,208,436207616,5.577053070068359,0.7104008793830872,0.7104008865190679,0.0008178272156272531,False
70M:A4-OL1:0.5,70M,A4-OL1,209,209,438304768,5.5370103772729635,0.6105543971061707,0.6105543755158508,0.0008161210184435924,False
70M:A4-OL1:0.5,70M,A4-OL1,210,210,440401920,5.560762649402022,0.5554525852203369,0.5554526256445593,0.000814408666764893,False
70M:A4-OL1:0.5,70M,A4-OL1,211,211,442499072,5.591162897646427,0.6327114105224609,0.6327114170632081,0.0008126901939285768,False
70M:A4-OL1:0.5,70M,A4-OL1,212,212,444596224,5.549283368512988,0.4290534257888794,0.42905341517226997,0.0008109656333912381,False
70M:A4-OL1:0.5,70M,A4-OL1,213,213,446693376,5.585672438144684,0.6115255355834961,0.6115255301337792,0.0008092350187279907,False
70M:A4-OL1:0.5,70M,A4-OL1,214,214,448790528,5.533075542189181,0.4353547990322113,0.435354794122383,0.0008074983836318155,False
70M:A4-OL1:0.5,70M,A4-OL1,215,215,450887680,5.569589834660292,0.5225694179534912,0.5225694002992242,0.0008057557619129037,False
70M:A4-OL1:0.5,70M,A4-OL1,216,216,452984832,5.552331258542836,0.512342095375061,0.512342106824223,0.0008040071874979986,False
70M:A4-OL1:0.5,70M,A4-OL1,217,217,455081984,5.582750761881471,0.5054987668991089,0.5054987793940545,0.0008022526944297359,False
70M:A4-OL1:0.5,70M,A4-OL1,218,218,457179136,5.597960006445646,0.4485095739364624,0.4485095759903711,0.0008004923168659799,False
70M:A4-OL1:0.5,70M,A4-OL1,219,219,459276288,5.551894944161177,0.5110607743263245,0.5110608145895322,0.0007987260890791588,False
70M:A4-OL1:0.5,70M,A4-OL1,220,220,461373440,5.542891649529338,0.4001218378543854,0.40012184283263075,0.0007969540454555983,False
70M:A4-OL1:0.5,70M,A4-OL1,221,221,463470592,5.582581300288439,0.4470531642436981,0.44705313741032554,0.0007951762204948503,False
70M:A4-OL1:0.5,70M,A4-OL1,222,222,465567744,5.52794312313199,0.39285463094711304,0.3928546136358207,0.0007933926488090237,False
70M:A4-OL1:0.5,70M,A4-OL1,223,223,467664896,5.537437973544002,0.48034074902534485,0.48034074917337694,0.0007916033651221082,False
70M:A4-OL1:0.5,70M,A4-OL1,224,224,469762048,5.535049120895565,0.5063166618347168,0.5063166672651721,0.0007898084042692996,False
70M:A4-OL1:0.5,70M,A4-OL1,225,225,471859200,5.535613687708974,0.3552843928337097,0.3552843962297319,0.0007880078011963212,False
70M:A4-OL1:0.5,70M,A4-OL1,226,226,473956352,5.525757452473044,0.4713057279586792,0.4713057065902924,0.0007862015909587439,False
70M:A4-OL1:0.5,70M,A4-OL1,227,227,476053504,5.557003704831004,0.39844658970832825,0.3984465935651041,0.0007843898087213027,False
70M:A4-OL1:0.5,70M,A4-OL1,228,228,478150656,5.584655439481139,0.34351465106010437,0.34351465165719314,0.0007825724897572133,False
70M:A4-OL1:0.5,70M,A4-OL1,229,229,480247808,5.557854006066918,0.41225698590278625,0.4122569931310036,0.0007807496694474843,False
70M:A4-OL1:0.5,70M,A4-OL1,230,230,482344960,5.542103512212634,0.41142523288726807,0.41142522167247114,0.0007789213832802293,False
70M:A4-OL1:0.5,70M,A4-OL1,231,231,484442112,5.547743053175509,0.3324625492095947,0.33246254536002345,0.0007770876668499753,False
70M:A4-OL1:0.5,70M,A4-OL1,232,232,486539264,5.544808477163315,0.35345277190208435,0.35345276775671836,0.0007752485558569699,False
70M:A4-OL1:0.5,70M,A4-OL1,233,233,488636416,5.5622849222272635,0.453710675239563,0.45371069524744234,0.000773404086106487,False
70M:A4-OL1:0.5,70M,A4-OL1,234,234,490733568,5.507848709821701,0.5014746785163879,0.5014746969983183,0.0007715542935081278,False
70M:A4-OL1:0.5,70M,A4-OL1,235,235,492830720,5.535527910105884,0.43283510208129883,0.4328350862782147,0.000769699214075124,False
70M:A4-OL1:0.5,70M,A4-OL1,236,236,494927872,5.544600371271372,0.39038583636283875,0.39038583880470296,0.0007678388839236352,False
70M:A4-OL1:0.5,70M,A4-OL1,237,237,497025024,5.554723205044866,0.4576385021209717,0.45763849998050427,0.0007659733392720463,False
70M:A4-OL1:0.5,70M,A4-OL1,238,238,499122176,5.54165918007493,0.38747379183769226,0.3874737762561885,0.0007641026164402619,False
70M:A4-OL1:0.5,70M,A4-OL1,239,239,501219328,5.5665755569934845,0.41327252984046936,0.4132725237733741,0.000762226751849,False
70M:A4-OL1:0.5,70M,A4-OL1,240,240,503316480,5.551280000247061,0.4155525267124176,0.41555254624218335,0.000760345782019082,False
70M:A4-OL1:0.5,70M,A4-OL1,241,241,505413632,5.530804987996817,0.46360576152801514,0.46360575592825076,0.0007584597435707223,False
70M:A4-OL1:0.5,70M,A4-OL1,242,242,507510784,5.5148402992635965,0.36569681763648987,0.3656968157505362,0.0007565686732228156,False
70M:A4-OL1:0.5,70M,A4-OL1,243,243,509607936,5.544022487476468,0.3957262337207794,0.39572623616595815,0.0007546726077922209,False
70M:A4-OL1:0.5,70M,A4-OL1,244,244,511705088,5.529871324077249,0.40202414989471436,0.40202414730325725,0.0007527715841930458,False
70M:A4-OL1:0.5,70M,A4-OL1,245,245,513802240,5.549720101058483,0.43623271584510803,0.4362327087738366,0.0007508656394359278,False
70M:A4-OL1:0.5,70M,A4-OL1,246,246,515899392,5.507670095190406,0.36667996644973755,0.3666799830114881,0.0007489548106273127,False
70M:A4-OL1:0.5,70M,A4-OL1,247,247,517996544,5.543049614876509,0.40707680583000183,0.40707679540531966,0.0007470391349687334,False
70M:A4-OL1:0.5,70M,A4-OL1,248,248,520093696,5.482227545231581,0.4057292640209198,0.4057292630063173,0.0007451186497560849,False
70M:A4-OL1:0.5,70M,A4-OL1,249,249,522190848,5.585246572270989,0.45415353775024414,0.45415353081758386,0.0007431933923788988,False
70M:A4-OL1:0.5,70M,A4-OL1,250,250,524288000,5.525968646630645,0.3911566436290741,0.39115663019893687,0.0007412634003196142,False
70M:A4-OL1:0.5,70M,A4-OL1,251,251,526385152,5.527203174307942,0.5520086288452148,0.5520086802498803,0.0007393287111528495,False
70M:A4-OL1:0.5,70M,A4-OL1,252,252,528482304,5.503800500184298,0.4514883756637573,0.4514883775343611,0.0007373893625446698,False
70M:A4-OL1:0.5,70M,A4-OL1,253,253,530579456,5.551185334101319,0.5597705841064453,0.5597705877847986,0.000735445392251854,False
70M:A4-OL1:0.5,70M,A4-OL1,254,254,532676608,5.4892006777226925,0.40331125259399414,0.40331125831658,0.0007334968381211599,False
70M:A4-OL1:0.5,70M,A4-OL1,255,255,534773760,5.5231034476310015,0.4292711615562439,0.42927112332553735,0.0007315437380885863,False
70M:A4-OL1:0.5,70M,A4-OL1,256,256,536870912,5.512891657650471,0.5403520464897156,0.5403520343494611,0.0007295861301786358,False
70M:A4-OL1:0.5,70M,A4-OL1,257,257,538968064,5.493089947849512,0.6140773296356201,0.6140773336411015,0.0007276240525035743,False
70M:A4-OL1:0.5,70M,A4-OL1,258,258,541065216,5.552455389872193,0.5023215413093567,0.5023215368055725,0.0007256575432626875,False
70M:A4-OL1:0.5,70M,A4-OL1,259,259,543162368,5.490620149299502,0.4161142110824585,0.4161142263842329,0.0007236866407415394,False
70M:A4-OL1:0.5,70M,A4-OL1,260,260,545259520,5.524759214371443,0.49369877576828003,0.4936987896842751,0.0007217113833112257,False
70M:A4-OL1:0.5,70M,A4-OL1,261,261,547356672,5.525250127539039,0.5242255926132202,0.5242255725689161,0.0007197318094276264,False
70M:A4-OL1:0.5,70M,A4-OL1,262,262,549453824,5.514578804373741,0.5021012425422668,0.5021012165158033,0.0007177479576306582,False
70M:A4-OL1:0.5,70M,A4-OL1,263,263,551550976,5.497426034882665,0.38292887806892395,0.38292887852962676,0.0007157598665435231,False
70M:A4-OL1:0.5,70M,A4-OL1,264,264,553648128,5.525310141965747,0.41485944390296936,0.4148594291851817,0.0007137675748719575,False
70M:A4-OL1:0.5,70M,A4-OL1,265,265,555745280,5.496744940057397,0.43921715021133423,0.4392171572416832,0.0007117711214034778,False
70M:A4-OL1:0.5,70M,A4-OL1,266,266,557842432,5.517710724845529,0.4115184545516968,0.41151844395846765,0.0007097705450066256,False
70M:A4-OL1:0.5,70M,A4-OL1,267,267,559939584,5.457006132230163,0.4006406366825104,0.40064061013899543,0.0007077658846302111,False
70M:A4-OL1:0.5,70M,A4-OL1,268,268,562036736,5.500333348289132,0.5412059426307678,0.5412059403253957,0.0007057571793025545,False
70M:A4-OL1:0.5,70M,A4-OL1,269,269,564133888,5.547346334904432,0.3803733289241791,0.3803733212162796,0.0007037444681307261,False
70M:A4-OL1:0.5,70M,A4-OL1,270,270,566231040,5.479168642312288,0.45298269391059875,0.4529826774474537,0.0007017277902997859,False
70M:A4-OL1:0.5,70M,A4-OL1,271,271,568328192,5.472353897988796,0.43457889556884766,0.4345788732183862,0.0006997071850720191,False
70M:A4-OL1:0.5,70M,A4-OL1,272,272,570425344,5.446046140044928,0.3600214123725891,0.3600214153709466,0.000697682691786173,False
70M:A4-OL1:0.5,70M,A4-OL1,273,273,572522496,5.510011957958341,0.4285662770271301,0.4285662806574546,0.0006956543498566907,False
70M:A4-OL1:0.5,70M,A4-OL1,274,274,574619648,5.554078869521618,0.37346261739730835,0.3734626088505237,0.0006936221987729438,False
70M:A4-OL1:0.5,70M,A4-OL1,275,275,576716800,5.509498646482825,0.4316856265068054,0.43168563684074274,0.0006915862780984634,False
70M:A4-OL1:0.5,70M,A4-OL1,276,276,578813952,5.449159470386803,0.3670242726802826,0.36702428267442,0.0006895466274701702,False
70M:A4-OL1:0.5,70M,A4-OL1,277,277,580911104,5.542499300092459,0.4075588285923004,0.40755884016640226,0.0006875032865976023,False
70M:A4-OL1:0.5,70M,A4-OL1,278,278,583008256,5.510726688429713,0.4170433282852173,0.4170433200069453,0.0006854562952621425,False
70M:A4-OL1:0.5,70M,A4-OL1,279,279,585105408,5.4898702166974545,0.42576420307159424,0.4257642122335886,0.0006834056933162439,False
70M:A4-OL1:0.5,70M,A4-OL1,280,280,587202560,5.546406687237322,0.429834246635437,0.42983425343320336,0.0006813515206826536,False
70M:A4-OL1:0.5,70M,A4-OL1,281,281,589299712,5.5013542752712965,0.4345795810222626,0.43457958521905804,0.0006792938173536358,False
70M:A4-OL1:0.5,70M,A4-OL1,282,282,591396864,5.525814248248935,0.43687567114830017,0.4368756526639707,0.0006772326233901931,False
70M:A4-OL1:0.5,70M,A4-OL1,283,283,593494016,5.481135815382004,0.3992123305797577,0.3992123457162855,0.0006751679789212864,False
70M:A4-OL1:0.5,70M,A4-OL1,284,284,595591168,5.4898037277162075,0.36742064356803894,0.3674206294946597,0.0006730999241430542,False
70M:A4-OL1:0.5,70M,A4-OL1,285,285,597688320,5.484419452026486,0.3934038281440735,0.393403821259608,0.0006710284993180289,False
70M:A4-OL1:0.5,70M,A4-OL1,286,286,599785472,5.51517827808857,0.37223830819129944,0.3722382864351525,0.0006689537447743542,False
70M:A4-OL1:0.5,70M,A4-OL1,287,287,601882624,5.479524718597531,0.35718604922294617,0.3571860291225381,0.0006668757009049992,False
70M:A4-OL1:0.5,70M,A4-OL1,288,288,603979776,5.527133222669363,0.37183019518852234,0.37183020871087563,0.0006647944081669726,False
70M:A4-OL1:0.5,70M,A4-OL1,289,289,606076928,5.483727617189288,0.43631401658058167,0.43631402931850255,0.0006627099070805338,False
70M:A4-OL1:0.5,70M,A4-OL1,290,290,608174080,5.511927749961615,0.40130680799484253,0.40130681262420864,0.0006606222382284057,False
70M:A4-OL1:0.5,70M,A4-OL1,291,291,610271232,5.435347242280841,0.38016659021377563,0.3801666046849531,0.0006585314422549834,False
70M:A4-OL1:0.5,70M,A4-OL1,292,292,612368384,5.492365889251232,0.3966628909111023,0.39666287872487976,0.0006564375598655432,False
70M:A4-OL1:0.5,70M,A4-OL1,293,293,614465536,5.422294864431024,0.38825303316116333,0.38825303398650823,0.0006543406318254507,False
70M:A4-OL1:0.5,70M,A4-OL1,294,294,616562688,5.472702527418733,0.3845004737377167,0.3845005013528578,0.0006522406989593659,False
70M:A4-OL1:0.5,70M,A4-OL1,295,295,618659840,5.4703269032761455,0.36495834589004517,0.364958347529837,0.0006501378021504498,False
70M:A4-OL1:0.5,70M,A4-OL1,296,296,620756992,5.465672247111797,0.42808929085731506,0.4280893029218022,0.0006480319823395672,False
70M:A4-OL1:0.5,70M,A4-OL1,297,297,622854144,5.522545348852873,0.42812657356262207,0.42812659377000795,0.0006459232805244909,False
70M:A4-OL1:0.5,70M,A4-OL1,298,298,624951296,5.520384414121509,0.4463469684123993,0.44634696974288435,0.0006438117377591023,False
70M:A4-OL1:0.5,70M,A4-OL1,299,299,627048448,5.522153118625283,0.3927776515483856,0.3927776672848485,0.0006416973951525929,False
70M:A4-OL1:0.5,70M,A4-OL1,300,300,629145600,5.484340770170093,0.37826669216156006,0.37826670358337233,0.0006395802938686637,False
70M:A4-OL1:0.5,70M,A4-OL1,301,301,631242752,5.53284115716815,0.42532166838645935,0.42532165716704357,0.0006374604751247239,False
70M:A4-OL1:0.5,70M,A4-OL1,302,302,633339904,5.544041782617569,0.3611069917678833,0.3611069891891007,0.0006353379801910884,False
70M:A4-OL1:0.5,70M,A4-OL1,303,303,635437056,5.533624179661274,0.4175700545310974,0.417570045903751,0.0006332128503901737,False
70M:A4-OL1:0.5,70M,A4-OL1,304,304,637534208,5.479709939099848,0.3762478828430176,0.3762479015389159,0.0006310851270956948,False
70M:A4-OL1:0.5,70M,A4-OL1,305,305,639631360,5.501749973744154,0.45476704835891724,0.4547670443796075,0.0006289548517318587,False
70M:A4-OL1:0.5,70M,A4-OL1,306,306,641728512,5.500732539221644,0.39853569865226746,0.39853568893193847,0.0006268220657725576,False
70M:A4-OL1:0.5,70M,A4-OL1,307,307,643825664,5.475190214812756,0.47245100140571594,0.472450993982804,0.0006246868107405626,False
70M:A4-OL1:0.5,70M,A4-OL1,308,308,645922816,5.563172318972647,0.4679949879646301,0.467994977972059,0.0006225491282067144,False
70M:A4-OL1:0.5,70M,A4-OL1,309,309,648019968,5.505214834585786,0.3960212767124176,0.39602126003914506,0.0006204090597891141,False
70M:A4-OL1:0.5,70M,A4-OL1,310,310,650117120,5.526428272947669,0.48303788900375366,0.4830378557310757,0.0006182666471523134,False
70M:A4-OL1:0.5,70M,A4-OL1,311,311,652214272,5.509883703663945,0.3950948119163513,0.39509482768403625,0.0006161219320065028,False
70M:A4-OL1:0.5,70M,A4-OL1,312,312,654311424,5.505273148417473,0.4647110104560852,0.46471100987556013,0.0006139749561067,False
70M:A4-OL1:0.5,70M,A4-OL1,313,313,656408576,5.480449724942446,0.47022175788879395,0.4702217399492964,0.0006118257612519369,False
70M:A4-OL1:0.5,70M,A4-OL1,314,314,658505728,5.499946059659123,0.4415988028049469,0.44159880451285377,0.0006096743892844458,False
70M:A4-OL1:0.5,70M,A4-OL1,315,315,660602880,5.525222536176443,0.4309224486351013,0.4309224553121895,0.0006075208820888447,False
70M:A4-OL1:0.5,70M,A4-OL1,316,316,662700032,5.523169938474894,0.4366937577724457,0.43669373040846826,0.0006053652815913218,False
70M:A4-OL1:0.5,70M,A4-OL1,317,317,664797184,5.4629420060664415,0.44958779215812683,0.4495878116748035,0.0006032076297588196,False
70M:A4-OL1:0.5,70M,A4-OL1,318,318,666894336,5.499288562685251,0.40518346428871155,0.40518347064565713,0.0006010479685982174,False
70M:A4-OL1:0.5,70M,A4-OL1,319,319,668991488,5.517353700473905,0.4321921169757843,0.4321921080305583,0.0005988863401555141,False
70M:A4-OL1:0.5,70M,A4-OL1,320,320,671088640,5.488079871982336,0.41052302718162537,0.4105230202632241,0.0005967227865150084,False
70M:A4-OL1:0.5,70M,A4-OL1,321,321,673185792,5.4803323820233345,0.3975125849246979,0.39751261232571,0.0005945573497984814,False
70M:A4-OL1:0.5,70M,A4-OL1,322,322,675282944,5.4869602881371975,0.36217716336250305,0.36217716941196015,0.0005923900721643743,False
70M:A4-OL1:0.5,70M,A4-OL1,323,323,677380096,5.502173278480768,0.4329546093940735,0.43295461034936755,0.0005902209958069696,False
70M:A4-OL1:0.5,70M,A4-OL1,324,324,679477248,5.499219452962279,0.4030725359916687,0.40307252814985317,0.0005880501629555681,False
70M:A4-OL1:0.5,70M,A4-OL1,325,325,681574400,5.50328136049211,0.4029553234577179,0.40295531009528135,0.000585877615873668,False
70M:A4-OL1:0.5,70M,A4-OL1,326,326,683671552,5.516719153150916,0.3984886407852173,0.3984886240449312,0.0005837033968581412,False
70M:A4-OL1:0.5,70M,A4-OL1,327,327,685768704,5.4922067150473595,0.411883682012558,0.41188370608826264,0.00058152754823841,False
70M:A4-OL1:0.5,70M,A4-OL1,328,328,687865856,5.507906448096037,0.4195992648601532,0.41959928361016974,0.0005793501123756235,False
70M:A4-OL1:0.5,70M,A4-OL1,329,329,689963008,5.517372382804751,0.4144325256347656,0.4144325361838519,0.0005771711316618323,False
70M:A4-OL1:0.5,70M,A4-OL1,330,330,692060160,5.490915568545461,0.3909677267074585,0.3909677293356028,0.0005749906485191633,False
70M:A4-OL1:0.5,70M,A4-OL1,331,331,694157312,5.466230915859342,0.4320680499076843,0.43206803323905896,0.0005728087053989942,False
70M:A4-OL1:0.5,70M,A4-OL1,332,332,696254464,5.50626709125936,0.37517252564430237,0.37517252678255186,0.0005706253447811263,False
70M:A4-OL1:0.5,70M,A4-OL1,333,333,698351616,5.490677805617452,0.3967578411102295,0.3967578447113095,0.0005684406091729583,False
70M:A4-OL1:0.5,70M,A4-OL1,334,334,700448768,5.507152872160077,0.4106552302837372,0.41065524722198077,0.0005662545411086576,False
70M:A4-OL1:0.5,70M,A4-OL1,335,335,702545920,5.481531367637217,0.40043434500694275,0.4004343547438208,0.0005640671831483338,False
70M:A4-OL1:0.5,70M,A4-OL1,336,336,704643072,5.4618585128337145,0.4289204776287079,0.4289204705963774,0.0005618785778772084,False
70M:A4-OL1:0.5,70M,A4-OL1,337,337,706740224,5.507998030632734,0.41146358847618103,0.41146357137167594,0.0005596887679047873,False
70M:A4-OL1:0.5,70M,A4-OL1,338,338,708837376,5.466853745281696,0.3972410559654236,0.3972410630778161,0.0005574977958640298,False
70M:A4-OL1:0.5,70M,A4-OL1,339,339,710934528,5.443872261792421,0.3954120874404907,0.39541207547748247,0.00055530570441052,False
70M:A4-OL1:0.5,70M,A4-OL1,340,340,713031680,5.48091549333185,0.3803054690361023,0.3803054572216916,0.0005531125362216347,False
70M:A4-OL1:0.5,70M,A4-OL1,341,341,715128832,5.4910467909649014,0.37341561913490295,0.3734156350444349,0.0005509183339957144,False
70M:A4-OL1:0.5,70M,A4-OL1,342,342,717225984,5.511853374540806,0.37261950969696045,0.3726195370221602,0.0005487231404512303,False
70M:A4-OL1:0.5,70M,A4-OL1,343,343,719323136,5.485150366090238,0.41750597953796387,0.41750597199642286,0.0005465269983259538,False
70M:A4-OL1:0.5,70M,A4-OL1,344,344,721420288,5.456054450944066,0.3741227984428406,0.3741227999035334,0.0005443299503761237,False
70M:A4-OL1:0.5,70M,A4-OL1,345,345,723517440,5.483148390427232,0.3826756179332733,0.3826756192334803,0.0005421320393756143,False
70M:A4-OL1:0.5,70M,A4-OL1,346,346,725614592,5.476119814440608,0.36914438009262085,0.3691443707209587,0.0005399333081151029,False
70M:A4-OL1:0.5,70M,A4-OL1,347,347,727711744,5.4819075129926205,0.36930373311042786,0.3693037210757649,0.0005377337994012352,False
70M:A4-OL1:0.5,70M,A4-OL1,348,348,729808896,5.462467301636934,0.3889155983924866,0.3889155854926949,0.0005355335560557942,False
70M:A4-OL1:0.5,70M,A4-OL1,349,349,731906048,5.454581700265408,0.39445310831069946,0.39445311635760716,0.0005333326209148643,False
70M:A4-OL1:0.5,70M,A4-OL1,350,350,734003200,5.476919244974852,0.3712301552295685,0.37123015550635885,0.0005311310368279989,False
70M:A4-OL1:0.5,70M,A4-OL1,351,351,736100352,5.516264362260699,0.36246249079704285,0.3624624860290053,0.0005289288466573854,False
70M:A4-OL1:0.5,70M,A4-OL1,352,352,738197504,5.476025268435478,0.3751660883426666,0.3751661050887851,0.000526726093277011,False
70M:A4-OL1:0.5,70M,A4-OL1,353,353,740294656,5.489248255267739,0.41515353322029114,0.41515353933116417,0.0005245228195718276,False
70M:A4-OL1:0.5,70M,A4-OL1,354,354,742391808,5.476504610851407,0.41753363609313965,0.4175336419868454,0.0005223190684369178,False
70M:A4-OL1:0.5,70M,A4-OL1,355,355,744488960,5.464494412764907,0.40521788597106934,0.40521786026714496,0.0005201148827766586,False
70M:A4-OL1:0.5,70M,A4-OL1,356,356,746586112,5.487210838124156,0.3848075568675995,0.3848075560102216,0.0005179103055038871,False
70M:A4-OL1:0.5,70M,A4-OL1,357,357,748683264,5.491705138236284,0.37178319692611694,0.3717831768962869,0.0005157053795390641,False
70M:A4-OL1:0.5,70M,A4-OL1,358,358,750780416,5.4651950430125,0.3998461365699768,0.3998461404359402,0.0005135001478094398,False
70M:A4-OL1:0.5,70M,A4-OL1,359,359,752877568,5.51579037681222,0.3742138743400574,0.37421384835933735,0.0005112946532482165,False
70M:A4-OL1:0.5,70M,A4-OL1,360,360,754974720,5.502170480787754,0.41455841064453125,0.41455838698935593,0.000509088938793714,False
70M:A4-OL1:0.5,70M,A4-OL1,361,361,757071872,5.478760538622737,0.37728771567344666,0.3772876988572731,0.0005068830473885331,False
70M:A4-OL1:0.5,70M,A4-OL1,362,362,759169024,5.465578499250114,0.4049079716205597,0.4049079751137082,0.0005046770219787191,False
70M:A4-OL1:0.5,70M,A4-OL1,363,363,761266176,5.503448853269219,0.383594810962677,0.3835948109921505,0.0005024709055129272,False
70M:A4-OL1:0.5,70M,A4-OL1,364,364,763363328,5.474426966160536,0.4871950149536133,0.48719500861318327,0.0005002647409415843,False
70M:A4-OL1:0.5,70M,A4-OL1,365,365,765460480,5.458158834837377,0.5106357336044312,0.5106357257836964,0.0004980585712160544,False
70M:A4-OL1:0.5,70M,A4-OL1,366,366,767557632,5.4768045376986265,0.44392138719558716,0.4439213788737654,0.000495852439287802,False
70M:A4-OL1:0.5,70M,A4-OL1,367,367,769654784,5.484216161072254,0.40183743834495544,0.40183745705885254,0.0004936463881075554,False
70M:A4-OL1:0.5,70M,A4-OL1,368,368,771751936,5.463674955070019,0.47667717933654785,0.47667718552424715,0.0004914404606244709,False
70M:A4-OL1:0.5,70M,A4-OL1,369,369,773849088,5.451821848750114,0.38347482681274414,0.38347483031245094,0.0004892346997852965,False
70M:A4-OL1:0.5,70M,A4-OL1,370,370,775946240,5.472555523738265,0.3919840157032013,0.39198401075775147,0.00048702914853353626,False
70M:A4-OL1:0.5,70M,A4-OL1,371,371,778043392,5.457757838070393,0.38611486554145813,0.38611486755037927,0.0004848238498086133,False
70M:A4-OL1:0.5,70M,A4-OL1,372,372,780140544,5.476301794871688,0.3863452970981598,0.3863453200698234,0.00048261884654503473,False
70M:A4-OL1:0.5,70M,A4-OL1,373,373,782237696,5.432999001815915,0.4116657078266144,0.4116657010784688,0.000480414181671555,False
70M:A4-OL1:0.5,70M,A4-OL1,374,374,784334848,5.527166772633791,0.43423449993133545,0.4342344939888487,0.00047820989811034087,False
70M:A4-OL1:0.5,70M,A4-OL1,375,375,786432000,5.420403070747852,0.3741197884082794,0.3741198082578059,0.0004760060387761352,False
70M:A4-OL1:0.5,70M,A4-OL1,376,376,788529152,5.51999469101429,0.4182133674621582,0.4182133809812303,0.00047380264657542173,False
70M:A4-OL1:0.5,70M,A4-OL1,377,377,790626304,5.505177857354283,0.3814144432544708,0.38141443907978656,0.00047159976440558983,False
70M:A4-OL1:0.5,70M,A4-OL1,378,378,792723456,5.448639245703816,0.3816285729408264,0.381628598673555,0.0004693974351540988,False
70M:A4-OL1:0.5,70M,A4-OL1,379,379,794820608,5.4806328527629375,0.3846660852432251,0.38466607830967364,0.0004671957016976438,False
70M:A4-OL1:0.5,70M,A4-OL1,380,380,796917760,5.4555649338290095,0.410427987575531,0.41042800066226176,0.00046499460690132,False
70M:A4-OL1:0.5,70M,A4-OL1,381,381,799014912,5.481327093206346,0.41697171330451965,0.4169716997703471,0.00046279419361778916,False
70M:A4-OL1:0.5,70M,A4-OL1,382,382,801112064,5.4585559125989676,0.3998059332370758,0.39980593176027673,0.0004605945046864444,False
70M:A4-OL1:0.5,70M,A4-OL1,383,383,803209216,5.453198157250881,0.4795830547809601,0.47958304015019554,0.00045839558293257705,False
70M:A4-OL1:0.5,70M,A4-OL1,384,384,805306368,5.452948570251465,0.41539841890335083,0.415398386013959,0.00045619747116654164,False
70M:A4-OL1:0.5,70M,A4-OL1,385,385,807403520,5.482346497476101,0.43669673800468445,0.43669675519540774,0.0004540002121829241,False
70M:A4-OL1:0.5,70M,A4-OL1,386,386,809500672,5.4607038255780935,0.42779478430747986,0.42779476689646473,0.000451803848759707,False
70M:A4-OL1:0.5,70M,A4-OL1,387,387,811597824,5.445102820172906,0.4252033233642578,0.4252033388663215,0.0004496084236574379,False
70M:A4-OL1:0.5,70M,A4-OL1,388,388,813694976,5.490814473479986,0.45970118045806885,0.4597011955738184,0.00044741397961839635,False
70M:A4-OL1:0.5,70M,A4-OL1,389,389,815792128,5.460741830989718,0.4414082467556,0.4414082402496488,0.0004452205593657614,False
70M:A4-OL1:0.5,70M,A4-OL1,390,390,817889280,5.451339576393366,0.4400220513343811,0.44002205230498287,0.00044302820560278066,False
70M:A4-OL1:0.5,70M,A4-OL1,391,391,819986432,5.445002861320972,0.4735678732395172,0.4735678597066035,0.0004408369610119381,False
70M:A4-OL1:0.5,70M,A4-OL1,392,392,822083584,5.437457081861794,0.41617676615715027,0.41617675920597036,0.00043864686825412387,False
70M:A4-OL1:0.5,70M,A4-OL1,393,393,824180736,5.448388151824474,0.45077604055404663,0.4507760248788015,0.00043645796996780265,False
70M:A4-OL1:0.5,70M,A4-OL1,394,394,826277888,5.450191656127572,0.40360885858535767,0.4036088650698698,0.0004342703087681852,False
70M:A4-OL1:0.5,70M,A4-OL1,395,395,828375040,5.427672080695629,0.41844484210014343,0.41844485565033107,0.00043208392724639657,False
70M:A4-OL1:0.5,70M,A4-OL1,396,396,830472192,5.46881259046495,0.3990020751953125,0.3990020766232749,0.00042989886796864884,False
70M:A4-OL1:0.5,70M,A4-OL1,397,397,832569344,5.4621056243777275,0.4177241325378418,0.4177241328850077,0.0004277151734754113,False
70M:A4-OL1:0.5,70M,A4-OL1,398,398,834666496,5.457105653360486,0.41747474670410156,0.4174747742556149,0.0004255328862805825,False
70M:A4-OL1:0.5,70M,A4-OL1,399,399,836763648,5.478576231747866,0.39940986037254333,0.39940986269885537,0.0004233520488706628,False
70M:A4-OL1:0.5,70M,A4-OL1,400,400,838860800,5.438822731375694,0.3911895453929901,0.39118956900286006,0.00042117270370392655,False
70M:A4-OL1:0.5,70M,A4-OL1,401,401,840957952,5.4843914825469255,0.38534805178642273,0.3853480439198365,0.00041899489320959657,False
70M:A4-OL1:0.5,70M,A4-OL1,402,402,843055104,5.498615415766835,0.41743987798690796,0.417439874518268,0.00041681865978701675,False
70M:A4-OL1:0.5,70M,A4-OL1,403,403,845152256,5.463287590071559,0.38730013370513916,0.38730013413631087,0.00041464404580482807,False
70M:A4-OL1:0.5,70M,A4-OL1,404,404,847249408,5.436191963031888,0.39572662115097046,0.39572659713376834,0.00041247109360014204,False
70M:A4-OL1:0.5,70M,A4-OL1,405,405,849346560,5.450315326452255,0.4006243646144867,0.40062435076357583,0.00041029984547771826,False
70M:A4-OL1:0.5,70M,A4-OL1,406,406,851443712,5.458277389407158,0.39416685700416565,0.39416685238834415,0.00040813034370913915,False
70M:A4-OL1:0.5,70M,A4-OL1,407,407,853540864,5.487697957083583,0.4074268937110901,0.40742690503582646,0.00040596263053198844,False
70M:A4-OL1:0.5,70M,A4-OL1,408,408,855638016,5.4485623221844435,0.40662869811058044,0.40662866457693075,0.00040379674814902753,False
70M:A4-OL1:0.5,70M,A4-OL1,409,409,857735168,5.471619186922908,0.3892024755477905,0.3892024756093432,0.0004016327387273748,False
70M:A4-OL1:0.5,70M,A4-OL1,410,410,859832320,5.435027122497559,0.39557701349258423,0.395577011505287,0.0003994706443976843,False
70M:A4-OL1:0.5,70M,A4-OL1,411,411,861929472,5.470105122774839,0.4002152979373932,0.40021529056940763,0.0003973105072533254,False
70M:A4-OL1:0.5,70M,A4-OL1,412,412,864026624,5.474981412291527,0.413236528635025,0.41323649488397746,0.0003951523693495637,False
70M:A4-OL1:0.5,70M,A4-OL1,413,413,866123776,5.4447777178138494,0.38153910636901855,0.38153910209205955,0.00039299627270274163,False
70M:A4-OL1:0.5,70M,A4-OL1,414,414,868220928,5.4290795754641294,0.42402681708335876,0.4240268221576373,0.00039084225928946124,False
70M:A4-OL1:0.5,70M,A4-OL1,415,415,870318080,5.451028387993574,0.4223754107952118,0.42237538877440584,0.0003886903710457659,False
70M:A4-OL1:0.5,70M,A4-OL1,416,416,872415232,5.442363360896707,0.41532015800476074,0.41532013784976973,0.0003865406498663253,False
70M:A4-OL1:0.5,70M,A4-OL1,417,417,874512384,5.427751464769244,0.40043044090270996,0.4004304226280664,0.0003843931376036183,False
70M:A4-OL1:0.5,70M,A4-OL1,418,418,876609536,5.455111373215914,0.4346390664577484,0.4346390436288385,0.0003822478760671193,False
70M:A4-OL1:0.5,70M,A4-OL1,419,419,878706688,5.444734375923872,0.40168508887290955,0.40168506880932753,0.00038010490702248347,False
70M:A4-OL1:0.5,70M,A4-OL1,420,420,880803840,5.457790842279792,0.41547948122024536,0.4154794714744212,0.00037796427219073404,False
70M:A4-OL1:0.5,70M,A4-OL1,421,421,882900992,5.43641515634954,0.4363621771335602,0.436362180031631,0.00037582601324745007,False
70M:A4-OL1:0.5,70M,A4-OL1,422,422,884998144,5.449126001447439,0.41187652945518494,0.41187651043154794,0.00037369017182195465,False
70M:A4-OL1:0.5,70M,A4-OL1,423,423,887095296,5.453877789899707,0.40914979577064514,0.40914980329167444,0.00037155678949650506,False
70M:A4-OL1:0.5,70M,A4-OL1,424,424,889192448,5.492594385519624,0.4219478964805603,0.4219478959081353,0.00036942590780548226,False
70M:A4-OL1:0.5,70M,A4-OL1,425,425,891289600,5.427291972562671,0.3917742669582367,0.3917742687260049,0.0003672975682345838,False
70M:A4-OL1:0.5,70M,A4-OL1,426,426,893386752,5.448685323819518,0.39223307371139526,0.3922330904084833,0.0003651718122200142,False
70M:A4-OL1:0.5,70M,A4-OL1,427,427,895483904,5.453630103729665,0.3970242440700531,0.3970242461288267,0.00036304868114768007,False
70M:A4-OL1:0.5,70M,A4-OL1,428,428,897581056,5.453154796734452,0.43383267521858215,0.43383265032217405,0.00036092821635238316,False
70M:A4-OL1:0.5,70M,A4-OL1,429,429,899678208,5.407024854794145,0.42230838537216187,0.4223083744311172,0.00035881045911701604,False
70M:A4-OL1:0.5,70M,A4-OL1,430,430,901775360,5.4372326117008924,0.40475577116012573,0.40475576896534804,0.00035669545067175856,False
70M:A4-OL1:0.5,70M,A4-OL1,431,431,903872512,5.4351184125989676,0.388460636138916,0.388460654558681,0.0003545832321932746,False
70M:A4-OL1:0.5,70M,A4-OL1,432,432,905969664,5.456803346052766,0.4006311297416687,0.4006311134904011,0.00035247384480391114,False
70M:A4-OL1:0.5,70M,A4-OL1,433,433,908066816,5.472912920638919,0.39115992188453674,0.39115990440060666,0.0003503673295708969,False
70M:A4-OL1:0.5,70M,A4-OL1,434,434,910163968,5.454715460538864,0.38824692368507385,0.38824693661446114,0.0003482637275055437,False
70M:A4-OL1:0.5,70M,A4-OL1,435,435,912261120,5.4487422201782465,0.38053691387176514,0.38053693898912716,0.00034616307956244656,False
70M:A4-OL1:0.5,70M,A4-OL1,436,436,914358272,5.396661816164851,0.4045063257217407,0.4045063140254532,0.00034406542663868847,False
70M:A4-OL1:0.5,70M,A4-OL1,437,437,916455424,5.43767548725009,0.41406169533729553,0.41406171941563924,0.000341970809573042,False
70M:A4-OL1:0.5,70M,A4-OL1,438,438,918552576,5.465687902644277,0.3939493000507355,0.3939493172511283,0.000339879269145176,False
70M:A4-OL1:0.5,70M,A4-OL1,439,439,920649728,5.456598376855254,0.401580274105072,0.40158026338328306,0.0003377908460748602,False
70M:A4-OL1:0.5,70M,A4-OL1,440,440,922746880,5.427448397502303,0.4340461194515228,0.4340461190613784,0.00033570558102117377,False
70M:A4-OL1:0.5,70M,A4-OL1,441,441,924844032,5.452664244920015,0.3975663483142853,0.3975663501563325,0.0003336235145817128,False
70M:A4-OL1:0.5,70M,A4-OL1,442,442,926941184,5.439727429300547,0.39049407839775085,0.3904940782080012,0.0003315446872918,False
70M:A4-OL1:0.5,70M,A4-OL1,443,443,929038336,5.449555639177561,0.4026799499988556,0.40267995771540155,0.00032946913962369627,False
70M:A4-OL1:0.5,70M,A4-OL1,444,444,931135488,5.439869018271565,0.4030228555202484,0.40302283986014154,0.00032739691198581167,False
70M:A4-OL1:0.5,70M,A4-OL1,445,445,933232640,5.463336555287242,0.38754165172576904,0.3875416435280528,0.00032532804472191996,False
70M:A4-OL1:0.5,70M,A4-OL1,446,446,935329792,5.417136346921325,0.3975659906864166,0.39756599099230405,0.00032326257811037153,False
70M:A4-OL1:0.5,70M,A4-OL1,447,447,937426944,5.423172179609537,0.3887186348438263,0.38871865891868934,0.000321200552363311,False
70M:A4-OL1:0.5,70M,A4-OL1,448,448,939524096,5.457087118178606,0.3941410779953003,0.39414107095165063,0.00031914200762589304,False
70M:A4-OL1:0.5,70M,A4-OL1,449,449,941621248,5.4371524434536695,0.44250887632369995,0.4425088832006184,0.0003170869839755016,False
70M:A4-OL1:0.5,70M,A4-OL1,450,450,943718400,5.425589351914823,0.3932746350765228,0.39327464424280417,0.000315035521420969,False
70M:A4-OL1:0.5,70M,A4-OL1,451,451,945815552,5.45934995636344,0.4127935469150543,0.4127935500261545,0.00031298765990179746,False
70M:A4-OL1:0.5,70M,A4-OL1,452,452,947912704,5.46012176387012,0.4131772518157959,0.4131772742341907,0.0003109434392873814,False
70M:A4-OL1:0.5,70M,A4-OL1,453,453,950009856,5.46289493329823,0.41211000084877014,0.41211001429444427,0.0003089028993762312,False
70M:A4-OL1:0.5,70M,A4-OL1,454,454,952107008,5.4564280696213245,0.42002204060554504,0.42002203395756876,0.00030686607989519857,False
70M:A4-OL1:0.5,70M,A4-OL1,455,455,954204160,5.4487028531730175,0.4050358831882477,0.4050358812593792,0.0003048330204987022,False
70M:A4-OL1:0.5,70M,A4-OL1,456,456,956301312,5.459287814795971,0.39521336555480957,0.39521337679728713,0.00030280376076795767,False
70M:A4-OL1:0.5,70M,A4-OL1,457,457,958398464,5.430060602724552,0.41292837262153625,0.4129283866456438,0.00030077834021020444,False
70M:A4-OL1:0.5,70M,A4-OL1,458,458,960495616,5.478667441755533,0.43466290831565857,0.43466292279759977,0.0002987567982579387,False
70M:A4-OL1:0.5,70M,A4-OL1,459,459,962592768,5.462142091244459,0.4569356441497803,0.4569356552195845,0.00029673917426814453,False
70M:A4-OL1:0.5,70M,A4-OL1,460,460,964689920,5.430680448189378,0.484205424785614,0.4842053958817393,0.00029472550752152813,False
70M:A4-OL1:0.5,70M,A4-OL1,461,461,966787072,5.438304886221886,0.4436916410923004,0.44369166302640856,0.0002927158372217529,False
70M:A4-OL1:0.5,70M,A4-OL1,462,462,968884224,5.43173567391932,0.46512648463249207,0.46512648657328004,0.00029071020249467626,False
70M:A4-OL1:0.5,70M,A4-OL1,463,463,970981376,5.429991443641484,0.41716325283050537,0.41716325122643416,0.00028870864238758794,False
70M:A4-OL1:0.5,70M,A4-OL1,464,464,973078528,5.411361051723361,0.41707679629325867,0.417076794422501,0.00028671119586844927,False
70M:A4-OL1:0.5,70M,A4-OL1,465,465,975175680,5.39240144379437,0.4126133322715759,0.41261332695330816,0.00028471790182513603,False
70M:A4-OL1:0.5,70M,A4-OL1,466,466,977272832,5.439819592982531,0.4251379370689392,0.4251379397764433,0.0002827287990646793,False
70M:A4-OL1:0.5,70M,A4-OL1,467,467,979369984,5.447017947211862,0.42143547534942627,0.42143546111106417,0.00028074392631251125,False
70M:A4-OL1:0.5,70M,A4-OL1,468,468,981467136,5.457319237291813,0.42134955525398254,0.42134955097314847,0.0002787633222117109,False
70M:A4-OL1:0.5,70M,A4-OL1,469,469,983564288,5.453819241374731,0.41311824321746826,0.4131182568490826,0.0002767870253222523,False
70M:A4-OL1:0.5,70M,A4-OL1,470,470,985661440,5.483836777508259,0.4269002377986908,0.42690023368235913,0.00027481507412025196,False
70M:A4-OL1:0.5,70M,A4-OL1,471,471,987758592,5.426272973418236,0.4252428710460663,0.4252428679140673,0.0002728475069972227,False
70M:A4-OL1:0.5,70M,A4-OL1,472,472,989855744,5.426752474159002,0.4033852517604828,0.4033852552634426,0.00027088436225932344,False
70M:A4-OL1:0.5,70M,A4-OL1,473,473,991952896,5.4449004996567965,0.46633052825927734,0.4663305099505942,0.0002689256781266149,False
70M:A4-OL1:0.5,70M,A4-OL1,474,474,994050048,5.440828504040837,0.43946048617362976,0.43946047959505247,0.0002669714927323157,False
70M:A4-OL1:0.5,70M,A4-OL1,475,475,996147200,5.459610294550657,0.41644981503486633,0.41644980351576305,0.00026502184412205876,False
70M:A4-OL1:0.5,70M,A4-OL1,476,476,998244352,5.436602672562003,0.4360616207122803,0.4360616242205271,0.0002630767702531517,False
70M:A4-OL1:0.5,70M,A4-OL1,477,477,1000341504,5.455070534721017,0.43105649948120117,0.431056514692668,0.000261136308993837,False
70M:A4-OL1:0.5,70M,A4-OL1,478,478,1002438656,5.405878370627761,0.3902675211429596,0.3902675264794732,0.00025920049812255596,False
70M:A4-OL1:0.5,70M,A4-OL1,479,479,1004535808,5.421293146908283,0.4239959716796875,0.4239959737529481,0.0002572693753272117,False
70M:A4-OL1:0.5,70M,A4-OL1,480,480,1006632960,5.465496858581901,0.4229147434234619,0.4229147374883466,0.00025534297820443654,False
70M:A4-OL1:0.5,70M,A4-OL1,481,481,1008730112,5.413026420399547,0.4076416790485382,0.40764165989153567,0.0002534213442588594,False
70M:A4-OL1:0.5,70M,A4-OL1,482,482,1010827264,5.458971979096532,0.4149228036403656,0.41492280608505794,0.0002515045109023761,False
70M:A4-OL1:0.5,70M,A4-OL1,483,483,1012924416,5.44218491576612,0.4406493604183197,0.440649356268947,0.0002495925154534206,False
70M:A4-OL1:0.5,70M,A4-OL1,484,484,1015021568,5.416246185079217,0.40870922803878784,0.4087092336474756,0.0002476853951362389,False
70M:A4-OL1:0.5,70M,A4-OL1,485,485,1017118720,5.460927929729223,0.4305741488933563,0.4305741564418349,0.00024578318708016393,False
70M:A4-OL1:0.5,70M,A4-OL1,486,486,1019215872,5.428695289418101,0.40475893020629883,0.40475895671960943,0.00024388592831889257,False
70M:A4-OL1:0.5,70M,A4-OL1,487,487,1021313024,5.443308477289975,0.4201194643974304,0.42011946178758963,0.00024199365578976534,False
70M:A4-OL1:0.5,70M,A4-OL1,488,488,1023410176,5.494029595516622,0.4358578622341156,0.4358578801235527,0.00024010640633304652,False
70M:A4-OL1:0.5,70M,A4-OL1,489,489,1025507328,5.448357896879315,0.39594119787216187,0.39594120318113313,0.00023822421669120736,False
70M:A4-OL1:0.5,70M,A4-OL1,490,490,1027604480,5.426411354914308,0.4086277186870575,0.40862771012605104,0.00023634712350821036,False
70M:A4-OL1:0.5,70M,A4-OL1,491,491,1029701632,5.4169654957950115,0.43219831585884094,0.4321983044734666,0.00023447516332879688,False
70M:A4-OL1:0.5,70M,A4-OL1,492,492,1031798784,5.42567628249526,0.40529248118400574,0.4052924903992228,0.00023260837259777358,False
70M:A4-OL1:0.5,70M,A4-OL1,493,493,1033895936,5.432836255058646,0.44102078676223755,0.44102078777786313,0.00023074678765930553,False
70M:A4-OL1:0.5,70M,A4-OL1,494,494,1035993088,5.458492336794734,0.42332345247268677,0.4233234368152935,0.00022889044475620646,False
70M:A4-OL1:0.5,70M,A4-OL1,495,495,1038090240,5.483119500800967,0.415545791387558,0.41554579689973264,0.00022703938002923413,False
70M:A4-OL1:0.5,70M,A4-OL1,496,496,1040187392,5.394791742786765,0.44889751076698303,0.448897503920535,0.00022519362951638707,False
70M:A4-OL1:0.5,70M,A4-OL1,497,497,1042284544,5.458369268104434,0.43557703495025635,0.4355770707800344,0.00022335322915220185,False
70M:A4-OL1:0.5,70M,A4-OL1,498,498,1044381696,5.415416646748781,0.4336727261543274,0.43367272858267114,0.0002215182147670544,False
70M:A4-OL1:0.5,70M,A4-OL1,499,499,1046478848,5.456062572076917,0.41187965869903564,0.41187966532128784,0.0002196886220864619,False
70M:A4-OL1:0.5,70M,A4-OL1,500,500,1048576000,5.451929647475481,0.43763649463653564,0.4376365188552689,0.00021786448673038816,False
70M:A4-OL1:0.5,70M,A4-OL1,501,501,1050673152,5.479822710156441,0.45147496461868286,0.4514749579424212,0.00021604584421254825,False
70M:A4-OL1:0.5,70M,A4-OL1,502,502,1052770304,5.426673911511898,0.44163891673088074,0.4416388886754491,0.00021423272993971947,False
70M:A4-OL1:0.5,70M,A4-OL1,503,503,1054867456,5.454346438869834,0.4137648344039917,0.41376483727289565,0.00021242517921105032,False
70M:A4-OL1:0.5,70M,A4-OL1,504,504,1056964608,5.413585848174989,0.5083577036857605,0.5083577536371798,0.00021062322721737364,False
70M:A4-OL1:0.5,70M,A4-OL1,505,505,1059061760,5.443141331896186,0.40810880064964294,0.40810878361042746,0.00020882690904052226,False
70M:A4-OL1:0.5,70M,A4-OL1,506,506,1061158912,5.399985963478684,0.4228515028953552,0.4228515206728405,0.00020703625965264489,False
70M:A4-OL1:0.5,70M,A4-OL1,507,507,1063256064,5.438485607504845,0.44188380241394043,0.44188380937615346,0.00020525131391552575,False
70M:A4-OL1:0.5,70M,A4-OL1,508,508,1065353216,5.426242060959339,0.40564268827438354,0.4056426804563645,0.000203472106579906,False
70M:A4-OL1:0.5,70M,A4-OL1,509,509,1067450368,5.422334032133222,0.40392550826072693,0.4039255303459974,0.00020169867228480722,False
70M:A4-OL1:0.5,70M,A4-OL1,510,510,1069547520,5.459728522226214,0.43576285243034363,0.4357628327694765,0.00019993104555685653,False
70M:A4-OL1:0.5,70M,A4-OL1,511,511,1071644672,5.466097874566913,0.3972175717353821,0.39721758819022784,0.0001981692608096149,False
70M:A4-OL1:0.5,70M,A4-OL1,512,512,1073741824,5.441798130981624,0.41635721921920776,0.4163572421816975,0.0001964133523429069,False
70M:A4-OL1:0.5,70M,A4-OL1,513,513,1075838976,5.438091601245105,0.41888943314552307,0.4188894226202877,0.0001946633543421531,False
70M:A4-OL1:0.5,70M,A4-OL1,514,514,1077936128,5.428047267720103,0.42512375116348267,0.4251237484696398,0.0001929193008777041,False
70M:A4-OL1:0.5,70M,A4-OL1,515,515,1080033280,5.437646759673953,0.4108993709087372,0.410899399316984,0.0001911812259041782,False
70M:A4-OL1:0.5,70M,A4-OL1,516,516,1082130432,5.466012427583337,0.42130959033966064,0.4213095956509774,0.0001894491632597991,False
70M:A4-OL1:0.5,70M,A4-OL1,517,517,1084227584,5.407877994701266,0.3998032808303833,0.399803264945035,0.00018772314666573776,False
70M:A4-OL1:0.5,70M,A4-OL1,518,518,1086324736,5.444942522794008,0.400943398475647,0.4009433778145896,0.0001860032097254563,False
70M:A4-OL1:0.5,70M,A4-OL1,519,519,1088421888,5.386766851879656,0.40806320309638977,0.4080632006860706,0.00018428938592405286,False
70M:A4-OL1:0.5,70M,A4-OL1,520,520,1090519040,5.404638051986694,0.3871943950653076,0.38719442283106575,0.00018258170862761025,False
70M:A4-OL1:0.5,70M,A4-OL1,521,521,1092616192,5.405191413126886,0.42787861824035645,0.4278786065490546,0.00018088021108254604,False
70M:A4-OL1:0.5,70M,A4-OL1,522,522,1094713344,5.404243785887957,0.4104202091693878,0.4104202036405603,0.0001791849264149662,False
70M:A4-OL1:0.5,70M,A4-OL1,523,523,1096810496,5.395424161106348,0.38997983932495117,0.3899798315412574,0.0001774958876300184,False
70M:A4-OL1:0.5,70M,A4-OL1,524,524,1098907648,5.433200230821967,0.4004601836204529,0.4004601798390768,0.00017581312761125146,False
70M:A4-OL1:0.5,70M,A4-OL1,525,525,1101004800,5.423051033169031,0.3996044397354126,0.399604420800721,0.00017413667911997372,False
70M:A4-OL1:0.5,70M,A4-OL1,526,526,1103101952,5.427631779573858,0.4106968939304352,0.4106968897082623,0.00017246657479461558,False
70M:A4-OL1:0.5,70M,A4-OL1,527,527,1105199104,5.43609556928277,0.4037316143512726,0.4037316279588014,0.00017080284715009477,False
70M:A4-OL1:0.5,70M,A4-OL1,528,528,1107296256,5.433762162923813,0.4033676087856293,0.4033676110482085,0.00016914552857718207,False
70M:A4-OL1:0.5,70M,A4-OL1,529,529,1109393408,5.467450639232993,0.40100347995758057,0.4010034739391929,0.00016749465134187176,False
70M:A4-OL1:0.5,70M,A4-OL1,530,530,1111490560,5.424860265105963,0.4000966548919678,0.40009669421999206,0.00016585024758475271,False
70M:A4-OL1:0.5,70M,A4-OL1,531,531,1113587712,5.419101307168603,0.39097264409065247,0.3909726486155415,0.00016421234932038371,False
70M:A4-OL1:0.5,70M,A4-OL1,532,532,1115684864,5.415210049599409,0.397299587726593,0.39729956958586476,0.00016258098843666819,False
70M:A4-OL1:0.5,70M,A4-OL1,533,533,1117782016,5.434470105916262,0.3952863812446594,0.39528639676704586,0.000160956196694236,False
70M:A4-OL1:0.5,70M,A4-OL1,534,534,1119879168,5.405981976538897,0.38375768065452576,0.38375770000420345,0.00015933800572582292,False
70M:A4-OL1:0.5,70M,A4-OL1,535,535,1121976320,5.4754440281540155,0.4086620509624481,0.4086620529189818,0.0001577264470356558,False
70M:A4-OL1:0.5,70M,A4-OL1,536,536,1124073472,5.417894568294287,0.384169340133667,0.38416934248386125,0.00015612155199883892,False
70M:A4-OL1:0.5,70M,A4-OL1,537,537,1126170624,5.421326341107488,0.39385905861854553,0.3938590461819336,0.0001545233518607438,False
70M:A4-OL1:0.5,70M,A4-OL1,538,538,1128267776,5.399264035746455,0.3897859752178192,0.3897859830250397,0.0001529318777363997,False
70M:A4-OL1:0.5,70M,A4-OL1,539,539,1130364928,5.444878099486232,0.39658087491989136,0.39658089342369046,0.00015134716060988867,False
70M:A4-OL1:0.5,70M,A4-OL1,540,540,1132462080,5.439796470105648,0.39320260286331177,0.39320258189527857,0.00014976923133374254,False
70M:A4-OL1:0.5,70M,A4-OL1,541,541,1134559232,5.430915336124599,0.3921010196208954,0.39210100625565925,0.00014819812062834148,False
70M:A4-OL1:0.5,70M,A4-OL1,542,542,1136656384,5.433714156970382,0.39180341362953186,0.39180341845292244,0.00014663385908131633,False
70M:A4-OL1:0.5,70M,A4-OL1,543,543,1138753536,5.430203853175044,0.40194955468177795,0.40194956827138956,0.00014507647714695327,False
70M:A4-OL1:0.5,70M,A4-OL1,544,544,1140850688,5.456917507573962,0.39898356795310974,0.3989835569678511,0.00014352600514560055,False
70M:A4-OL1:0.5,70M,A4-OL1,545,545,1142947840,5.447031058371067,0.4030682444572449,0.40306823851488094,0.00014198247326307827,False
70M:A4-OL1:0.5,70M,A4-OL1,546,546,1145044992,5.443031765520573,0.39574477076530457,0.39574477470602737,0.0001404459115500913,False
70M:A4-OL1:0.5,70M,A4-OL1,547,547,1147142144,5.419400840997696,0.39953774213790894,0.39953775969986094,0.0001389163499216431,False
70M:A4-OL1:0.5,70M,A4-OL1,548,548,1149239296,5.414260419085622,0.41828542947769165,0.41828544200187134,0.00013739381815645407,False
70M:A4-OL1:0.5,70M,A4-OL1,549,549,1151336448,5.414065673016012,0.3955002725124359,0.39550027874018095,0.00013587834589638215,False
70M:A4-OL1:0.5,70M,A4-OL1,550,550,1153433600,5.410142011940479,0.41401946544647217,0.41401946915932875,0.0001343699626458445,False
70M:A4-OL1:0.5,70M,A4-OL1,551,551,1155530752,5.428580099716783,0.3976818919181824,0.3976818762729823,0.00013286869777124434,False
70M:A4-OL1:0.5,70M,A4-OL1,552,552,1157627904,5.440527459606528,0.4060678780078888,0.4060678607630994,0.00013137458050039818,False
70M:A4-OL1:0.5,70M,A4-OL1,553,553,1159725056,5.382423861883581,0.4002169370651245,0.40021693487558385,0.00012988763992196817,False
70M:A4-OL1:0.5,70M,A4-OL1,554,554,1161822208,5.433394281193614,0.4208996295928955,0.42089964929907075,0.00012840790498489375,False
70M:A4-OL1:0.5,70M,A4-OL1,555,555,1163919360,5.435784490779042,0.40095415711402893,0.4009541698805028,0.00012693540449783025,False
70M:A4-OL1:0.5,70M,A4-OL1,556,556,1166016512,5.416725104674697,0.3865155875682831,0.3865155700604059,0.00012547016712858645,False
70M:A4-OL1:0.5,70M,A4-OL1,557,557,1168113664,5.4065371081233025,0.4181573987007141,0.4181573696066248,0.00012401222140356687,False
70M:A4-OL1:0.5,70M,A4-OL1,558,558,1170210816,5.4214445091784,0.3968505561351776,0.39685056346873265,0.00012256159570721715,False
70M:A4-OL1:0.5,70M,A4-OL1,559,559,1172307968,5.4017436895519495,0.3932300806045532,0.3932300873248571,0.00012111831828147012,False
70M:A4-OL1:0.5,70M,A4-OL1,560,560,1174405120,5.394380386918783,0.38742977380752563,0.3874297681708285,0.00011968241722519696,False
70M:A4-OL1:0.5,70M,A4-OL1,561,561,1176502272,5.4089745143428445,0.3896104097366333,0.3896104195242714,0.00011825392049365963,False
70M:A4-OL1:0.5,70M,A4-OL1,562,562,1178599424,5.443351104855537,0.40070199966430664,0.4007020338780246,0.00011683285589796732,False
70M:A4-OL1:0.5,70M,A4-OL1,563,563,1180696576,5.405641254037619,0.40304502844810486,0.403045046162537,0.00011541925110453366,False
70M:A4-OL1:0.5,70M,A4-OL1,564,564,1182793728,5.411171703599393,0.3944747745990753,0.39447475290578454,0.0001140131336345398,False
70M:A4-OL1:0.5,70M,A4-OL1,565,565,1184890880,5.426139740273356,0.4002584218978882,0.400258416432422,0.00011261453086339718,False
70M:A4-OL1:0.5,70M,A4-OL1,566,566,1186988032,5.401805238798261,0.4009888172149658,0.40098881474231585,0.00011122347002021527,False
70M:A4-OL1:0.5,70M,A4-OL1,567,567,1189085184,5.377976239658892,0.4057468771934509,0.40574688554554905,0.00010983997818727115,False
70M:A4-OL1:0.5,70M,A4-OL1,568,568,1191182336,5.379684782586992,0.4032990634441376,0.4032990506127565,0.00010846408229948285,False
70M:A4-OL1:0.5,70M,A4-OL1,569,569,1193279488,5.447260193526745,0.40206024050712585,0.40206025484913976,0.00010709580914388406,False
70M:A4-OL1:0.5,70M,A4-OL1,570,570,1195376640,5.419347694143653,0.4075489938259125,0.40754899697219515,0.00010573518535910297,False
70M:A4-OL1:0.5,70M,A4-OL1,571,571,1197473792,5.447378653101623,0.3841385841369629,0.38413861876560723,0.00010438223743484443,False
70M:A4-OL1:0.5,70M,A4-OL1,572,572,1199570944,5.440882893279195,0.4271811544895172,0.42718113537683855,0.00010303699171137282,False
70M:A4-OL1:0.5,70M,A4-OL1,573,573,1201668096,5.400156155228615,0.417628675699234,0.4176286626072759,0.00010169947437900024,False
70M:A4-OL1:0.5,70M,A4-OL1,574,574,1203765248,5.4118726793676615,0.4050298035144806,0.4050297965457235,0.0001003697114775764,False
70M:A4-OL1:0.5,70M,A4-OL1,575,575,1205862400,5.500572320073843,0.40401408076286316,0.4040140771178678,0.0001,False
70M:A4-OL1:0.5,70M,A4-OL1,576,576,1207959552,5.397648440673947,0.3983705937862396,0.3983706022100225,0.0001,False
70M:A4-OL1:0.5,70M,A4-OL1,577,577,1210056704,5.439382659271359,0.4125276505947113,0.4125276786148599,0.0001,False
70M:A4-OL1:0.5,70M,A4-OL1,578,578,1212153856,5.448797035962343,0.40183743834495544,0.4018374241497227,0.0001,False
70M:A4-OL1:0.5,70M,A4-OL1,579,579,1214251008,5.401665857993066,0.4023880660533905,0.4023880727936459,0.0001,False
70M:A4-OL1:0.5,70M,A4-OL1,580,580,1216348160,5.4229478016495705,0.4007376730442047,0.4007376642746976,0.0001,False
70M:A4-OL1:0.5,70M,A4-OL1,581,581,1218445312,5.4035105761140585,0.39410021901130676,0.394100206186241,0.0001,False
70M:A4-OL1:0.5,70M,A4-OL1,582,582,1220542464,5.395578805357218,0.4013364911079407,0.4013364765931589,0.0001,False
70M:A4-OL1:0.5,70M,A4-OL1,583,583,1222639616,5.40253649931401,0.39962315559387207,0.39962315562955836,0.0001,False
70M:A4-OL1:0.5,70M,A4-OL1,584,584,1224736768,5.418914659880102,0.41102325916290283,0.4110232905472622,0.0001,False
70M:A4-OL1:0.5,70M,A4-OL1,585,585,1226833920,5.434697538614273,0.3900296092033386,0.3900296159746666,0.0001,False
70M:A4-OL1:0.5,70M,A4-OL1,586,586,1228931072,5.440468375571072,0.4057149589061737,0.4057149816797933,0.0001,False
70M:A4-OL1:0.5,70M,A4-OL1,587,587,1231028224,5.433894360437989,0.39686113595962524,0.3968611445546318,0.0001,False
70M:A4-OL1:0.5,70M,A4-OL1,588,588,1233125376,5.40873449947685,0.4208257496356964,0.42082574125003863,0.0001,False
70M:A4-OL1:0.5,70M,A4-OL1,589,589,1235222528,5.402852789498866,0.417222261428833,0.41722225056197376,0.0001,False
70M:A4-OL1:0.5,70M,A4-OL1,590,590,1237319680,5.461701087653637,0.4236128032207489,0.42361278659704854,0.0001,False
70M:A4-OL1:0.5,70M,A4-OL1,591,591,1239416832,5.424432061612606,0.41593196988105774,0.41593196883699435,0.0001,False
70M:A4-OL1:0.5,70M,A4-OL1,592,592,1241513984,5.428029876202345,0.4268498718738556,0.4268498749763445,0.0001,False
70M:A4-OL1:0.5,70M,A4-OL1,593,593,1243611136,5.447613079100847,0.40156984329223633,0.40156984818016567,0.0001,False
70M:A4-OL1:0.5,70M,A4-OL1,594,594,1245708288,5.389011211693287,0.40821993350982666,0.40821991740223273,0.0001,False
70M:A4-OL1:0.5,70M,A4-OL1,595,595,1247805440,5.489824615418911,0.4200708568096161,0.42007085976348146,0.0001,False
70M:A4-OL1:0.5,70M,A4-OL1,596,596,1249902592,5.458425402641296,0.42311450839042664,0.42311451564771513,0.0001,False
70M:A4-OL1:0.5,70M,A4-OL1,597,597,1251999744,5.437271034345031,0.406558632850647,0.40655864640218736,0.0001,False
70M:A4-OL1:0.5,70M,A4-OL1,598,598,1254096896,5.458155795931816,0.4008558690547943,0.40085585324931644,0.0001,False
70M:A4-OL1:0.5,70M,A4-OL1,599,599,1256194048,5.393719142302871,0.4013342559337616,0.4013342537851969,0.0001,False
70M:A4-OL1:0.5,70M,A4-OL1,600,600,1258291200,5.407767616212368,0.39787328243255615,0.39787325134490636,0.0001,False
70M:A4-OL1:0.5,70M,A4-OL1,601,601,1260388352,5.4319719187915325,0.3967684507369995,0.39676841911677824,0.0001,False
70M:A4-OL1:0.5,70M,A4-OL1,602,602,1262485504,5.4296242743730545,0.41620558500289917,0.41620555834410905,0.0001,False
70M:A4-OL1:0.5,70M,A4-OL1,603,603,1264582656,5.402498412877321,0.4135558307170868,0.41355582260496565,0.0001,False
70M:A4-OL1:0.5,70M,A4-OL1,604,604,1266679808,5.453450033441186,0.3976955711841583,0.3976955680816339,0.0001,False
70M:A4-OL1:0.5,70M,A4-OL1,605,605,1268776960,5.439207913354039,0.4022505581378937,0.40225056233870693,0.0001,False
70M:A4-OL1:0.5,70M,A4-OL1,606,606,1270874112,5.432016368024051,0.4107901155948639,0.4107901387317356,0.0001,False
70M:A4-OL1:0.5,70M,A4-OL1,607,607,1272971264,5.374514507129788,0.3978276252746582,0.3978276246190197,0.0001,False
70M:A4-OL1:0.5,70M,A4-OL1,608,608,1275068416,5.440456859767437,0.39860090613365173,0.3986009180115723,0.0001,False
70M:A4-OL1:0.5,70M,A4-OL1,609,609,1277165568,5.379630651324987,0.41341519355773926,0.41341518228535495,0.0001,False
70M:A4-OL1:0.5,70M,A4-OL1,610,610,1279262720,5.457235801964998,0.4078327715396881,0.40783280224926544,0.0001,False
70M:A4-OL1:0.5,70M,A4-OL1,611,611,1281359872,5.453282479196787,0.4133816659450531,0.4133816647780405,0.0001,False
70M:A4-OL1:0.5,70M,A4-OL1,612,612,1283457024,5.426173664629459,0.40832051634788513,0.40832049575586205,0.0001,False
70M:A4-OL1:0.5,70M,A4-OL1,613,613,1285554176,5.446928692981601,0.41871172189712524,0.41871171498232007,0.0001,False
70M:A4-OL1:0.5,70M,A4-OL1,614,614,1287651328,5.4394297720864415,0.3983961343765259,0.3983961436752949,0.0001,False
70M:A4-OL1:0.5,70M,A4-OL1,615,615,1289748480,5.442235022783279,0.40596240758895874,0.405962425543612,0.0001,False
70M:A4-OL1:0.5,70M,A4-OL1,616,616,1291845632,5.423247808590531,0.4046984910964966,0.40469848263055685,0.0001,False
70M:A4-OL1:0.5,70M,A4-OL1,617,617,1293942784,5.42366792820394,0.3965476453304291,0.3965476586745511,0.0001,False
70M:A4-OL1:0.5,70M,A4-OL1,618,618,1296039936,5.379377642646432,0.4185669422149658,0.41856696982512376,0.0001,False
70M:A4-OL1:0.5,70M,A4-OL1,619,619,1298137088,5.4521232303231955,0.4424126446247101,0.4424126770038002,0.0001,False
70M:A4-OL1:0.5,70M,A4-OL1,620,620,1300234240,5.426803855225444,0.41813865303993225,0.4181386684705509,0.0001,False
70M:A4-OL1:0.5,70M,A4-OL1,621,621,1302331392,5.410951115190983,0.4052042067050934,0.4052042281935956,0.0001,False
70M:A4-OL1:0.5,70M,A4-OL1,622,622,1304428544,5.441130865365267,0.4034723937511444,0.4034723731269052,0.0001,False
70M:A4-OL1:0.5,70M,A4-OL1,623,623,1306525696,5.4258593786507845,0.42569229006767273,0.4256922835013476,0.0001,False
70M:A4-OL1:0.5,70M,A4-OL1,624,624,1308622848,5.431518843397498,0.4274406433105469,0.42744063187041564,0.0001,False
70M:A4-OL1:0.5,70M,A4-OL1,625,625,1310720000,5.359768629074097,0.4130944609642029,0.41309444366202963,0.0001,False
70M:A4-OL1:0.5,70M,A4-OL1,626,626,1312817152,5.412173517048359,0.4186447858810425,0.4186447960175453,0.0001,False
70M:A4-OL1:0.5,70M,A4-OL1,627,627,1314914304,5.392824235372245,0.4076012969017029,0.4076012768324086,0.0001,False
70M:A4-OL1:0.5,70M,A4-OL1,628,628,1317011456,5.440349351614714,0.4147757589817047,0.41477578197531856,0.0001,False
70M:A4-OL1:0.5,70M,A4-OL1,629,629,1319108608,5.418217856436968,0.39997488260269165,0.39997489055010077,0.0001,False
70M:A4-OL1:0.5,70M,A4-OL1,630,630,1321205760,5.441616576164961,0.4147472083568573,0.41474722451769386,0.0001,False
70M:A4-OL1:0.5,70M,A4-OL1,631,631,1323302912,5.412690285593271,0.4131017327308655,0.41310169704876043,0.0001,False
70M:A4-OL1:0.5,70M,A4-OL1,632,632,1325400064,5.396190829575062,0.42454686760902405,0.42454687898539983,0.0001,False
70M:A4-OL1:0.5,70M,A4-OL1,633,633,1327497216,5.432347660884261,0.4133733808994293,0.41337336291208016,0.0001,False
70M:A4-OL1:0.5,70M,A4-OL1,634,634,1329594368,5.422716501168907,0.4040646553039551,0.4040646456425278,0.0001,False
70M:A4-OL1:0.5,70M,A4-OL1,635,635,1331691520,5.42135816719383,0.40666279196739197,0.406662811270491,0.0001,False
70M:A4-OL1:0.5,70M,A4-OL1,636,636,1333788672,5.429065011441708,0.4220644235610962,0.4220644400203167,0.0001,False
70M:A4-OL1:0.5,70M,A4-OL1,637,637,1335885824,5.419029779732227,0.4148942828178406,0.41489428441701537,0.0001,False
70M:A4-OL1:0.5,70M,A4-OL1,638,638,1337982976,5.457831874489784,0.4326130449771881,0.4326130370989423,0.0001,False
70M:A4-OL1:0.5,70M,A4-OL1,639,639,1340080128,5.42636270262301,0.407047301530838,0.4070472932416001,0.0001,False
70M:A4-OL1:0.5,70M,A4-OL1,640,640,1342177280,5.393107725307345,0.41196081042289734,0.4119608074470578,0.0001,False
70M:A4-OL1:0.5,70M,A4-OL1,641,641,1344274432,5.4002838004380465,0.3993283212184906,0.3993283186758638,0.0001,False
70M:A4-OL1:0.5,70M,A4-OL1,642,642,1346371584,5.452543314546347,0.40385302901268005,0.40385299580160067,0.0001,False
70M:A4-OL1:0.5,70M,A4-OL1,643,643,1348468736,5.4379772543907166,0.4098952114582062,0.4098952151089453,0.0001,False
70M:A4-OL1:0.5,70M,A4-OL1,644,644,1350565888,5.449723111465573,0.4060359597206116,0.40603596806152314,0.0001,False
70M:A4-OL1:0.5,70M,A4-OL1,645,645,1352663040,5.420726511627436,0.41698503494262695,0.41698505044812884,0.0001,False
70M:A4-OL1:0.5,70M,A4-OL1,646,646,1354760192,5.46406286302954,0.4094846546649933,0.4094846368752307,0.0001,False
70M:A4-OL1:0.5,70M,A4-OL1,647,647,1356857344,5.432430263608694,0.4035664498806,0.4035664531519432,0.0001,False
70M:A4-OL1:0.5,70M,A4-OL1,648,648,1358954496,5.446354053914547,0.4052894711494446,0.405289485747797,0.0001,False
70M:A4-OL1:0.5,70M,A4-OL1,649,649,1361051648,5.4221649738028646,0.39599791169166565,0.39599788747290426,0.0001,False
70M:A4-OL1:0.5,70M,A4-OL1,650,650,1363148800,5.416290918365121,0.419808030128479,0.4198080053423807,0.0001,False
70M:A4-OL1:0.5,70M,A4-OL1,651,651,1365245952,5.446700195781887,0.4072951674461365,0.40729518418243216,0.0001,False
70M:A4-OL1:0.5,70M,A4-OL1,652,652,1367343104,5.396435668691993,0.4036862850189209,0.4036862832409398,0.0001,False
70M:A4-OL1:0.5,70M,A4-OL1,653,653,1369440256,5.426044698804617,0.4086030125617981,0.40860302279237565,0.0001,False
70M:A4-OL1:0.5,70M,A4-OL1,654,654,1371537408,5.461743905209005,0.4256160259246826,0.42561602157559136,0.0001,False
70M:A4-OL1:0.5,70M,A4-OL1,655,655,1373634560,5.42957398481667,0.4155619740486145,0.41556195473130325,0.0001,False
70M:A4-OL1:0.5,70M,A4-OL1,656,656,1375731712,5.400295316241682,0.40679270029067993,0.4067926920921509,0.0001,False
70M:A4-OL1:0.5,70M,A4-OL1,657,657,1377828864,5.4140545427799225,0.4324958324432373,0.43249584040073763,0.0001,False
70M:A4-OL1:0.5,70M,A4-OL1,658,658,1379926016,5.406586924567819,0.424921452999115,0.424921449573494,0.0001,False
70M:A4-OL1:0.5,70M,A4-OL1,659,659,1382023168,5.398826565593481,0.40865734219551086,0.4086573323747038,0.0001,False
70M:A4-OL1:0.5,70M,A4-OL1,660,660,1384120320,5.456013545393944,0.414243221282959,0.4142432145759605,0.0001,False
70M:A4-OL1:0.5,70M,A4-OL1,661,661,1386217472,5.44204125367105,0.4077926278114319,0.4077926392463292,0.0001,False
70M:A4-OL1:0.5,70M,A4-OL1,662,662,1388314624,5.4552738312631845,0.4223195016384125,0.42231950717686545,0.0001,False
70M:A4-OL1:0.5,70M,A4-OL1,663,663,1390411776,5.4261871464550495,0.42009416222572327,0.4200941698575489,0.0001,False
70M:A4-OL1:0.5,70M,A4-OL1,664,664,1392508928,5.436952456831932,0.420594185590744,0.42059419662241493,0.0001,False
70M:A4-OL1:0.5,70M,A4-OL1,665,665,1394606080,5.431706501170993,0.4145209789276123,0.4145209810361923,0.0001,False
70M:A4-OL1:0.5,70M,A4-OL1,666,666,1396703232,5.447625743225217,0.4120207726955414,0.4120207761651057,0.0001,False
70M:A4-OL1:0.5,70M,A4-OL1,667,667,1398800384,5.424481829628348,0.4125741124153137,0.4125741146719385,0.0001,False
70M:A4-OL1:0.5,70M,A4-OL1,668,668,1400897536,5.413844414055347,0.40873658657073975,0.4087365848852094,0.0001,False
70M:A4-OL1:0.5,70M,A4-OL1,669,669,1402994688,5.395716152153909,0.4281059503555298,0.42810595639403415,0.0001,False
70M:A4-OL1:0.5,70M,A4-OL1,670,670,1405091840,5.432041749358177,0.4220521152019501,0.42205211038219553,0.0001,False
70M:A4-OL1:0.5,70M,A4-OL1,671,671,1407188992,5.45760480966419,0.40965011715888977,0.40965013580439574,0.0001,False
70M:A4-OL1:0.5,70M,A4-OL1,672,672,1409286144,5.421161426231265,0.43410101532936096,0.4341010103847537,0.0001,False
70M:A4-OL1:0.5,70M,A4-OL1,673,673,1411383296,5.409196749329567,0.41263702511787415,0.4126370477186832,0.0001,False
70M:A4-OL1:0.5,70M,A4-OL1,674,674,1413480448,5.488650124520063,0.4339953362941742,0.4339953419724532,0.0001,False
70M:A4-OL1:0.5,70M,A4-OL1,675,675,1415577600,5.445033332332969,0.4116749167442322,0.4116749210297425,0.0001,False
70M:A4-OL1:0.5,70M,A4-OL1,676,676,1417674752,5.383174519985914,0.40123236179351807,0.4012323708567877,0.0001,False
70M:A4-OL1:0.5,70M,A4-OL1,677,677,1419771904,5.458899687975645,0.4309365451335907,0.4309365477631925,0.0001,False
70M:A4-OL1:0.5,70M,A4-OL1,678,678,1421869056,5.3854790879413486,0.4333096444606781,0.4333096292592274,0.0001,False
70M:A4-OL1:0.5,70M,A4-OL1,679,679,1423966208,5.466161243617535,0.4360683262348175,0.4360683388620952,0.0001,False
70M:A4-OL1:0.5,70M,A4-OL1,680,680,1426063360,5.439084319397807,0.41795510053634644,0.417955112170009,0.0001,False
70M:A4-OL1:0.5,70M,A4-OL1,681,681,1428160512,5.385599946603179,0.41115930676460266,0.41115932270002126,0.0001,False
70M:A4-OL1:0.5,70M,A4-OL1,682,682,1430257664,5.397702460177243,0.4379204511642456,0.43792042298204803,0.0001,False
70M:A4-OL1:0.5,70M,A4-OL1,683,683,1432354816,5.452986067160964,0.42184603214263916,0.42184604218610144,0.0001,False
70M:A4-OL1:0.5,70M,A4-OL1,684,684,1434451968,5.443377383053303,0.40912288427352905,0.4091228658268988,0.0001,False
70M:A4-OL1:0.5,70M,A4-OL1,685,685,1436549120,5.380349691957235,0.43527522683143616,0.43527524676640816,0.0001,False
70M:A4-OL1:0.5,70M,A4-OL1,686,686,1438646272,5.447752401232719,0.45546314120292664,0.4554631411839291,0.0001,False
70M:A4-OL1:0.5,70M,A4-OL1,687,687,1440743424,5.44026330858469,0.4083097279071808,0.40830974057719144,0.0001,False
70M:A4-OL1:0.5,70M,A4-OL1,688,688,1442840576,5.407651592046022,0.4149590730667114,0.4149590716941133,0.0001,False
70M:A4-OL1:0.5,70M,A4-OL1,689,689,1444937728,5.415820263326168,0.4139261841773987,0.41392621879897845,0.0001,False
70M:A4-OL1:0.5,70M,A4-OL1,690,690,1447034880,5.4356279242783785,0.4256296157836914,0.4256296561302113,0.0001,False
70M:A4-OL1:0.5,70M,A4-OL1,691,691,1449132032,5.4461641712114215,0.41442063450813293,0.41442062713596994,0.0001,False
70M:A4-OL1:0.5,70M,A4-OL1,692,692,1451229184,5.449858920648694,0.41047024726867676,0.41047024004490384,0.0001,False
70M:A4-OL1:0.5,70M,A4-OL1,693,693,1453326336,5.431990290060639,0.4216088354587555,0.4216088229691779,0.0001,False
70M:A4-OL1:0.5,70M,A4-OL1,694,694,1455423488,5.390435799956322,0.42750510573387146,0.4275051389011477,0.0001,False
70M:A4-OL1:0.5,70M,A4-OL1,695,695,1457520640,5.390043018385768,0.4044326841831207,0.4044326740652063,0.0001,False
70M:A4-OL1:0.5,70M,A4-OL1,696,696,1459617792,5.4337577586993575,0.42466139793395996,0.42466139061840313,0.0001,False
70M:A4-OL1:0.5,70M,A4-OL1,697,697,1461714944,5.398169468156993,0.407896488904953,0.40789648051086724,0.0001,False
70M:A4-OL1:0.5,70M,A4-OL1,698,698,1463812096,5.419800294563174,0.4152902662754059,0.4152902882385192,0.0001,False
70M:A4-OL1:0.5,70M,A4-OL1,699,699,1465909248,5.37219672370702,0.41833963990211487,0.41833967499186836,0.0001,False
70M:A4-OL1:0.5,70M,A4-OL1,700,700,1468006400,5.412702964618802,0.40575602650642395,0.4057560408584083,0.0001,False
70M:A4-OL1:0.5,70M,A4-OL1,701,701,1470103552,5.459086395800114,0.42443954944610596,0.4244395376451434,0.0001,False
70M:A4-OL1:0.5,70M,A4-OL1,702,702,1472200704,5.390633565373719,0.4099358916282654,0.40993588723603014,0.0001,False
70M:A4-OL1:0.5,70M,A4-OL1,703,703,1474297856,5.436242809519172,0.4059367775917053,0.40593680142503225,0.0001,False
70M:A4-OL1:0.5,70M,A4-OL1,704,704,1476395008,5.4199607111513615,0.41427522897720337,0.41427523973164326,0.0001,False
70M:A4-OL1:0.5,70M,A4-OL1,705,705,1478492160,5.4338682256639,0.4105392396450043,0.41053925266504165,0.0001,False
70M:A4-OL1:0.5,70M,A4-OL1,706,706,1480589312,5.406193308532238,0.400760680437088,0.4007606916669887,0.0001,False
70M:A4-OL1:0.5,70M,A4-OL1,707,707,1482686464,5.425734104588628,0.43158915638923645,0.431589181540435,0.0001,False
70M:A4-OL1:0.5,70M,A4-OL1,708,708,1484783616,5.437392482534051,0.41736260056495667,0.41736259833910616,0.0001,False
70M:A4-OL1:0.5,70M,A4-OL1,709,709,1486880768,5.437970334663987,0.4217005968093872,0.4217006200482971,0.0001,False
70M:A4-OL1:0.5,70M,A4-OL1,710,710,1488977920,5.442827969789505,0.40703728795051575,0.4070372782838627,0.0001,False
70M:A4-OL1:0.5,70M,A4-OL1,711,711,1491075072,5.422710677608848,0.4112800657749176,0.41128005476995194,0.0001,False
70M:A4-OL1:0.5,70M,A4-OL1,712,712,1493172224,5.435827957466245,0.42404916882514954,0.42404917919206947,0.0001,False
70M:A7-OL1:0.5,70M,A7-OL1,1,1,2097152,11.018688332289457,2.3123645782470703,0.9999995654377788,0.0,False
70M:A7-OL1:0.5,70M,A7-OL1,2,2,4194304,11.02068841457367,2.295839786529541,0.9999995496427616,0.0001404494382022472,False
70M:A7-OL1:0.5,70M,A7-OL1,3,3,6291456,10.501065760850906,2.0273802280426025,0.9999994184193064,0.0002808988764044944,False
70M:A7-OL1:0.5,70M,A7-OL1,4,4,8388608,10.020462282001972,1.6571075916290283,0.9999994523549092,0.0004213483146067416,False
70M:A7-OL1:0.5,70M,A7-OL1,5,5,10485760,9.749498918652534,1.464834213256836,0.9999993544766358,0.0005617977528089888,False
70M:A7-OL1:0.5,70M,A7-OL1,6,6,12582912,9.492959778755903,1.3574224710464478,0.9999993116012542,0.0007022471910112359,False
70M:A7-OL1:0.5,70M,A7-OL1,7,7,14680064,9.199018400162458,1.262108325958252,0.999999221179141,0.0008426966292134832,False
70M:A7-OL1:0.5,70M,A7-OL1,8,8,16777216,8.905096430331469,1.09870445728302,0.9999991288802271,0.0009831460674157304,False
70M:A7-OL1:0.5,70M,A7-OL1,9,9,18874368,8.62284553796053,0.9138182401657104,0.9138181370514795,0.0009999962308400703,False
70M:A7-OL1:0.5,70M,A7-OL1,10,10,20971520,8.391710279509425,0.7762215733528137,0.776221652854167,0.0009999827974442107,False
70M:A7-OL1:0.5,70M,A7-OL1,11,11,23068672,8.247698307037354,0.648745596408844,0.6487456134702307,0.0009999596299861823,False
70M:A7-OL1:0.5,70M,A7-OL1,12,12,25165824,8.124238815158606,0.519856333732605,0.5198562665587263,0.0009999267289170272,False
70M:A7-OL1:0.5,70M,A7-OL1,13,13,27262976,8.03208740055561,0.4039730727672577,0.40397306455441484,0.0009998840948772898,False
70M:A7-OL1:0.5,70M,A7-OL1,14,14,29360128,7.984094209969044,0.350191593170166,0.35019160208407346,0.0009998317286970036,False
70M:A7-OL1:0.5,70M,A7-OL1,15,15,31457280,7.909958286210895,0.3173767030239105,0.31737669732895896,0.0009997696313956746,False
70M:A7-OL1:0.5,70M,A7-OL1,16,16,33554432,7.89738554880023,0.3036017119884491,0.3036017605070821,0.0009996978041822626,False
70M:A7-OL1:0.5,70M,A7-OL1,17,17,35651584,7.889465719461441,0.2620416581630707,0.26204165256393747,0.0009996162484551569,False
70M:A7-OL1:0.5,70M,A7-OL1,18,18,37748736,7.875008061528206,0.2504395544528961,0.2504395859979872,0.0009995249658021493,False
70M:A7-OL1:0.5,70M,A7-OL1,19,19,39845888,7.867484945803881,0.23454512655735016,0.2345451383997448,0.0009994239580004022,False
70M:A7-OL1:0.5,70M,A7-OL1,20,20,41943040,7.8386972062289715,0.24665768444538116,0.2466576731927845,0.0009993132270164169,False
70M:A7-OL1:0.5,70M,A7-OL1,21,21,44040192,7.834495298564434,0.278423547744751,0.27842356467484036,0.0009991927750059911,False
70M:A7-OL1:0.5,70M,A7-OL1,22,22,46137344,7.804041562601924,0.2218901813030243,0.22189019027887227,0.0009990626043141805,False
70M:A7-OL1:0.5,70M,A7-OL1,23,23,48234496,7.758090877905488,0.2425973266363144,0.24259730443750022,0.000998922717475252,False
70M:A7-OL1:0.5,70M,A7-OL1,24,24,50331648,7.715457336977124,0.21958079934120178,0.21958079639841466,0.000998773117212633,False
70M:A7-OL1:0.5,70M,A7-OL1,25,25,52428800,7.688135178759694,0.2811456322669983,0.28114564999310804,0.0009986138064388605,False
70M:A7-OL1:0.5,70M,A7-OL1,26,26,54525952,7.6530442629009485,0.2505433261394501,0.2505433131761255,0.0009984447882555232,False
70M:A7-OL1:0.5,70M,A7-OL1,27,27,56623104,7.614746917039156,0.1994989812374115,0.19949895665573988,0.0009982660659532013,False
70M:A7-OL1:0.5,70M,A7-OL1,28,28,58720256,7.548927878960967,0.24738191068172455,0.2473819241709754,0.0009980776430114024,False
70M:A7-OL1:0.5,70M,A7-OL1,29,29,60817408,7.53145132958889,0.24741201102733612,0.24741201197170856,0.0009978795230984941,False
70M:A7-OL1:0.5,70M,A7-OL1,30,30,62914560,7.473621727898717,0.20087234675884247,0.20087233672555602,0.0009976717100716322,False
70M:A7-OL1:0.5,70M,A7-OL1,31,31,65011712,7.432593688368797,0.21812547743320465,0.21812550096969138,0.0009974542079766858,False
70M:A7-OL1:0.5,70M,A7-OL1,32,32,67108864,7.400401584804058,0.27056217193603516,0.27056218693165235,0.0009972270210481583,False
70M:A7-OL1:0.5,70M,A7-OL1,33,33,69206016,7.375089518725872,0.270999014377594,0.270999011968085,0.000996990153709105,False
70M:A7-OL1:0.5,70M,A7-OL1,34,34,71303168,7.332837941125035,0.30513668060302734,0.3051366585847567,0.000996743610571048,False
70M:A7-OL1:0.5,70M,A7-OL1,35,35,73400320,7.310207169502974,0.36212021112442017,0.3621202026860344,0.0009964873964338843,False
70M:A7-OL1:0.5,70M,A7-OL1,36,36,75497472,7.214156927540898,0.1736646145582199,0.173664619925453,0.0009962215162857945,False
70M:A7-OL1:0.5,70M,A7-OL1,37,37,77594624,7.223334841430187,0.38498446345329285,0.3849844523412462,0.0009959459753031445,False
70M:A7-OL1:0.5,70M,A7-OL1,38,38,79691776,7.214102651923895,0.27441444993019104,0.27441441733823646,0.000995660778850385,False
70M:A7-OL1:0.5,70M,A7-OL1,39,39,81788928,7.189503701403737,0.3001975417137146,0.3001975138679333,0.0009953659324799468,False
70M:A7-OL1:0.5,70M,A7-OL1,40,40,83886080,7.152300087735057,0.24665100872516632,0.24665099377533267,0.0009950614419321332,False
70M:A7-OL1:0.5,70M,A7-OL1,41,41,85983232,7.104927219450474,0.1980021595954895,0.1980021570879499,0.0009947473131350084,False
70M:A7-OL1:0.5,70M,A7-OL1,42,42,88080384,7.103939348831773,0.22100988030433655,0.22100988438048544,0.0009944235522042811,False
70M:A7-OL1:0.5,70M,A7-OL1,43,43,90177536,7.066977122798562,0.20772698521614075,0.2077270202977673,0.0009940901654431858,False
70M:A7-OL1:0.5,70M,A7-OL1,44,44,92274688,7.036464752629399,0.23564709722995758,0.2356471093284964,0.0009937471593423613,False
70M:A7-OL1:0.5,70M,A7-OL1,45,45,94371840,7.0121816378086805,0.20820151269435883,0.20820150912444615,0.0009933945405797224,False
70M:A7-OL1:0.5,70M,A7-OL1,46,46,96468992,6.996209651231766,0.27977925539016724,0.27977925812747834,0.0009930323160203315,False
70M:A7-OL1:0.5,70M,A7-OL1,47,47,98566144,6.984092013910413,0.2125730812549591,0.2125730624224475,0.0009926604927162636,False
70M:A7-OL1:0.5,70M,A7-OL1,48,48,100663296,6.9712384063750505,0.29392045736312866,0.2939204751968992,0.0009922790779064705,False
70M:A7-OL1:0.5,70M,A7-OL1,49,49,102760448,6.920303855091333,0.2718903720378876,0.27189037533623034,0.0009918880790166385,False
70M:A7-OL1:0.5,70M,A7-OL1,50,50,104857600,6.890053682029247,0.24905264377593994,0.24905263417914633,0.0009914875036590443,False
70M:A7-OL1:0.5,70M,A7-OL1,51,51,106954752,6.850381568074226,0.3369772732257843,0.3369772777444537,0.0009910773596324073,False
70M:A7-OL1:0.5,70M,A7-OL1,52,52,109051904,6.868350178003311,0.21458815038204193,0.21458815586204788,0.0009906576549217369,False
70M:A7-OL1:0.5,70M,A7-OL1,53,53,111149056,6.867724040523171,0.3277096748352051,0.3277096533100133,0.000990228397698178,False
70M:A7-OL1:0.5,70M,A7-OL1,54,54,113246208,6.844763269647956,0.26859548687934875,0.26859548353238827,0.0009897895963188513,False
70M:A7-OL1:0.5,70M,A7-OL1,55,55,115343360,6.773536782711744,0.22171807289123535,0.22171807942403723,0.0009893412593266898,False
70M:A7-OL1:0.5,70M,A7-OL1,56,56,117440512,6.7983840852975845,0.3432222008705139,0.34322221260950364,0.0009888833954502748,False
70M:A7-OL1:0.5,70M,A7-OL1,57,57,119537664,6.765133460983634,0.21249409019947052,0.21249408910373246,0.0009884160136036635,False
70M:A7-OL1:0.5,70M,A7-OL1,58,58,121634816,6.723688937723637,0.29005059599876404,0.29005058116682686,0.000987939122886217,False
70M:A7-OL1:0.5,70M,A7-OL1,59,59,123731968,6.76197000592947,0.26460492610931396,0.2646049337117245,0.0009874527325824225,False
70M:A7-OL1:0.5,70M,A7-OL1,60,60,125829120,6.739864381030202,0.30286356806755066,0.3028635793394843,0.0009869568521617127,False
70M:A7-OL1:0.5,70M,A7-OL1,61,61,127926272,6.694209188222885,0.30793899297714233,0.3079390106241375,0.0009864514912782817,False
70M:A7-OL1:0.5,70M,A7-OL1,62,62,130023424,6.6955344676971436,0.48014965653419495,0.48014964900400636,0.0009859366597708959,False
70M:A7-OL1:0.5,70M,A7-OL1,63,63,132120576,6.675858039408922,0.4687402546405792,0.4687402334436098,0.0009854123676627045,False
70M:A7-OL1:0.5,70M,A7-OL1,64,64,134217728,6.655293717980385,0.39651399850845337,0.396513995889354,0.0009848786251610425,False
70M:A7-OL1:0.5,70M,A7-OL1,65,65,136314880,6.608361445367336,0.4960603415966034,0.4960603166490135,0.0009843354426572327,False
70M:A7-OL1:0.5,70M,A7-OL1,66,66,138412032,6.618938842788339,0.2957935929298401,0.2957935656142765,0.0009837828307263836,False
70M:A7-OL1:0.5,70M,A7-OL1,67,67,140509184,6.623346718028188,0.4036446809768677,0.4036446636043112,0.000983220800127183,False
70M:A7-OL1:0.5,70M,A7-OL1,68,68,142606336,6.580665484070778,0.3459698259830475,0.34596980517440795,0.000982649361801689,False
70M:A7-OL1:0.5,70M,A7-OL1,69,69,144703488,6.572073856368661,0.30472272634506226,0.30472274119706216,0.0009820685268751167,False
70M:A7-OL1:0.5,70M,A7-OL1,70,70,146800640,6.5757762379944324,0.25724539160728455,0.25724538673777264,0.0009814783066556217,False
70M:A7-OL1:0.5,70M,A7-OL1,71,71,148897792,6.566690273582935,0.35117486119270325,0.35117485940372184,0.0009808787126340801,False
70M:A7-OL1:0.5,70M,A7-OL1,72,72,150994944,6.518875677138567,0.31091004610061646,0.3109100564204315,0.0009802697564838645,False
70M:A7-OL1:0.5,70M,A7-OL1,73,73,153092096,6.542559614405036,0.22145847976207733,0.22145844936574247,0.0009796514500606166,False
70M:A7-OL1:0.5,70M,A7-OL1,74,74,155189248,6.482856078073382,0.22153116762638092,0.22153117145733897,0.000979023805402017,False
70M:A7-OL1:0.5,70M,A7-OL1,75,75,157286400,6.526429941877723,0.2754236161708832,0.27542359114226017,0.0009783868347275507,False
70M:A7-OL1:0.5,70M,A7-OL1,76,76,159383552,6.467387042939663,0.2638689875602722,0.2638689946113653,0.000977740550438268,False
70M:A7-OL1:0.5,70M,A7-OL1,77,77,161480704,6.454328624531627,0.26194798946380615,0.26194799729650553,0.0009770849651165455,False
70M:A7-OL1:0.5,70M,A7-OL1,78,78,163577856,6.463236602023244,0.4969918131828308,0.4969918161709811,0.0009764200915258382,False
70M:A7-OL1:0.5,70M,A7-OL1,79,79,165675008,6.495807368308306,0.63601154088974,0.6360115044196797,0.0009757459426104335,False
70M:A7-OL1:0.5,70M,A7-OL1,80,80,167772160,6.448177939280868,0.3891294300556183,0.38912944212845724,0.0009750625314951977,False
70M:A7-OL1:0.5,70M,A7-OL1,81,81,169869312,6.447801820933819,0.4920085668563843,0.49200852770388004,0.0009743698714853213,False
70M:A7-OL1:0.5,70M,A7-OL1,82,82,171966464,6.427863445132971,0.3595298230648041,0.35952985035741447,0.0009736679760660594,False
70M:A7-OL1:0.5,70M,A7-OL1,83,83,174063616,6.378734180703759,0.3076251745223999,0.30762518773658143,0.0009729568589024693,False
70M:A7-OL1:0.5,70M,A7-OL1,84,84,176160768,6.389032110571861,0.32325252890586853,0.3232525273530194,0.000972236533839145,False
70M:A7-OL1:0.5,70M,A7-OL1,85,85,178257920,6.425880240276456,0.2738971412181854,0.2738971468953232,0.0009715070148999465,False
70M:A7-OL1:0.5,70M,A7-OL1,86,86,180355072,6.381710255518556,0.277971088886261,0.27797108866671394,0.0009707683162877283,False
70M:A7-OL1:0.5,70M,A7-OL1,87,87,182452224,6.346458734944463,0.28763365745544434,0.2876336301705932,0.0009700204523840612,False
70M:A7-OL1:0.5,70M,A7-OL1,88,88,184549376,6.349911689758301,0.30461350083351135,0.3046134975712992,0.000969263437748954,False
70M:A7-OL1:0.5,70M,A7-OL1,89,89,186646528,6.341100189834833,0.2693493962287903,0.26934940026382315,0.0009684972871205686,False
70M:A7-OL1:0.5,70M,A7-OL1,90,90,188743680,6.358475474640727,0.18803709745407104,0.1880371040789735,0.0009677220154149337,False
70M:A7-OL1:0.5,70M,A7-OL1,91,91,190840832,6.321128454059362,0.2917173504829407,0.2917173551362234,0.0009669376377256549,False
70M:A7-OL1:0.5,70M,A7-OL1,92,92,192937984,6.353953257203102,0.27307507395744324,0.2730750785621897,0.0009661441693236197,False
70M:A7-OL1:0.5,70M,A7-OL1,93,93,195035136,6.316044557839632,0.21670390665531158,0.21670390878879228,0.0009653416256567013,False
70M:A7-OL1:0.5,70M,A7-OL1,94,94,197132288,6.30342922359705,0.2709549367427826,0.2709549243485189,0.0009645300223494571,False
70M:A7-OL1:0.5,70M,A7-OL1,95,95,199229440,6.285199360921979,0.3251417875289917,0.3251417731335587,0.000963709375202825,False
70M:A7-OL1:0.5,70M,A7-OL1,96,96,201326592,6.265939023345709,0.36010172963142395,0.36010175345666734,0.000962879700193815,False
70M:A7-OL1:0.5,70M,A7-OL1,97,97,203423744,6.230441574007273,0.34213730692863464,0.3421372758476183,0.0009620410134751992,False
70M:A7-OL1:0.5,70M,A7-OL1,98,98,205520896,6.275218414142728,0.47662511467933655,0.4766250961351304,0.0009611933313751969,False
70M:A7-OL1:0.5,70M,A7-OL1,99,99,207618048,6.254675928503275,0.4694656729698181,0.4694656628466672,0.0009603366703971562,False
70M:A7-OL1:0.5,70M,A7-OL1,100,100,209715200,6.233744090422988,0.2767377197742462,0.2767377040266648,0.0009594710472192336,False
70M:A7-OL1:0.5,70M,A7-OL1,101,101,211812352,6.213080620393157,0.36753159761428833,0.36753158747412057,0.0009585964786940681,False
70M:A7-OL1:0.5,70M,A7-OL1,102,102,213909504,6.203072268515825,0.2940506339073181,0.29405063877495774,0.0009577129818484549,False
70M:A7-OL1:0.5,70M,A7-OL1,103,103,216006656,6.207860562950373,0.3474133610725403,0.3474133444804907,0.0009568205738830118,False
70M:A7-OL1:0.5,70M,A7-OL1,104,104,218103808,6.225468562915921,0.325030654668808,0.3250306799379369,0.0009559192721718459,False
70M:A7-OL1:0.5,70M,A7-OL1,105,105,220200960,6.198004426434636,0.3331810534000397,0.33318103170163027,0.0009550090942622149,False
70M:A7-OL1:0.5,70M,A7-OL1,106,106,222298112,6.189290950074792,0.31000256538391113,0.3100025689932436,0.0009540900578741849,False
70M:A7-OL1:0.5,70M,A7-OL1,107,107,224395264,6.141387948766351,0.2871786952018738,0.2871787155201595,0.0009531621809002862,False
70M:A7-OL1:0.5,70M,A7-OL1,108,108,226492416,6.180399622768164,0.2491908073425293,0.24919080822873543,0.0009522254814051648,False
70M:A7-OL1:0.5,70M,A7-OL1,109,109,228589568,6.173539878800511,0.26386988162994385,0.26386985904959576,0.0009512799776252301,False
70M:A7-OL1:0.5,70M,A7-OL1,110,110,230686720,6.133516585454345,0.23992620408535004,0.23992619897977926,0.0009503256879683008,False
70M:A7-OL1:0.5,70M,A7-OL1,111,111,232783872,6.138756563887,0.3369469940662384,0.33694699475534784,0.0009493626310132458,False
70M:A7-OL1:0.5,70M,A7-OL1,112,112,234881024,6.135318631306291,0.3685518205165863,0.3685518317032522,0.0009483908255096225,False
70M:A7-OL1:0.5,70M,A7-OL1,113,113,236978176,6.1566790621727705,0.5194954872131348,0.519495494368928,0.0009474102903773126,False
70M:A7-OL1:0.5,70M,A7-OL1,114,114,239075328,6.127775579690933,0.43258726596832275,0.4325872250070538,0.0009464210447061523,False
70M:A7-OL1:0.5,70M,A7-OL1,115,115,241172480,6.1005367040634155,0.43374380469322205,0.433743801779431,0.0009454231077555622,False
70M:A7-OL1:0.5,70M,A7-OL1,116,116,243269632,6.125621667131782,0.32105734944343567,0.32105734488879084,0.0009444164989541715,False
70M:A7-OL1:0.5,70M,A7-OL1,117,117,245366784,6.146688574925065,0.40153467655181885,0.40153464184103704,0.0009434012378994395,False
70M:A7-OL1:0.5,70M,A7-OL1,118,118,247463936,6.093218982219696,0.3620791733264923,0.36207916268337237,0.0009423773443572748,False
70M:A7-OL1:0.5,70M,A7-OL1,119,119,249561088,6.102924222126603,0.31907278299331665,0.3190727725023324,0.00094134483826165,False
70M:A7-OL1:0.5,70M,A7-OL1,120,120,251658240,6.047277770936489,0.4102819561958313,0.4102819789136867,0.0009403037397142138,False
70M:A7-OL1:0.5,70M,A7-OL1,121,121,253755392,6.073378600180149,0.29459357261657715,0.29459358552868087,0.0009392540689838996,False
70M:A7-OL1:0.5,70M,A7-OL1,122,122,255852544,6.064182411879301,0.3121928572654724,0.31219285497771326,0.0009381958465065305,False
70M:A7-OL1:0.5,70M,A7-OL1,123,123,257949696,6.028246011584997,0.26447775959968567,0.2644777502236428,0.0009371290928844224,False
70M:A7-OL1:0.5,70M,A7-OL1,124,124,260046848,6.0317329447716475,0.28961655497550964,0.289616555576289,0.0009360538288859819,False
70M:A7-OL1:0.5,70M,A7-OL1,125,125,262144000,6.023134537041187,0.31460344791412354,0.31460343206889835,0.0009349700754453024,False
70M:A7-OL1:0.5,70M,A7-OL1,126,126,264241152,6.063366914168,0.430498868227005,0.4304988778635997,0.0009338778536617566,False
70M:A7-OL1:0.5,70M,A7-OL1,127,127,266338304,6.021390434354544,0.6078324317932129,0.6078324637354706,0.0009327771847995856,False
70M:A7-OL1:0.5,70M,A7-OL1,128,128,268435456,6.006471738219261,0.42269366979599,0.4226936850865117,0.0009316680902874848,False
70M:A7-OL1:0.5,70M,A7-OL1,129,129,270532608,6.073183536529541,0.35269981622695923,0.3526998241400164,0.0009305505917181871,False
70M:A7-OL1:0.5,70M,A7-OL1,130,130,272629760,6.031427104026079,0.3996904492378235,0.3996904229303893,0.0009294247108480422,False
70M:A7-OL1:0.5,70M,A7-OL1,131,131,274726912,5.984676280990243,0.443077027797699,0.44307701038910347,0.0009282904695965927,False
70M:A7-OL1:0.5,70M,A7-OL1,132,132,276824064,6.01635648868978,0.3668782114982605,0.36687819229308966,0.0009271478900461485,False
70M:A7-OL1:0.5,70M,A7-OL1,133,133,278921216,5.932810580357909,0.41195935010910034,0.4119593524707121,0.0009259969944413552,False
70M:A7-OL1:0.5,70M,A7-OL1,134,134,281018368,6.016823491081595,0.4319290220737457,0.431928979406419,0.0009248378051887629,False
70M:A7-OL1:0.5,70M,A7-OL1,135,135,283115520,5.968772921711206,0.42651769518852234,0.4265176581053582,0.0009236703448563882,False
70M:A7-OL1:0.5,70M,A7-OL1,136,136,285212672,5.978906335309148,0.4854341149330139,0.4854341167071859,0.000922494636173276,False
70M:A7-OL1:0.5,70M,A7-OL1,137,137,287309824,5.977094538509846,0.44093596935272217,0.44093595404791214,0.000921310702029057,False
70M:A7-OL1:0.5,70M,A7-OL1,138,138,289406976,5.963817771524191,0.4213474690914154,0.4213474648788298,0.0009201185654735012,False
70M:A7-OL1:0.5,70M,A7-OL1,139,139,291504128,5.947676429525018,0.3886043429374695,0.38860437324318653,0.0009189182497160696,False
70M:A7-OL1:0.5,70M,A7-OL1,140,140,293601280,5.97099875472486,0.41097161173820496,0.41097160143925554,0.0009177097781254628,False
70M:A7-OL1:0.5,70M,A7-OL1,141,141,295698432,5.958791252225637,0.43918371200561523,0.43918368904712635,0.0009164931742291654,False
70M:A7-OL1:0.5,70M,A7-OL1,142,142,297795584,5.926001289859414,0.32673028111457825,0.326730290667679,0.0009152684617129883,False
70M:A7-OL1:0.5,70M,A7-OL1,143,143,299892736,5.905420541763306,0.3403838872909546,0.3403839127590499,0.0009140356644206073,False
70M:A7-OL1:0.5,70M,A7-OL1,144,144,301989888,5.939815754070878,0.32708004117012024,0.32708004728063594,0.0009127948063530991,False
70M:A7-OL1:0.5,70M,A7-OL1,145,145,304087040,5.898540837690234,0.33359259366989136,0.33359258598120345,0.0009115459116684743,False
70M:A7-OL1:0.5,70M,A7-OL1,146,146,306184192,5.906414492055774,0.3834051787853241,0.38340517367557936,0.000910289004681206,False
70M:A7-OL1:0.5,70M,A7-OL1,147,147,308281344,5.9431370217353106,0.37711867690086365,0.37711863861179706,0.000909024109861758,False
70M:A7-OL1:0.5,70M,A7-OL1,148,148,310378496,5.934181747958064,0.39179831743240356,0.39179832642795975,0.0009077512518361068,False
70M:A7-OL1:0.5,70M,A7-OL1,149,149,312475648,5.890264378860593,0.3235832154750824,0.3235832192478695,0.0009064704553852638,False
70M:A7-OL1:0.5,70M,A7-OL1,150,150,314572800,5.898547742515802,0.48723337054252625,0.487233343147888,0.0009051817454447911,False
70M:A7-OL1:0.5,70M,A7-OL1,151,151,316669952,5.928619479760528,0.36025533080101013,0.3602553343003689,0.0009038851471043173,False
70M:A7-OL1:0.5,70M,A7-OL1,152,152,318767104,5.8928789887577295,0.3243142366409302,0.3243142479224933,0.0009025806856070486,False
70M:A7-OL1:0.5,70M,A7-OL1,153,153,320864256,5.864932771772146,0.3595646023750305,0.35956459488432957,0.0009012683863492776,False
70M:A7-OL1:0.5,70M,A7-OL1,154,154,322961408,5.918040692806244,0.38648882508277893,0.3864888499708073,0.0008999482748798884,False
70M:A7-OL1:0.5,70M,A7-OL1,155,155,325058560,5.886185675859451,0.45994073152542114,0.459940720108319,0.0008986203768998591,False
70M:A7-OL1:0.5,70M,A7-OL1,156,156,327155712,5.911937806755304,0.3564698100090027,0.3564698155709625,0.0008972847182617625,False
70M:A7-OL1:0.5,70M,A7-OL1,157,157,329252864,5.83804021961987,0.38983193039894104,0.3898319062241382,0.0008959413249692616,False
70M:A7-OL1:0.5,70M,A7-OL1,158,158,331350016,5.86701730825007,0.32791492342948914,0.3279149174735192,0.0008945902231766037,False
70M:A7-OL1:0.5,70M,A7-OL1,159,159,333447168,5.914862768724561,0.3722638487815857,0.37226386735022615,0.0008932314391881118,False
70M:A7-OL1:0.5,70M,A7-OL1,160,160,335544320,5.856556748971343,0.3169097602367401,0.3169097661722049,0.0008918649994576717,False
70M:A7-OL1:0.5,70M,A7-OL1,161,161,337641472,5.843366237357259,0.31871622800827026,0.31871622308569447,0.0008904909305882169,False
70M:A7-OL1:0.5,70M,A7-OL1,162,162,339738624,5.85546875,0.301607608795166,0.3016076184498394,0.0008891092593312118,False
70M:A7-OL1:0.5,70M,A7-OL1,163,163,341835776,5.8099255412817,0.3109741508960724,0.3109741652799814,0.0008877200125861294,False
70M:A7-OL1:0.5,70M,A7-OL1,164,164,343932928,5.846854694187641,0.33804959058761597,0.33804960123202665,0.0008863232173999288,False
70M:A7-OL1:0.5,70M,A7-OL1,165,165,346030080,5.7853216752409935,0.46986639499664307,0.46986639224065274,0.0008849189009665278,False
70M:A7-OL1:0.5,70M,A7-OL1,166,166,348127232,5.8241180051118135,0.6167626976966858,0.6167627350534587,0.0008835070906262741,False
70M:A7-OL1:0.5,70M,A7-OL1,167,167,350224384,5.791439514607191,0.5759895443916321,0.5759895192012704,0.0008820878138654127,False
70M:A7-OL1:0.5,70M,A7-OL1,168,168,352321536,5.776745788753033,0.3360503613948822,0.3360503745642635,0.0008806610983155505,False
70M:A7-OL1:0.5,70M,A7-OL1,169,169,354418688,5.803833918645978,0.32470566034317017,0.3247056717355262,0.0008792269717531191,False
70M:A7-OL1:0.5,70M,A7-OL1,170,170,356515840,5.777846118435264,0.3878763020038605,0.38787631994785327,0.0008777854620988331,False
70M:A7-OL1:0.5,70M,A7-OL1,171,171,358612992,5.78055277466774,0.37686887383461,0.37686888151247877,0.0008763365974171476,False
70M:A7-OL1:0.5,70M,A7-OL1,172,172,360710144,5.786639345809817,0.3017605245113373,0.30176054525094725,0.0008748804059157103,False
70M:A7-OL1:0.5,70M,A7-OL1,173,173,362807296,5.7782998457551,0.3159308135509491,0.3159308311866523,0.0008734169159448145,False
70M:A7-OL1:0.5,70M,A7-OL1,174,174,364904448,5.797049073502421,0.31222572922706604,0.31222570501439745,0.0008719461559968444,False
70M:A7-OL1:0.5,70M,A7-OL1,175,175,367001600,5.756559880450368,0.43140479922294617,0.43140477811320127,0.0008704681547057236,False
70M:A7-OL1:0.5,70M,A7-OL1,176,176,369098752,5.775169098749757,0.38413846492767334,0.38413849409040784,0.0008689829408463543,False
70M:A7-OL1:0.5,70M,A7-OL1,177,177,371195904,5.76670434884727,0.3920612931251526,0.39206129763616937,0.0008674905433340597,False
70M:A7-OL1:0.5,70M,A7-OL1,178,178,373293056,5.810827691107988,0.49827703833580017,0.4982770751890924,0.0008659909912240198,False
70M:A7-OL1:0.5,70M,A7-OL1,179,179,375390208,5.792084189131856,0.41150519251823425,0.41150518095191957,0.0008644843137107057,False
70M:A7-OL1:0.5,70M,A7-OL1,180,180,377487360,5.783573400229216,0.342631995677948,0.342631982202075,0.0008629705401273122,False
70M:A7-OL1:0.5,70M,A7-OL1,181,181,379584512,5.724974034354091,0.4245690405368805,0.42456902791597645,0.0008614496999451854,False
70M:A7-OL1:0.5,70M,A7-OL1,182,182,381681664,5.751566352322698,0.3338034749031067,0.3338034630819466,0.0008599218227732497,False
70M:A7-OL1:0.5,70M,A7-OL1,183,183,383778816,5.760695185512304,0.4283131957054138,0.4283131689569972,0.0008583869383574314,False
70M:A7-OL1:0.5,70M,A7-OL1,184,184,385875968,5.73521807603538,0.3983064293861389,0.3983064355834307,0.000856845076580079,False
70M:A7-OL1:0.5,70M,A7-OL1,185,185,387973120,5.7239649929106236,0.37226349115371704,0.3722634996470712,0.0008552962674593825,False
70M:A7-OL1:0.5,70M,A7-OL1,186,186,390070272,5.728471403941512,0.34327322244644165,0.34327321629458657,0.0008537405411487875,False
70M:A7-OL1:0.5,70M,A7-OL1,187,187,392167424,5.773456536233425,0.356445848941803,0.3564458152424639,0.0008521779279364094,False
70M:A7-OL1:0.5,70M,A7-OL1,188,188,394264576,5.703777385875583,0.3589087724685669,0.3589087958909424,0.0008506084582444434,False
70M:A7-OL1:0.5,70M,A7-OL1,189,189,396361728,5.709452426061034,0.37256452441215515,0.3725645046970808,0.0008490321626285714,False
70M:A7-OL1:0.5,70M,A7-OL1,190,190,398458880,5.755798330530524,0.31513842940330505,0.3151384175190837,0.0008474490717773689,False
70M:A7-OL1:0.5,70M,A7-OL1,191,191,400556032,5.72055852226913,0.4001937508583069,0.4001937215818732,0.0008458592165117054,False
70M:A7-OL1:0.5,70M,A7-OL1,192,192,402653184,5.730881528928876,0.32477831840515137,0.32477830489395465,0.0008442626277841459,False
70M:A7-OL1:0.5,70M,A7-OL1,193,193,404750336,5.719018353149295,0.4032445251941681,0.40324450724167177,0.0008426593366783477,False
70M:A7-OL1:0.5,70M,A7-OL1,194,194,406847488,5.677947977557778,0.3133184313774109,0.313318440041677,0.0008410493744084555,False
70M:A7-OL1:0.5,70M,A7-OL1,195,195,408944640,5.709045257419348,0.34504789113998413,0.34504788193397595,0.0008394327723184931,False
70M:A7-OL1:0.5,70M,A7-OL1,196,196,411041792,5.680328007787466,0.35369035601615906,0.3536903499872583,0.000837809561881754,False
70M:A7-OL1:0.5,70M,A7-OL1,197,197,413138944,5.702546823769808,0.3584742546081543,0.35847425461124005,0.0008361797747001882,False
70M:A7-OL1:0.5,70M,A7-OL1,198,198,415236096,5.708098866045475,0.39802899956703186,0.3980290016759242,0.0008345434425037864,False
70M:A7-OL1:0.5,70M,A7-OL1,199,199,417333248,5.682255242019892,0.4978730082511902,0.49787297344365217,0.0008329005971499637,False
70M:A7-OL1:0.5,70M,A7-OL1,200,200,419430400,5.685144085437059,0.5439645051956177,0.5439644933922386,0.000831251270622938,False
70M:A7-OL1:0.5,70M,A7-OL1,201,201,421527552,5.673187222331762,0.6078768372535706,0.607876823403371,0.0008295954950331082,False
70M:A7-OL1:0.5,70M,A7-OL1,202,202,423624704,5.66675553843379,0.4420481324195862,0.4420481491937182,0.0008279333026164282,False
70M:A7-OL1:0.5,70M,A7-OL1,203,203,425721856,5.6449120584875345,0.4698311686515808,0.4698311524195443,0.0008262647257337799,False
70M:A7-OL1:0.5,70M,A7-OL1,204,204,427819008,5.648346526548266,0.39421865344047546,0.3942186606917819,0.0008245897968703434,False
70M:A7-OL1:0.5,70M,A7-OL1,205,205,429916160,5.629989065229893,0.42429015040397644,0.4242901159507967,0.0008229085486349639,False
70M:A7-OL1:0.5,70M,A7-OL1,206,206,432013312,5.616683786734939,0.4866218864917755,0.4866218650798781,0.0008212210137595174,False
70M:A7-OL1:0.5,70M,A7-OL1,207,207,434110464,5.663269693031907,0.4144461452960968,0.4144461483367318,0.0008195272250982728,False
70M:A7-OL1:0.5,70M,A7-OL1,208,208,436207616,5.633603237569332,0.4356832206249237,0.4356832378374882,0.0008178272156272531,False
70M:A7-OL1:0.5,70M,A7-OL1,209,209,438304768,5.605327585712075,0.3916146457195282,0.3916146540639468,0.0008161210184435924,False
70M:A7-OL1:0.5,70M,A7-OL1,210,210,440401920,5.628368029370904,0.43836256861686707,0.4383625462824645,0.000814408666764893,False
70M:A7-OL1:0.5,70M,A7-OL1,211,211,442499072,5.648573238402605,0.32214659452438354,0.32214661776320974,0.0008126901939285768,False
70M:A7-OL1:0.5,70M,A7-OL1,212,212,444596224,5.59324966929853,0.37311115860939026,0.37311116047441856,0.0008109656333912381,False
70M:A7-OL1:0.5,70M,A7-OL1,213,213,446693376,5.637614995241165,0.3378497064113617,0.33784969359276634,0.0008092350187279907,False
70M:A7-OL1:0.5,70M,A7-OL1,214,214,448790528,5.593502468429506,0.35947301983833313,0.35947302345920035,0.0008074983836318155,False
70M:A7-OL1:0.5,70M,A7-OL1,215,215,450887680,5.616764867678285,0.3548194169998169,0.35481941019323043,0.0008057557619129037,False
70M:A7-OL1:0.5,70M,A7-OL1,216,216,452984832,5.595261217094958,0.30885493755340576,0.3088549424507485,0.0008040071874979986,False
70M:A7-OL1:0.5,70M,A7-OL1,217,217,455081984,5.632369499653578,0.34251606464385986,0.34251607739997614,0.0008022526944297359,False
70M:A7-OL1:0.5,70M,A7-OL1,218,218,457179136,5.6392683777958155,0.3097650110721588,0.30976502288548,0.0008004923168659799,False
70M:A7-OL1:0.5,70M,A7-OL1,219,219,459276288,5.593963518738747,0.33310529589653015,0.3331052863815143,0.0007987260890791588,False
70M:A7-OL1:0.5,70M,A7-OL1,220,220,461373440,5.571267178282142,0.30985027551651,0.30985029311101603,0.0007969540454555983,False
70M:A7-OL1:0.5,70M,A7-OL1,221,221,463470592,5.621400265023112,0.34338638186454773,0.34338637526825944,0.0007951762204948503,False
70M:A7-OL1:0.5,70M,A7-OL1,222,222,465567744,5.57407845556736,0.3700625002384186,0.37006251024693604,0.0007933926488090237,False
70M:A7-OL1:0.5,70M,A7-OL1,223,223,467664896,5.561397439800203,0.344650536775589,0.3446505401683948,0.0007916033651221082,False
70M:A7-OL1:0.5,70M,A7-OL1,224,224,469762048,5.5661060297861695,0.39855700731277466,0.39855698252375255,0.0007898084042692996,False
70M:A7-OL1:0.5,70M,A7-OL1,225,225,471859200,5.565435955300927,0.36726105213165283,0.36726103538874194,0.0007880078011963212,False
70M:A7-OL1:0.5,70M,A7-OL1,226,226,473956352,5.53946409933269,0.30567413568496704,0.30567414645580604,0.0007862015909587439,False
70M:A7-OL1:0.5,70M,A7-OL1,227,227,476053504,5.588502934202552,0.33844783902168274,0.3384478539152093,0.0007843898087213027,False
70M:A7-OL1:0.5,70M,A7-OL1,228,228,478150656,5.612658452242613,0.31314152479171753,0.3131415118718917,0.0007825724897572133,False
70M:A7-OL1:0.5,70M,A7-OL1,229,229,480247808,5.576821314170957,0.3286627531051636,0.32866277127649096,0.0007807496694474843,False
70M:A7-OL1:0.5,70M,A7-OL1,230,230,482344960,5.57367691770196,0.3576008379459381,0.35760082666650894,0.0007789213832802293,False
70M:A7-OL1:0.5,70M,A7-OL1,231,231,484442112,5.565353132784367,0.34387269616127014,0.3438726951476546,0.0007770876668499753,False
70M:A7-OL1:0.5,70M,A7-OL1,232,232,486539264,5.56789518147707,0.6008036732673645,0.6008036840327996,0.0007752485558569699,False
70M:A7-OL1:0.5,70M,A7-OL1,233,233,488636416,5.5699683874845505,0.4992126524448395,0.49921264834485507,0.000773404086106487,False
70M:A7-OL1:0.5,70M,A7-OL1,234,234,490733568,5.549254477024078,0.418630987405777,0.418630998131385,0.0007715542935081278,False
70M:A7-OL1:0.5,70M,A7-OL1,235,235,492830720,5.55445131380111,0.3560018241405487,0.3560018154257421,0.000769699214075124,False
70M:A7-OL1:0.5,70M,A7-OL1,236,236,494927872,5.539782574400306,0.3185849189758301,0.31858493263998905,0.0007678388839236352,False
70M:A7-OL1:0.5,70M,A7-OL1,237,237,497025024,5.576136648654938,0.38277310132980347,0.3827730921381592,0.0007659733392720463,False
70M:A7-OL1:0.5,70M,A7-OL1,238,238,499122176,5.5424289759248495,0.32843217253685,0.32843217998896734,0.0007641026164402619,False
70M:A7-OL1:0.5,70M,A7-OL1,239,239,501219328,5.562567127868533,0.43471580743789673,0.43471585771528154,0.000762226751849,False
70M:A7-OL1:0.5,70M,A7-OL1,240,240,503316480,5.56327720079571,0.3700697720050812,0.37006976848393336,0.000760345782019082,False
70M:A7-OL1:0.5,70M,A7-OL1,241,241,505413632,5.5332547184079885,0.3620474934577942,0.3620474800439116,0.0007584597435707223,False
70M:A7-OL1:0.5,70M,A7-OL1,242,242,507510784,5.517073277384043,0.37851688265800476,0.3785168839930392,0.0007565686732228156,False
70M:A7-OL1:0.5,70M,A7-OL1,243,243,509607936,5.548096275888383,0.32040470838546753,0.3204047191299307,0.0007546726077922209,False
70M:A7-OL1:0.5,70M,A7-OL1,244,244,511705088,5.534858521074057,0.3655383288860321,0.36553831282828314,0.0007527715841930458,False
70M:A7-OL1:0.5,70M,A7-OL1,245,245,513802240,5.557574750855565,0.3074737787246704,0.3074737751705084,0.0007508656394359278,False
70M:A7-OL1:0.5,70M,A7-OL1,246,246,515899392,5.4961499366909266,0.36476513743400574,0.36476515380142954,0.0007489548106273127,False
70M:A7-OL1:0.5,70M,A7-OL1,247,247,517996544,5.52978789806366,0.29362934827804565,0.2936293340131735,0.0007470391349687334,False
70M:A7-OL1:0.5,70M,A7-OL1,248,248,520093696,5.484967495314777,0.38417375087738037,0.3841737428865006,0.0007451186497560849,False
70M:A7-OL1:0.5,70M,A7-OL1,249,249,522190848,5.570425325073302,0.28530895709991455,0.285308965831592,0.0007431933923788988,False
70M:A7-OL1:0.5,70M,A7-OL1,250,250,524288000,5.5107229966670275,0.40958836674690247,0.40958836694194084,0.0007412634003196142,False
70M:A7-OL1:0.5,70M,A7-OL1,251,251,526385152,5.52657163515687,0.3114643692970276,0.3114643838354508,0.0007393287111528495,False
70M:A7-OL1:0.5,70M,A7-OL1,252,252,528482304,5.49584735929966,0.425311803817749,0.4253118118234916,0.0007373893625446698,False
70M:A7-OL1:0.5,70M,A7-OL1,253,253,530579456,5.534440582618117,0.31732988357543945,0.3173298848870765,0.000735445392251854,False
70M:A7-OL1:0.5,70M,A7-OL1,254,254,532676608,5.472663639113307,0.3317907154560089,0.33179070827059165,0.0007334968381211599,False
70M:A7-OL1:0.5,70M,A7-OL1,255,255,534773760,5.51165553368628,0.3290190100669861,0.32901900211855545,0.0007315437380885863,False
70M:A7-OL1:0.5,70M,A7-OL1,256,256,536870912,5.493512211367488,0.3513876497745514,0.351387666138833,0.0007295861301786358,False
70M:A7-OL1:0.5,70M,A7-OL1,257,257,538968064,5.45721516944468,0.369937002658844,0.36993698459795216,0.0007276240525035743,False
70M:A7-OL1:0.5,70M,A7-OL1,258,258,541065216,5.538475001230836,0.4003598988056183,0.4003599310969052,0.0007256575432626875,False
70M:A7-OL1:0.5,70M,A7-OL1,259,259,543162368,5.482630141079426,0.33056777715682983,0.33056777687070515,0.0007236866407415394,False
70M:A7-OL1:0.5,70M,A7-OL1,260,260,545259520,5.501714411191642,0.31250911951065063,0.3125091143315372,0.0007217113833112257,False
70M:A7-OL1:0.5,70M,A7-OL1,261,261,547356672,5.5043177753686905,0.319063276052475,0.31906328435098125,0.0007197318094276264,False
70M:A7-OL1:0.5,70M,A7-OL1,262,262,549453824,5.486866837367415,0.30170321464538574,0.3017032358379694,0.0007177479576306582,False
70M:A7-OL1:0.5,70M,A7-OL1,263,263,551550976,5.4727435782551765,0.2970389127731323,0.2970388909626356,0.0007157598665435231,False
70M:A7-OL1:0.5,70M,A7-OL1,264,264,553648128,5.501590196043253,0.3295818269252777,0.3295818185079849,0.0007137675748719575,False
70M:A7-OL1:0.5,70M,A7-OL1,265,265,555745280,5.469491088762879,0.30381181836128235,0.30381183485921814,0.0007117711214034778,False
70M:A7-OL1:0.5,70M,A7-OL1,266,266,557842432,5.480671955272555,0.34400370717048645,0.34400372989661043,0.0007097705450066256,False
70M:A7-OL1:0.5,70M,A7-OL1,267,267,559939584,5.407393347471952,0.29133129119873047,0.29133130063164414,0.0007077658846302111,False
70M:A7-OL1:0.5,70M,A7-OL1,268,268,562036736,5.458134865388274,0.3057961165904999,0.30579611924034933,0.0007057571793025545,False
70M:A7-OL1:0.5,70M,A7-OL1,269,269,564133888,5.497680555097759,0.3450656235218048,0.3450656244894215,0.0007037444681307261,False
70M:A7-OL1:0.5,70M,A7-OL1,270,270,566231040,5.436875749379396,0.3087315261363983,0.3087315153094375,0.0007017277902997859,False
70M:A7-OL1:0.5,70M,A7-OL1,271,271,568328192,5.421776846982539,0.3099778890609741,0.3099778956944979,0.0006997071850720191,False
70M:A7-OL1:0.5,70M,A7-OL1,272,272,570425344,5.383527337573469,0.3057127594947815,0.30571276803222724,0.000697682691786173,False
70M:A7-OL1:0.5,70M,A7-OL1,273,273,572522496,5.456033952534199,0.31824707984924316,0.31824708196224905,0.0006956543498566907,False
70M:A7-OL1:0.5,70M,A7-OL1,274,274,574619648,5.503926143050194,0.35721728205680847,0.3572172993134343,0.0006936221987729438,False
70M:A7-OL1:0.5,70M,A7-OL1,275,275,576716800,5.467990173026919,0.34761255979537964,0.34761257337319473,0.0006915862780984634,False
70M:A7-OL1:0.5,70M,A7-OL1,276,276,578813952,5.392372814007103,0.2841000258922577,0.2841000250711255,0.0006895466274701702,False
70M:A7-OL1:0.5,70M,A7-OL1,277,277,580911104,5.482240003533661,0.3500422537326813,0.3500422571706176,0.0006875032865976023,False
70M:A7-OL1:0.5,70M,A7-OL1,278,278,583008256,5.449488064274192,0.3442804515361786,0.34428045288998865,0.0006854562952621425,False
70M:A7-OL1:0.5,70M,A7-OL1,279,279,585105408,5.441543944180012,0.3043563961982727,0.3043563894594808,0.0006834056933162439,False
70M:A7-OL1:0.5,70M,A7-OL1,280,280,587202560,5.481416491791606,0.3686707615852356,0.36867075195520793,0.0006813515206826536,False
70M:A7-OL1:0.5,70M,A7-OL1,281,281,589299712,5.44071420840919,0.2962667644023895,0.2962667691261288,0.0006792938173536358,False
70M:A7-OL1:0.5,70M,A7-OL1,282,282,591396864,5.473216330632567,0.30791693925857544,0.30791693829788036,0.0006772326233901931,False
70M:A7-OL1:0.5,70M,A7-OL1,283,283,593494016,5.415300301276147,0.3622877895832062,0.3622877833108008,0.0006751679789212864,False
70M:A7-OL1:0.5,70M,A7-OL1,284,284,595591168,5.429572399705648,0.3068080544471741,0.3068080365132341,0.0006730999241430542,False
70M:A7-OL1:0.5,70M,A7-OL1,285,285,597688320,5.426319669932127,0.2919953763484955,0.29199536983647606,0.0006710284993180289,False
70M:A7-OL1:0.5,70M,A7-OL1,286,286,599785472,5.443810713477433,0.3317338526248932,0.33173386691872614,0.0006689537447743542,False
70M:A7-OL1:0.5,70M,A7-OL1,287,287,601882624,5.4058591816574335,0.30056849122047424,0.3005684780858877,0.0006668757009049992,False
70M:A7-OL1:0.5,70M,A7-OL1,288,288,603979776,5.467435922473669,0.30252355337142944,0.30252356542499653,0.0006647944081669726,False
70M:A7-OL1:0.5,70M,A7-OL1,289,289,606076928,5.41691708471626,0.34200116991996765,0.3420011645085882,0.0006627099070805338,False
70M:A7-OL1:0.5,70M,A7-OL1,290,290,608174080,5.439207211136818,0.3315272927284241,0.3315272734049923,0.0006606222382284057,False
70M:A7-OL1:0.5,70M,A7-OL1,291,291,610271232,5.357933409512043,0.3045037090778351,0.3045037242208784,0.0006585314422549834,False
70M:A7-OL1:0.5,70M,A7-OL1,292,292,612368384,5.418029023334384,0.36922648549079895,0.3692264827421251,0.0006564375598655432,False
70M:A7-OL1:0.5,70M,A7-OL1,293,293,614465536,5.33562789671123,0.2983344495296478,0.2983344533874084,0.0006543406318254507,False
70M:A7-OL1:0.5,70M,A7-OL1,294,294,616562688,5.405119294300675,0.33182021975517273,0.3318202075280534,0.0006522406989593659,False
70M:A7-OL1:0.5,70M,A7-OL1,295,295,618659840,5.400357477366924,0.32024794816970825,0.3202479273616951,0.0006501378021504498,False
70M:A7-OL1:0.5,70M,A7-OL1,296,296,620756992,5.382804329507053,0.3094167709350586,0.30941676413621944,0.0006480319823395672,False
70M:A7-OL1:0.5,70M,A7-OL1,297,297,622854144,5.443427747115493,0.3294031023979187,0.3294030891056903,0.0006459232805244909,False
70M:A7-OL1:0.5,70M,A7-OL1,298,298,624951296,5.428654302842915,0.34325578808784485,0.34325579132531486,0.0006438117377591023,False
70M:A7-OL1:0.5,70M,A7-OL1,299,299,627048448,5.4296343345195055,0.3313820958137512,0.33138209244696964,0.0006416973951525929,False
70M:A7-OL1:0.5,70M,A7-OL1,300,300,629145600,5.3811028357595205,0.3201858699321747,0.32018585471064237,0.0006395802938686637,False
70M:A7-OL1:0.5,70M,A7-OL1,301,301,631242752,5.437931854277849,0.3331121802330017,0.3331121668056946,0.0006374604751247239,False
70M:A7-OL1:0.5,70M,A7-OL1,302,302,633339904,5.438655259087682,0.3697119951248169,0.3697119707084673,0.0006353379801910884,False
70M:A7-OL1:0.5,70M,A7-OL1,303,303,635437056,5.427174808457494,0.3150765001773834,0.3150765183638377,0.0006332128503901737,False
70M:A7-OL1:0.5,70M,A7-OL1,304,304,637534208,5.374463581480086,0.336983859539032,0.33698389086340425,0.0006310851270956948,False
70M:A7-OL1:0.5,70M,A7-OL1,305,305,639631360,5.401620119810104,0.33210310339927673,0.33210309698127366,0.0006289548517318587,False
70M:A7-OL1:0.5,70M,A7-OL1,306,306,641728512,5.395599029958248,0.3177172839641571,0.3177172881039613,0.0006268220657725576,False
70M:A7-OL1:0.5,70M,A7-OL1,307,307,643825664,5.359102701768279,0.3429080843925476,0.3429081019433339,0.0006246868107405626,False
70M:A7-OL1:0.5,70M,A7-OL1,308,308,645922816,5.4588048085570335,0.3358139097690582,0.33581389989305216,0.0006225491282067144,False
70M:A7-OL1:0.5,70M,A7-OL1,309,309,648019968,5.387571752071381,0.3582918047904968,0.35829182099743984,0.0006204090597891141,False
70M:A7-OL1:0.5,70M,A7-OL1,310,310,650117120,5.4071741215884686,0.35195833444595337,0.3519583320943672,0.0006182666471523134,False
70M:A7-OL1:0.5,70M,A7-OL1,311,311,652214272,5.38434186950326,0.32329586148262024,0.32329588977686874,0.0006161219320065028,False
70M:A7-OL1:0.5,70M,A7-OL1,312,312,654311424,5.391137280501425,0.3493666648864746,0.349366663561738,0.0006139749561067,False
70M:A7-OL1:0.5,70M,A7-OL1,313,313,656408576,5.368336236104369,0.3450048565864563,0.34500487305064537,0.0006118257612519369,False
70M:A7-OL1:0.5,70M,A7-OL1,314,314,658505728,5.385573670268059,0.33975788950920105,0.33975788004237334,0.0006096743892844458,False
70M:A7-OL1:0.5,70M,A7-OL1,315,315,660602880,5.412997055798769,0.35422483086586,0.3542248255642412,0.0006075208820888447,False
70M:A7-OL1:0.5,70M,A7-OL1,316,316,662700032,5.409923052415252,0.3598538339138031,0.3598538259021929,0.0006053652815913218,False
70M:A7-OL1:0.5,70M,A7-OL1,317,317,664797184,5.341957395896316,0.3376120626926422,0.33761205237428843,0.0006032076297588196,False
70M:A7-OL1:0.5,70M,A7-OL1,318,318,666894336,5.368901206180453,0.37539660930633545,0.3753965630377589,0.0006010479685982174,False
70M:A7-OL1:0.5,70M,A7-OL1,319,319,668991488,5.408772385679185,0.36252424120903015,0.36252421999694207,0.0005988863401555141,False
70M:A7-OL1:0.5,70M,A7-OL1,320,320,671088640,5.384375914931297,0.39151421189308167,0.3915142238812386,0.0005967227865150084,False
70M:A7-OL1:0.5,70M,A7-OL1,321,321,673185792,5.352879316546023,0.36507880687713623,0.3650788123690517,0.0005945573497984814,False
70M:A7-OL1:0.5,70M,A7-OL1,322,322,675282944,5.366058627143502,0.36015018820762634,0.36015017686768697,0.0005923900721643743,False
70M:A7-OL1:0.5,70M,A7-OL1,323,323,677380096,5.384555099532008,0.38884109258651733,0.3888410944092008,0.0005902209958069696,False
70M:A7-OL1:0.5,70M,A7-OL1,324,324,679477248,5.393311278894544,0.3520010709762573,0.35200106980367163,0.0005880501629555681,False
70M:A7-OL1:0.5,70M,A7-OL1,325,325,681574400,5.385850682854652,0.33637505769729614,0.33637505434901455,0.000585877615873668,False
70M:A7-OL1:0.5,70M,A7-OL1,326,326,683671552,5.394955889321864,0.3376437723636627,0.3376437729353045,0.0005837033968581412,False
70M:A7-OL1:0.5,70M,A7-OL1,327,327,685768704,5.365060640498996,0.31599849462509155,0.31599850917811945,0.00058152754823841,False
70M:A7-OL1:0.5,70M,A7-OL1,328,328,687865856,5.391298611648381,0.33869215846061707,0.3386921611318639,0.0005793501123756235,False
70M:A7-OL1:0.5,70M,A7-OL1,329,329,689963008,5.395928453654051,0.3308643400669098,0.33086434910859,0.0005771711316618323,False
70M:A7-OL1:0.5,70M,A7-OL1,330,330,692060160,5.363434432074428,0.3387056291103363,0.33870563393866804,0.0005749906485191633,False
70M:A7-OL1:0.5,70M,A7-OL1,331,331,694157312,5.342399276793003,0.370620995759964,0.37062099212929334,0.0005728087053989942,False
70M:A7-OL1:0.5,70M,A7-OL1,332,332,696254464,5.399730435572565,0.34272560477256775,0.342725592669042,0.0005706253447811263,False
70M:A7-OL1:0.5,70M,A7-OL1,333,333,698351616,5.366061383858323,0.33092841506004333,0.33092841425907077,0.0005684406091729583,False
70M:A7-OL1:0.5,70M,A7-OL1,334,334,700448768,5.387142514809966,0.3402981460094452,0.3402981331723561,0.0005662545411086576,False
70M:A7-OL1:0.5,70M,A7-OL1,335,335,702545920,5.358079478144646,0.31739935278892517,0.317399371644673,0.0005640671831483338,False
70M:A7-OL1:0.5,70M,A7-OL1,336,336,704643072,5.343815109692514,0.3325721323490143,0.33257211745185405,0.0005618785778772084,False
70M:A7-OL1:0.5,70M,A7-OL1,337,337,706740224,5.379669998772442,0.3204057514667511,0.32040574158857693,0.0005596887679047873,False
70M:A7-OL1:0.5,70M,A7-OL1,338,338,708837376,5.345443245023489,0.3319724500179291,0.33197246167334094,0.0005574977958640298,False
70M:A7-OL1:0.5,70M,A7-OL1,339,339,710934528,5.314068283885717,0.3269147574901581,0.32691475424794697,0.00055530570441052,False
70M:A7-OL1:0.5,70M,A7-OL1,340,340,713031680,5.359830254688859,0.33524978160858154,0.3352497965638865,0.0005531125362216347,False
70M:A7-OL1:0.5,70M,A7-OL1,341,341,715128832,5.361226608976722,0.34104737639427185,0.34104737569144095,0.0005509183339957144,False
70M:A7-OL1:0.5,70M,A7-OL1,342,342,717225984,5.393221583217382,0.34307777881622314,0.34307776348303065,0.0005487231404512303,False
70M:A7-OL1:0.5,70M,A7-OL1,343,343,719323136,5.3676447020843625,0.35315948724746704,0.3531594857576985,0.0005465269983259538,False
70M:A7-OL1:0.5,70M,A7-OL1,344,344,721420288,5.3310709642246366,0.3267870843410492,0.3267870655900609,0.0005443299503761237,False
70M:A7-OL1:0.5,70M,A7-OL1,345,345,723517440,5.352630991488695,0.3276134729385376,0.3276134583169318,0.0005421320393756143,False
70M:A7-OL1:0.5,70M,A7-OL1,346,346,725614592,5.35145048238337,0.32647594809532166,0.32647593607032854,0.0005399333081151029,False
70M:A7-OL1:0.5,70M,A7-OL1,347,347,727711744,5.35732527077198,0.3334581255912781,0.33345812910481565,0.0005377337994012352,False
70M:A7-OL1:0.5,70M,A7-OL1,348,348,729808896,5.352486846968532,0.36037158966064453,0.36037160474154584,0.0005355335560557942,False
70M:A7-OL1:0.5,70M,A7-OL1,349,349,731906048,5.325890737585723,0.3247186243534088,0.3247186246338795,0.0005333326209148643,False
70M:A7-OL1:0.5,70M,A7-OL1,350,350,734003200,5.3542920127511024,0.35623806715011597,0.35623804995385255,0.0005311310368279989,False
70M:A7-OL1:0.5,70M,A7-OL1,351,351,736100352,5.402887789532542,0.34091734886169434,0.3409173382728806,0.0005289288466573854,False
70M:A7-OL1:0.5,70M,A7-OL1,352,352,738197504,5.3661118960008025,0.3623979985713959,0.36239799552214147,0.000526726093277011,False
70M:A7-OL1:0.5,70M,A7-OL1,353,353,740294656,5.367838476784527,0.34932178258895874,0.3493217793317906,0.0005245228195718276,False
70M:A7-OL1:0.5,70M,A7-OL1,354,354,742391808,5.346677067689598,0.3525712788105011,0.3525712767099731,0.0005223190684369178,False
70M:A7-OL1:0.5,70M,A7-OL1,355,355,744488960,5.34710050560534,0.3452896177768707,0.3452896123488014,0.0005201148827766586,False
70M:A7-OL1:0.5,70M,A7-OL1,356,356,746586112,5.375468119978905,0.33535414934158325,0.33535415663929946,0.0005179103055038871,False
70M:A7-OL1:0.5,70M,A7-OL1,357,357,748683264,5.376906989142299,0.37687796354293823,0.3768779137470019,0.0005157053795390641,False
70M:A7-OL1:0.5,70M,A7-OL1,358,358,750780416,5.333651581779122,0.3515455424785614,0.3515455390048378,0.0005135001478094398,False
70M:A7-OL1:0.5,70M,A7-OL1,359,359,752877568,5.3926783706992865,0.3479076623916626,0.3479076515378983,0.0005112946532482165,False
70M:A7-OL1:0.5,70M,A7-OL1,360,360,754974720,5.401868682354689,0.41891536116600037,0.41891539381098414,0.000509088938793714,False
70M:A7-OL1:0.5,70M,A7-OL1,361,361,757071872,5.36586133018136,0.3533085584640503,0.3533085746817626,0.0005068830473885331,False
70M:A7-OL1:0.5,70M,A7-OL1,362,362,759169024,5.340966580435634,0.33837321400642395,0.3383732225930435,0.0005046770219787191,False
70M:A7-OL1:0.5,70M,A7-OL1,363,363,761266176,5.384930069558322,0.37313902378082275,0.3731390137923035,0.0005024709055129272,False
70M:A7-OL1:0.5,70M,A7-OL1,364,364,763363328,5.359080615453422,0.3541359007358551,0.3541358904512675,0.0005002647409415843,False
70M:A7-OL1:0.5,70M,A7-OL1,365,365,765460480,5.3351099556311965,0.33546218276023865,0.33546217465539496,0.0004980585712160544,False
70M:A7-OL1:0.5,70M,A7-OL1,366,366,767557632,5.357801452279091,0.3819734454154968,0.38197345224390744,0.000495852439287802,False
70M:A7-OL1:0.5,70M,A7-OL1,367,367,769654784,5.361575317569077,0.3380056321620941,0.3380056253004083,0.0004936463881075554,False
70M:A7-OL1:0.5,70M,A7-OL1,368,368,771751936,5.342079021036625,0.38488760590553284,0.3848876009189365,0.0004914404606244709,False
70M:A7-OL1:0.5,70M,A7-OL1,369,369,773849088,5.317000642418861,0.3433687090873718,0.3433687236897775,0.0004892346997852965,False
70M:A7-OL1:0.5,70M,A7-OL1,370,370,775946240,5.352488925680518,0.37046799063682556,0.3704679749462636,0.00048702914853353626,False
70M:A7-OL1:0.5,70M,A7-OL1,371,371,778043392,5.345279537141323,0.33744198083877563,0.337441979617477,0.0004848238498086133,False
70M:A7-OL1:0.5,70M,A7-OL1,372,372,780140544,5.360854753293097,0.34814193844795227,0.34814193992452597,0.00048261884654503473,False
70M:A7-OL1:0.5,70M,A7-OL1,373,373,782237696,5.308970842510462,0.3562700152397156,0.35626999293404177,0.000480414181671555,False
70M:A7-OL1:0.5,70M,A7-OL1,374,374,784334848,5.416264831088483,0.3554694950580597,0.355469484997452,0.00047820989811034087,False
70M:A7-OL1:0.5,70M,A7-OL1,375,375,786432000,5.302328424528241,0.36546143889427185,0.36546144645539974,0.0004760060387761352,False
70M:A7-OL1:0.5,70M,A7-OL1,376,376,788529152,5.40066484734416,0.35292157530784607,0.3529215546308174,0.00047380264657542173,False
70M:A7-OL1:0.5,70M,A7-OL1,377,377,790626304,5.380752187222242,0.38517022132873535,0.38517022402626694,0.00047159976440558983,False
70M:A7-OL1:0.5,70M,A7-OL1,378,378,792723456,5.3246200596913695,0.33218613266944885,0.332186132379733,0.0004693974351540988,False
70M:A7-OL1:0.5,70M,A7-OL1,379,379,794820608,5.3651089537888765,0.34817710518836975,0.34817708276995685,0.0004671957016976438,False
70M:A7-OL1:0.5,70M,A7-OL1,380,380,796917760,5.333311839029193,0.35298988223075867,0.35298987449939645,0.00046499460690132,False
70M:A7-OL1:0.5,70M,A7-OL1,381,381,799014912,5.358399223536253,0.3429497182369232,0.3429497348858283,0.00046279419361778916,False
70M:A7-OL1:0.5,70M,A7-OL1,382,382,801112064,5.339877152815461,0.3635369539260864,0.3635369318898391,0.0004605945046864444,False
70M:A7-OL1:0.5,70M,A7-OL1,383,383,803209216,5.325727551244199,0.3513737618923187,0.3513737482594868,0.00045839558293257705,False
70M:A7-OL1:0.5,70M,A7-OL1,384,384,805306368,5.328501167707145,0.3557805120944977,0.35578052115820386,0.00045619747116654164,False
70M:A7-OL1:0.5,70M,A7-OL1,385,385,807403520,5.3550208024680614,0.3359389305114746,0.3359389114272021,0.0004540002121829241,False
70M:A7-OL1:0.5,70M,A7-OL1,386,386,809500672,5.339219281449914,0.3538271188735962,0.35382712738358907,0.000451803848759707,False
70M:A7-OL1:0.5,70M,A7-OL1,387,387,811597824,5.31605766993016,0.3471314013004303,0.34713138755475564,0.0004496084236574379,False
70M:A7-OL1:0.5,70M,A7-OL1,388,388,813694976,5.360395905561745,0.34062933921813965,0.34062936301976876,0.00044741397961839635,False
70M:A7-OL1:0.5,70M,A7-OL1,389,389,815792128,5.342229081317782,0.36629998683929443,0.36630001393769557,0.0004452205593657614,False
70M:A7-OL1:0.5,70M,A7-OL1,390,390,817889280,5.327760258689523,0.36146318912506104,0.3614632037261034,0.00044302820560278066,False
70M:A7-OL1:0.5,70M,A7-OL1,391,391,819986432,5.320306469686329,0.35916703939437866,0.35916701567770376,0.0004408369610119381,False
70M:A7-OL1:0.5,70M,A7-OL1,392,392,822083584,5.312187977135181,0.36484193801879883,0.3648419374044227,0.00043864686825412387,False
70M:A7-OL1:0.5,70M,A7-OL1,393,393,824180736,5.321336450055242,0.3503398597240448,0.35033984974795096,0.00043645796996780265,False
70M:A7-OL1:0.5,70M,A7-OL1,394,394,826277888,5.321830736473203,0.3426252603530884,0.34262522619362656,0.0004342703087681852,False
70M:A7-OL1:0.5,70M,A7-OL1,395,395,828375040,5.3120174035429955,0.35953259468078613,0.3595326057050307,0.00043208392724639657,False
70M:A7-OL1:0.5,70M,A7-OL1,396,396,830472192,5.353199325501919,0.3652573823928833,0.36525738469376035,0.00042989886796864884,False
70M:A7-OL1:0.5,70M,A7-OL1,397,397,832569344,5.3356666676700115,0.34917083382606506,0.3491708229830261,0.0004277151734754113,False
70M:A7-OL1:0.5,70M,A7-OL1,398,398,834666496,5.326477012597024,0.3576229512691498,0.35762295038296055,0.0004255328862805825,False
70M:A7-OL1:0.5,70M,A7-OL1,399,399,836763648,5.3570068590343,0.35059383511543274,0.3505938641272621,0.0004233520488706628,False
70M:A7-OL1:0.5,70M,A7-OL1,400,400,838860800,5.319213477894664,0.3520324230194092,0.3520324388876225,0.00042117270370392655,False
70M:A7-OL1:0.5,70M,A7-OL1,401,401,840957952,5.365671427920461,0.3619283139705658,0.36192832552993387,0.00041899489320959657,False
70M:A7-OL1:0.5,70M,A7-OL1,402,402,843055104,5.385294035077095,0.3474031090736389,0.3474031028942952,0.00041681865978701675,False
70M:A7-OL1:0.5,70M,A7-OL1,403,403,845152256,5.35044826939702,0.3489353656768799,0.3489353782174785,0.00041464404580482807,False
70M:A7-OL1:0.5,70M,A7-OL1,404,404,847249408,5.306602913886309,0.34827783703804016,0.34827782706788785,0.00041247109360014204,False
70M:A7-OL1:0.5,70M,A7-OL1,405,405,849346560,5.33314692415297,0.35313791036605835,0.35313791016807283,0.00041029984547771826,False
70M:A7-OL1:0.5,70M,A7-OL1,406,406,851443712,5.333579486235976,0.34201744198799133,0.34201744440855764,0.00040813034370913915,False
70M:A7-OL1:0.5,70M,A7-OL1,407,407,853540864,5.377148053608835,0.3566930890083313,0.35669309024322937,0.00040596263053198844,False
70M:A7-OL1:0.5,70M,A7-OL1,408,408,855638016,5.328946502879262,0.3598754405975342,0.3598754601604159,0.00040379674814902753,False
70M:A7-OL1:0.5,70M,A7-OL1,409,409,857735168,5.34194346703589,0.34435713291168213,0.3443571145585037,0.0004016327387273748,False
70M:A7-OL1:0.5,70M,A7-OL1,410,410,859832320,5.3096220176666975,0.3434247076511383,0.3434246987935591,0.0003994706443976843,False
70M:A7-OL1:0.5,70M,A7-OL1,411,411,861929472,5.352409165352583,0.3437897861003876,0.3437897753448008,0.0003973105072533254,False
70M:A7-OL1:0.5,70M,A7-OL1,412,412,864026624,5.34198815561831,0.3447765111923218,0.3447765098809035,0.0003951523693495637,False
70M:A7-OL1:0.5,70M,A7-OL1,413,413,866123776,5.329099607653916,0.3329855501651764,0.3329855504855076,0.00039299627270274163,False
70M:A7-OL1:0.5,70M,A7-OL1,414,414,868220928,5.308015190064907,0.3407101631164551,0.3407101745786469,0.00039084225928946124,False
70M:A7-OL1:0.5,70M,A7-OL1,415,415,870318080,5.3284766878932714,0.34642693400382996,0.34642693765702265,0.0003886903710457659,False
70M:A7-OL1:0.5,70M,A7-OL1,416,416,872415232,5.3216562839224935,0.34101158380508423,0.34101159655838625,0.0003865406498663253,False
70M:A7-OL1:0.5,70M,A7-OL1,417,417,874512384,5.302799961529672,0.3504905104637146,0.35049052525342417,0.0003843931376036183,False
70M:A7-OL1:0.5,70M,A7-OL1,418,418,876609536,5.32808858435601,0.3532767593860626,0.35327676015950615,0.0003822478760671193,False
70M:A7-OL1:0.5,70M,A7-OL1,419,419,878706688,5.320915708318353,0.3352743685245514,0.3352743784863114,0.00038010490702248347,False
70M:A7-OL1:0.5,70M,A7-OL1,420,420,880803840,5.332680020481348,0.3549433946609497,0.35494341182231787,0.00037796427219073404,False
70M:A7-OL1:0.5,70M,A7-OL1,421,421,882900992,5.31406916398555,0.36272844672203064,0.3627284295001519,0.00037582601324745007,False
70M:A7-OL1:0.5,70M,A7-OL1,422,422,884998144,5.3185791512951255,0.35710036754608154,0.35710038162680324,0.00037369017182195465,False
70M:A7-OL1:0.5,70M,A7-OL1,423,423,887095296,5.331082541495562,0.3554609417915344,0.3554609317316659,0.00037155678949650506,False
70M:A7-OL1:0.5,70M,A7-OL1,424,424,889192448,5.377380400896072,0.3479102551937103,0.3479102665165564,0.00036942590780548226,False
70M:A7-OL1:0.5,70M,A7-OL1,425,425,891289600,5.304096315056086,0.3515836298465729,0.35158365207125786,0.0003672975682345838,False
70M:A7-OL1:0.5,70M,A7-OL1,426,426,893386752,5.330093749798834,0.35182034969329834,0.3518203477687071,0.0003651718122200142,False
70M:A7-OL1:0.5,70M,A7-OL1,427,427,895483904,5.332216577604413,0.3358728289604187,0.3358728167084981,0.00036304868114768007,False
70M:A7-OL1:0.5,70M,A7-OL1,428,428,897581056,5.330051600933075,0.350123792886734,0.3501238283891874,0.00036092821635238316,False
70M:A7-OL1:0.5,70M,A7-OL1,429,429,899678208,5.278673524968326,0.34052541851997375,0.3405254076230814,0.00035881045911701604,False
70M:A7-OL1:0.5,70M,A7-OL1,430,430,901775360,5.312445780262351,0.3656233251094818,0.36562333450852835,0.00035669545067175856,False
70M:A7-OL1:0.5,70M,A7-OL1,431,431,903872512,5.308234388008714,0.35561904311180115,0.35561905898586926,0.0003545832321932746,False
70M:A7-OL1:0.5,70M,A7-OL1,432,432,905969664,5.333206225186586,0.35292166471481323,0.352921661734375,0.00035247384480391114,False
70M:A7-OL1:0.5,70M,A7-OL1,433,433,908066816,5.342746360227466,0.3548763394355774,0.35487636809092765,0.0003503673295708969,False
70M:A7-OL1:0.5,70M,A7-OL1,434,434,910163968,5.320759767666459,0.3544175326824188,0.3544175055778177,0.0003482637275055437,False
70M:A7-OL1:0.5,70M,A7-OL1,435,435,912261120,5.314571695402265,0.3421298861503601,0.3421298856192077,0.00034616307956244656,False
70M:A7-OL1:0.5,70M,A7-OL1,436,436,914358272,5.26707611232996,0.35452842712402344,0.3545284205146377,0.00034406542663868847,False
70M:A7-OL1:0.5,70M,A7-OL1,437,437,916455424,5.303215185180306,0.35445037484169006,0.35445036115126244,0.000341970809573042,False
70M:A7-OL1:0.5,70M,A7-OL1,438,438,918552576,5.3386175241321325,0.347817987203598,0.34781796209321003,0.000339879269145176,False
70M:A7-OL1:0.5,70M,A7-OL1,439,439,920649728,5.326038431376219,0.3490145802497864,0.3490145809923116,0.0003377908460748602,False
70M:A7-OL1:0.5,70M,A7-OL1,440,440,922746880,5.292950786650181,0.3437635004520416,0.34376350375908477,0.00033570558102117377,False
70M:A7-OL1:0.5,70M,A7-OL1,441,441,924844032,5.315663414075971,0.335647851228714,0.3356478504991237,0.0003336235145817128,False
70M:A7-OL1:0.5,70M,A7-OL1,442,442,926941184,5.306023193523288,0.35079267621040344,0.35079266584889557,0.0003315446872918,False
70M:A7-OL1:0.5,70M,A7-OL1,443,443,929038336,5.307190244086087,0.35325974225997925,0.3532597481006054,0.00032946913962369627,False
70M:A7-OL1:0.5,70M,A7-OL1,444,444,931135488,5.302962998859584,0.34489303827285767,0.3448930605574965,0.00032739691198581167,False
70M:A7-OL1:0.5,70M,A7-OL1,445,445,933232640,5.331954708322883,0.3475728929042816,0.34757286223210737,0.00032532804472191996,False
70M:A7-OL1:0.5,70M,A7-OL1,446,446,935329792,5.285804194398224,0.35154104232788086,0.35154104424291704,0.00032326257811037153,False
70M:A7-OL1:0.5,70M,A7-OL1,447,447,937426944,5.292489496991038,0.35332751274108887,0.3533275328725153,0.000321200552363311,False
70M:A7-OL1:0.5,70M,A7-OL1,448,448,939524096,5.32561253849417,0.36605599522590637,0.36605598785202736,0.00031914200762589304,False
70M:A7-OL1:0.5,70M,A7-OL1,449,449,941621248,5.303667246364057,0.3463059365749359,0.3463059317104425,0.0003170869839755016,False
70M:A7-OL1:0.5,70M,A7-OL1,450,450,943718400,5.292202382348478,0.3663410544395447,0.3663410678541838,0.000315035521420969,False
70M:A7-OL1:0.5,70M,A7-OL1,451,451,945815552,5.320510144345462,0.3566921651363373,0.35669214834086493,0.00031298765990179746,False
70M:A7-OL1:0.5,70M,A7-OL1,452,452,947912704,5.320758320391178,0.3587181866168976,0.35871819124204757,0.0003109434392873814,False
70M:A7-OL1:0.5,70M,A7-OL1,453,453,950009856,5.325563591904938,0.39191970229148865,0.3919196782086553,0.0003089028993762312,False
70M:A7-OL1:0.5,70M,A7-OL1,454,454,952107008,5.324063396081328,0.36292755603790283,0.3629275481019506,0.00030686607989519857,False
70M:A7-OL1:0.5,70M,A7-OL1,455,455,954204160,5.308501120656729,0.36792129278182983,0.3679213026082062,0.0003048330204987022,False
70M:A7-OL1:0.5,70M,A7-OL1,456,456,956301312,5.323632873594761,0.3533550500869751,0.3533550708261027,0.00030280376076795767,False
70M:A7-OL1:0.5,70M,A7-OL1,457,457,958398464,5.277684820815921,0.35382896661758423,0.35382895398974434,0.00030077834021020444,False
70M:A7-OL1:0.5,70M,A7-OL1,458,458,960495616,5.331959720700979,0.3675723373889923,0.36757233727845956,0.0002987567982579387,False
70M:A7-OL1:0.5,70M,A7-OL1,459,459,962592768,5.317960949614644,0.3581099808216095,0.3581099867757736,0.00029673917426814453,False
70M:A7-OL1:0.5,70M,A7-OL1,460,460,964689920,5.290094245225191,0.35944899916648865,0.35944897601860404,0.00029472550752152813,False
70M:A7-OL1:0.5,70M,A7-OL1,461,461,966787072,5.293104898184538,0.3570344150066376,0.35703439770976125,0.0002927158372217529,False
70M:A7-OL1:0.5,70M,A7-OL1,462,462,968884224,5.283411365933716,0.3452669084072113,0.3452668874961278,0.00029071020249467626,False
70M:A7-OL1:0.5,70M,A7-OL1,463,463,970981376,5.282321245409548,0.3645073175430298,0.3645072993335837,0.00028870864238758794,False
70M:A7-OL1:0.5,70M,A7-OL1,464,464,973078528,5.261337100528181,0.3483109474182129,0.3483109263430725,0.00028671119586844927,False
70M:A7-OL1:0.5,70M,A7-OL1,465,465,975175680,5.240227128379047,0.35374271869659424,0.3537427203229274,0.00028471790182513603,False
70M:A7-OL1:0.5,70M,A7-OL1,466,466,977272832,5.291859573684633,0.3542598783969879,0.35425986472656557,0.0002827287990646793,False
70M:A7-OL1:0.5,70M,A7-OL1,467,467,979369984,5.302307077683508,0.3496294617652893,0.349629464972485,0.00028074392631251125,False
70M:A7-OL1:0.5,70M,A7-OL1,468,468,981467136,5.320577612146735,0.36482447385787964,0.364824453187926,0.0002787633222117109,False
70M:A7-OL1:0.5,70M,A7-OL1,469,469,983564288,5.301675837486982,0.3534053564071655,0.35340535271700246,0.0002767870253222523,False
70M:A7-OL1:0.5,70M,A7-OL1,470,470,985661440,5.3301708633080125,0.3650011718273163,0.36500119766386163,0.00027481507412025196,False
70M:A7-OL1:0.5,70M,A7-OL1,471,471,987758592,5.278438746929169,0.35478636622428894,0.3547863685017038,0.0002728475069972227,False
70M:A7-OL1:0.5,70M,A7-OL1,472,472,989855744,5.283575914800167,0.3513450026512146,0.3513449878560827,0.00027088436225932344,False
70M:A7-OL1:0.5,70M,A7-OL1,473,473,991952896,5.297820756211877,0.3582547903060913,0.35825481074240717,0.0002689256781266149,False
70M:A7-OL1:0.5,70M,A7-OL1,474,474,994050048,5.301326299086213,0.362845778465271,0.3628457541695444,0.0002669714927323157,False
70M:A7-OL1:0.5,70M,A7-OL1,475,475,996147200,5.312275409698486,0.3606700897216797,0.36067009398215855,0.00026502184412205876,False
70M:A7-OL1:0.5,70M,A7-OL1,476,476,998244352,5.288823835551739,0.36412063241004944,0.36412063794036315,0.0002630767702531517,False
70M:A7-OL1:0.5,70M,A7-OL1,477,477,1000341504,5.307387975975871,0.360358327627182,0.36035833112775795,0.000261136308993837,False
70M:A7-OL1:0.5,70M,A7-OL1,478,478,1002438656,5.249498715624213,0.34715649485588074,0.3471564795497918,0.00025920049812255596,False
70M:A7-OL1:0.5,70M,A7-OL1,479,479,1004535808,5.27441293373704,0.35964375734329224,0.35964375440054974,0.0002572693753272117,False
70M:A7-OL1:0.5,70M,A7-OL1,480,480,1006632960,5.324180434457958,0.35780614614486694,0.35780615697562446,0.00025534297820443654,False
70M:A7-OL1:0.5,70M,A7-OL1,481,481,1008730112,5.268276891671121,0.36503177881240845,0.3650318049690624,0.0002534213442588594,False
70M:A7-OL1:0.5,70M,A7-OL1,482,482,1010827264,5.312537599354982,0.3681311309337616,0.3681311276992991,0.0002515045109023761,False
70M:A7-OL1:0.5,70M,A7-OL1,483,483,1012924416,5.29081423394382,0.3655770421028137,0.36557704707996025,0.0002495925154534206,False
70M:A7-OL1:0.5,70M,A7-OL1,484,484,1015021568,5.256019124761224,0.36354947090148926,0.36354947040981184,0.0002476853951362389,False
70M:A7-OL1:0.5,70M,A7-OL1,485,485,1017118720,5.294052559882402,0.36091044545173645,0.36091046054887566,0.00024578318708016393,False
70M:A7-OL1:0.5,70M,A7-OL1,486,486,1019215872,5.2784197349101305,0.37320569157600403,0.37320570337785314,0.00024388592831889257,False
70M:A7-OL1:0.5,70M,A7-OL1,487,487,1021313024,5.290409713983536,0.37418243288993835,0.37418244124960637,0.00024199365578976534,False
70M:A7-OL1:0.5,70M,A7-OL1,488,488,1023410176,5.340722638182342,0.3657858669757843,0.3657858624187547,0.00024010640633304652,False
70M:A7-OL1:0.5,70M,A7-OL1,489,489,1025507328,5.289438917301595,0.3501884937286377,0.35018848869582664,0.00023822421669120736,False
70M:A7-OL1:0.5,70M,A7-OL1,490,490,1027604480,5.264221984893084,0.36356109380722046,0.36356107577224983,0.00023634712350821036,False
70M:A7-OL1:0.5,70M,A7-OL1,491,491,1029701632,5.251201249659061,0.35655903816223145,0.356559043410762,0.00023447516332879688,False
70M:A7-OL1:0.5,70M,A7-OL1,492,492,1031798784,5.257811831310391,0.3551650941371918,0.35516510908809557,0.00023260837259777358,False
70M:A7-OL1:0.5,70M,A7-OL1,493,493,1033895936,5.281623090617359,0.35744577646255493,0.3574457707545302,0.00023074678765930553,False
70M:A7-OL1:0.5,70M,A7-OL1,494,494,1035993088,5.30395145341754,0.3514014780521393,0.3514014595494857,0.00022889044475620646,False
70M:A7-OL1:0.5,70M,A7-OL1,495,495,1038090240,5.328698858618736,0.353569895029068,0.35356988715502874,0.00022703938002923413,False
70M:A7-OL1:0.5,70M,A7-OL1,496,496,1040187392,5.2249737568199635,0.3586004376411438,0.3586004517086282,0.00022519362951638707,False
70M:A7-OL1:0.5,70M,A7-OL1,497,497,1042284544,5.300761118531227,0.3504553735256195,0.350455373522227,0.00022335322915220185,False
70M:A7-OL1:0.5,70M,A7-OL1,498,498,1044381696,5.254489936865866,0.3579677939414978,0.3579678016211263,0.0002215182147670544,False
70M:A7-OL1:0.5,70M,A7-OL1,499,499,1046478848,5.296480871737003,0.35538792610168457,0.35538794070573293,0.0002196886220864619,False
70M:A7-OL1:0.5,70M,A7-OL1,500,500,1048576000,5.296759887598455,0.3626662790775299,0.3626662736145061,0.00021786448673038816,False
70M:A7-OL1:0.5,70M,A7-OL1,501,501,1050673152,5.319723722524941,0.36765140295028687,0.3676513867945904,0.00021604584421254825,False
70M:A7-OL1:0.5,70M,A7-OL1,502,502,1052770304,5.264705226756632,0.3724484145641327,0.37244841160616476,0.00021423272993971947,False
70M:A7-OL1:0.5,70M,A7-OL1,503,503,1054867456,5.293364353477955,0.3602585792541504,0.36025859597637444,0.00021242517921105032,False
70M:A7-OL1:0.5,70M,A7-OL1,504,504,1056964608,5.254020916298032,0.37206003069877625,0.37206001553074414,0.00021062322721737364,False
70M:A7-OL1:0.5,70M,A7-OL1,505,505,1059061760,5.2821404207497835,0.36349940299987793,0.3634994075729369,0.00020882690904052226,False
70M:A7-OL1:0.5,70M,A7-OL1,506,506,1061158912,5.237273602746427,0.3579176068305969,0.35791760472997364,0.00020703625965264489,False
70M:A7-OL1:0.5,70M,A7-OL1,507,507,1063256064,5.275237388908863,0.35934382677078247,0.35934382061675657,0.00020525131391552575,False
70M:A7-OL1:0.5,70M,A7-OL1,508,508,1065353216,5.269789821468294,0.363186240196228,0.3631862448942587,0.000203472106579906,False
70M:A7-OL1:0.5,70M,A7-OL1,509,509,1067450368,5.257998067885637,0.3612006902694702,0.36120070307398927,0.00020169867228480722,False
70M:A7-OL1:0.5,70M,A7-OL1,510,510,1069547520,5.305055539123714,0.3629215955734253,0.3629215879532009,0.00019993104555685653,False
70M:A7-OL1:0.5,70M,A7-OL1,511,511,1071644672,5.30875366833061,0.36725008487701416,0.36725009562583016,0.0001981692608096149,False
70M:A7-OL1:0.5,70M,A7-OL1,512,512,1073741824,5.2753556333482265,0.3582768738269806,0.3582768645033841,0.0001964133523429069,False
70M:A7-OL1:0.5,70M,A7-OL1,513,513,1075838976,5.275235651992261,0.3512174189090729,0.3512174313906649,0.0001946633543421531,False
70M:A7-OL1:0.5,70M,A7-OL1,514,514,1077936128,5.259172020480037,0.36605384945869446,0.3660538343793713,0.0001929193008777041,False
70M:A7-OL1:0.5,70M,A7-OL1,515,515,1080033280,5.2742900075390935,0.35800763964653015,0.35800763606556824,0.0001911812259041782,False
70M:A7-OL1:0.5,70M,A7-OL1,516,516,1082130432,5.301021948456764,0.3487742841243744,0.34877428198378446,0.0001894491632597991,False
70M:A7-OL1:0.5,70M,A7-OL1,517,517,1084227584,5.239596881903708,0.3493027985095978,0.3493027746281842,0.00018772314666573776,False
70M:A7-OL1:0.5,70M,A7-OL1,518,518,1086324736,5.280556785874069,0.349785715341568,0.34978571961317145,0.0001860032097254563,False
70M:A7-OL1:0.5,70M,A7-OL1,519,519,1088421888,5.21530379448086,0.34346747398376465,0.34346748393571297,0.00018428938592405286,False
70M:A7-OL1:0.5,70M,A7-OL1,520,520,1090519040,5.233556101098657,0.34952008724212646,0.34952010833858016,0.00018258170862761025,False
70M:A7-OL1:0.5,70M,A7-OL1,521,521,1092616192,5.236384087242186,0.35930219292640686,0.35930220160057535,0.00018088021108254604,False
70M:A7-OL1:0.5,70M,A7-OL1,522,522,1094713344,5.2424496114254,0.34840911626815796,0.3484091003887792,0.0001791849264149662,False
70M:A7-OL1:0.5,70M,A7-OL1,523,523,1096810496,5.227321250364184,0.34568700194358826,0.3456870298321082,0.0001774958876300184,False
70M:A7-OL1:0.5,70M,A7-OL1,524,524,1098907648,5.266723640263081,0.3507179319858551,0.350717908133524,0.00017581312761125146,False
70M:A7-OL1:0.5,70M,A7-OL1,525,525,1101004800,5.252001760527492,0.35176852345466614,0.35176851319563585,0.00017413667911997372,False
70M:A7-OL1:0.5,70M,A7-OL1,526,526,1103101952,5.261271087452769,0.3583122491836548,0.35831224048414734,0.00017246657479461558,False
70M:A7-OL1:0.5,70M,A7-OL1,527,527,1105199104,5.2701530354097486,0.35643869638442993,0.35643869462988986,0.00017080284715009477,False
70M:A7-OL1:0.5,70M,A7-OL1,528,528,1107296256,5.270586894825101,0.35981136560440063,0.35981136603765634,0.00016914552857718207,False
70M:A7-OL1:0.5,70M,A7-OL1,529,529,1109393408,5.3031553123146296,0.3607306480407715,0.36073065617192757,0.00016749465134187176,False
70M:A7-OL1:0.5,70M,A7-OL1,530,530,1111490560,5.2550887037068605,0.3581981658935547,0.35819816671022914,0.00016585024758475271,False
70M:A7-OL1:0.5,70M,A7-OL1,531,531,1113587712,5.247347861528397,0.3467177152633667,0.3467177019623012,0.00016421234932038371,False
70M:A7-OL1:0.5,70M,A7-OL1,532,532,1115684864,5.248473577201366,0.3581523001194,0.3581522860200723,0.00016258098843666819,False
70M:A7-OL1:0.5,70M,A7-OL1,533,533,1117782016,5.264575726352632,0.35257044434547424,0.3525704234950941,0.000160956196694236,False
70M:A7-OL1:0.5,70M,A7-OL1,534,534,1119879168,5.239723553881049,0.35055431723594666,0.3505543285885197,0.00015933800572582292,False
70M:A7-OL1:0.5,70M,A7-OL1,535,535,1121976320,5.317344646900892,0.36355069279670715,0.36355068882796726,0.0001577264470356558,False
70M:A7-OL1:0.5,70M,A7-OL1,536,536,1124073472,5.247472213581204,0.35633304715156555,0.35633305509995217,0.00015612155199883892,False
70M:A7-OL1:0.5,70M,A7-OL1,537,537,1126170624,5.248319380916655,0.36116281151771545,0.36116279406444873,0.0001545233518607438,False
70M:A7-OL1:0.5,70M,A7-OL1,538,538,1128267776,5.219138712622225,0.35272926092147827,0.3527292664158067,0.0001529318777363997,False
70M:A7-OL1:0.5,70M,A7-OL1,539,539,1130364928,5.279411434195936,0.3554539680480957,0.35545397517354976,0.00015134716060988867,False
70M:A7-OL1:0.5,70M,A7-OL1,540,540,1132462080,5.260295542888343,0.36152181029319763,0.3615218038690125,0.00014976923133374254,False
70M:A7-OL1:0.5,70M,A7-OL1,541,541,1134559232,5.2629306530579925,0.35750141739845276,0.35750139955365906,0.00014819812062834148,False
70M:A7-OL1:0.5,70M,A7-OL1,542,542,1136656384,5.264594675973058,0.3578307628631592,0.35783075080570664,0.00014663385908131633,False
70M:A7-OL1:0.5,70M,A7-OL1,543,543,1138753536,5.2637596521526575,0.36782601475715637,0.36782601972337425,0.00014507647714695327,False
70M:A7-OL1:0.5,70M,A7-OL1,544,544,1140850688,5.287316569127142,0.35950759053230286,0.35950758464366817,0.00014352600514560055,False
70M:A7-OL1:0.5,70M,A7-OL1,545,545,1142947840,5.274934250861406,0.3590312600135803,0.3590312800442466,0.00014198247326307827,False
70M:A7-OL1:0.5,70M,A7-OL1,546,546,1145044992,5.273366007953882,0.35822784900665283,0.35822783529600427,0.0001404459115500913,False
70M:A7-OL1:0.5,70M,A7-OL1,547,547,1147142144,5.239547283388674,0.3575024902820587,0.35750247717440065,0.0001389163499216431,False
70M:A7-OL1:0.5,70M,A7-OL1,548,548,1149239296,5.23450861684978,0.353598028421402,0.35359802075597796,0.00013739381815645407,False
70M:A7-OL1:0.5,70M,A7-OL1,549,549,1151336448,5.246769467368722,0.3601151704788208,0.360115165040939,0.00013587834589638215,False
70M:A7-OL1:0.5,70M,A7-OL1,550,550,1153433600,5.246634420007467,0.3582465946674347,0.35824661429765103,0.0001343699626458445,False
70M:A7-OL1:0.5,70M,A7-OL1,551,551,1155530752,5.254788537509739,0.3539159595966339,0.35391596721580704,0.00013286869777124434,False
70M:A7-OL1:0.5,70M,A7-OL1,552,552,1157627904,5.25667009036988,0.35267093777656555,0.35267094702257273,0.00013137458050039818,False
70M:A7-OL1:0.5,70M,A7-OL1,553,553,1159725056,5.202698844484985,0.3537648916244507,0.35376490625040813,0.00012988763992196817,False
70M:A7-OL1:0.5,70M,A7-OL1,554,554,1161822208,5.239255088381469,0.35925889015197754,0.3592588755003815,0.00012840790498489375,False
70M:A7-OL1:0.5,70M,A7-OL1,555,555,1163919360,5.248761668801308,0.35227373242378235,0.3522737173863017,0.00012693540449783025,False
70M:A7-OL1:0.5,70M,A7-OL1,556,556,1166016512,5.237620020285249,0.35146376490592957,0.35146378614452656,0.00012547016712858645,False
70M:A7-OL1:0.5,70M,A7-OL1,557,557,1168113664,5.227767435833812,0.3643771708011627,0.36437718084749493,0.00012401222140356687,False
70M:A7-OL1:0.5,70M,A7-OL1,558,558,1170210816,5.244544594548643,0.3565017580986023,0.35650174766889653,0.00012256159570721715,False
70M:A7-OL1:0.5,70M,A7-OL1,559,559,1172307968,5.234469692222774,0.35821810364723206,0.35821807576965475,0.00012111831828147012,False
70M:A7-OL1:0.5,70M,A7-OL1,560,560,1174405120,5.219195135869086,0.3528503477573395,0.35285034892960143,0.00011968241722519696,False
70M:A7-OL1:0.5,70M,A7-OL1,561,561,1176502272,5.2222265508025885,0.3596198558807373,0.35961984811376047,0.00011825392049365963,False
70M:A7-OL1:0.5,70M,A7-OL1,562,562,1178599424,5.2693127151578665,0.38543394207954407,0.38543393247056373,0.00011683285589796732,False
70M:A7-OL1:0.5,70M,A7-OL1,563,563,1180696576,5.233295552432537,0.359258234500885,0.3592582539818112,0.00011541925110453366,False
70M:A7-OL1:0.5,70M,A7-OL1,564,564,1182793728,5.232162191532552,0.3605932295322418,0.36059322827924034,0.0001140131336345398,False
70M:A7-OL1:0.5,70M,A7-OL1,565,565,1184890880,5.251573560759425,0.36491551995277405,0.3649155272994401,0.00011261453086339718,False
70M:A7-OL1:0.5,70M,A7-OL1,566,566,1186988032,5.2171322433277965,0.3604675233364105,0.36046752461656195,0.00011122347002021527,False
70M:A7-OL1:0.5,70M,A7-OL1,567,567,1189085184,5.195215079933405,0.363553524017334,0.36355350761422395,0.00010983997818727115,False
70M:A7-OL1:0.5,70M,A7-OL1,568,568,1191182336,5.19037555065006,0.3570389449596405,0.35703896249136546,0.00010846408229948285,False
70M:A7-OL1:0.5,70M,A7-OL1,569,569,1193279488,5.26674316637218,0.35603585839271545,0.3560358603703277,0.00010709580914388406,False
70M:A7-OL1:0.5,70M,A7-OL1,570,570,1195376640,5.233961159363389,0.3672976493835449,0.3672976614274919,0.00010573518535910297,False
70M:A7-OL1:0.5,70M,A7-OL1,571,571,1197473792,5.273952026851475,0.3617340624332428,0.36173408161925746,0.00010438223743484443,False
70M:A7-OL1:0.5,70M,A7-OL1,572,572,1199570944,5.263935764320195,0.36484429240226746,0.36484429474358365,0.00010303699171137282,False
70M:A7-OL1:0.5,70M,A7-OL1,573,573,1201668096,5.220498438924551,0.3543878495693207,0.35438782511762634,0.00010169947437900024,False
70M:A7-OL1:0.5,70M,A7-OL1,574,574,1203765248,5.2216686345636845,0.3596252202987671,0.3596252252745382,0.0001003697114775764,False
70M:A7-OL1:0.5,70M,A7-OL1,575,575,1205862400,5.31930067203939,0.3647119700908661,0.36471196504309156,0.0001,False
70M:A7-OL1:0.5,70M,A7-OL1,576,576,1207959552,5.2201734976843,0.3589954972267151,0.358995499411427,0.0001,False
70M:A7-OL1:0.5,70M,A7-OL1,577,577,1210056704,5.254345070570707,0.3557520806789398,0.35575208458560104,0.0001,False
70M:A7-OL1:0.5,70M,A7-OL1,578,578,1212153856,5.270418959669769,0.3523224890232086,0.3523225070594215,0.0001,False
70M:A7-OL1:0.5,70M,A7-OL1,579,579,1214251008,5.220336781814694,0.36094361543655396,0.36094361363756156,0.0001,False
70M:A7-OL1:0.5,70M,A7-OL1,580,580,1216348160,5.238690306432545,0.35258615016937256,0.35258615788480585,0.0001,False
70M:A7-OL1:0.5,70M,A7-OL1,581,581,1218445312,5.227738179266453,0.34985917806625366,0.34985918843256403,0.0001,False
70M:A7-OL1:0.5,70M,A7-OL1,582,582,1220542464,5.201013961806893,0.35005757212638855,0.35005754968448094,0.0001,False
70M:A7-OL1:0.5,70M,A7-OL1,583,583,1222639616,5.216098024509847,0.35540032386779785,0.35540031169278524,0.0001,False
70M:A7-OL1:0.5,70M,A7-OL1,584,584,1224736768,5.242943460121751,0.3618912696838379,0.36189126302474994,0.0001,False
70M:A7-OL1:0.5,70M,A7-OL1,585,585,1226833920,5.2492435947060585,0.3504617214202881,0.35046170570207946,0.0001,False
70M:A7-OL1:0.5,70M,A7-OL1,586,586,1228931072,5.251857212744653,0.3506495952606201,0.35064956429868166,0.0001,False
70M:A7-OL1:0.5,70M,A7-OL1,587,587,1231028224,5.251537357456982,0.35434481501579285,0.35434481006576724,0.0001,False
70M:A7-OL1:0.5,70M,A7-OL1,588,588,1233125376,5.22495870757848,0.3539314568042755,0.3539314594669615,0.0001,False
70M:A7-OL1:0.5,70M,A7-OL1,589,589,1235222528,5.209692534990609,0.3488786518573761,0.34887863903692684,0.0001,False
70M:A7-OL1:0.5,70M,A7-OL1,590,590,1237319680,5.279645014554262,0.36081692576408386,0.3608169062633444,0.0001,False
70M:A7-OL1:0.5,70M,A7-OL1,591,591,1239416832,5.239724328741431,0.353839635848999,0.35383965136009216,0.0001,False
70M:A7-OL1:0.5,70M,A7-OL1,592,592,1241513984,5.2474384577944875,0.35669955611228943,0.3566995434510227,0.0001,False
70M:A7-OL1:0.5,70M,A7-OL1,593,593,1243611136,5.261791515164077,0.35289233922958374,0.35289233993755076,0.0001,False
70M:A7-OL1:0.5,70M,A7-OL1,594,594,1245708288,5.208027015440166,0.35377565026283264,0.35377563821805696,0.0001,False
70M:A7-OL1:0.5,70M,A7-OL1,595,595,1247805440,5.315406162291765,0.3568253815174103,0.35682537094540073,0.0001,False
70M:A7-OL1:0.5,70M,A7-OL1,596,596,1249902592,5.270275887101889,0.3551739454269409,0.3551739348912514,0.0001,False
70M:A7-OL1:0.5,70M,A7-OL1,597,597,1251999744,5.248053336516023,0.34912317991256714,0.3491231904960564,0.0001,False
70M:A7-OL1:0.5,70M,A7-OL1,598,598,1254096896,5.274491557851434,0.3543420433998108,0.35434204117935625,0.0001,False
70M:A7-OL1:0.5,70M,A7-OL1,599,599,1256194048,5.198254212737083,0.3469371199607849,0.34693711861782234,0.0001,False
70M:A7-OL1:0.5,70M,A7-OL1,600,600,1258291200,5.223970995284617,0.3516409993171692,0.35164101034123424,0.0001,False
70M:A7-OL1:0.5,70M,A7-OL1,601,601,1260388352,5.248289057984948,0.35495102405548096,0.354951017835976,0.0001,False
70M:A7-OL1:0.5,70M,A7-OL1,602,602,1262485504,5.237344886176288,0.3534654378890991,0.35346543583036305,0.0001,False
70M:A7-OL1:0.5,70M,A7-OL1,603,603,1264582656,5.214101237244904,0.35925573110580444,0.35925574968950374,0.0001,False
70M:A7-OL1:0.5,70M,A7-OL1,604,604,1266679808,5.266567015089095,0.35699835419654846,0.3569983636725592,0.0001,False
70M:A7-OL1:0.5,70M,A7-OL1,605,605,1268776960,5.24822130985558,0.3628186285495758,0.3628186351249632,0.0001,False
70M:A7-OL1:0.5,70M,A7-OL1,606,606,1270874112,5.241257126443088,0.36046475172042847,0.36046475230455927,0.0001,False
70M:A7-OL1:0.5,70M,A7-OL1,607,607,1272971264,5.1773685635998845,0.3532813489437103,0.3532813453130888,0.0001,False
70M:A7-OL1:0.5,70M,A7-OL1,608,608,1275068416,5.2607116755098104,0.36725738644599915,0.36725738073743036,0.0001,False
70M:A7-OL1:0.5,70M,A7-OL1,609,609,1277165568,5.201311161741614,0.3586616814136505,0.3586617118370478,0.0001,False
70M:A7-OL1:0.5,70M,A7-OL1,610,610,1279262720,5.268932834267616,0.35616081953048706,0.3561608226810052,0.0001,False
70M:A7-OL1:0.5,70M,A7-OL1,611,611,1281359872,5.261688680388033,0.36440205574035645,0.3644020503351631,0.0001,False
70M:A7-OL1:0.5,70M,A7-OL1,612,612,1283457024,5.235454888083041,0.36036232113838196,0.3603623157607248,0.0001,False
70M:A7-OL1:0.5,70M,A7-OL1,613,613,1285554176,5.261184284463525,0.35763978958129883,0.3576397868303116,0.0001,False
70M:A7-OL1:0.5,70M,A7-OL1,614,614,1287651328,5.2478998908773065,0.35649994015693665,0.3564999214735149,0.0001,False
70M:A7-OL1:0.5,70M,A7-OL1,615,615,1289748480,5.261764343827963,0.3618037700653076,0.3618037773597528,0.0001,False
70M:A7-OL1:0.5,70M,A7-OL1,616,616,1291845632,5.239452213048935,0.36741873621940613,0.36741873867356223,0.0001,False
70M:A7-OL1:0.5,70M,A7-OL1,617,617,1293942784,5.240054564550519,0.3511846661567688,0.3511846546800096,0.0001,False
70M:A7-OL1:0.5,70M,A7-OL1,618,618,1296039936,5.194350814446807,0.35454732179641724,0.35454730067468654,0.0001,False
70M:A7-OL1:0.5,70M,A7-OL1,619,619,1298137088,5.2758182575926185,0.36517608165740967,0.3651760925580203,0.0001,False
70M:A7-OL1:0.5,70M,A7-OL1,620,620,1300234240,5.238357584923506,0.3636576533317566,0.3636576454727705,0.0001,False
70M:A7-OL1:0.5,70M,A7-OL1,621,621,1302331392,5.218566533178091,0.3562465310096741,0.3562465306477389,0.0001,False
70M:A7-OL1:0.5,70M,A7-OL1,622,622,1304428544,5.2520282892510295,0.36358943581581116,0.3635894426760817,0.0001,False
70M:A7-OL1:0.5,70M,A7-OL1,623,623,1306525696,5.238573503680527,0.3690625727176666,0.3690625757917077,0.0001,False
70M:A7-OL1:0.5,70M,A7-OL1,624,624,1308622848,5.244162190705538,0.3587500751018524,0.3587500544460508,0.0001,False
70M:A7-OL1:0.5,70M,A7-OL1,625,625,1310720000,5.170152168720961,0.3606175184249878,0.36061750267813575,0.0001,False
70M:A7-OL1:0.5,70M,A7-OL1,626,626,1312817152,5.227708118967712,0.3714289665222168,0.37142895735834164,0.0001,False
70M:A7-OL1:0.5,70M,A7-OL1,627,627,1314914304,5.205221572890878,0.3592884838581085,0.3592884701204128,0.0001,False
70M:A7-OL1:0.5,70M,A7-OL1,628,628,1317011456,5.25043807271868,0.35625380277633667,0.3562537911954545,0.0001,False
70M:A7-OL1:0.5,70M,A7-OL1,629,629,1319108608,5.218648439273238,0.37449386715888977,0.37449385089766934,0.0001,False
70M:A7-OL1:0.5,70M,A7-OL1,630,630,1321205760,5.246861665509641,0.3638320863246918,0.36383207257845185,0.0001,False
70M:A7-OL1:0.5,70M,A7-OL1,631,631,1323302912,5.224066469818354,0.36529427766799927,0.36529427643139323,0.0001,False
70M:A7-OL1:0.5,70M,A7-OL1,632,632,1325400064,5.213292105123401,0.36591702699661255,0.36591700540127364,0.0001,False
70M:A7-OL1:0.5,70M,A7-OL1,633,633,1327497216,5.246265536174178,0.3610325753688812,0.3610325947938443,0.0001,False
70M:A7-OL1:0.5,70M,A7-OL1,634,634,1329594368,5.229631298221648,0.3574226200580597,0.3574226334716,0.0001,False
70M:A7-OL1:0.5,70M,A7-OL1,635,635,1331691520,5.2278503039851785,0.3634689748287201,0.3634689718913232,0.0001,False
70M:A7-OL1:0.5,70M,A7-OL1,636,636,1333788672,5.23938004206866,0.36301368474960327,0.3630136679960779,0.0001,False
70M:A7-OL1:0.5,70M,A7-OL1,637,637,1335885824,5.2249052952975035,0.3648059368133545,0.3648059289722016,0.0001,False
70M:A7-OL1:0.5,70M,A7-OL1,638,638,1337982976,5.273950854316354,0.3855491578578949,0.3855491374243792,0.0001,False
70M:A7-OL1:0.5,70M,A7-OL1,639,639,1340080128,5.241981164552271,0.35744497179985046,0.35744497619623095,0.0001,False
70M:A7-OL1:0.5,70M,A7-OL1,640,640,1342177280,5.208135563880205,0.35797590017318726,0.3579758790248675,0.0001,False
70M:A7-OL1:0.5,70M,A7-OL1,641,641,1344274432,5.215540644712746,0.35924726724624634,0.35924727288128305,0.0001,False
70M:A7-OL1:0.5,70M,A7-OL1,642,642,1346371584,5.262020213529468,0.35970404744148254,0.3597040563023692,0.0001,False
70M:A7-OL1:0.5,70M,A7-OL1,643,643,1348468736,5.233323773369193,0.36411598324775696,0.3641159713417354,0.0001,False
70M:A7-OL1:0.5,70M,A7-OL1,644,644,1350565888,5.263502383604646,0.3605023920536041,0.3605023666174531,0.0001,False
70M:A7-OL1:0.5,70M,A7-OL1,645,645,1352663040,5.228930467739701,0.36412912607192993,0.3641291132575285,0.0001,False
70M:A7-OL1:0.5,70M,A7-OL1,646,646,1354760192,5.279697305522859,0.3678399920463562,0.36784000338632605,0.0001,False
70M:A7-OL1:0.5,70M,A7-OL1,647,647,1356857344,5.253563867881894,0.3603070378303528,0.3603070467824378,0.0001,False
70M:A7-OL1:0.5,70M,A7-OL1,648,648,1358954496,5.252718985080719,0.3620830476284027,0.36208305928056683,0.0001,False
70M:A7-OL1:0.5,70M,A7-OL1,649,649,1361051648,5.242655148729682,0.3652031123638153,0.3652031054609928,0.0001,False
70M:A7-OL1:0.5,70M,A7-OL1,650,650,1363148800,5.221014274284244,0.36202046275138855,0.3620204639648636,0.0001,False
70M:A7-OL1:0.5,70M,A7-OL1,651,651,1365245952,5.253166599199176,0.3667353689670563,0.3667353990067823,0.0001,False
70M:A7-OL1:0.5,70M,A7-OL1,652,652,1367343104,5.2082398515194654,0.36695948243141174,0.36695945666677654,0.0001,False
70M:A7-OL1:0.5,70M,A7-OL1,653,653,1369440256,5.229780067689717,0.3648808002471924,0.36488079127002016,0.0001,False
70M:A7-OL1:0.5,70M,A7-OL1,654,654,1371537408,5.281487698666751,0.3796207010746002,0.37962071844611917,0.0001,False
70M:A7-OL1:0.5,70M,A7-OL1,655,655,1373634560,5.244568119756877,0.3718481957912445,0.37184819399384694,0.0001,False
70M:A7-OL1:0.5,70M,A7-OL1,656,656,1375731712,5.214529910124838,0.37221187353134155,0.37221187401480754,0.0001,False
70M:A7-OL1:0.5,70M,A7-OL1,657,657,1377828864,5.220914347097278,0.36522600054740906,0.3652259861672576,0.0001,False
70M:A7-OL1:0.5,70M,A7-OL1,658,658,1379926016,5.2076483545824885,0.37601545453071594,0.37601546250231443,0.0001,False
70M:A7-OL1:0.5,70M,A7-OL1,659,659,1382023168,5.199953779578209,0.37401920557022095,0.3740192011059179,0.0001,False
70M:A7-OL1:0.5,70M,A7-OL1,660,660,1384120320,5.258369943127036,0.3725563883781433,0.3725563978715699,0.0001,False
70M:A7-OL1:0.5,70M,A7-OL1,661,661,1386217472,5.2560966070741415,0.36635613441467285,0.36635614981601455,0.0001,False
70M:A7-OL1:0.5,70M,A7-OL1,662,662,1388314624,5.25585550814867,0.38752442598342896,0.38752440738754806,0.0001,False
70M:A7-OL1:0.5,70M,A7-OL1,663,663,1390411776,5.2285088282078505,0.3750183582305908,0.3750183566499077,0.0001,False
70M:A7-OL1:0.5,70M,A7-OL1,664,664,1392508928,5.250177804380655,0.3707263767719269,0.37072639227417337,0.0001,False
70M:A7-OL1:0.5,70M,A7-OL1,665,665,1394606080,5.241133323870599,0.386827290058136,0.3868272623912601,0.0001,False
70M:A7-OL1:0.5,70M,A7-OL1,666,666,1396703232,5.254127884283662,0.3697482645511627,0.3697482520510823,0.0001,False
70M:A7-OL1:0.5,70M,A7-OL1,667,667,1398800384,5.229968172498047,0.3659690320491791,0.3659690328979683,0.0001,False
70M:A7-OL1:0.5,70M,A7-OL1,668,668,1400897536,5.222703858278692,0.3688301146030426,0.36883012019607253,0.0001,False
70M:A7-OL1:0.5,70M,A7-OL1,669,669,1402994688,5.203997916541994,0.3708920478820801,0.3708920558846093,0.0001,False
70M:A7-OL1:0.5,70M,A7-OL1,670,670,1405091840,5.236400803551078,0.36266496777534485,0.36266497189138774,0.0001,False
70M:A7-OL1:0.5,70M,A7-OL1,671,671,1407188992,5.26656526979059,0.36763671040534973,0.3676367125180668,0.0001,False
70M:A7-OL1:0.5,70M,A7-OL1,672,672,1409286144,5.227341113612056,0.36986252665519714,0.3698625128529036,0.0001,False
70M:A7-OL1:0.5,70M,A7-OL1,673,673,1411383296,5.209546737372875,0.3600684404373169,0.36006843057234617,0.0001,False
70M:A7-OL1:0.5,70M,A7-OL1,674,674,1413480448,5.308853752911091,0.37373772263526917,0.37373772297912966,0.0001,False
70M:A7-OL1:0.5,70M,A7-OL1,675,675,1415577600,5.250411552377045,0.36604371666908264,0.3660437159750375,0.0001,False
70M:A7-OL1:0.5,70M,A7-OL1,676,676,1417674752,5.190361567772925,0.3587484657764435,0.3587484866558919,0.0001,False
70M:A7-OL1:0.5,70M,A7-OL1,677,677,1419771904,5.265590185299516,0.36526891589164734,0.3652689255007699,0.0001,False
70M:A7-OL1:0.5,70M,A7-OL1,678,678,1421869056,5.183175793848932,0.3675033450126648,0.3675033318663466,0.0001,False
70M:A7-OL1:0.5,70M,A7-OL1,679,679,1423966208,5.282747387886047,0.3663218915462494,0.3663218830682588,0.0001,False
70M:A7-OL1:0.5,70M,A7-OL1,680,680,1426063360,5.251132930628955,0.3606504797935486,0.36065047497150104,0.0001,False
70M:A7-OL1:0.5,70M,A7-OL1,681,681,1428160512,5.184716258198023,0.3569122850894928,0.3569122729344075,0.0001,False
70M:A7-OL1:0.5,70M,A7-OL1,682,682,1430257664,5.20036899857223,0.3611527979373932,0.361152799611832,0.0001,False
70M:A7-OL1:0.5,70M,A7-OL1,683,683,1432354816,5.264736412093043,0.37135931849479675,0.37135933663276927,0.0001,False
70M:A7-OL1:0.5,70M,A7-OL1,684,684,1434451968,5.2452558586373925,0.3611038327217102,0.36110383293840265,0.0001,False
70M:A7-OL1:0.5,70M,A7-OL1,685,685,1436549120,5.1922476422041655,0.365120530128479,0.36512053012033147,0.0001,False
70M:A7-OL1:0.5,70M,A7-OL1,686,686,1438646272,5.255450788885355,0.3731149435043335,0.37311495393374955,0.0001,False
70M:A7-OL1:0.5,70M,A7-OL1,687,687,1440743424,5.245326415635645,0.36733290553092957,0.367332924349775,0.0001,False
70M:A7-OL1:0.5,70M,A7-OL1,688,688,1442840576,5.205831855535507,0.36046165227890015,0.3604616601674169,0.0001,False
70M:A7-OL1:0.5,70M,A7-OL1,689,689,1444937728,5.216241578571498,0.37315550446510315,0.3731554960480064,0.0001,False
70M:A7-OL1:0.5,70M,A7-OL1,690,690,1447034880,5.237822127528489,0.36825230717658997,0.3682523110586056,0.0001,False
70M:A7-OL1:0.5,70M,A7-OL1,691,691,1449132032,5.24826655164361,0.36461523175239563,0.3646152362140816,0.0001,False
70M:A7-OL1:0.5,70M,A7-OL1,692,692,1451229184,5.254738911986351,0.38134241104125977,0.3813424211963898,0.0001,False
70M:A7-OL1:0.5,70M,A7-OL1,693,693,1453326336,5.233786380849779,0.38022854924201965,0.380228533763605,0.0001,False
70M:A7-OL1:0.5,70M,A7-OL1,694,694,1455423488,5.192558133974671,0.3716217577457428,0.3716217758539965,0.0001,False
70M:A7-OL1:0.5,70M,A7-OL1,695,695,1457520640,5.192452292889357,0.37829506397247314,0.37829505993517026,0.0001,False
70M:A7-OL1:0.5,70M,A7-OL1,696,696,1459617792,5.235457204282284,0.37870460748672485,0.37870463019166545,0.0001,False
70M:A7-OL1:0.5,70M,A7-OL1,697,697,1461714944,5.198499615304172,0.3684968054294586,0.36849678632733857,0.0001,False
70M:A7-OL1:0.5,70M,A7-OL1,698,698,1463812096,5.2194409584626555,0.3708420693874359,0.37084208794705936,0.0001,False
70M:A7-OL1:0.5,70M,A7-OL1,699,699,1465909248,5.172773636877537,0.3741813898086548,0.37418138257155614,0.0001,False
70M:A7-OL1:0.5,70M,A7-OL1,700,700,1468006400,5.210576066747308,0.3604655861854553,0.36046554895420135,0.0001,False
70M:A7-OL1:0.5,70M,A7-OL1,701,701,1470103552,5.269065262749791,0.3694744408130646,0.3694744428997453,0.0001,False
70M:A7-OL1:0.5,70M,A7-OL1,702,702,1472200704,5.1950210519135,0.36285120248794556,0.36285118388888626,0.0001,False
70M:A7-OL1:0.5,70M,A7-OL1,703,703,1474297856,5.240154228173196,0.3677521347999573,0.36775213070845,0.0001,False
70M:A7-OL1:0.5,70M,A7-OL1,704,704,1476395008,5.220535591244698,0.3637259900569916,0.3637259857968347,0.0001,False
70M:A7-OL1:0.5,70M,A7-OL1,705,705,1478492160,5.2383619006723166,0.36632099747657776,0.3663209758576112,0.0001,False
70M:A7-OL1:0.5,70M,A7-OL1,706,706,1480589312,5.20918201841414,0.3679402470588684,0.367940223808282,0.0001,False
70M:A7-OL1:0.5,70M,A7-OL1,707,707,1482686464,5.22635855525732,0.36967185139656067,0.36967185747137454,0.0001,False
70M:A7-OL1:0.5,70M,A7-OL1,708,708,1484783616,5.2398634208366275,0.3688000440597534,0.368800039733619,0.0001,False
70M:A7-OL1:0.5,70M,A7-OL1,709,709,1486880768,5.238226621411741,0.3696324825286865,0.369632513042463,0.0001,False
70M:A7-OL1:0.5,70M,A7-OL1,710,710,1488977920,5.24081345461309,0.37086543440818787,0.3708654419455032,0.0001,False
70M:A7-OL1:0.5,70M,A7-OL1,711,711,1491075072,5.217909879051149,0.36325976252555847,0.3632597799650914,0.0001,False
70M:A7-OL1:0.5,70M,A7-OL1,712,712,1493172224,5.234430354088545,0.36249205470085144,0.3624920550333801,0.0001,False
410M:A4-OL1:0.5,410M,A4-OL1,1,1,2097152,11.017999574542046,12.207115173339844,0.9999999240054666,0.0,False
410M:A4-OL1:0.5,410M,A4-OL1,2,2,4194304,11.017141573131084,12.077184677124023,0.9999999740656093,4.2134831460674156e-05,False
410M:A4-OL1:0.5,410M,A4-OL1,3,3,6291456,9.903003733605146,4.287099361419678,0.9999997900197787,8.426966292134831e-05,False
410M:A4-OL1:0.5,410M,A4-OL1,4,4,8388608,9.66903342306614,3.3358423709869385,0.9999996503093459,0.00012640449438202245,False
410M:A4-OL1:0.5,410M,A4-OL1,5,5,10485760,9.592757854610682,2.27730393409729,0.9999995979373022,0.00016853932584269662,False
410M:A4-OL1:0.5,410M,A4-OL1,6,6,12582912,9.410054065287113,2.0827620029449463,0.9999994790649981,0.00021067415730337076,False
410M:A4-OL1:0.5,410M,A4-OL1,7,7,14680064,9.227603822946548,1.670268177986145,0.9999994276816484,0.0002528089887640449,False
410M:A4-OL1:0.5,410M,A4-OL1,8,8,16777216,9.068399962037802,1.9510544538497925,0.9999994656456554,0.0002949438202247191,False
410M:A4-OL1:0.5,410M,A4-OL1,9,9,18874368,8.888806570321321,1.4467358589172363,0.9999993309619541,0.00029999886925202105,False
410M:A4-OL1:0.5,410M,A4-OL1,10,10,20971520,8.69328461587429,1.1108312606811523,0.999999141936534,0.00029999483923326317,False
410M:A4-OL1:0.5,410M,A4-OL1,11,11,23068672,8.585277833044529,1.2971111536026,0.9999992608395334,0.0002999878889958546,False
410M:A4-OL1:0.5,410M,A4-OL1,12,12,25165824,8.4507155995816,1.202911615371704,0.9999991976352873,0.0002999780186751081,False
410M:A4-OL1:0.5,410M,A4-OL1,13,13,27262976,8.32463576644659,0.9969466924667358,0.9969467323948442,0.0002999652284631869,False
410M:A4-OL1:0.5,410M,A4-OL1,14,14,29360128,8.237095838412642,0.8155988454818726,0.8155988379766557,0.000299949518609101,False
410M:A4-OL1:0.5,410M,A4-OL1,15,15,31457280,8.107453206554055,0.9005153775215149,0.9005152660984818,0.0002999308894187023,False
410M:A4-OL1:0.5,410M,A4-OL1,16,16,33554432,8.039747282862663,1.173096776008606,0.999999016493301,0.00029990934125467876,False
410M:A4-OL1:0.5,410M,A4-OL1,17,17,35651584,7.988460641354322,0.9898841977119446,0.9898841057835195,0.00029988487453654707,False
410M:A4-OL1:0.5,410M,A4-OL1,18,18,37748736,8.11548369564116,1.4046425819396973,0.9999992975736729,0.00029985748974064474,False
410M:A4-OL1:0.5,410M,A4-OL1,19,19,39845888,7.90135014615953,0.7394433617591858,0.7394432333702268,0.00029982718740012066,False
410M:A4-OL1:0.5,410M,A4-OL1,20,20,41943040,7.862700752913952,1.0197086334228516,0.9999988679526164,0.000299793968104925,False
410M:A4-OL1:0.5,410M,A4-OL1,21,21,44040192,7.846746861934662,0.5808539986610413,0.580853940230027,0.00029975783250179726,False
410M:A4-OL1:0.5,410M,A4-OL1,22,22,46137344,7.796085434034467,0.5600502490997314,0.5600502791310199,0.00029971878129425415,False
410M:A4-OL1:0.5,410M,A4-OL1,23,23,48234496,7.774213023483753,0.4639435410499573,0.4639435332949752,0.00029967681524257556,False
410M:A4-OL1:0.5,410M,A4-OL1,24,24,50331648,7.765934286639094,0.9634360671043396,0.9634359559661781,0.00029963193516378985,False
410M:A4-OL1:0.5,410M,A4-OL1,25,25,52428800,7.780137902125716,1.0453057289123535,0.9999989249650714,0.00029958414193165814,False
410M:A4-OL1:0.5,410M,A4-OL1,26,26,54525952,7.858477160334587,1.0551533699035645,0.9999990836152141,0.00029953343647665695,False
410M:A4-OL1:0.5,410M,A4-OL1,27,27,56623104,7.882167065516114,2.125211477279663,0.9999994116141451,0.0002994798197859603,False
410M:A4-OL1:0.5,410M,A4-OL1,28,28,58720256,7.762879794463515,1.0260696411132812,0.999998961705723,0.0002994232929034207,False
410M:A4-OL1:0.5,410M,A4-OL1,29,29,60817408,7.751186612993479,1.489446997642517,0.9999992383871259,0.00029936385692954824,False
410M:A4-OL1:0.5,410M,A4-OL1,30,30,62914560,7.679997647181153,0.638311505317688,0.6383114712704968,0.00029930151302148963,False
410M:A4-OL1:0.5,410M,A4-OL1,31,31,65011712,7.670183653011918,0.6153120398521423,0.6153119843691013,0.0002992362623930057,False
410M:A4-OL1:0.5,410M,A4-OL1,32,32,67108864,7.639302264899015,0.9481807351112366,0.9481806547882728,0.0002991681063144474,False
410M:A4-OL1:0.5,410M,A4-OL1,33,33,69206016,7.631568904966116,0.42937129735946655,0.4293712210189541,0.0002990970461127315,False
410M:A4-OL1:0.5,410M,A4-OL1,34,34,71303168,7.57877978682518,0.44919899106025696,0.449198935362081,0.0002990230831713144,False
410M:A4-OL1:0.5,410M,A4-OL1,35,35,73400320,7.546843264251947,0.4798455834388733,0.47984553211695685,0.0002989462189301653,False
410M:A4-OL1:0.5,410M,A4-OL1,36,36,75497472,7.494154861196876,0.4094484746456146,0.4094484788987547,0.00029886645488573835,False
410M:A4-OL1:0.5,410M,A4-OL1,37,37,77594624,7.49135154671967,0.40520673990249634,0.4052067199421784,0.00029878379259094335,False
410M:A4-OL1:0.5,410M,A4-OL1,38,38,79691776,7.4798808842897415,0.3913182020187378,0.39131815035440165,0.0002986982336551155,False
410M:A4-OL1:0.5,410M,A4-OL1,39,39,81788928,7.4605609606951475,0.4811870753765106,0.48118706359972796,0.00029860977974398403,False
410M:A4-OL1:0.5,410M,A4-OL1,40,40,83886080,7.426946742460132,0.42948728799819946,0.4294872902593294,0.00029851843257963997,False
410M:A4-OL1:0.5,410M,A4-OL1,41,41,85983232,7.381920013576746,0.4631044268608093,0.4631044339385306,0.0002984241939405025,False
410M:A4-OL1:0.5,410M,A4-OL1,42,42,88080384,7.36341174133122,0.4439515471458435,0.44395150730110433,0.0002983270656612843,False
410M:A4-OL1:0.5,410M,A4-OL1,43,43,90177536,7.364864872768521,0.6383375525474548,0.6383374922563423,0.0002982270496329557,False
410M:A4-OL1:0.5,410M,A4-OL1,44,44,92274688,7.375450685620308,0.774474561214447,0.7744744920928336,0.00029812414780270837,False
410M:A4-OL1:0.5,410M,A4-OL1,45,45,94371840,7.291738437488675,0.7117180824279785,0.7117179714101889,0.0002980183621739167,False
410M:A4-OL1:0.5,410M,A4-OL1,46,46,96468992,7.278937965631485,0.8829108476638794,0.8829108654099413,0.0002979096948060994,False
410M:A4-OL1:0.5,410M,A4-OL1,47,47,98566144,7.272763142362237,0.7208091616630554,0.7208091454794501,0.0002977981478148791,False
410M:A4-OL1:0.5,410M,A4-OL1,48,48,100663296,7.224436836317182,0.5965787768363953,0.5965786732696203,0.00029768372337194115,False
410M:A4-OL1:0.5,410M,A4-OL1,49,49,102760448,7.17838304489851,0.6441177725791931,0.6441176951602507,0.00029756642370499153,False
410M:A4-OL1:0.5,410M,A4-OL1,50,50,104857600,7.12680615670979,0.27321887016296387,0.27321884414336867,0.00029744625109771324,False
410M:A4-OL1:0.5,410M,A4-OL1,51,51,106954752,7.083176147192717,0.37536272406578064,0.37536272996020376,0.00029732320788972215,False
410M:A4-OL1:0.5,410M,A4-OL1,52,52,109051904,7.107606753706932,0.4817255139350891,0.4817255290189154,0.0002971972964765211,False
410M:A4-OL1:0.5,410M,A4-OL1,53,53,111149056,7.138091308996081,0.7828950881958008,0.7828950107522443,0.0002970685193094534,False
410M:A4-OL1:0.5,410M,A4-OL1,54,54,113246208,7.091888267546892,0.6143513321876526,0.6143513113346418,0.00029693687889565534,False
410M:A4-OL1:0.5,410M,A4-OL1,55,55,115343360,7.0124306827783585,0.5542706251144409,0.5542705883082851,0.00029680237779800694,False
410M:A4-OL1:0.5,410M,A4-OL1,56,56,117440512,7.051506811752915,0.9286975264549255,0.9286974144880098,0.0002966650186350824,False
410M:A4-OL1:0.5,410M,A4-OL1,57,57,119537664,7.014345854520798,0.593914806842804,0.5939147624891344,0.000296524804081099,False
410M:A4-OL1:0.5,410M,A4-OL1,58,58,121634816,6.950866801664233,0.7257471084594727,0.7257470479785084,0.00029638173686586506,False
410M:A4-OL1:0.5,410M,A4-OL1,59,59,123731968,7.020793851464987,0.8434041738510132,0.843404049720088,0.0002962358197747267,False
410M:A4-OL1:0.5,410M,A4-OL1,60,60,125829120,6.952779831364751,0.7316879630088806,0.73168794806605,0.0002960870556485138,False
410M:A4-OL1:0.5,410M,A4-OL1,61,61,127926272,6.914135189726949,0.6800807118415833,0.6800807690566809,0.00029593544738348447,False
410M:A4-OL1:0.5,410M,A4-OL1,62,62,130023424,6.903720490634441,0.5514464974403381,0.5514464579464137,0.00029578099793126875,False
410M:A4-OL1:0.5,410M,A4-OL1,63,63,132120576,6.8822605814784765,0.5958461761474609,0.5958462378766897,0.0002956237102988113,False
410M:A4-OL1:0.5,410M,A4-OL1,64,64,134217728,6.844685338437557,0.4654092490673065,0.4654092426965407,0.0002954635875483127,False
410M:A4-OL1:0.5,410M,A4-OL1,65,65,136314880,6.816236101090908,0.7342843413352966,0.7342842769876958,0.0002953006327971698,False
410M:A4-OL1:0.5,410M,A4-OL1,66,66,138412032,6.836798256263137,0.6682267785072327,0.6682267718014887,0.000295134849217915,False
410M:A4-OL1:0.5,410M,A4-OL1,67,67,140509184,6.82422986254096,0.8407074213027954,0.8407074197699557,0.00029496624003815485,False
410M:A4-OL1:0.5,410M,A4-OL1,68,68,142606336,6.774935627356172,0.483851820230484,0.4838517861236524,0.00029479480854050665,False
410M:A4-OL1:0.5,410M,A4-OL1,69,69,144703488,6.764435674995184,0.9029264450073242,0.9029263970896335,0.0002946205580625349,False
410M:A4-OL1:0.5,410M,A4-OL1,70,70,146800640,6.797770254313946,0.8590959310531616,0.8590959142303317,0.0002944434919966865,False
410M:A4-OL1:0.5,410M,A4-OL1,71,71,148897792,6.742445778101683,0.6253300905227661,0.625330061871018,0.000294263613790224,False
410M:A4-OL1:0.5,410M,A4-OL1,72,72,150994944,6.722837671637535,1.2430939674377441,0.999999143994434,0.0002940809269451593,False
410M:A4-OL1:0.5,410M,A4-OL1,73,73,153092096,6.770787302404642,0.870771586894989,0.8707715456549839,0.00029389543501818496,False
410M:A4-OL1:0.5,410M,A4-OL1,74,74,155189248,6.70341713540256,1.2428655624389648,0.9999992535956808,0.00029370714162060515,False
410M:A4-OL1:0.5,410M,A4-OL1,75,75,157286400,6.714636521413922,0.7604231834411621,0.7604231329440775,0.00029351605041826517,False
410M:A4-OL1:0.5,410M,A4-OL1,76,76,159383552,6.668987872079015,0.7702743411064148,0.7702743360497813,0.0002933221651314804,False
410M:A4-OL1:0.5,410M,A4-OL1,77,77,161480704,6.6563881784677505,0.5319131016731262,0.5319131143356397,0.0002931254895349636,False
410M:A4-OL1:0.5,410M,A4-OL1,78,78,163577856,6.663085339590907,0.6700807213783264,0.6700807308996101,0.00029292602745775145,False
410M:A4-OL1:0.5,410M,A4-OL1,79,79,165675008,6.626420820131898,0.4623315930366516,0.462331559498823,0.00029272378278313003,False
410M:A4-OL1:0.5,410M,A4-OL1,80,80,167772160,6.627200182527304,0.6039435863494873,0.6039435887828277,0.0002925187594485593,False
410M:A4-OL1:0.5,410M,A4-OL1,81,81,169869312,6.624948585405946,0.5289558172225952,0.5289557917787139,0.00029231096144559637,False
410M:A4-OL1:0.5,410M,A4-OL1,82,82,171966464,6.589919639751315,0.550403356552124,0.5504033440010486,0.0002921003928198178,False
410M:A4-OL1:0.5,410M,A4-OL1,83,83,174063616,6.537663573399186,0.5329418778419495,0.5329418554824131,0.00029188705767074075,False
410M:A4-OL1:0.5,410M,A4-OL1,84,84,176160768,6.606317859143019,1.163435459136963,0.9999991240751047,0.0002916709601517435,False
410M:A4-OL1:0.5,410M,A4-OL1,85,85,178257920,6.627988135442138,0.7683097124099731,0.7683096638736397,0.0002914521044699839,False
410M:A4-OL1:0.5,410M,A4-OL1,86,86,180355072,6.552499201148748,0.5625147223472595,0.5625146764981741,0.00029123049488631846,False
410M:A4-OL1:0.5,410M,A4-OL1,87,87,182452224,6.524444254115224,0.44281890988349915,0.4428189200474888,0.0002910061357152183,False
410M:A4-OL1:0.5,410M,A4-OL1,88,88,184549376,6.528923649340868,0.6227817535400391,0.6227816503753406,0.0002907790313246862,False
410M:A4-OL1:0.5,410M,A4-OL1,89,89,186646528,6.512158021330833,0.6411594152450562,0.6411593915271494,0.0002905491861361705,False
410M:A4-OL1:0.5,410M,A4-OL1,90,90,188743680,6.535504814237356,0.5846665501594543,0.5846664942398884,0.0002903166046244801,False
410M:A4-OL1:0.5,410M,A4-OL1,91,91,190840832,6.5169816967099905,0.535507321357727,0.5355072763540839,0.00029008129131769645,False
410M:A4-OL1:0.5,410M,A4-OL1,92,92,192937984,6.508260648697615,0.4563625454902649,0.4563625093096772,0.00028984325079708587,False
410M:A4-OL1:0.5,410M,A4-OL1,93,93,195035136,6.485258851200342,0.7438972592353821,0.7438972140721795,0.0002896024876970104,False
410M:A4-OL1:0.5,410M,A4-OL1,94,94,197132288,6.478485791012645,0.4196229875087738,0.4196229695169512,0.00028935900670483714,False
410M:A4-OL1:0.5,410M,A4-OL1,95,95,199229440,6.459265425801277,0.6250913143157959,0.6250912758321665,0.00028911281256084744,False
410M:A4-OL1:0.5,410M,A4-OL1,96,96,201326592,6.433321645483375,0.5508453249931335,0.5508452683788014,0.00028886391005814445,False
410M:A4-OL1:0.5,410M,A4-OL1,97,97,203423744,6.410359779372811,0.6314114928245544,0.6314114695912268,0.00028861230404255973,False
410M:A4-OL1:0.5,410M,A4-OL1,98,98,205520896,6.4417835008352995,0.6769669651985168,0.6769669423165202,0.000288357999412559,False
410M:A4-OL1:0.5,410M,A4-OL1,99,99,207618048,6.4252600222826,0.456173837184906,0.4561738333366271,0.00028810100111914685,False
410M:A4-OL1:0.5,410M,A4-OL1,100,100,209715200,6.402160558849573,0.6036967039108276,0.6036967151728296,0.00028784131416577,False
410M:A4-OL1:0.5,410M,A4-OL1,101,101,211812352,6.376912195235491,0.5547372102737427,0.5547372216802758,0.0002875789436082204,False
410M:A4-OL1:0.5,410M,A4-OL1,102,102,213909504,6.396114565432072,0.9910160899162292,0.9910160416030338,0.00028731389455453644,False
410M:A4-OL1:0.5,410M,A4-OL1,103,103,216006656,6.382230449467897,0.6840395927429199,0.6840395826801967,0.0002870461721649035,False
410M:A4-OL1:0.5,410M,A4-OL1,104,104,218103808,6.393340162932873,0.565177321434021,0.5651772920167821,0.0002867757816515537,False
410M:A4-OL1:0.5,410M,A4-OL1,105,105,220200960,6.354822194203734,0.38870710134506226,0.3887070626129378,0.00028650272827866443,False
410M:A4-OL1:0.5,410M,A4-OL1,106,106,222298112,6.348417157307267,0.4106280207633972,0.41062803605177933,0.0002862270173622554,False
410M:A4-OL1:0.5,410M,A4-OL1,107,107,224395264,6.31631782092154,0.5669370293617249,0.5669369591677778,0.0002859486542700858,False
410M:A4-OL1:0.5,410M,A4-OL1,108,108,226492416,6.338657079264522,0.512039303779602,0.5120392722835323,0.0002856676444215494,False
410M:A4-OL1:0.5,410M,A4-OL1,109,109,228589568,6.327934419736266,0.3581058084964752,0.35810575784169396,0.000285383993287569,False
410M:A4-OL1:0.5,410M,A4-OL1,110,110,230686720,6.2909038960933685,0.42254385352134705,0.4225438703696488,0.0002850977063904902,False
410M:A4-OL1:0.5,410M,A4-OL1,111,111,232783872,6.329659253358841,0.6908209323883057,0.6908209362766837,0.0002848087893039737,False
410M:A4-OL1:0.5,410M,A4-OL1,112,112,234881024,6.2930555529892445,0.9793471097946167,0.9793470641707195,0.0002845172476528867,False
410M:A4-OL1:0.5,410M,A4-OL1,113,113,236978176,6.354918511584401,0.7562153935432434,0.7562154086024908,0.0002842230871131937,False
410M:A4-OL1:0.5,410M,A4-OL1,114,114,239075328,6.2948901783674955,0.41302698850631714,0.41302697217794904,0.0002839263134118457,False
410M:A4-OL1:0.5,410M,A4-OL1,115,115,241172480,6.26188800111413,0.5413318872451782,0.54133186782225,0.0002836269323266686,False
410M:A4-OL1:0.5,410M,A4-OL1,116,116,243269632,6.312124192714691,0.5554013848304749,0.5554013600073908,0.0002833249496862514,False
410M:A4-OL1:0.5,410M,A4-OL1,117,117,245366784,6.299588659778237,0.5269873738288879,0.52698732412785,0.0002830203713698318,False
410M:A4-OL1:0.5,410M,A4-OL1,118,118,247463936,6.261383973062038,0.4356323778629303,0.43563237760364615,0.00028271320330718237,False
410M:A4-OL1:0.5,410M,A4-OL1,119,119,249561088,6.267595741897821,0.3729220926761627,0.3729220874377034,0.00028240345147849497,False
410M:A4-OL1:0.5,410M,A4-OL1,120,120,251658240,6.220127059146762,0.3503090441226959,0.3503090208589664,0.0002820911219142641,False
410M:A4-OL1:0.5,410M,A4-OL1,121,121,253755392,6.230070564895868,0.45991840958595276,0.4599183962297297,0.00028177622069516984,False
410M:A4-OL1:0.5,410M,A4-OL1,122,122,255852544,6.229523373767734,0.7639032006263733,0.7639032069504547,0.00028145875395195913,False
410M:A4-OL1:0.5,410M,A4-OL1,123,123,257949696,6.213960401713848,0.9432803988456726,0.9432804107652774,0.00028113872786532666,False
410M:A4-OL1:0.5,410M,A4-OL1,124,124,260046848,6.2212469428777695,0.9255207777023315,0.9255207670556259,0.00028081614866579455,False
410M:A4-OL1:0.5,410M,A4-OL1,125,125,262144000,6.1918070167303085,0.6373684406280518,0.6373684036340037,0.00028049102263359065,False
410M:A4-OL1:0.5,410M,A4-OL1,126,126,264241152,6.240960290655494,0.7108857035636902,0.7108857254567816,0.00028016335609852696,False
410M:A4-OL1:0.5,410M,A4-OL1,127,127,266338304,6.185991454869509,0.6335686445236206,0.6335686125420812,0.0002798331554398756,False
410M:A4-OL1:0.5,410M,A4-OL1,128,128,268435456,6.169554537162185,0.5772625207901001,0.5772625401671421,0.0002795004270862454,False
410M:A4-OL1:0.5,410M,A4-OL1,129,129,270532608,6.241053929552436,0.6814761757850647,0.6814761506253993,0.0002791651775154561,False
410M:A4-OL1:0.5,410M,A4-OL1,130,130,272629760,6.1744575425982475,0.6542154550552368,0.6542154386372003,0.0002788274132544126,False
410M:A4-OL1:0.5,410M,A4-OL1,131,131,274726912,6.139938119798899,0.5989135503768921,0.5989135537086854,0.0002784871408789778,False
410M:A4-OL1:0.5,410M,A4-OL1,132,132,276824064,6.196043247357011,0.4214397370815277,0.42143974093301567,0.00027814436701384447,False
410M:A4-OL1:0.5,410M,A4-OL1,133,133,278921216,6.082329595461488,0.5713642239570618,0.5713641994391098,0.0002777990983324065,False
410M:A4-OL1:0.5,410M,A4-OL1,134,134,281018368,6.158821197226644,0.42550358176231384,0.42550357661824617,0.0002774513415566288,False
410M:A4-OL1:0.5,410M,A4-OL1,135,135,283115520,6.135063951835036,0.44025567173957825,0.4402556537136812,0.0002771011034569164,False
410M:A4-OL1:0.5,410M,A4-OL1,136,136,285212672,6.1415727362036705,0.4902963936328888,0.4902963678669413,0.0002767483908519828,False
410M:A4-OL1:0.5,410M,A4-OL1,137,137,287309824,6.11275608278811,0.6144229173660278,0.614422865318288,0.00027639321060871704,False
410M:A4-OL1:0.5,410M,A4-OL1,138,138,289406976,6.1239210199564695,0.5720470547676086,0.5720470854241967,0.0002760355696420503,False
410M:A4-OL1:0.5,410M,A4-OL1,139,139,291504128,6.105329297482967,0.8519808650016785,0.8519808859166662,0.0002756754749148208,False
410M:A4-OL1:0.5,410M,A4-OL1,140,140,293601280,6.160487622022629,0.6565030813217163,0.6565031013274446,0.0002753129334376388,False
410M:A4-OL1:0.5,410M,A4-OL1,141,141,295698432,6.123717024922371,1.0254764556884766,0.99999902073538,0.0002749479522687496,False
410M:A4-OL1:0.5,410M,A4-OL1,142,142,297795584,6.0817549750208855,0.7235519289970398,0.7235519076162971,0.00027458053851389647,False
410M:A4-OL1:0.5,410M,A4-OL1,143,143,299892736,6.059641685336828,0.6478622555732727,0.6478622204503718,0.00027421069932618213,False
410M:A4-OL1:0.5,410M,A4-OL1,144,144,301989888,6.12062968686223,0.8994431495666504,0.8994431417426638,0.0002738384419059297,False
410M:A4-OL1:0.5,410M,A4-OL1,145,145,304087040,6.056003080680966,0.6464901566505432,0.6464900930230093,0.00027346377350054226,False
410M:A4-OL1:0.5,410M,A4-OL1,146,146,306184192,6.084229053929448,0.6661086678504944,0.6661087139112105,0.00027308670140436175,False
410M:A4-OL1:0.5,410M,A4-OL1,147,147,308281344,6.081913277506828,0.37703993916511536,0.3770399550040399,0.0002727072329585274,False
410M:A4-OL1:0.5,410M,A4-OL1,148,148,310378496,6.081892030313611,0.7360559105873108,0.736055932713246,0.00027232537555083204,False
410M:A4-OL1:0.5,410M,A4-OL1,149,149,312475648,6.06194125674665,0.587224543094635,0.5872245754028002,0.00027194113661557914,False
410M:A4-OL1:0.5,410M,A4-OL1,150,150,314572800,6.068493163213134,0.4778183400630951,0.47781836389996896,0.0002715545236334373,False
410M:A4-OL1:0.5,410M,A4-OL1,151,151,316669952,6.064146963879466,0.44957268238067627,0.44957267666765055,0.00027116554413129517,False
410M:A4-OL1:0.5,410M,A4-OL1,152,152,318767104,6.049309007823467,0.6216228604316711,0.6216227991901493,0.00027077420568211456,False
410M:A4-OL1:0.5,410M,A4-OL1,153,153,320864256,6.025208830833435,0.39206597208976746,0.3920659708547309,0.00027038051590478327,False
410M:A4-OL1:0.5,410M,A4-OL1,154,154,322961408,6.062346067279577,0.5187525749206543,0.5187525544838991,0.0002699844824639665,False
410M:A4-OL1:0.5,410M,A4-OL1,155,155,325058560,6.0382554065436125,0.6038796901702881,0.6038796921033187,0.0002695861130699577,False
410M:A4-OL1:0.5,410M,A4-OL1,156,156,327155712,6.076575679704547,0.3697755038738251,0.3697755011807303,0.0002691854154785287,False
410M:A4-OL1:0.5,410M,A4-OL1,157,157,329252864,5.9876598715782166,0.5218698978424072,0.5218698586216,0.0002687823974907785,False
410M:A4-OL1:0.5,410M,A4-OL1,158,158,331350016,6.055107271298766,0.7690948247909546,0.7690948469343029,0.0002683770669529811,False
410M:A4-OL1:0.5,410M,A4-OL1,159,159,333447168,6.05029353313148,0.8567852973937988,0.8567852487959224,0.00026796943175643357,False
410M:A4-OL1:0.5,410M,A4-OL1,160,160,335544320,6.038994215428829,0.8226678967475891,0.8226679210698516,0.0002675594998373015,False
410M:A4-OL1:0.5,410M,A4-OL1,161,161,337641472,6.024589134380221,0.6494523286819458,0.6494523140293846,0.00026714727917646506,False
410M:A4-OL1:0.5,410M,A4-OL1,162,162,339738624,6.015331411734223,0.8363236784934998,0.836323665024439,0.0002667327777993635,False
410M:A4-OL1:0.5,410M,A4-OL1,163,163,341835776,5.970137692987919,0.9465194344520569,0.9465194103466992,0.0002663160037758388,False
410M:A4-OL1:0.5,410M,A4-OL1,164,164,343932928,6.019046347588301,0.621601402759552,0.6216013745953741,0.0002658969652199786,False
410M:A4-OL1:0.5,410M,A4-OL1,165,165,346030080,5.963308559730649,1.0068597793579102,0.9999990073818248,0.00026547567028995835,False
410M:A4-OL1:0.5,410M,A4-OL1,166,166,348127232,5.959573812782764,0.47437652945518494,0.4743765315844227,0.0002650521271878822,False
410M:A4-OL1:0.5,410M,A4-OL1,167,167,350224384,5.9534947238862514,0.7290740013122559,0.7290739212735079,0.00026462634415962377,False
410M:A4-OL1:0.5,410M,A4-OL1,168,168,352321536,5.94054364413023,0.4207926392555237,0.42079263330768724,0.0002641983294946651,False
410M:A4-OL1:0.5,410M,A4-OL1,169,169,354418688,5.954932821914554,0.688335120677948,0.6883350874776868,0.0002637680915259357,False
410M:A4-OL1:0.5,410M,A4-OL1,170,170,356515840,5.930494010448456,0.421527624130249,0.4215276078857386,0.00026333563862964993,False
410M:A4-OL1:0.5,410M,A4-OL1,171,171,358612992,5.935877483338118,0.5472261905670166,0.5472261835033646,0.0002629009792251442,False
410M:A4-OL1:0.5,410M,A4-OL1,172,172,360710144,5.959873957559466,0.45561400055885315,0.45561400397532875,0.00026246412177471305,False
410M:A4-OL1:0.5,410M,A4-OL1,173,173,362807296,5.933691469952464,0.6822060942649841,0.682206101591039,0.0002620250747834443,False
410M:A4-OL1:0.5,410M,A4-OL1,174,174,364904448,5.955696469172835,0.5741232633590698,0.574123244154773,0.0002615838467990533,False
410M:A4-OL1:0.5,410M,A4-OL1,175,175,367001600,5.917836967855692,0.5860502123832703,0.5860502126988268,0.00026114044641171704,False
410M:A4-OL1:0.5,410M,A4-OL1,176,176,369098752,5.928514610975981,0.45335057377815247,0.45335056473889895,0.0002606948822539063,False
410M:A4-OL1:0.5,410M,A4-OL1,177,177,371195904,5.9250932186841965,0.4572983682155609,0.4572983590747683,0.0002602471630002179,False
410M:A4-OL1:0.5,410M,A4-OL1,178,178,373293056,5.9550016559660435,0.5255013108253479,0.5255012732381679,0.0002597972973672059,False
410M:A4-OL1:0.5,410M,A4-OL1,179,179,375390208,5.950364105403423,0.4872143268585205,0.48721433329703157,0.0002593452941132117,False
410M:A4-OL1:0.5,410M,A4-OL1,180,180,377487360,5.943710772320628,0.4936888813972473,0.4936888489964038,0.00025889116203819365,False
410M:A4-OL1:0.5,410M,A4-OL1,181,181,379584512,5.875922987237573,0.5817134380340576,0.5817134667579948,0.0002584349099835556,False
410M:A4-OL1:0.5,410M,A4-OL1,182,182,381681664,5.92943456210196,0.596485435962677,0.596485445644487,0.00025797654683197487,False
410M:A4-OL1:0.5,410M,A4-OL1,183,183,383778816,5.90673291683197,0.6389092803001404,0.6389092222581103,0.0002575160815072294,False
410M:A4-OL1:0.5,410M,A4-OL1,184,184,385875968,5.880568312481046,0.7074085474014282,0.7074085994631072,0.00025705352297402366,False
410M:A4-OL1:0.5,410M,A4-OL1,185,185,387973120,5.92670632712543,1.0245518684387207,0.9999991608473124,0.00025658888023781474,False
410M:A4-OL1:0.5,410M,A4-OL1,186,186,390070272,5.907777387648821,1.0550618171691895,0.9999990947767695,0.00025612216234463623,False
410M:A4-OL1:0.5,410M,A4-OL1,187,187,392167424,5.922715216875076,0.8375727534294128,0.8375727066759537,0.00025565337838092284,False
410M:A4-OL1:0.5,410M,A4-OL1,188,188,394264576,5.897837270051241,0.91667240858078,0.9166723747325252,0.000255182537473333,False
410M:A4-OL1:0.5,410M,A4-OL1,189,189,396361728,5.871874446049333,0.7944116592407227,0.7944117071766447,0.0002547096487885714,False
410M:A4-OL1:0.5,410M,A4-OL1,190,190,398458880,5.919815622270107,0.631229043006897,0.6312290157454628,0.0002542347215332106,False
410M:A4-OL1:0.5,410M,A4-OL1,191,191,400556032,5.880409127101302,0.7453152537345886,0.7453151836175702,0.0002537577649535116,False
410M:A4-OL1:0.5,410M,A4-OL1,192,192,402653184,5.898538066074252,0.5594117641448975,0.5594117173494051,0.0002532787883352437,False
410M:A4-OL1:0.5,410M,A4-OL1,193,193,404750336,5.887224644422531,0.7686989903450012,0.7686989802175667,0.0002527978010035043,False
410M:A4-OL1:0.5,410M,A4-OL1,194,194,406847488,5.821595352143049,0.9366525411605835,0.9366525479291837,0.0002523148123225366,False
410M:A4-OL1:0.5,410M,A4-OL1,195,195,408944640,5.899677615612745,0.7676181793212891,0.767618191761762,0.0002518298316955479,False
410M:A4-OL1:0.5,410M,A4-OL1,196,196,411041792,5.886300748214126,0.970485508441925,0.9704854922980808,0.0002513428685645262,False
410M:A4-OL1:0.5,410M,A4-OL1,197,197,413138944,5.842795627191663,0.7164532542228699,0.7164532318695811,0.00025085393241005644,False
410M:A4-OL1:0.5,410M,A4-OL1,198,198,415236096,5.876018101349473,0.8181889057159424,0.8181889012464932,0.0002503630327511359,False
410M:A4-OL1:0.5,410M,A4-OL1,199,199,417333248,5.865628864616156,0.7477494478225708,0.7477494286852904,0.00024987017914498906,False
410M:A4-OL1:0.5,410M,A4-OL1,200,200,419430400,5.8381696082651615,0.5180041790008545,0.5180041389848393,0.0002493753811868814,False
410M:A4-OL1:0.5,410M,A4-OL1,201,201,421527552,5.840725064277649,0.5690725445747375,0.569072482640409,0.0002488786485099324,False
410M:A4-OL1:0.5,410M,A4-OL1,202,202,423624704,5.812082506716251,0.5872103571891785,0.5872103527891028,0.00024837999078492845,False
410M:A4-OL1:0.5,410M,A4-OL1,203,203,425721856,5.811420487239957,0.6184756755828857,0.6184756556047067,0.00024787941772013393,False
410M:A4-OL1:0.5,410M,A4-OL1,204,204,427819008,5.826146721839905,0.4763176143169403,0.476317609259899,0.000247376939061103,False
410M:A4-OL1:0.5,410M,A4-OL1,205,205,429916160,5.778325567021966,0.62993985414505,0.6299398728704144,0.00024687256459048914,False
410M:A4-OL1:0.5,410M,A4-OL1,206,206,432013312,5.7702894899994135,0.5939763784408569,0.5939763628689512,0.0002463663041278552,False
410M:A4-OL1:0.5,410M,A4-OL1,207,207,434110464,5.840474013239145,0.567276120185852,0.5672761320700817,0.0002458581675294818,False
410M:A4-OL1:0.5,410M,A4-OL1,208,208,436207616,5.789019729942083,0.5748611092567444,0.5748611444761408,0.0002453481646881759,False
410M:A4-OL1:0.5,410M,A4-OL1,209,209,438304768,5.751054322347045,0.4965817928314209,0.4965817935204389,0.0002448363055330777,False
410M:A4-OL1:0.5,410M,A4-OL1,210,210,440401920,5.788850458338857,0.5560141205787659,0.5560140977255,0.0002443226000294679,False
410M:A4-OL1:0.5,410M,A4-OL1,211,211,442499072,5.798192894086242,0.5486875176429749,0.5486875306238129,0.000243807058178573,False
410M:A4-OL1:0.5,410M,A4-OL1,212,212,444596224,5.747057734057307,0.5173264145851135,0.5173264022548175,0.0002432896900173714,False
410M:A4-OL1:0.5,410M,A4-OL1,213,213,446693376,5.818656854331493,0.6547892093658447,0.6547892030596704,0.00024277050561839718,False
410M:A4-OL1:0.5,410M,A4-OL1,214,214,448790528,5.731538579799235,0.5252755284309387,0.5252755153113412,0.00024224951508954463,False
410M:A4-OL1:0.5,410M,A4-OL1,215,215,450887680,5.756958998739719,0.5736604332923889,0.5736604245984759,0.00024172672857387107,False
410M:A4-OL1:0.5,410M,A4-OL1,216,216,452984832,5.787971438840032,0.7813100814819336,0.7813100742197102,0.00024120215624939955,False
410M:A4-OL1:0.5,410M,A4-OL1,217,217,455081984,5.785440227016807,0.6984493732452393,0.6984493815757138,0.00024067580832892076,False
410M:A4-OL1:0.5,410M,A4-OL1,218,218,457179136,5.786143662407994,0.718424916267395,0.7184249032460712,0.00024014769505979394,False
410M:A4-OL1:0.5,410M,A4-OL1,219,219,459276288,5.768554463982582,0.6900456547737122,0.6900456509734448,0.0002396178267237476,False
410M:A4-OL1:0.5,410M,A4-OL1,220,220,461373440,5.743102487176657,0.6757914423942566,0.6757914355169594,0.00023908621363667945,False
410M:A4-OL1:0.5,410M,A4-OL1,221,221,463470592,5.764238769188523,0.7094660997390747,0.7094660756219596,0.00023855286614845504,False
410M:A4-OL1:0.5,410M,A4-OL1,222,222,465567744,5.731738457456231,0.6303478479385376,0.6303478532745993,0.00023801779464270709,False
410M:A4-OL1:0.5,410M,A4-OL1,223,223,467664896,5.76110072620213,0.8397113084793091,0.8397113146783635,0.00023748100953663241,False
410M:A4-OL1:0.5,410M,A4-OL1,224,224,469762048,5.705848074518144,1.110166311264038,0.999999180849786,0.00023694252128078985,False
410M:A4-OL1:0.5,410M,A4-OL1,225,225,471859200,5.723791195079684,0.7068684697151184,0.7068684315865402,0.00023640234035889634,False
410M:A4-OL1:0.5,410M,A4-OL1,226,226,473956352,5.735191999003291,0.9816439151763916,0.9816439206154199,0.00023586047728762314,False
410M:A4-OL1:0.5,410M,A4-OL1,227,227,476053504,5.741878335364163,0.5884255766868591,0.5884255924378939,0.0002353169426163908,False
410M:A4-OL1:0.5,410M,A4-OL1,228,228,478150656,5.764260655269027,0.8627461194992065,0.8627461184825477,0.00023477174692716396,False
410M:A4-OL1:0.5,410M,A4-OL1,229,229,480247808,5.752081381157041,0.670922577381134,0.6709225788057319,0.00023422490083424525,False
410M:A4-OL1:0.5,410M,A4-OL1,230,230,482344960,5.731035096570849,0.6860131025314331,0.6860130878495201,0.00023367641498406877,False
410M:A4-OL1:0.5,410M,A4-OL1,231,231,484442112,5.705802116543055,0.5838243961334229,0.5838244259001933,0.00023312630005499258,False
410M:A4-OL1:0.5,410M,A4-OL1,232,232,486539264,5.711946208029985,0.6962713599205017,0.6962713673305135,0.00023257456675709095,False
410M:A4-OL1:0.5,410M,A4-OL1,233,233,488636416,5.7551901768893,0.6761766076087952,0.676176594388118,0.00023202122583194606,False
410M:A4-OL1:0.5,410M,A4-OL1,234,234,490733568,5.7066802848130465,0.6134693622589111,0.613469386344072,0.00023146628805243832,False
410M:A4-OL1:0.5,410M,A4-OL1,235,235,492830720,5.704172235913575,0.8489198684692383,0.8489198779535153,0.00023090976422253718,False
410M:A4-OL1:0.5,410M,A4-OL1,236,236,494927872,5.715072833001614,1.0949809551239014,0.9999991100928979,0.00023035166517709055,False
410M:A4-OL1:0.5,410M,A4-OL1,237,237,497025024,5.737806487828493,0.7262439727783203,0.7262439616338505,0.00022979200178161385,False
410M:A4-OL1:0.5,410M,A4-OL1,238,238,499122176,5.728366104885936,0.9416517019271851,0.9416516911326426,0.00022923078493207854,False
410M:A4-OL1:0.5,410M,A4-OL1,239,239,501219328,5.734809707850218,0.868986189365387,0.8689861643996032,0.0002286680255547,False
410M:A4-OL1:0.5,410M,A4-OL1,240,240,503316480,5.723607723601162,0.8587603569030762,0.8587603456959636,0.00022810373460572457,False
410M:A4-OL1:0.5,410M,A4-OL1,241,241,505413632,5.68555348739028,0.6026298999786377,0.6026299018474796,0.00022753792307121667,False
410M:A4-OL1:0.5,410M,A4-OL1,242,242,507510784,5.70424222946167,0.8781339526176453,0.8781339462109915,0.00022697060196684467,False
410M:A4-OL1:0.5,410M,A4-OL1,243,243,509607936,5.715164069086313,0.7288135290145874,0.7288135610434421,0.00022640178233766624,False
410M:A4-OL1:0.5,410M,A4-OL1,244,244,511705088,5.6822876669466496,0.6043444871902466,0.6043445219170066,0.0002258314752579137,False
410M:A4-OL1:0.5,410M,A4-OL1,245,245,513802240,5.714403381571174,0.7532761693000793,0.7532761698761958,0.0002252596918307783,False
410M:A4-OL1:0.5,410M,A4-OL1,246,246,515899392,5.6698443833738565,0.525127112865448,0.5251271033883717,0.0002246864431881938,False
410M:A4-OL1:0.5,410M,A4-OL1,247,247,517996544,5.699252899736166,0.6817074418067932,0.6817074239347668,0.00022411174049061998,False
410M:A4-OL1:0.5,410M,A4-OL1,248,248,520093696,5.622358243912458,0.5969814658164978,0.5969814740030138,0.00022353559492682543,False
410M:A4-OL1:0.5,410M,A4-OL1,249,249,522190848,5.731087787076831,0.6218273639678955,0.621827358193998,0.00022295801771366958,False
410M:A4-OL1:0.5,410M,A4-OL1,250,250,524288000,5.673242546617985,0.6529293060302734,0.6529293238298247,0.00022237902009588422,False
410M:A4-OL1:0.5,410M,A4-OL1,251,251,526385152,5.683532265946269,0.5014427304267883,0.5014427295926533,0.00022179861334585484,False
410M:A4-OL1:0.5,410M,A4-OL1,252,252,528482304,5.648288436233997,0.5989370942115784,0.598937092563593,0.0002212168087634009,False
410M:A4-OL1:0.5,410M,A4-OL1,253,253,530579456,5.694019494578242,0.4643539488315582,0.4643539535088541,0.00022063361767555618,False
410M:A4-OL1:0.5,410M,A4-OL1,254,254,532676608,5.637951711192727,0.5582586526870728,0.558258621750138,0.00022004905143634793,False
410M:A4-OL1:0.5,410M,A4-OL1,255,255,534773760,5.652168747037649,0.5523372888565063,0.5523372683083864,0.00021946312142657586,False
410M:A4-OL1:0.5,410M,A4-OL1,256,256,536870912,5.63072189502418,0.5316287279129028,0.5316286850747671,0.00021887583905359073,False
410M:A4-OL1:0.5,410M,A4-OL1,257,257,538968064,5.623262599110603,0.5713729858398438,0.5713730034014538,0.00021828721575107223,False
410M:A4-OL1:0.5,410M,A4-OL1,258,258,541065216,5.7049940172582865,0.7617455124855042,0.7617455128221606,0.00021769726297880622,False
410M:A4-OL1:0.5,410M,A4-OL1,259,259,543162368,5.631588023155928,0.6617319583892822,0.6617319951520396,0.00021710599222246182,False
410M:A4-OL1:0.5,410M,A4-OL1,260,260,545259520,5.63577046059072,0.6508340835571289,0.6508340969425606,0.0002165134149933677,False
410M:A4-OL1:0.5,410M,A4-OL1,261,261,547356672,5.663506466895342,0.6572927236557007,0.657292725461661,0.0002159195428282879,False
410M:A4-OL1:0.5,410M,A4-OL1,262,262,549453824,5.653804583474994,0.8444875478744507,0.8444875461744057,0.00021532438728919743,False
410M:A4-OL1:0.5,410M,A4-OL1,263,263,551550976,5.638429120182991,1.0083173513412476,0.9999990331962206,0.00021472795996305691,False
410M:A4-OL1:0.5,410M,A4-OL1,264,264,553648128,5.659500265493989,0.9864632487297058,0.9864632462697557,0.0002141302724615872,False
410M:A4-OL1:0.5,410M,A4-OL1,265,265,555745280,5.631980828940868,0.7116706371307373,0.7116706081849327,0.0002135313364210433,False
410M:A4-OL1:0.5,410M,A4-OL1,266,266,557842432,5.637158004567027,0.7818891406059265,0.7818891376146179,0.00021293116350198766,False
410M:A4-OL1:0.5,410M,A4-OL1,267,267,559939584,5.5662861336022615,0.8403406143188477,0.8403405758122735,0.0002123297653890633,False
410M:A4-OL1:0.5,410M,A4-OL1,268,268,562036736,5.619215711951256,0.9334536194801331,0.9334535975660584,0.00021172715379076632,False
410M:A4-OL1:0.5,410M,A4-OL1,269,269,564133888,5.656761988066137,0.7993894219398499,0.7993894659328101,0.00021112334043921782,False
410M:A4-OL1:0.5,410M,A4-OL1,270,270,566231040,5.576965678483248,0.8082208037376404,0.8082207778774504,0.00021051833708993572,False
410M:A4-OL1:0.5,410M,A4-OL1,271,271,568328192,5.585897130891681,0.8078624606132507,0.8078624615656148,0.0002099121555216057,False
410M:A4-OL1:0.5,410M,A4-OL1,272,272,570425344,5.539294282905757,0.6657316088676453,0.6657315489005955,0.00020930480753585185,False
410M:A4-OL1:0.5,410M,A4-OL1,273,273,572522496,5.60381225310266,0.671123743057251,0.6711237630696295,0.0002086963049570072,False
410M:A4-OL1:0.5,410M,A4-OL1,274,274,574619648,5.662967659533024,0.7857764959335327,0.7857765024421637,0.00020808665963188315,False
410M:A4-OL1:0.5,410M,A4-OL1,275,275,576716800,5.614368341863155,0.6151231527328491,0.6151231446945427,0.000207475883429539,False
410M:A4-OL1:0.5,410M,A4-OL1,276,276,578813952,5.535144315101206,0.9217161536216736,0.9217160999441258,0.00020686398824105103,False
410M:A4-OL1:0.5,410M,A4-OL1,277,277,580911104,5.639966394752264,0.8644635081291199,0.8644635635172117,0.00020625098597928067,False
410M:A4-OL1:0.5,410M,A4-OL1,278,278,583008256,5.617310352623463,0.6191951036453247,0.6191950685771398,0.00020563688857864272,False
410M:A4-OL1:0.5,410M,A4-OL1,279,279,585105408,5.585512399673462,0.8720909953117371,0.8720909699016949,0.00020502170799487315,False
410M:A4-OL1:0.5,410M,A4-OL1,280,280,587202560,5.637178575620055,0.9236823320388794,0.9236823330949676,0.00020440545620479606,False
410M:A4-OL1:0.5,410M,A4-OL1,281,281,589299712,5.592642154544592,0.6819669604301453,0.6819669317030352,0.00020378814520609072,False
410M:A4-OL1:0.5,410M,A4-OL1,282,282,591396864,5.62470443174243,0.785196840763092,0.7851968178066238,0.0002031697870170579,False
410M:A4-OL1:0.5,410M,A4-OL1,283,283,593494016,5.569714540615678,0.6112819314002991,0.6112819230481336,0.00020255039367638591,False
410M:A4-OL1:0.5,410M,A4-OL1,284,284,595591168,5.581163313239813,0.6702617406845093,0.6702617369202252,0.00020192997724291625,False
410M:A4-OL1:0.5,410M,A4-OL1,285,285,597688320,5.566188400611281,0.6627604365348816,0.6627604390672472,0.00020130854979540864,False
410M:A4-OL1:0.5,410M,A4-OL1,286,286,599785472,5.591874152421951,0.5189351439476013,0.5189351400914984,0.00020068612343230626,False
410M:A4-OL1:0.5,410M,A4-OL1,287,287,601882624,5.554036017507315,0.7897833585739136,0.7897833657588551,0.00020006271027149975,False
410M:A4-OL1:0.5,410M,A4-OL1,288,288,603979776,5.608887154608965,0.7315928339958191,0.7315928295246814,0.00019943832245009174,False
410M:A4-OL1:0.5,410M,A4-OL1,289,289,606076928,5.57250564917922,1.153884768486023,0.9999991751223354,0.00019881297212416012,False
410M:A4-OL1:0.5,410M,A4-OL1,290,290,608174080,5.582367544993758,1.0297353267669678,0.9999990866512125,0.0001981866714685217,False
410M:A4-OL1:0.5,410M,A4-OL1,291,291,610271232,5.4977486822754145,0.5978875160217285,0.5978874930432655,0.000197559432676495,False
410M:A4-OL1:0.5,410M,A4-OL1,292,292,612368384,5.5713089145720005,0.8268869519233704,0.8268869520871124,0.00019693126795966294,False
410M:A4-OL1:0.5,410M,A4-OL1,293,293,614465536,5.487457491457462,0.7325114607810974,0.7325114521183395,0.0001963021895476352,False
410M:A4-OL1:0.5,410M,A4-OL1,294,294,616562688,5.537160526961088,0.7211979627609253,0.7211979041127372,0.00019567220968780974,False
410M:A4-OL1:0.5,410M,A4-OL1,295,295,618659840,5.544353673234582,0.75248122215271,0.7524812227913871,0.0001950413406451349,False
410M:A4-OL1:0.5,410M,A4-OL1,296,296,620756992,5.529691865667701,0.7223358154296875,0.7223358041131847,0.00019440959470187012,False
410M:A4-OL1:0.5,410M,A4-OL1,297,297,622854144,5.578819788992405,0.6231665015220642,0.6231664787740225,0.00019377698415734725,False
410M:A4-OL1:0.5,410M,A4-OL1,298,298,624951296,5.558257091790438,0.7245656847953796,0.7245657209163417,0.00019314352132773066,False
410M:A4-OL1:0.5,410M,A4-OL1,299,299,627048448,5.577041782438755,0.6777587532997131,0.6777587982612089,0.00019250921854577788,False
410M:A4-OL1:0.5,410M,A4-OL1,300,300,629145600,5.5207794941961765,0.7832702398300171,0.7832702664006758,0.00019187408816059907,False
410M:A4-OL1:0.5,410M,A4-OL1,301,301,631242752,5.577704280614853,0.7204281091690063,0.720428111369515,0.00019123814253741716,False
410M:A4-OL1:0.5,410M,A4-OL1,302,302,633339904,5.570034613832831,0.795140266418457,0.7951402709928345,0.0001906013940573265,False
410M:A4-OL1:0.5,410M,A4-OL1,303,303,635437056,5.55341721419245,0.9501950740814209,0.950195012946435,0.0001899638551170521,False
410M:A4-OL1:0.5,410M,A4-OL1,304,304,637534208,5.506912246346474,0.628720760345459,0.6287207860387299,0.00018932553812870843,False
410M:A4-OL1:0.5,410M,A4-OL1,305,305,639631360,5.529597381129861,0.8311121463775635,0.8311121671497512,0.0001886864555195576,False
410M:A4-OL1:0.5,410M,A4-OL1,306,306,641728512,5.520172486081719,0.6742348074913025,0.6742348424641946,0.00018804661973176727,False
410M:A4-OL1:0.5,410M,A4-OL1,307,307,643825664,5.48795585334301,0.9951406121253967,0.99514061628545,0.00018740604322216878,False
410M:A4-OL1:0.5,410M,A4-OL1,308,308,645922816,5.598068811930716,0.8489293456077576,0.8489293377749202,0.0001867647384620143,False
410M:A4-OL1:0.5,410M,A4-OL1,309,309,648019968,5.53367848880589,0.9199029803276062,0.9199029402518959,0.00018612271793673422,False
410M:A4-OL1:0.5,410M,A4-OL1,310,310,650117120,5.533303454518318,0.6146999597549438,0.6146999302261593,0.000185479994145694,False
410M:A4-OL1:0.5,410M,A4-OL1,311,311,652214272,5.522293891757727,0.9187813401222229,0.9187813313917141,0.00018483657960195082,False
410M:A4-OL1:0.5,410M,A4-OL1,312,312,654311424,5.528669243678451,0.7450462579727173,0.7450462610472386,0.00018419248683200997,False
410M:A4-OL1:0.5,410M,A4-OL1,313,313,656408576,5.507084360346198,0.9229753017425537,0.9229753106565235,0.00018354772837558104,False
410M:A4-OL1:0.5,410M,A4-OL1,314,314,658505728,5.506402243860066,0.7368918061256409,0.7368917968592005,0.0001829023167853337,False
410M:A4-OL1:0.5,410M,A4-OL1,315,315,660602880,5.535944424569607,0.8903155326843262,0.8903155441993061,0.00018225626462665338,False
410M:A4-OL1:0.5,410M,A4-OL1,316,316,662700032,5.550025491043925,0.7168671488761902,0.7168671081523872,0.00018160958447739655,False
410M:A4-OL1:0.5,410M,A4-OL1,317,317,664797184,5.484167627990246,0.8512148857116699,0.8512148689176771,0.00018096228892764587,False
410M:A4-OL1:0.5,410M,A4-OL1,318,318,666894336,5.4892216650769114,0.7019870281219482,0.7019869869666591,0.0001803143905794652,False
410M:A4-OL1:0.5,410M,A4-OL1,319,319,668991488,5.522088753990829,1.0097334384918213,0.999999045108701,0.00017966590204665422,False
410M:A4-OL1:0.5,410M,A4-OL1,320,320,671088640,5.513814432546496,0.7638252377510071,0.763825246913516,0.0001790168359545025,False
410M:A4-OL1:0.5,410M,A4-OL1,321,321,673185792,5.484484083019197,0.7252351641654968,0.7252351645179734,0.00017836720493954442,False
410M:A4-OL1:0.5,410M,A4-OL1,322,322,675282944,5.485841799527407,0.7434152960777283,0.7434152865598626,0.00017771702164931229,False
410M:A4-OL1:0.5,410M,A4-OL1,323,323,677380096,5.504795348271728,0.6930971145629883,0.6930970697703067,0.00017706629874209083,False
410M:A4-OL1:0.5,410M,A4-OL1,324,324,679477248,5.518995329737663,0.5811261534690857,0.5811261525283689,0.00017641504888667043,False
410M:A4-OL1:0.5,410M,A4-OL1,325,325,681574400,5.499221259728074,0.6065786480903625,0.6065786380511698,0.00017576328476210035,False
410M:A4-OL1:0.5,410M,A4-OL1,326,326,683671552,5.503766048699617,0.579332709312439,0.5793327124579934,0.00017511101905744232,False
410M:A4-OL1:0.5,410M,A4-OL1,327,327,685768704,5.485598525032401,0.6321345567703247,0.6321345268013979,0.000174458264471523,False
410M:A4-OL1:0.5,410M,A4-OL1,328,328,687865856,5.5154786156490445,0.6899433732032776,0.6899433887235351,0.00017380503371268704,False
410M:A4-OL1:0.5,410M,A4-OL1,329,329,689963008,5.51624527387321,0.5557560324668884,0.555756033754289,0.00017315133949854968,False
410M:A4-OL1:0.5,410M,A4-OL1,330,330,692060160,5.478667685762048,0.842093825340271,0.8420938167974132,0.000172497194555749,False
410M:A4-OL1:0.5,410M,A4-OL1,331,331,694157312,5.459251893684268,0.9715884327888489,0.9715883679321319,0.00017184261161969823,False
410M:A4-OL1:0.5,410M,A4-OL1,332,332,696254464,5.508406442590058,0.6520247459411621,0.6520247370833843,0.0001711876034343379,False
410M:A4-OL1:0.5,410M,A4-OL1,333,333,698351616,5.484088262543082,1.1274255514144897,0.9999990915410129,0.00017053218275188745,False
410M:A4-OL1:0.5,410M,A4-OL1,334,334,700448768,5.511448442935944,0.7081995010375977,0.7081995048055896,0.00016987636233259726,False
410M:A4-OL1:0.5,410M,A4-OL1,335,335,702545920,5.472515029832721,0.8613325953483582,0.8613325736288703,0.00016922015494450008,False
410M:A4-OL1:0.5,410M,A4-OL1,336,336,704643072,5.453276609070599,0.8810897469520569,0.881089788435879,0.00016856357336316247,False
410M:A4-OL1:0.5,410M,A4-OL1,337,337,706740224,5.489807461388409,0.7300422787666321,0.7300423107514591,0.00016790663037143618,False
410M:A4-OL1:0.5,410M,A4-OL1,338,338,708837376,5.457560470327735,0.9322689175605774,0.9322689494225241,0.00016724933875920893,False
410M:A4-OL1:0.5,410M,A4-OL1,339,339,710934528,5.4237756337970495,0.8420924544334412,0.8420923759996456,0.00016659171132315598,False
410M:A4-OL1:0.5,410M,A4-OL1,340,340,713031680,5.476410060189664,0.7614701986312866,0.7614702511830227,0.0001659337608664904,False
410M:A4-OL1:0.5,410M,A4-OL1,341,341,715128832,5.479855817742646,0.7401449084281921,0.7401449081077136,0.0001652755001987143,False
410M:A4-OL1:0.5,410M,A4-OL1,342,342,717225984,5.496691292151809,0.9267206192016602,0.9267206911501985,0.00016461694213536907,False
410M:A4-OL1:0.5,410M,A4-OL1,343,343,719323136,5.477338798344135,0.8677080273628235,0.8677080482532058,0.0001639580994977861,False
410M:A4-OL1:0.5,410M,A4-OL1,344,344,721420288,5.437438844703138,0.8436357975006104,0.8436358004820683,0.00016329898511283707,False
410M:A4-OL1:0.5,410M,A4-OL1,345,345,723517440,5.463911795988679,0.8259819746017456,0.8259819351638973,0.00016263961181268427,False
410M:A4-OL1:0.5,410M,A4-OL1,346,346,725614592,5.462165769189596,0.7601884603500366,0.7601884344848432,0.00016197999243453085,False
410M:A4-OL1:0.5,410M,A4-OL1,347,347,727711744,5.456021312624216,0.541144609451294,0.5411446277339986,0.00016132013982037057,False
410M:A4-OL1:0.5,410M,A4-OL1,348,348,729808896,5.453939979895949,0.7825787663459778,0.7825787747974949,0.00016066006681673826,False
410M:A4-OL1:0.5,410M,A4-OL1,349,349,731906048,5.426335557363927,0.49537643790245056,0.4953764219805876,0.00015999978627445928,False
410M:A4-OL1:0.5,410M,A4-OL1,350,350,734003200,5.454983940348029,0.9508287906646729,0.9508288022606792,0.00015933931104839964,False
410M:A4-OL1:0.5,410M,A4-OL1,351,351,736100352,5.503260675817728,0.5520649552345276,0.5520649471394118,0.0001586786539972156,False
410M:A4-OL1:0.5,410M,A4-OL1,352,352,738197504,5.479958148673177,1.0555750131607056,0.9999990932685668,0.0001580178279831033,False
410M:A4-OL1:0.5,410M,A4-OL1,353,353,740294656,5.457514796406031,0.6935999393463135,0.6935999175264088,0.00015735684587154828,False
410M:A4-OL1:0.5,410M,A4-OL1,354,354,742391808,5.441579793579876,1.1614958047866821,0.9999991048880674,0.00015669572053107536,False
410M:A4-OL1:0.5,410M,A4-OL1,355,355,744488960,5.45373772829771,0.9355546236038208,0.935554640187553,0.00015603446483299758,False
410M:A4-OL1:0.5,410M,A4-OL1,356,356,746586112,5.476813405752182,0.9953555464744568,0.9953555453953852,0.0001553730916511661,False
410M:A4-OL1:0.5,410M,A4-OL1,357,357,748683264,5.477141011506319,1.0502716302871704,0.9999990207703494,0.00015471161386171922,False
410M:A4-OL1:0.5,410M,A4-OL1,358,358,750780416,5.425771355628967,1.179774284362793,0.9999991591316749,0.0001540500443428319,False
410M:A4-OL1:0.5,410M,A4-OL1,359,359,752877568,5.49798699002713,1.1276506185531616,0.999999195675099,0.00015338839597446496,False
410M:A4-OL1:0.5,410M,A4-OL1,360,360,754974720,5.496050642803311,0.9219537973403931,0.9219537848690993,0.00015272668163811417,False
410M:A4-OL1:0.5,410M,A4-OL1,361,361,757071872,5.456501480191946,0.9768148064613342,0.9768147614981993,0.00015206491421655992,False
410M:A4-OL1:0.5,410M,A4-OL1,362,362,759169024,5.43010264262557,0.9967173933982849,0.9967174106712297,0.00015140310659361573,False
410M:A4-OL1:0.5,410M,A4-OL1,363,363,761266176,5.4713402120396495,0.7597900032997131,0.7597899781494019,0.00015074127165387813,False
410M:A4-OL1:0.5,410M,A4-OL1,364,364,763363328,5.449031362310052,0.997342586517334,0.9973426149277969,0.00015007942228247525,False
410M:A4-OL1:0.5,410M,A4-OL1,365,365,765460480,5.423658463172615,0.6812860369682312,0.6812860142725871,0.0001494175713648163,False
410M:A4-OL1:0.5,410M,A4-OL1,366,366,767557632,5.448581302538514,1.0353196859359741,0.9999990097545352,0.00014875573178634057,False
410M:A4-OL1:0.5,410M,A4-OL1,367,367,769654784,5.447041977196932,0.5981378555297852,0.598137851488344,0.00014809391643226657,False
410M:A4-OL1:0.5,410M,A4-OL1,368,368,771751936,5.428073868155479,0.8754140734672546,0.8754140709632378,0.00014743213818734123,False
410M:A4-OL1:0.5,410M,A4-OL1,369,369,773849088,5.408922763541341,0.6585684418678284,0.6585684335833444,0.00014677040993558893,False
410M:A4-OL1:0.5,410M,A4-OL1,370,370,775946240,5.441145831719041,0.7723286151885986,0.7723286226598022,0.00014610874456006087,False
410M:A4-OL1:0.5,410M,A4-OL1,371,371,778043392,5.4281109580770135,0.7028329372406006,0.7028329214642064,0.00014544715494258396,False
410M:A4-OL1:0.5,410M,A4-OL1,372,372,780140544,5.439549123868346,0.7835211753845215,0.7835211346686027,0.0001447856539635104,False
410M:A4-OL1:0.5,410M,A4-OL1,373,373,782237696,5.394799487665296,0.7214275598526001,0.721427568546586,0.00014412425450146648,False
410M:A4-OL1:0.5,410M,A4-OL1,374,374,784334848,5.501346942037344,0.8205357789993286,0.8205357406309833,0.00014346296943310225,False
410M:A4-OL1:0.5,410M,A4-OL1,375,375,786432000,5.374546969309449,0.7673514485359192,0.7673513742318594,0.00014280181163284054,False
410M:A4-OL1:0.5,410M,A4-OL1,376,376,788529152,5.483566649258137,0.6066935062408447,0.6066935396198756,0.0001421407939726265,False
410M:A4-OL1:0.5,410M,A4-OL1,377,377,790626304,5.462441258132458,0.8059590458869934,0.8059590647735716,0.00014147992932167692,False
410M:A4-OL1:0.5,410M,A4-OL1,378,378,792723456,5.397749409079552,0.582594096660614,0.582594031245138,0.00014081923054622963,False
410M:A4-OL1:0.5,410M,A4-OL1,379,379,794820608,5.447603413835168,0.9115987420082092,0.9115987261161868,0.00014015871050929312,False
410M:A4-OL1:0.5,410M,A4-OL1,380,380,796917760,5.411255093291402,0.5776944160461426,0.5776943785946991,0.000139498382070396,False
410M:A4-OL1:0.5,410M,A4-OL1,381,381,799014912,5.443265202455223,0.7702139019966125,0.7702138855748263,0.00013883825808533673,False
410M:A4-OL1:0.5,410M,A4-OL1,382,382,801112064,5.407311784103513,0.6135244369506836,0.6135244008980621,0.0001381783514059333,False
410M:A4-OL1:0.5,410M,A4-OL1,383,383,803209216,5.395665585063398,0.7493765354156494,0.7493765480601505,0.0001375186748797731,False
410M:A4-OL1:0.5,410M,A4-OL1,384,384,805306368,5.406801329925656,0.686104416847229,0.6861044356739635,0.00013685924134996247,False
410M:A4-OL1:0.5,410M,A4-OL1,385,385,807403520,5.4363696333020926,0.6890270709991455,0.6890270811367389,0.00013620006365487722,False
410M:A4-OL1:0.5,410M,A4-OL1,386,386,809500672,5.406351014971733,0.7032268643379211,0.7032269216827339,0.0001355411546279121,False
410M:A4-OL1:0.5,410M,A4-OL1,387,387,811597824,5.381854911334813,0.5576789975166321,0.5576789830452111,0.00013488252709723135,False
410M:A4-OL1:0.5,410M,A4-OL1,388,388,813694976,5.434478427283466,0.8461028933525085,0.8461028919294062,0.0001342241938855189,False
410M:A4-OL1:0.5,410M,A4-OL1,389,389,815792128,5.412034723907709,0.5475361943244934,0.5475361821414829,0.0001335661678097284,False
410M:A4-OL1:0.5,410M,A4-OL1,390,390,817889280,5.399883462116122,0.7292506098747253,0.7292505861240052,0.00013290846168083418,False
410M:A4-OL1:0.5,410M,A4-OL1,391,391,819986432,5.390330749563873,0.5674789547920227,0.567478971344131,0.0001322510883035814,False
410M:A4-OL1:0.5,410M,A4-OL1,392,392,822083584,5.378932787105441,0.6900113224983215,0.6900113633691504,0.00013159406047623715,False
410M:A4-OL1:0.5,410M,A4-OL1,393,393,824180736,5.395111218094826,0.5507231950759888,0.5507231635705221,0.00013093739099034077,False
410M:A4-OL1:0.5,410M,A4-OL1,394,394,826277888,5.387237092480063,0.5556367635726929,0.5556367382357003,0.00013028109263045555,False
410M:A4-OL1:0.5,410M,A4-OL1,395,395,828375040,5.3741280268877745,0.6204166412353516,0.6204166378738096,0.00012962517817391894,False
410M:A4-OL1:0.5,410M,A4-OL1,396,396,830472192,5.40850024856627,0.7048109173774719,0.7048109448429651,0.00012896966039059463,False
410M:A4-OL1:0.5,410M,A4-OL1,397,397,832569344,5.390171572566032,0.723861038684845,0.723861018247211,0.00012831455204262337,False
410M:A4-OL1:0.5,410M,A4-OL1,398,398,834666496,5.396309897303581,0.6789689660072327,0.6789689793495645,0.00012765986588417474,False
410M:A4-OL1:0.5,410M,A4-OL1,399,399,836763648,5.425350397825241,0.663696825504303,0.6636968497840288,0.0001270056146611988,False
410M:A4-OL1:0.5,410M,A4-OL1,400,400,838860800,5.3783601354807615,0.6566554307937622,0.6566553787305124,0.00012635181111117795,False
410M:A4-OL1:0.5,410M,A4-OL1,401,401,840957952,5.417830867692828,0.7037484049797058,0.7037484577517009,0.00012569846796287894,False
410M:A4-OL1:0.5,410M,A4-OL1,402,402,843055104,5.432725957594812,0.8068305253982544,0.8068305165032708,0.00012504559793610501,False
410M:A4-OL1:0.5,410M,A4-OL1,403,403,845152256,5.407243420369923,0.9442552328109741,0.9442551985588682,0.0001243932137414484,False
410M:A4-OL1:0.5,410M,A4-OL1,404,404,847249408,5.359929794445634,0.7443317174911499,0.7443317508921199,0.00012374132808004262,False
410M:A4-OL1:0.5,410M,A4-OL1,405,405,849346560,5.390717416070402,0.7480010390281677,0.7480010625233108,0.00012308995364331547,False
410M:A4-OL1:0.5,410M,A4-OL1,406,406,851443712,5.384216837584972,0.7629550099372864,0.7629549942746368,0.00012243910311274175,False
410M:A4-OL1:0.5,410M,A4-OL1,407,407,853540864,5.420962677337229,0.7464457154273987,0.7464457996085596,0.00012178878915959652,False
410M:A4-OL1:0.5,410M,A4-OL1,408,408,855638016,5.376489486545324,0.6264894604682922,0.6264894780378041,0.00012113902444470825,False
410M:A4-OL1:0.5,410M,A4-OL1,409,409,857735168,5.392723380587995,0.6781248450279236,0.6781248684594131,0.00012048982161821243,False
410M:A4-OL1:0.5,410M,A4-OL1,410,410,859832320,5.3532538721337914,0.6016961932182312,0.6016961626365934,0.00011984119331930529,False
410M:A4-OL1:0.5,410M,A4-OL1,411,411,861929472,5.40052586607635,0.5608859658241272,0.5608859639389232,0.00011919315217599761,False
410M:A4-OL1:0.5,410M,A4-OL1,412,412,864026624,5.402785850688815,0.6246835589408875,0.6246835197969497,0.0001185457108048691,False
410M:A4-OL1:0.5,410M,A4-OL1,413,413,866123776,5.376447812654078,0.522596538066864,0.5225965227526768,0.00011789888181082247,False
410M:A4-OL1:0.5,410M,A4-OL1,414,414,868220928,5.346591617912054,0.5784710049629211,0.5784710025991718,0.00011725267778683835,False
410M:A4-OL1:0.5,410M,A4-OL1,415,415,870318080,5.369682252407074,0.5664917230606079,0.5664917094339872,0.00011660711131372976,False
410M:A4-OL1:0.5,410M,A4-OL1,416,416,872415232,5.372548673301935,0.5962609648704529,0.5962609294616958,0.00011596219495989758,False
410M:A4-OL1:0.5,410M,A4-OL1,417,417,874512384,5.3460865300148726,0.6623426079750061,0.6623425995646202,0.00011531794128108547,False
410M:A4-OL1:0.5,410M,A4-OL1,418,418,876609536,5.377961862832308,0.5876289010047913,0.5876289098024501,0.00011467436282013577,False
410M:A4-OL1:0.5,410M,A4-OL1,419,419,878706688,5.370711053721607,0.7382926344871521,0.7382926570044902,0.00011403147210674502,False
410M:A4-OL1:0.5,410M,A4-OL1,420,420,880803840,5.37711051478982,0.6787120699882507,0.6787120855665526,0.00011338928165722019,False
410M:A4-OL1:0.5,410M,A4-OL1,421,421,882900992,5.355433815158904,0.5742996335029602,0.5742996478349474,0.00011274780397423502,False
410M:A4-OL1:0.5,410M,A4-OL1,422,422,884998144,5.3628585347905755,0.6664587259292603,0.6664586931595189,0.00011210705154658638,False
410M:A4-OL1:0.5,410M,A4-OL1,423,423,887095296,5.375116765499115,0.6548327207565308,0.6548327339793707,0.00011146703684895151,False
410M:A4-OL1:0.5,410M,A4-OL1,424,424,889192448,5.418563554063439,0.6972509026527405,0.697250912382322,0.00011082777234164466,False
410M:A4-OL1:0.5,410M,A4-OL1,425,425,891289600,5.342270195484161,0.6743807196617126,0.6743806942338565,0.00011018927047037511,False
410M:A4-OL1:0.5,410M,A4-OL1,426,426,893386752,5.36730491835624,0.45558440685272217,0.455584384902617,0.00010955154366600423,False
410M:A4-OL1:0.5,410M,A4-OL1,427,427,895483904,5.378871771506965,0.7826197147369385,0.7826197286759992,0.00010891460434430402,False
410M:A4-OL1:0.5,410M,A4-OL1,428,428,897581056,5.3682450680062175,0.6797164082527161,0.6797164150575493,0.00010827846490571494,False
410M:A4-OL1:0.5,410M,A4-OL1,429,429,899678208,5.318695274181664,0.7179046273231506,0.7179046356187765,0.0001076431377351048,False
410M:A4-OL1:0.5,410M,A4-OL1,430,430,901775360,5.363407334312797,1.1612879037857056,0.9999992224265996,0.00010700863520152756,False
410M:A4-OL1:0.5,410M,A4-OL1,431,431,903872512,5.357567202299833,0.8494533896446228,0.8494533488821132,0.00010637496965798236,False
410M:A4-OL1:0.5,410M,A4-OL1,432,432,905969664,5.369358662515879,0.6098937392234802,0.6098937474335362,0.00010574215344117333,False
410M:A4-OL1:0.5,410M,A4-OL1,433,433,908066816,5.378681438043714,0.8738388419151306,0.8738388198871163,0.00010511019887126906,False
410M:A4-OL1:0.5,410M,A4-OL1,434,434,910163968,5.358800575137138,0.6147128939628601,0.6147128764067437,0.0001044791182516631,False
410M:A4-OL1:0.5,410M,A4-OL1,435,435,912261120,5.352845794521272,0.7136945128440857,0.7136945377697643,0.00010384892386873397,False
410M:A4-OL1:0.5,410M,A4-OL1,436,436,914358272,5.306293375790119,0.6936096549034119,0.6936096710667822,0.00010321962799160653,False
410M:A4-OL1:0.5,410M,A4-OL1,437,437,916455424,5.353378504514694,0.541516900062561,0.541516906841076,0.00010259124287191258,False
410M:A4-OL1:0.5,410M,A4-OL1,438,438,918552576,5.377588639035821,0.8672531843185425,0.8672531977707231,0.00010196378074355277,False
410M:A4-OL1:0.5,410M,A4-OL1,439,439,920649728,5.357082270085812,0.4587087333202362,0.4587087466666444,0.00010133725382245806,False
410M:A4-OL1:0.5,410M,A4-OL1,440,440,922746880,5.322336310520768,0.7081127166748047,0.7081126893270708,0.00010071167430635212,False
410M:A4-OL1:0.5,410M,A4-OL1,441,441,924844032,5.357512466609478,0.5228829979896545,0.5228830078558844,0.00010008705437451384,False
410M:A4-OL1:0.5,410M,A4-OL1,442,442,926941184,5.34185110218823,0.7480008006095886,0.7480008191737224,9.946340618753999e-05,False
410M:A4-OL1:0.5,410M,A4-OL1,443,443,929038336,5.346412930637598,0.628000795841217,0.6280007693116854,9.884074188710887e-05,False
410M:A4-OL1:0.5,410M,A4-OL1,444,444,931135488,5.338875918649137,0.5032361149787903,0.5032361269835096,9.821907359574349e-05,False
410M:A4-OL1:0.5,410M,A4-OL1,445,445,933232640,5.36702330969274,0.5064646601676941,0.5064646893572243,9.759841341657598e-05,False
410M:A4-OL1:0.5,410M,A4-OL1,446,446,935329792,5.324471743777394,0.48711109161376953,0.48711108066136466,9.697877343311144e-05,False
410M:A4-OL1:0.5,410M,A4-OL1,447,447,937426944,5.322186347097158,0.459381103515625,0.45938112536154624,9.63601657089933e-05,False
410M:A4-OL1:0.5,410M,A4-OL1,448,448,939524096,5.355062611401081,0.4858108460903168,0.48581084816904674,9.57426022877679e-05,False
410M:A4-OL1:0.5,410M,A4-OL1,449,449,941621248,5.334585327655077,0.43095487356185913,0.4309549166313738,9.512609519265047e-05,False
410M:A4-OL1:0.5,410M,A4-OL1,450,450,943718400,5.3305201372131705,0.39304181933403015,0.3930418078195237,9.451065642629069e-05,False
410M:A4-OL1:0.5,410M,A4-OL1,451,451,945815552,5.353884284384549,0.4090079665184021,0.40900797498307934,9.389629797053923e-05,False
410M:A4-OL1:0.5,410M,A4-OL1,452,452,947912704,5.355778815224767,0.46631714701652527,0.4663171184007267,9.328303178621443e-05,False
410M:A4-OL1:0.5,410M,A4-OL1,453,453,950009856,5.356824718415737,0.4072890877723694,0.4072890941046232,9.267086981286936e-05,False
410M:A4-OL1:0.5,410M,A4-OL1,454,454,952107008,5.347031977027655,0.40468552708625793,0.40468552156133836,9.205982396855955e-05,False
410M:A4-OL1:0.5,410M,A4-OL1,455,455,954204160,5.341042565181851,0.41669294238090515,0.4166929505010682,9.144990614961065e-05,False
410M:A4-OL1:0.5,410M,A4-OL1,456,456,956301312,5.355546485632658,0.4341605305671692,0.43416051514472004,9.08411282303873e-05,False
410M:A4-OL1:0.5,410M,A4-OL1,457,457,958398464,5.307036615908146,0.3867790997028351,0.3867790875145571,9.023350206306132e-05,False
410M:A4-OL1:0.5,410M,A4-OL1,458,458,960495616,5.364626130089164,0.44976329803466797,0.44976330804630077,8.962703947738161e-05,False
410M:A4-OL1:0.5,410M,A4-OL1,459,459,962592768,5.345100267790258,0.48329341411590576,0.48329340168599966,8.902175228044334e-05,False
410M:A4-OL1:0.5,410M,A4-OL1,460,460,964689920,5.31230925489217,0.5326589345932007,0.5326589481731349,8.841765225645844e-05,False
410M:A4-OL1:0.5,410M,A4-OL1,461,461,966787072,5.318555122241378,0.5455144047737122,0.5455143745801273,8.781475116652585e-05,False
410M:A4-OL1:0.5,410M,A4-OL1,462,462,968884224,5.306099271401763,0.5103336572647095,0.5103336988325263,8.721306074840287e-05,False
410M:A4-OL1:0.5,410M,A4-OL1,463,463,970981376,5.316386573947966,0.5779878497123718,0.5779879105509664,8.661259271627637e-05,False
410M:A4-OL1:0.5,410M,A4-OL1,464,464,973078528,5.290613275021315,0.6650333404541016,0.665033337841262,8.601335876053478e-05,False
410M:A4-OL1:0.5,410M,A4-OL1,465,465,975175680,5.269818989560008,0.5701846480369568,0.5701846124533846,8.541537054754079e-05,False
410M:A4-OL1:0.5,410M,A4-OL1,466,466,977272832,5.329238525591791,0.5557184815406799,0.5557185011110964,8.481863971940378e-05,False
410M:A4-OL1:0.5,410M,A4-OL1,467,467,979369984,5.333678480237722,0.5328238606452942,0.5328238658091706,8.422317789375337e-05,False
410M:A4-OL1:0.5,410M,A4-OL1,468,468,981467136,5.3451291201636195,0.5164379477500916,0.5164379665220373,8.362899666351327e-05,False
410M:A4-OL1:0.5,410M,A4-OL1,469,469,983564288,5.320842293091118,0.5327847599983215,0.5327847527344534,8.303610759667568e-05,False
410M:A4-OL1:0.5,410M,A4-OL1,470,470,985661440,5.350493162870407,0.5548524856567383,0.5548524791258307,8.244452223607558e-05,False
410M:A4-OL1:0.5,410M,A4-OL1,471,471,987758592,5.306817155331373,0.5966202020645142,0.5966202407002289,8.185425209916678e-05,False
410M:A4-OL1:0.5,410M,A4-OL1,472,472,989855744,5.309968505054712,0.5455412268638611,0.5455412554065753,8.126530867779703e-05,False
410M:A4-OL1:0.5,410M,A4-OL1,473,473,991952896,5.324043449014425,0.5816525816917419,0.5816525831113724,8.067770343798446e-05,False
410M:A4-OL1:0.5,410M,A4-OL1,474,474,994050048,5.328624699264765,0.49252960085868835,0.4925296206669532,8.00914478196947e-05,False
410M:A4-OL1:0.5,410M,A4-OL1,475,475,996147200,5.336215851828456,0.4943425953388214,0.49434257766001116,7.950655323661762e-05,False
410M:A4-OL1:0.5,410M,A4-OL1,476,476,998244352,5.3104884922504425,0.6387036442756653,0.6387036189165205,7.89230310759455e-05,False
410M:A4-OL1:0.5,410M,A4-OL1,477,477,1000341504,5.331869089975953,0.7254101037979126,0.7254101325742844,7.834089269815109e-05,False
410M:A4-OL1:0.5,410M,A4-OL1,478,478,1002438656,5.275694254785776,0.572927713394165,0.57292770362038,7.776014943676678e-05,False
410M:A4-OL1:0.5,410M,A4-OL1,479,479,1004535808,5.302663973532617,0.5482190251350403,0.5482189638108941,7.718081259816351e-05,False
410M:A4-OL1:0.5,410M,A4-OL1,480,480,1006632960,5.359401471912861,0.6058103442192078,0.605810376758575,7.660289346133094e-05,False
410M:A4-OL1:0.5,410M,A4-OL1,481,481,1008730112,5.295613867230713,0.5002513527870178,0.5002513484229361,7.602640327765782e-05,False
410M:A4-OL1:0.5,410M,A4-OL1,482,482,1010827264,5.338547978550196,0.5270361304283142,0.5270361149454993,7.545135327071283e-05,False
410M:A4-OL1:0.5,410M,A4-OL1,483,483,1012924416,5.316251447424293,0.40398091077804565,0.4039809108134033,7.487775463602618e-05,False
410M:A4-OL1:0.5,410M,A4-OL1,484,484,1015021568,5.283148261718452,0.511506199836731,0.5115062118260332,7.430561854087168e-05,False
410M:A4-OL1:0.5,410M,A4-OL1,485,485,1017118720,5.316641550511122,0.496133416891098,0.49613340440583426,7.373495612404918e-05,False
410M:A4-OL1:0.5,410M,A4-OL1,486,486,1019215872,5.303493548184633,0.47210872173309326,0.47210875239055256,7.316577849566776e-05,False
410M:A4-OL1:0.5,410M,A4-OL1,487,487,1021313024,5.313512212596834,0.44941776990890503,0.4494177686663435,7.25980967369296e-05,False
410M:A4-OL1:0.5,410M,A4-OL1,488,488,1023410176,5.364070629701018,0.45023205876350403,0.45023206996366233,7.203192189991395e-05,False
410M:A4-OL1:0.5,410M,A4-OL1,489,489,1025507328,5.3161965245381,0.4164109230041504,0.4164109095259459,7.14672650073622e-05,False
410M:A4-OL1:0.5,410M,A4-OL1,490,490,1027604480,5.29588240198791,0.49474450945854187,0.49474450125091046,7.09041370524631e-05,False
410M:A4-OL1:0.5,410M,A4-OL1,491,491,1029701632,5.278111768886447,0.5522752404212952,0.5522752692943189,7.034254899863906e-05,False
410M:A4-OL1:0.5,410M,A4-OL1,492,492,1031798784,5.285108542069793,0.466678649187088,0.46667863544249766,6.978251177933207e-05,False
410M:A4-OL1:0.5,410M,A4-OL1,493,493,1033895936,5.301149341277778,0.4628329277038574,0.4628329214020936,6.922403629779165e-05,False
410M:A4-OL1:0.5,410M,A4-OL1,494,494,1035993088,5.326686585322022,0.42172497510910034,0.42172496414352223,6.866713342686194e-05,False
410M:A4-OL1:0.5,410M,A4-OL1,495,495,1038090240,5.351997321471572,0.6093318462371826,0.609331841908557,6.811181400877023e-05,False
410M:A4-OL1:0.5,410M,A4-OL1,496,496,1040187392,5.248904704116285,0.5513349771499634,0.5513349822506676,6.75580888549161e-05,False
410M:A4-OL1:0.5,410M,A4-OL1,497,497,1042284544,5.3238903526216745,0.503029465675354,0.5030294537207253,6.700596874566055e-05,False
410M:A4-OL1:0.5,410M,A4-OL1,498,498,1044381696,5.273195975460112,0.48751401901245117,0.4875139931549522,6.645546443011631e-05,False
410M:A4-OL1:0.5,410M,A4-OL1,499,499,1046478848,5.31515852548182,0.5665873289108276,0.5665873123498839,6.590658662593856e-05,False
410M:A4-OL1:0.5,410M,A4-OL1,500,500,1048576000,5.324190245941281,0.5773154497146606,0.5773154634382812,6.535934601911644e-05,False
410M:A4-OL1:0.5,410M,A4-OL1,501,501,1050673152,5.346748357638717,0.42891716957092285,0.4289171654818022,6.481375326376446e-05,False
410M:A4-OL1:0.5,410M,A4-OL1,502,502,1052770304,5.289383055642247,0.5035566687583923,0.503556668505538,6.426981898191584e-05,False
410M:A4-OL1:0.5,410M,A4-OL1,503,503,1054867456,5.318335426039994,0.4065921902656555,0.4065921867466962,6.372755376331509e-05,False
410M:A4-OL1:0.5,410M,A4-OL1,504,504,1056964608,5.272233354859054,0.535579264163971,0.5355792388438566,6.318696816521209e-05,False
410M:A4-OL1:0.5,410M,A4-OL1,505,505,1059061760,5.303519058972597,0.45454472303390503,0.45454473561225844,6.264807271215668e-05,False
410M:A4-OL1:0.5,410M,A4-OL1,506,506,1061158912,5.260123652406037,0.43819209933280945,0.4381920848077098,6.211087789579345e-05,False
410M:A4-OL1:0.5,410M,A4-OL1,507,507,1063256064,5.297292085364461,0.46996331214904785,0.46996329172647655,6.157539417465772e-05,False
410M:A4-OL1:0.5,410M,A4-OL1,508,508,1065353216,5.295414080843329,0.501585066318512,0.5015850614002828,6.10416319739718e-05,False
410M:A4-OL1:0.5,410M,A4-OL1,509,509,1067450368,5.284111807122827,0.43095043301582336,0.4309504125532924,6.050960168544216e-05,False
410M:A4-OL1:0.5,410M,A4-OL1,510,510,1069547520,5.328972899354994,0.5052922368049622,0.5052922759673348,5.997931366705696e-05,False
410M:A4-OL1:0.5,410M,A4-OL1,511,511,1071644672,5.330542246811092,0.5614601969718933,0.5614601906021778,5.9450778242884465e-05,False
410M:A4-OL1:0.5,410M,A4-OL1,512,512,1073741824,5.290971479378641,0.5048536658287048,0.5048536460276266,5.892400570287207e-05,False
410M:A4-OL1:0.5,410M,A4-OL1,513,513,1075838976,5.290374758653343,0.4551544189453125,0.4551544155876829,5.839900630264592e-05,False
410M:A4-OL1:0.5,410M,A4-OL1,514,514,1077936128,5.274480753578246,0.5413438677787781,0.5413438775081499,5.787579026331122e-05,False
410M:A4-OL1:0.5,410M,A4-OL1,515,515,1080033280,5.295402538962662,0.5305920839309692,0.5305920450355529,5.7354367771253454e-05,False
410M:A4-OL1:0.5,410M,A4-OL1,516,516,1082130432,5.322825022041798,0.4759880304336548,0.47598804911584786,5.6834748977939725e-05,False
410M:A4-OL1:0.5,410M,A4-OL1,517,517,1084227584,5.261952846311033,0.5864500999450684,0.5864501225960991,5.631694399972132e-05,False
410M:A4-OL1:0.5,410M,A4-OL1,518,518,1086324736,5.3077367059886456,0.6052491664886475,0.6052491956866826,5.580096291763689e-05,False
410M:A4-OL1:0.5,410M,A4-OL1,519,519,1088421888,5.242214331403375,0.6368342041969299,0.6368342159116457,5.528681577721585e-05,False
410M:A4-OL1:0.5,410M,A4-OL1,520,520,1090519040,5.254755098372698,0.5534588098526001,0.5534588193958021,5.477451258828307e-05,False
410M:A4-OL1:0.5,410M,A4-OL1,521,521,1092616192,5.260392493568361,0.48961594700813293,0.4896159392156621,5.426406332476381e-05,False
410M:A4-OL1:0.5,410M,A4-OL1,522,522,1094713344,5.258900222368538,0.578511655330658,0.5785116502983624,5.3755477924489856e-05,False
410M:A4-OL1:0.5,410M,A4-OL1,523,523,1096810496,5.2493132427334785,0.47232136130332947,0.472321322124886,5.324876628900551e-05,False
410M:A4-OL1:0.5,410M,A4-OL1,524,524,1098907648,5.282761478796601,0.46406036615371704,0.4640603614908635,5.2743938283375434e-05,False
410M:A4-OL1:0.5,410M,A4-OL1,525,525,1101004800,5.276837956160307,0.4631440341472626,0.46314404089361205,5.224100373599211e-05,False
410M:A4-OL1:0.5,410M,A4-OL1,526,526,1103101952,5.285407934337854,0.4785882830619812,0.47858828200014547,5.1739972438384666e-05,False
410M:A4-OL1:0.5,410M,A4-OL1,527,527,1105199104,5.2956686383113265,0.5209504961967468,0.5209505065846693,5.124085414502842e-05,False
410M:A4-OL1:0.5,410M,A4-OL1,528,528,1107296256,5.291592951864004,0.5271285772323608,0.5271285469550555,5.0743658573154614e-05,False
410M:A4-OL1:0.5,410M,A4-OL1,529,529,1109393408,5.320128980092704,0.5324966311454773,0.5324966229627169,5.024839540256152e-05,False
410M:A4-OL1:0.5,410M,A4-OL1,530,530,1111490560,5.27308857999742,0.4608941972255707,0.46089420720207785,4.97550742754258e-05,False
410M:A4-OL1:0.5,410M,A4-OL1,531,531,1113587712,5.269952779635787,0.589707612991333,0.5897075937755965,4.9263704796115105e-05,False
410M:A4-OL1:0.5,410M,A4-OL1,532,532,1115684864,5.267508020624518,0.515757143497467,0.5157571651089846,4.877429653100045e-05,False
410M:A4-OL1:0.5,410M,A4-OL1,533,533,1117782016,5.291345193050802,0.5262483358383179,0.526248314899185,4.82868590082708e-05,False
410M:A4-OL1:0.5,410M,A4-OL1,534,534,1119879168,5.255900631658733,0.46230363845825195,0.4623036117210862,4.780140171774687e-05,False
410M:A4-OL1:0.5,410M,A4-OL1,535,535,1121976320,5.335477862507105,0.5704436302185059,0.5704436145012891,4.731793411069674e-05,False
410M:A4-OL1:0.5,410M,A4-OL1,536,536,1124073472,5.261779321357608,0.4778546988964081,0.4778547069196655,4.683646559965167e-05,False
410M:A4-OL1:0.5,410M,A4-OL1,537,537,1126170624,5.268168099224567,0.5051260590553284,0.5051260875703412,4.635700555822313e-05,False
410M:A4-OL1:0.5,410M,A4-OL1,538,538,1128267776,5.236419275403023,0.4786183536052704,0.4786183642003259,4.587956332091991e-05,False
410M:A4-OL1:0.5,410M,A4-OL1,539,539,1130364928,5.2961003594100475,0.45913252234458923,0.4591325381168552,4.54041481829666e-05,False
410M:A4-OL1:0.5,410M,A4-OL1,540,540,1132462080,5.272635051980615,0.46013709902763367,0.46013710644485645,4.4930769400122754e-05,False
410M:A4-OL1:0.5,410M,A4-OL1,541,541,1134559232,5.287572506815195,0.48281875252723694,0.4828187637585246,4.445943618850244e-05,False
410M:A4-OL1:0.5,410M,A4-OL1,542,542,1136656384,5.281060853973031,0.47443705797195435,0.47443705849147244,4.399015772439489e-05,False
410M:A4-OL1:0.5,410M,A4-OL1,543,543,1138753536,5.276992850005627,0.4372015595436096,0.4372015705066922,4.352294314408598e-05,False
410M:A4-OL1:0.5,410M,A4-OL1,544,544,1140850688,5.3048414178192616,0.419515460729599,0.4195154834947688,4.305780154368016e-05,False
410M:A4-OL1:0.5,410M,A4-OL1,545,545,1142947840,5.293947495520115,0.42507028579711914,0.4250702969859253,4.259474197892348e-05,False
410M:A4-OL1:0.5,410M,A4-OL1,546,546,1145044992,5.2910401821136475,0.41935914754867554,0.4193591534129884,4.213377346502738e-05,False
410M:A4-OL1:0.5,410M,A4-OL1,547,547,1147142144,5.257609307765961,0.4182998836040497,0.418299855957376,4.167490497649292e-05,False
410M:A4-OL1:0.5,410M,A4-OL1,548,548,1149239296,5.254597017541528,0.42125585675239563,0.42125586656148944,4.121814544693622e-05,False
410M:A4-OL1:0.5,410M,A4-OL1,549,549,1151336448,5.262016926892102,0.43082475662231445,0.43082476447231827,4.076350376891464e-05,False
410M:A4-OL1:0.5,410M,A4-OL1,550,550,1153433600,5.262441022321582,0.491559773683548,0.4915597675748228,4.031098879375334e-05,False
410M:A4-OL1:0.5,410M,A4-OL1,551,551,1155530752,5.27051798813045,0.43862760066986084,0.43862758817423864,3.9860609331373296e-05,False
410M:A4-OL1:0.5,410M,A4-OL1,552,552,1157627904,5.280130639672279,0.45359447598457336,0.4535944884949462,3.941237415011945e-05,False
410M:A4-OL1:0.5,410M,A4-OL1,553,553,1159725056,5.222850020043552,0.41359955072402954,0.41359952065737815,3.896629197659045e-05,False
410M:A4-OL1:0.5,410M,A4-OL1,554,554,1161822208,5.262642856687307,0.47233760356903076,0.4723376189413821,3.852237149546812e-05,False
410M:A4-OL1:0.5,410M,A4-OL1,555,555,1163919360,5.27018971927464,0.7733216285705566,0.7733215875739657,3.808062134934907e-05,False
410M:A4-OL1:0.5,410M,A4-OL1,556,556,1166016512,5.260280539281666,0.5802095532417297,0.5802095573526085,3.764105013857593e-05,False
410M:A4-OL1:0.5,410M,A4-OL1,557,557,1168113664,5.247231587767601,0.4833182394504547,0.48331826410409556,3.7203666421070064e-05,False
410M:A4-OL1:0.5,410M,A4-OL1,558,558,1170210816,5.268050628714263,0.5591354370117188,0.559135429331659,3.676847871216514e-05,False
410M:A4-OL1:0.5,410M,A4-OL1,559,559,1172307968,5.249586176127195,0.4664193093776703,0.4664192940313332,3.633549548444104e-05,False
410M:A4-OL1:0.5,410M,A4-OL1,560,560,1174405120,5.23304492328316,0.47042322158813477,0.47042322257126956,3.5904725167559086e-05,False
410M:A4-OL1:0.5,410M,A4-OL1,561,561,1176502272,5.243232550099492,0.4309019148349762,0.4309019023976717,3.547617614809788e-05,False
410M:A4-OL1:0.5,410M,A4-OL1,562,562,1178599424,5.289777796715498,0.42514413595199585,0.4251441256458874,3.504985676939019e-05,False
410M:A4-OL1:0.5,410M,A4-OL1,563,563,1180696576,5.2466220781207085,0.43373438715934753,0.43373438255146407,3.46257753313601e-05,False
410M:A4-OL1:0.5,410M,A4-OL1,564,564,1182793728,5.2538381749764085,0.4053349792957306,0.40533499363749254,3.420394009036194e-05,False
410M:A4-OL1:0.5,410M,A4-OL1,565,565,1184890880,5.269356498494744,0.436268150806427,0.4362681469656834,3.378435925901915e-05,False
410M:A4-OL1:0.5,410M,A4-OL1,566,566,1186988032,5.238842634484172,0.38655874133110046,0.38655875499117964,3.336704100606458e-05,False
410M:A4-OL1:0.5,410M,A4-OL1,567,567,1189085184,5.21184563729912,0.4148413836956024,0.4148413713704404,3.2951993456181344e-05,False
410M:A4-OL1:0.5,410M,A4-OL1,568,568,1191182336,5.212077637203038,0.3742472231388092,0.37424721443403836,3.253922468984485e-05,False
410M:A4-OL1:0.5,410M,A4-OL1,569,569,1193279488,5.277978138998151,0.3753594160079956,0.3753593721337348,3.212874274316521e-05,False
410M:A4-OL1:0.5,410M,A4-OL1,570,570,1195376640,5.249297076836228,0.40155676007270813,0.40155676080686065,3.172055560773089e-05,False
410M:A4-OL1:0.5,410M,A4-OL1,571,571,1197473792,5.289205743931234,0.3778747320175171,0.37787472909283654,3.1314671230453326e-05,False
410M:A4-OL1:0.5,410M,A4-OL1,572,572,1199570944,5.285270704887807,0.40582945942878723,0.4058294561760365,3.0911097513411845e-05,False
410M:A4-OL1:0.5,410M,A4-OL1,573,573,1201668096,5.23149872943759,0.4755972623825073,0.47559727253511264,3.0509842313700067e-05,False
410M:A4-OL1:0.5,410M,A4-OL1,574,574,1203765248,5.23534445092082,0.41131919622421265,0.41131920091314583,3.0110913443272916e-05,False
410M:A4-OL1:0.5,410M,A4-OL1,575,575,1205862400,5.332232700660825,0.501395046710968,0.5013950260306524,3e-05,False
410M:A4-OL1:0.5,410M,A4-OL1,576,576,1207959552,5.237780035473406,0.43636253476142883,0.43636256027611664,3e-05,False
410M:A4-OL1:0.5,410M,A4-OL1,577,577,1210056704,5.274022405967116,0.5061323642730713,0.5061323978388033,3e-05,False
410M:A4-OL1:0.5,410M,A4-OL1,578,578,1212153856,5.2856326373294,0.5069395899772644,0.5069395975841177,3e-05,False
410M:A4-OL1:0.5,410M,A4-OL1,579,579,1214251008,5.240272295661271,0.38041791319847107,0.3804179186140333,3e-05,False
410M:A4-OL1:0.5,410M,A4-OL1,580,580,1216348160,5.253781681880355,0.5359528660774231,0.5359529073448752,3e-05,False
410M:A4-OL1:0.5,410M,A4-OL1,581,581,1218445312,5.2403278555721045,0.38666611909866333,0.38666613975578823,3e-05,False
410M:A4-OL1:0.5,410M,A4-OL1,582,582,1220542464,5.21952651347965,0.4889500141143799,0.4889499938975431,3e-05,False
410M:A4-OL1:0.5,410M,A4-OL1,583,583,1222639616,5.23172506224364,0.38269028067588806,0.38269029876069593,3e-05,False
410M:A4-OL1:0.5,410M,A4-OL1,584,584,1224736768,5.258837919682264,0.43880417943000793,0.43880417682144673,3e-05,False
410M:A4-OL1:0.5,410M,A4-OL1,585,585,1226833920,5.259726235643029,0.4081045389175415,0.40810454030744503,3e-05,False
410M:A4-OL1:0.5,410M,A4-OL1,586,586,1228931072,5.273820212110877,0.38559582829475403,0.3855958178833262,3e-05,False
410M:A4-OL1:0.5,410M,A4-OL1,587,587,1231028224,5.276788663119078,0.40973472595214844,0.40973472901594854,3e-05,False
410M:A4-OL1:0.5,410M,A4-OL1,588,588,1233125376,5.242823340930045,0.4395952820777893,0.439595293843222,3e-05,False
410M:A4-OL1:0.5,410M,A4-OL1,589,589,1235222528,5.232604478485882,0.3743472099304199,0.37434719705111114,3e-05,False
410M:A4-OL1:0.5,410M,A4-OL1,590,590,1237319680,5.291911520063877,0.38775521516799927,0.38775525320098375,3e-05,False
410M:A4-OL1:0.5,410M,A4-OL1,591,591,1239416832,5.252064865082502,0.37049001455307007,0.3704899988323531,3e-05,False
410M:A4-OL1:0.5,410M,A4-OL1,592,592,1241513984,5.264526221901178,0.4417957663536072,0.4417957843823056,3e-05,False
410M:A4-OL1:0.5,410M,A4-OL1,593,593,1243611136,5.278428570367396,0.3664882481098175,0.3664882639286783,3e-05,False
410M:A4-OL1:0.5,410M,A4-OL1,594,594,1245708288,5.229637309908867,0.3875581622123718,0.3875581659753964,3e-05,False
410M:A4-OL1:0.5,410M,A4-OL1,595,595,1247805440,5.324353160336614,0.44479307532310486,0.4447930492844876,3e-05,False
410M:A4-OL1:0.5,410M,A4-OL1,596,596,1249902592,5.2859365325421095,0.38134297728538513,0.3813429816134337,3e-05,False
410M:A4-OL1:0.5,410M,A4-OL1,597,597,1251999744,5.2658637296408415,0.44257164001464844,0.4425716367731187,3e-05,False
410M:A4-OL1:0.5,410M,A4-OL1,598,598,1254096896,5.288029286079109,0.5192112922668457,0.5192113213886249,3e-05,False
410M:A4-OL1:0.5,410M,A4-OL1,599,599,1256194048,5.220106173306704,0.3410075604915619,0.34100756362273554,3e-05,False
410M:A4-OL1:0.5,410M,A4-OL1,600,600,1258291200,5.243801428005099,0.5385640263557434,0.538564054641573,3e-05,False
410M:A4-OL1:0.5,410M,A4-OL1,601,601,1260388352,5.265426831319928,0.4331865906715393,0.43318658411689326,3e-05,False
410M:A4-OL1:0.5,410M,A4-OL1,602,602,1262485504,5.2566835870966315,0.45679959654808044,0.45679960535292513,3e-05,False
410M:A4-OL1:0.5,410M,A4-OL1,603,603,1264582656,5.2320505771785975,0.48592138290405273,0.48592137961296256,3e-05,False
410M:A4-OL1:0.5,410M,A4-OL1,604,604,1266679808,5.287765267305076,0.4259326159954071,0.4259326023635022,3e-05,False
410M:A4-OL1:0.5,410M,A4-OL1,605,605,1268776960,5.259197877719998,0.6256806254386902,0.6256806112296358,3e-05,False
410M:A4-OL1:0.5,410M,A4-OL1,606,606,1270874112,5.255233556032181,0.3339601755142212,0.3339601845043681,3e-05,False
410M:A4-OL1:0.5,410M,A4-OL1,607,607,1272971264,5.196041292510927,0.5664163827896118,0.566416432959183,3e-05,False
410M:A4-OL1:0.5,410M,A4-OL1,608,608,1275068416,5.272882906720042,0.3865976929664612,0.3865976831118633,3e-05,False
410M:A4-OL1:0.5,410M,A4-OL1,609,609,1277165568,5.212868424132466,0.5211501121520996,0.5211501174747137,3e-05,False
410M:A4-OL1:0.5,410M,A4-OL1,610,610,1279262720,5.282320065423846,0.4237630367279053,0.4237630483276886,3e-05,False
410M:A4-OL1:0.5,410M,A4-OL1,611,611,1281359872,5.275790576823056,0.3797934949398041,0.3797934936298453,3e-05,False
410M:A4-OL1:0.5,410M,A4-OL1,612,612,1283457024,5.252816467545927,0.518177330493927,0.5181773130132798,3e-05,False
410M:A4-OL1:0.5,410M,A4-OL1,613,613,1285554176,5.27748772315681,0.3798266053199768,0.37982660476480823,3e-05,False
410M:A4-OL1:0.5,410M,A4-OL1,614,614,1287651328,5.265914816409349,0.45895683765411377,0.4589568202400058,3e-05,False
410M:A4-OL1:0.5,410M,A4-OL1,615,615,1289748480,5.274856485426426,0.3712661862373352,0.371266178900206,3e-05,False
410M:A4-OL1:0.5,410M,A4-OL1,616,616,1291845632,5.250652382150292,0.4269736409187317,0.4269736386622365,3e-05,False
410M:A4-OL1:0.5,410M,A4-OL1,617,617,1293942784,5.251683630049229,0.3859798312187195,0.38597983759485655,3e-05,False
410M:A4-OL1:0.5,410M,A4-OL1,618,618,1296039936,5.207260358147323,0.3549421429634094,0.3549421389063784,3e-05,False
410M:A4-OL1:0.5,410M,A4-OL1,619,619,1298137088,5.289064161479473,0.5435697436332703,0.5435697738992972,3e-05,False
410M:A4-OL1:0.5,410M,A4-OL1,620,620,1300234240,5.2511224541813135,0.40056711435317993,0.4005671149041563,3e-05,False
410M:A4-OL1:0.5,410M,A4-OL1,621,621,1302331392,5.232874899171293,0.39612478017807007,0.39612474221363336,3e-05,False
410M:A4-OL1:0.5,410M,A4-OL1,622,622,1304428544,5.270418452098966,0.4184778034687042,0.4184777765976571,3e-05,False
410M:A4-OL1:0.5,410M,A4-OL1,623,623,1306525696,5.247256019152701,0.3471587300300598,0.34715871251415975,3e-05,False
410M:A4-OL1:0.5,410M,A4-OL1,624,624,1308622848,5.259276119992137,0.40184110403060913,0.40184111351147267,3e-05,False
410M:A4-OL1:0.5,410M,A4-OL1,625,625,1310720000,5.183277932927012,0.3750479519367218,0.3750479744957025,3e-05,False
410M:A4-OL1:0.5,410M,A4-OL1,626,626,1312817152,5.235393572598696,0.4566079378128052,0.45660794156122564,3e-05,False
410M:A4-OL1:0.5,410M,A4-OL1,627,627,1314914304,5.213787177577615,0.47056254744529724,0.4705625746575186,3e-05,False
410M:A4-OL1:0.5,410M,A4-OL1,628,628,1317011456,5.263639404438436,0.362443208694458,0.3624432030845855,3e-05,False
410M:A4-OL1:0.5,410M,A4-OL1,629,629,1319108608,5.232328024692833,0.46179527044296265,0.4617952787983795,3e-05,False
410M:A4-OL1:0.5,410M,A4-OL1,630,630,1321205760,5.26125203166157,0.3438554108142853,0.3438553819786736,3e-05,False
410M:A4-OL1:0.5,410M,A4-OL1,631,631,1323302912,5.233050100505352,0.4827866554260254,0.4827866430261471,3e-05,False
410M:A4-OL1:0.5,410M,A4-OL1,632,632,1325400064,5.222058931365609,0.4430124759674072,0.4430125011462001,3e-05,False
410M:A4-OL1:0.5,410M,A4-OL1,633,633,1327497216,5.2625364027917385,0.46258795261383057,0.4625879504582169,3e-05,False
410M:A4-OL1:0.5,410M,A4-OL1,634,634,1329594368,5.238170453347266,0.4135900139808655,0.4135900167793124,3e-05,False
410M:A4-OL1:0.5,410M,A4-OL1,635,635,1331691520,5.242001585662365,0.400333046913147,0.4003330461938145,3e-05,False
410M:A4-OL1:0.5,410M,A4-OL1,636,636,1333788672,5.247042762115598,0.4225797653198242,0.4225797560976219,3e-05,False
410M:A4-OL1:0.5,410M,A4-OL1,637,637,1335885824,5.2338890032842755,0.40080589056015015,0.40080588672878026,3e-05,False
410M:A4-OL1:0.5,410M,A4-OL1,638,638,1337982976,5.278110412880778,0.40902945399284363,0.40902944193919505,3e-05,False
410M:A4-OL1:0.5,410M,A4-OL1,639,639,1340080128,5.251163557171822,0.4794791042804718,0.4794790975044944,3e-05,False
410M:A4-OL1:0.5,410M,A4-OL1,640,640,1342177280,5.221745930612087,0.3925190567970276,0.3925190409948676,3e-05,False
410M:A4-OL1:0.5,410M,A4-OL1,641,641,1344274432,5.224623794667423,0.47070011496543884,0.4707000866505496,3e-05,False
410M:A4-OL1:0.5,410M,A4-OL1,642,642,1346371584,5.275874981656671,0.36076515913009644,0.3607651887994013,3e-05,False
410M:A4-OL1:0.5,410M,A4-OL1,643,643,1348468736,5.243357901461422,0.45912352204322815,0.45912350419855247,3e-05,False
410M:A4-OL1:0.5,410M,A4-OL1,644,644,1350565888,5.270026735961437,0.36998870968818665,0.3699887026848711,3e-05,False
410M:A4-OL1:0.5,410M,A4-OL1,645,645,1352663040,5.241140780039132,0.4412473440170288,0.44124738662173607,3e-05,False
410M:A4-OL1:0.5,410M,A4-OL1,646,646,1354760192,5.293999711982906,0.3963966369628906,0.3963966534676888,3e-05,False
410M:A4-OL1:0.5,410M,A4-OL1,647,647,1356857344,5.258827468380332,0.4997551739215851,0.49975514396448384,3e-05,False
410M:A4-OL1:0.5,410M,A4-OL1,648,648,1358954496,5.262016648426652,0.5466991662979126,0.5466991924110952,3e-05,False
410M:A4-OL1:0.5,410M,A4-OL1,649,649,1361051648,5.2475627195090055,0.40061163902282715,0.4006116254299265,3e-05,False
410M:A4-OL1:0.5,410M,A4-OL1,650,650,1363148800,5.23109650798142,0.39308521151542664,0.39308519982285567,3e-05,False
410M:A4-OL1:0.5,410M,A4-OL1,651,651,1365245952,5.262287860736251,0.4668433368206024,0.46684335338369537,3e-05,False
410M:A4-OL1:0.5,410M,A4-OL1,652,652,1367343104,5.218782044947147,0.36766156554222107,0.3676615525150752,3e-05,False
410M:A4-OL1:0.5,410M,A4-OL1,653,653,1369440256,5.238273059017956,0.38703420758247375,0.38703422182473846,3e-05,False
410M:A4-OL1:0.5,410M,A4-OL1,654,654,1371537408,5.2860334776341915,0.4097386598587036,0.409738683682474,3e-05,False
410M:A4-OL1:0.5,410M,A4-OL1,655,655,1373634560,5.249492083676159,0.43531864881515503,0.4353186289445956,3e-05,False
410M:A4-OL1:0.5,410M,A4-OL1,656,656,1375731712,5.218790504150093,0.36012592911720276,0.36012594130899894,3e-05,False
410M:A4-OL1:0.5,410M,A4-OL1,657,657,1377828864,5.2280826438218355,0.46969127655029297,0.4696912881062857,3e-05,False
410M:A4-OL1:0.5,410M,A4-OL1,658,658,1379926016,5.212916871532798,0.41904956102371216,0.41904957441854246,3e-05,False
410M:A4-OL1:0.5,410M,A4-OL1,659,659,1382023168,5.211747511290014,0.3964977264404297,0.3964977097006199,3e-05,False
410M:A4-OL1:0.5,410M,A4-OL1,660,660,1384120320,5.26738777756691,0.40265798568725586,0.40265797112172275,3e-05,False
410M:A4-OL1:0.5,410M,A4-OL1,661,661,1386217472,5.264970455318689,0.39012590050697327,0.390125899347374,3e-05,False
410M:A4-OL1:0.5,410M,A4-OL1,662,662,1388314624,5.26054279692471,0.4655765891075134,0.46557658306890876,3e-05,False
410M:A4-OL1:0.5,410M,A4-OL1,663,663,1390411776,5.232151737436652,0.4146149158477783,0.41461490959058583,3e-05,False
410M:A4-OL1:0.5,410M,A4-OL1,664,664,1392508928,5.251923740841448,0.40907198190689087,0.4090719571351103,3e-05,False
410M:A4-OL1:0.5,410M,A4-OL1,665,665,1394606080,5.244394397363067,0.45024240016937256,0.45024242491444694,3e-05,False
410M:A4-OL1:0.5,410M,A4-OL1,666,666,1396703232,5.262103270739317,0.4518713653087616,0.45187135227438346,3e-05,False
410M:A4-OL1:0.5,410M,A4-OL1,667,667,1398800384,5.238323787227273,0.47907400131225586,0.47907401521825244,3e-05,False
410M:A4-OL1:0.5,410M,A4-OL1,668,668,1400897536,5.229342767037451,0.5265098214149475,0.5265098507225032,3e-05,False
410M:A4-OL1:0.5,410M,A4-OL1,669,669,1402994688,5.207345393486321,0.45665064454078674,0.4566506341742937,3e-05,False
410M:A4-OL1:0.5,410M,A4-OL1,670,670,1405091840,5.240693694911897,0.42769691348075867,0.42769692072504933,3e-05,False
410M:A4-OL1:0.5,410M,A4-OL1,671,671,1407188992,5.26946872100234,0.567432701587677,0.5674327025885663,3e-05,False
410M:A4-OL1:0.5,410M,A4-OL1,672,672,1409286144,5.23201026301831,0.3954581022262573,0.3954581062115564,3e-05,False
410M:A4-OL1:0.5,410M,A4-OL1,673,673,1411383296,5.213990073651075,0.3884851336479187,0.38848513874747187,3e-05,False
410M:A4-OL1:0.5,410M,A4-OL1,674,674,1413480448,5.3155757477506995,0.4371958374977112,0.4371958477479632,3e-05,False
410M:A4-OL1:0.5,410M,A4-OL1,675,675,1415577600,5.259743959642947,0.4037110209465027,0.4037110260422945,3e-05,False
410M:A4-OL1:0.5,410M,A4-OL1,676,676,1417674752,5.195236033760011,0.5461927652359009,0.5461927450554124,3e-05,False
410M:A4-OL1:0.5,410M,A4-OL1,677,677,1419771904,5.266000330448151,0.5374447107315063,0.5374447028491295,3e-05,False
410M:A4-OL1:0.5,410M,A4-OL1,678,678,1421869056,5.1907597268000245,0.43509092926979065,0.4350909616297686,3e-05,False
410M:A4-OL1:0.5,410M,A4-OL1,679,679,1423966208,5.288240067660809,0.4037506878376007,0.4037506942835457,3e-05,False
410M:A4-OL1:0.5,410M,A4-OL1,680,680,1426063360,5.259097478352487,0.4043106734752655,0.40431065691174084,3e-05,False
410M:A4-OL1:0.5,410M,A4-OL1,681,681,1428160512,5.191965941339731,0.38024264574050903,0.3802426270801799,3e-05,False
410M:A4-OL1:0.5,410M,A4-OL1,682,682,1430257664,5.204824092797935,0.3935794532299042,0.39357945412527795,3e-05,False
410M:A4-OL1:0.5,410M,A4-OL1,683,683,1432354816,5.264091107994318,0.36019831895828247,0.36019830797769414,3e-05,False
410M:A4-OL1:0.5,410M,A4-OL1,684,684,1434451968,5.245406972244382,0.3688829839229584,0.36888298539160747,3e-05,False
410M:A4-OL1:0.5,410M,A4-OL1,685,685,1436549120,5.19598903413862,0.35833755135536194,0.35833756404992034,3e-05,False
410M:A4-OL1:0.5,410M,A4-OL1,686,686,1438646272,5.257104676216841,0.40217211842536926,0.4021721058196631,3e-05,False
410M:A4-OL1:0.5,410M,A4-OL1,687,687,1440743424,5.25186678301543,0.43507376313209534,0.43507377332197983,3e-05,False
410M:A4-OL1:0.5,410M,A4-OL1,688,688,1442840576,5.211758986115456,0.45295631885528564,0.452956328773105,3e-05,False
410M:A4-OL1:0.5,410M,A4-OL1,689,689,1444937728,5.214258230291307,0.3629816174507141,0.36298163237228087,3e-05,False
410M:A4-OL1:0.5,410M,A4-OL1,690,690,1447034880,5.23814884852618,0.40425440669059753,0.4042544194405831,3e-05,False
410M:A4-OL1:0.5,410M,A4-OL1,691,691,1449132032,5.250285802409053,0.43821966648101807,0.4382196609801262,3e-05,False
410M:A4-OL1:0.5,410M,A4-OL1,692,692,1451229184,5.256567236036062,0.4405183792114258,0.44051838427860635,3e-05,False
410M:A4-OL1:0.5,410M,A4-OL1,693,693,1453326336,5.2367237359285355,0.40599656105041504,0.4059965753363822,3e-05,False
410M:A4-OL1:0.5,410M,A4-OL1,694,694,1455423488,5.197262458503246,0.4736076891422272,0.47360770002645286,3e-05,False
410M:A4-OL1:0.5,410M,A4-OL1,695,695,1457520640,5.190427001565695,0.46344128251075745,0.4634412536060663,3e-05,False
410M:A4-OL1:0.5,410M,A4-OL1,696,696,1459617792,5.237836977466941,0.39658644795417786,0.39658643091034446,3e-05,False
410M:A4-OL1:0.5,410M,A4-OL1,697,697,1461714944,5.204859854653478,0.40889203548431396,0.4088920315437837,3e-05,False
410M:A4-OL1:0.5,410M,A4-OL1,698,698,1463812096,5.22460335213691,0.40986233949661255,0.40986233592964444,3e-05,False
410M:A4-OL1:0.5,410M,A4-OL1,699,699,1465909248,5.173955922946334,0.4263002276420593,0.4263001926948418,3e-05,False
410M:A4-OL1:0.5,410M,A4-OL1,700,700,1468006400,5.212277211248875,0.4484702944755554,0.44847025965835985,3e-05,False
410M:A4-OL1:0.5,410M,A4-OL1,701,701,1470103552,5.2655569687485695,0.3930756151676178,0.3930756432088459,3e-05,False
410M:A4-OL1:0.5,410M,A4-OL1,702,702,1472200704,5.192689538933337,0.5341260433197021,0.5341260987880375,3e-05,False
410M:A4-OL1:0.5,410M,A4-OL1,703,703,1474297856,5.2441050466150045,0.46691104769706726,0.46691105752794204,3e-05,False
410M:A4-OL1:0.5,410M,A4-OL1,704,704,1476395008,5.22022276930511,0.4767765998840332,0.4767766104446131,3e-05,False
410M:A4-OL1:0.5,410M,A4-OL1,705,705,1478492160,5.240856554359198,0.5141823291778564,0.5141823306776956,3e-05,False
410M:A4-OL1:0.5,410M,A4-OL1,706,706,1480589312,5.209824270568788,0.5065131187438965,0.506513123156128,3e-05,False
410M:A4-OL1:0.5,410M,A4-OL1,707,707,1482686464,5.22554980777204,0.38219714164733887,0.382197141652421,3e-05,False
410M:A4-OL1:0.5,410M,A4-OL1,708,708,1484783616,5.2389340829104185,0.45809224247932434,0.4580922364584284,3e-05,False
410M:A4-OL1:0.5,410M,A4-OL1,709,709,1486880768,5.237511044368148,0.41437971591949463,0.4143797123174686,3e-05,False
410M:A4-OL1:0.5,410M,A4-OL1,710,710,1488977920,5.241875918582082,0.42199307680130005,0.4219930605396116,3e-05,False
410M:A4-OL1:0.5,410M,A4-OL1,711,711,1491075072,5.220980721525848,0.4025247395038605,0.402524730257152,3e-05,False
410M:A4-OL1:0.5,410M,A4-OL1,712,712,1493172224,5.228289391845465,0.5107302665710449,0.510730297090646,3e-05,False
410M:A7-OL1:0.5,410M,A7-OL1,1,1,2097152,11.005180351436138,11.780312538146973,0.9999998923411071,0.0,False
410M:A7-OL1:0.5,410M,A7-OL1,2,2,4194304,11.003997147083282,11.654226303100586,0.9999999071377935,4.2134831460674156e-05,False
410M:A7-OL1:0.5,410M,A7-OL1,3,3,6291456,9.845108706504107,3.791595935821533,0.9999996885504879,8.426966292134831e-05,False
410M:A7-OL1:0.5,410M,A7-OL1,4,4,8388608,9.64173799008131,2.455580949783325,0.9999996250608327,0.00012640449438202245,False
410M:A7-OL1:0.5,410M,A7-OL1,5,5,10485760,9.501161195337772,1.9769378900527954,0.9999995469877397,0.00016853932584269662,False
410M:A7-OL1:0.5,410M,A7-OL1,6,6,12582912,9.356521088629961,1.855583906173706,0.9999995503629608,0.00021067415730337076,False
410M:A7-OL1:0.5,410M,A7-OL1,7,7,14680064,9.187248978763819,1.4438421726226807,0.9999993189669297,0.0002528089887640449,False
410M:A7-OL1:0.5,410M,A7-OL1,8,8,16777216,9.010269299149513,1.304012417793274,0.9999991590296772,0.0002949438202247191,False
410M:A7-OL1:0.5,410M,A7-OL1,9,9,18874368,8.827704165130854,1.279740571975708,0.9999992229161163,0.00029999886925202105,False
410M:A7-OL1:0.5,410M,A7-OL1,10,10,20971520,8.678642965853214,1.8546116352081299,0.9999995070930724,0.00029999483923326317,False
410M:A7-OL1:0.5,410M,A7-OL1,11,11,23068672,8.563079707324505,1.4864169359207153,0.9999993642025653,0.0002999878889958546,False
410M:A7-OL1:0.5,410M,A7-OL1,12,12,25165824,8.416940238326788,1.0755417346954346,0.9999990878329154,0.0002999780186751081,False
410M:A7-OL1:0.5,410M,A7-OL1,13,13,27262976,8.273913284763694,0.9617560505867004,0.9617560253474453,0.0002999652284631869,False
410M:A7-OL1:0.5,410M,A7-OL1,14,14,29360128,8.231200652197003,2.1407196521759033,0.9999994842326704,0.000299949518609101,False
410M:A7-OL1:0.5,410M,A7-OL1,15,15,31457280,8.077238013967872,0.8081268072128296,0.8081268328292638,0.0002999308894187023,False
410M:A7-OL1:0.5,410M,A7-OL1,16,16,33554432,8.0702049061656,0.9374924302101135,0.9374924523967391,0.00029990934125467876,False
410M:A7-OL1:0.5,410M,A7-OL1,17,17,35651584,7.960014946758747,0.7132177352905273,0.7132177915633013,0.00029988487453654707,False
410M:A7-OL1:0.5,410M,A7-OL1,18,18,37748736,7.898474879562855,0.6589941382408142,0.65899415771861,0.00029985748974064474,False
410M:A7-OL1:0.5,410M,A7-OL1,19,19,39845888,7.854707652702928,0.4053924083709717,0.4053923615269051,0.00029982718740012066,False
410M:A7-OL1:0.5,410M,A7-OL1,20,20,41943040,7.804003436118364,0.5094438195228577,0.509443804141167,0.000299793968104925,False
410M:A7-OL1:0.5,410M,A7-OL1,21,21,44040192,7.820399757474661,1.0595210790634155,0.999999022878724,0.00029975783250179726,False
410M:A7-OL1:0.5,410M,A7-OL1,22,22,46137344,7.783753860741854,0.7957295179367065,0.7957294143591331,0.00029971878129425415,False
410M:A7-OL1:0.5,410M,A7-OL1,23,23,48234496,7.756591448560357,0.7290651798248291,0.7290651636012931,0.00029967681524257556,False
410M:A7-OL1:0.5,410M,A7-OL1,24,24,50331648,7.7339195888489485,0.8691526055335999,0.8691526136595683,0.00029963193516378985,False
410M:A7-OL1:0.5,410M,A7-OL1,25,25,52428800,7.7221390046179295,0.6396554112434387,0.6396553540030141,0.00029958414193165814,False
410M:A7-OL1:0.5,410M,A7-OL1,26,26,54525952,7.6804234609007835,0.28993070125579834,0.289930714770702,0.00029953343647665695,False
410M:A7-OL1:0.5,410M,A7-OL1,27,27,56623104,7.65764594823122,0.4553741216659546,0.4553740973205874,0.0002994798197859603,False
410M:A7-OL1:0.5,410M,A7-OL1,28,28,58720256,7.6214599926024675,0.37195885181427,0.3719588590939173,0.0002994232929034207,False
410M:A7-OL1:0.5,410M,A7-OL1,29,29,60817408,7.620116464793682,0.5475632548332214,0.5475632307449056,0.00029936385692954824,False
410M:A7-OL1:0.5,410M,A7-OL1,30,30,62914560,7.653988767415285,1.0495381355285645,0.9999989209379538,0.00029930151302148963,False
410M:A7-OL1:0.5,410M,A7-OL1,31,31,65011712,7.695555277168751,1.669234037399292,0.9999992330156527,0.0002992362623930057,False
410M:A7-OL1:0.5,410M,A7-OL1,32,32,67108864,7.6312263533473015,1.2653491497039795,0.9999992106670459,0.0002991681063144474,False
410M:A7-OL1:0.5,410M,A7-OL1,33,33,69206016,7.523169353604317,0.7078316807746887,0.7078316269933341,0.0002990970461127315,False
410M:A7-OL1:0.5,410M,A7-OL1,34,34,71303168,7.501029267907143,0.829785943031311,0.8297857631815315,0.0002990230831713144,False
410M:A7-OL1:0.5,410M,A7-OL1,35,35,73400320,7.4675990883260965,0.5190932750701904,0.5190932700768889,0.0002989462189301653,False
410M:A7-OL1:0.5,410M,A7-OL1,36,36,75497472,7.428104981780052,0.761862576007843,0.7618625208620509,0.00029886645488573835,False
410M:A7-OL1:0.5,410M,A7-OL1,37,37,77594624,7.366930400952697,0.6368038058280945,0.6368037128339128,0.00029878379259094335,False
410M:A7-OL1:0.5,410M,A7-OL1,38,38,79691776,7.3704604636877775,0.6280069947242737,0.628006927868975,0.0002986982336551155,False
410M:A7-OL1:0.5,410M,A7-OL1,39,39,81788928,7.359339224174619,0.5330048203468323,0.5330047850827498,0.00029860977974398403,False
410M:A7-OL1:0.5,410M,A7-OL1,40,40,83886080,7.322202822193503,0.42099979519844055,0.4209997562888384,0.00029851843257963997,False
410M:A7-OL1:0.5,410M,A7-OL1,41,41,85983232,7.2578706704080105,0.4145958423614502,0.4145958253849387,0.0002984241939405025,False
410M:A7-OL1:0.5,410M,A7-OL1,42,42,88080384,7.24430232308805,0.489143431186676,0.4891434141251041,0.0002983270656612843,False
410M:A7-OL1:0.5,410M,A7-OL1,43,43,90177536,7.224583083763719,0.3749326467514038,0.37493264445524327,0.0002982270496329557,False
410M:A7-OL1:0.5,410M,A7-OL1,44,44,92274688,7.194832593202591,0.37647995352745056,0.3764799514433638,0.00029812414780270837,False
410M:A7-OL1:0.5,410M,A7-OL1,45,45,94371840,7.163842728361487,0.4697180688381195,0.469718022547427,0.0002980183621739167,False
410M:A7-OL1:0.5,410M,A7-OL1,46,46,96468992,7.158334506675601,0.748242199420929,0.748242130496438,0.0002979096948060994,False
410M:A7-OL1:0.5,410M,A7-OL1,47,47,98566144,7.155132591724396,0.5839068293571472,0.583906762180261,0.0002977981478148791,False
410M:A7-OL1:0.5,410M,A7-OL1,48,48,100663296,7.113764353096485,0.5867235660552979,0.5867235467881933,0.00029768372337194115,False
410M:A7-OL1:0.5,410M,A7-OL1,49,49,102760448,7.122154612094164,0.7558165192604065,0.7558164424986019,0.00029756642370499153,False
410M:A7-OL1:0.5,410M,A7-OL1,50,50,104857600,7.127226136624813,1.0210645198822021,0.9999990308333917,0.00029744625109771324,False
410M:A7-OL1:0.5,410M,A7-OL1,51,51,106954752,7.0533192679286,0.6767997741699219,0.6767996955175554,0.00029732320788972215,False
410M:A7-OL1:0.5,410M,A7-OL1,52,52,109051904,7.029506070539355,0.5807128548622131,0.580712739077533,0.0002971972964765211,False
410M:A7-OL1:0.5,410M,A7-OL1,53,53,111149056,7.051766177639365,0.7130780220031738,0.7130779248182859,0.0002970685193094534,False
410M:A7-OL1:0.5,410M,A7-OL1,54,54,113246208,7.010630128905177,0.6139537692070007,0.6139537492911269,0.00029693687889565534,False
410M:A7-OL1:0.5,410M,A7-OL1,55,55,115343360,6.954368615522981,0.6048077344894409,0.6048076990734361,0.00029680237779800694,False
410M:A7-OL1:0.5,410M,A7-OL1,56,56,117440512,6.960731063038111,0.555932879447937,0.5559328434938208,0.0002966650186350824,False
410M:A7-OL1:0.5,410M,A7-OL1,57,57,119537664,6.941557809710503,0.6162992119789124,0.6162991731891181,0.000296524804081099,False
410M:A7-OL1:0.5,410M,A7-OL1,58,58,121634816,6.883412161841989,0.4264983832836151,0.426498369427008,0.00029638173686586506,False
410M:A7-OL1:0.5,410M,A7-OL1,59,59,123731968,6.916099103167653,0.4788849651813507,0.47888495752869004,0.0002962358197747267,False
410M:A7-OL1:0.5,410M,A7-OL1,60,60,125829120,6.881581783294678,0.3974059224128723,0.3974058716473048,0.0002960870556485138,False
410M:A7-OL1:0.5,410M,A7-OL1,61,61,127926272,6.842962758615613,0.5476895570755005,0.5476895547231336,0.00029593544738348447,False
410M:A7-OL1:0.5,410M,A7-OL1,62,62,130023424,6.842077096924186,0.310046523809433,0.31004650502091435,0.00029578099793126875,False
410M:A7-OL1:0.5,410M,A7-OL1,63,63,132120576,6.810634195804596,0.5724723935127258,0.5724724049734855,0.0002956237102988113,False
410M:A7-OL1:0.5,410M,A7-OL1,64,64,134217728,6.803110798820853,0.6708239316940308,0.670823936378424,0.0002954635875483127,False
410M:A7-OL1:0.5,410M,A7-OL1,65,65,136314880,6.767340734601021,1.179028034210205,0.9999990364279906,0.0002953006327971698,False
410M:A7-OL1:0.5,410M,A7-OL1,66,66,138412032,6.786129700019956,0.777980387210846,0.7779803252538685,0.000295134849217915,False
410M:A7-OL1:0.5,410M,A7-OL1,67,67,140509184,6.781853523105383,0.704378604888916,0.7043785831775297,0.00029496624003815485,False
410M:A7-OL1:0.5,410M,A7-OL1,68,68,142606336,6.753183024004102,1.1691056489944458,0.9999991489249003,0.00029479480854050665,False
410M:A7-OL1:0.5,410M,A7-OL1,69,69,144703488,6.73716526478529,0.9600611925125122,0.960061104101829,0.0002946205580625349,False
410M:A7-OL1:0.5,410M,A7-OL1,70,70,146800640,6.752335781231523,0.9628024697303772,0.9628024017053415,0.0002944434919966865,False
410M:A7-OL1:0.5,410M,A7-OL1,71,71,148897792,6.715429075062275,0.8916741609573364,0.8916741323947698,0.000294263613790224,False
410M:A7-OL1:0.5,410M,A7-OL1,72,72,150994944,6.670938057824969,0.9232103228569031,0.9232102648488126,0.0002940809269451593,False
410M:A7-OL1:0.5,410M,A7-OL1,73,73,153092096,6.724928092211485,0.9546287059783936,0.954628674914828,0.00029389543501818496,False
410M:A7-OL1:0.5,410M,A7-OL1,74,74,155189248,6.6786296255886555,0.5408883690834045,0.5408883438709357,0.00029370714162060515,False
410M:A7-OL1:0.5,410M,A7-OL1,75,75,157286400,6.685113325715065,0.9222590923309326,0.9222591111379235,0.00029351605041826517,False
410M:A7-OL1:0.5,410M,A7-OL1,76,76,159383552,6.61743576079607,0.5649421215057373,0.5649420395001185,0.0002933221651314804,False
410M:A7-OL1:0.5,410M,A7-OL1,77,77,161480704,6.645266365259886,1.0241625308990479,0.9999990964815352,0.0002931254895349636,False
410M:A7-OL1:0.5,410M,A7-OL1,78,78,163577856,6.6357686668634415,0.7865519523620605,0.7865519361605047,0.00029292602745775145,False
410M:A7-OL1:0.5,410M,A7-OL1,79,79,165675008,6.623021125793457,0.5571998357772827,0.5571997789548383,0.00029272378278313003,False
410M:A7-OL1:0.5,410M,A7-OL1,80,80,167772160,6.608474921435118,0.7164409160614014,0.7164408472095042,0.0002925187594485593,False
410M:A7-OL1:0.5,410M,A7-OL1,81,81,169869312,6.599370812997222,0.44960692524909973,0.44960693508726673,0.00029231096144559637,False
410M:A7-OL1:0.5,410M,A7-OL1,82,82,171966464,6.576067246496677,0.7659436464309692,0.7659435648934381,0.0002921003928198178,False
410M:A7-OL1:0.5,410M,A7-OL1,83,83,174063616,6.525581028312445,0.7591657042503357,0.7591656628805535,0.00029188705767074075,False
410M:A7-OL1:0.5,410M,A7-OL1,84,84,176160768,6.544037412852049,0.34590256214141846,0.34590256303480615,0.0002916709601517435,False
410M:A7-OL1:0.5,410M,A7-OL1,85,85,178257920,6.580861097201705,0.6473942995071411,0.6473942567582781,0.0002914521044699839,False
410M:A7-OL1:0.5,410M,A7-OL1,86,86,180355072,6.525801341980696,0.42243632674217224,0.42243634378392664,0.00029123049488631846,False
410M:A7-OL1:0.5,410M,A7-OL1,87,87,182452224,6.506954366341233,0.8243455290794373,0.8243454881666124,0.0002910061357152183,False
410M:A7-OL1:0.5,410M,A7-OL1,88,88,184549376,6.560276955366135,0.8246559500694275,0.8246558982269067,0.0002907790313246862,False
410M:A7-OL1:0.5,410M,A7-OL1,89,89,186646528,6.507120922207832,0.6815198063850403,0.6815197733383174,0.0002905491861361705,False
410M:A7-OL1:0.5,410M,A7-OL1,90,90,188743680,6.518877534195781,0.4871535003185272,0.48715349618275855,0.0002903166046244801,False
410M:A7-OL1:0.5,410M,A7-OL1,91,91,190840832,6.485612381249666,0.42931437492370605,0.4293143893883583,0.00029008129131769645,False
410M:A7-OL1:0.5,410M,A7-OL1,92,92,192937984,6.51352347061038,0.67755126953125,0.6775512198217953,0.00028984325079708587,False
410M:A7-OL1:0.5,410M,A7-OL1,93,93,195035136,6.485074058175087,0.6252861618995667,0.6252860666271898,0.0002896024876970104,False
410M:A7-OL1:0.5,410M,A7-OL1,94,94,197132288,6.470649899914861,0.4643317461013794,0.46433172174689524,0.00028935900670483714,False
410M:A7-OL1:0.5,410M,A7-OL1,95,95,199229440,6.441115006804466,0.5233010053634644,0.5233009733190224,0.00028911281256084744,False
410M:A7-OL1:0.5,410M,A7-OL1,96,96,201326592,6.421996900811791,0.4706328511238098,0.47063283457182503,0.00028886391005814445,False
410M:A7-OL1:0.5,410M,A7-OL1,97,97,203423744,6.394500961527228,0.42169636487960815,0.42169635935864747,0.00028861230404255973,False
410M:A7-OL1:0.5,410M,A7-OL1,98,98,205520896,6.424849130213261,0.6391437649726868,0.6391437705265982,0.000288357999412559,False
410M:A7-OL1:0.5,410M,A7-OL1,99,99,207618048,6.441527744755149,0.5544556379318237,0.5544555877455728,0.00028810100111914685,False
410M:A7-OL1:0.5,410M,A7-OL1,100,100,209715200,6.3849006071686745,0.49574095010757446,0.495740910724184,0.00028784131416577,False
410M:A7-OL1:0.5,410M,A7-OL1,101,101,211812352,6.366839485242963,0.4742262363433838,0.4742262382278345,0.0002875789436082204,False
410M:A7-OL1:0.5,410M,A7-OL1,102,102,213909504,6.377152489498258,0.5353297591209412,0.5353297634162398,0.00028731389455453644,False
410M:A7-OL1:0.5,410M,A7-OL1,103,103,216006656,6.356220372021198,0.6217039823532104,0.6217039391430688,0.0002870461721649035,False
410M:A7-OL1:0.5,410M,A7-OL1,104,104,218103808,6.399744464084506,0.552595853805542,0.5525958425157395,0.0002867757816515537,False
410M:A7-OL1:0.5,410M,A7-OL1,105,105,220200960,6.361048640683293,0.5718259215354919,0.5718258558630736,0.00028650272827866443,False
410M:A7-OL1:0.5,410M,A7-OL1,106,106,222298112,6.3468413427472115,0.5129799842834473,0.5129799762475715,0.0002862270173622554,False
410M:A7-OL1:0.5,410M,A7-OL1,107,107,224395264,6.3009350299835205,0.3757261037826538,0.3757260648878092,0.0002859486542700858,False
410M:A7-OL1:0.5,410M,A7-OL1,108,108,226492416,6.350265983492136,0.5824748277664185,0.58247480970658,0.0002856676444215494,False
410M:A7-OL1:0.5,410M,A7-OL1,109,109,228589568,6.312855701893568,0.3501201868057251,0.3501201865375353,0.000285383993287569,False
410M:A7-OL1:0.5,410M,A7-OL1,110,110,230686720,6.292386757209897,0.3777362108230591,0.37773615006820355,0.0002850977063904902,False
410M:A7-OL1:0.5,410M,A7-OL1,111,111,232783872,6.312969770282507,0.411259263753891,0.41125925258364265,0.0002848087893039737,False
410M:A7-OL1:0.5,410M,A7-OL1,112,112,234881024,6.280816450715065,0.45048296451568604,0.45048292768152476,0.0002845172476528867,False
410M:A7-OL1:0.5,410M,A7-OL1,113,113,236978176,6.308045202866197,0.6169376969337463,0.6169376892661418,0.0002842230871131937,False
410M:A7-OL1:0.5,410M,A7-OL1,114,114,239075328,6.294619580730796,0.6674914956092834,0.6674915283696579,0.0002839263134118457,False
410M:A7-OL1:0.5,410M,A7-OL1,115,115,241172480,6.283156983554363,0.8242501020431519,0.8242500505693124,0.0002836269323266686,False
410M:A7-OL1:0.5,410M,A7-OL1,116,116,243269632,6.278414290398359,0.48296043276786804,0.4829603811498666,0.0002833249496862514,False
410M:A7-OL1:0.5,410M,A7-OL1,117,117,245366784,6.326496856287122,0.8065635561943054,0.8065634396282145,0.0002830203713698318,False
410M:A7-OL1:0.5,410M,A7-OL1,118,118,247463936,6.270547050982714,1.0909303426742554,0.9999991137929456,0.00028271320330718237,False
410M:A7-OL1:0.5,410M,A7-OL1,119,119,249561088,6.3413596879690886,0.8085838556289673,0.8085838553781944,0.00028240345147849497,False
410M:A7-OL1:0.5,410M,A7-OL1,120,120,251658240,6.229827385395765,0.5830897092819214,0.5830896420318535,0.0002820911219142641,False
410M:A7-OL1:0.5,410M,A7-OL1,121,121,253755392,6.225168205797672,0.756699800491333,0.756699764115193,0.00028177622069516984,False
410M:A7-OL1:0.5,410M,A7-OL1,122,122,255852544,6.244666455313563,0.5075469613075256,0.5075469152227458,0.00028145875395195913,False
410M:A7-OL1:0.5,410M,A7-OL1,123,123,257949696,6.23309270478785,0.6330225467681885,0.6330225290445289,0.00028113872786532666,False
410M:A7-OL1:0.5,410M,A7-OL1,124,124,260046848,6.192797526717186,0.4444446861743927,0.44444466536333105,0.00028081614866579455,False
410M:A7-OL1:0.5,410M,A7-OL1,125,125,262144000,6.18403123319149,0.4477860629558563,0.44778606441130675,0.00028049102263359065,False
410M:A7-OL1:0.5,410M,A7-OL1,126,126,264241152,6.216382835060358,0.4178100824356079,0.4178100760121523,0.00028016335609852696,False
410M:A7-OL1:0.5,410M,A7-OL1,127,127,266338304,6.191842958331108,0.5459339022636414,0.545933862455147,0.0002798331554398756,False
410M:A7-OL1:0.5,410M,A7-OL1,128,128,268435456,6.166128436103463,0.3994092643260956,0.39940922787044253,0.0002795004270862454,False
410M:A7-OL1:0.5,410M,A7-OL1,129,129,270532608,6.225398175418377,0.43792179226875305,0.437921790530783,0.0002791651775154561,False
410M:A7-OL1:0.5,410M,A7-OL1,130,130,272629760,6.173228168860078,0.4819849133491516,0.4819848789561893,0.0002788274132544126,False
410M:A7-OL1:0.5,410M,A7-OL1,131,131,274726912,6.147808022797108,0.4162150025367737,0.416215007401384,0.0002784871408789778,False
410M:A7-OL1:0.5,410M,A7-OL1,132,132,276824064,6.19737515412271,0.6136963367462158,0.613696265549557,0.00027814436701384447,False
410M:A7-OL1:0.5,410M,A7-OL1,133,133,278921216,6.098992671817541,0.7144694328308105,0.714469427779092,0.0002777990983324065,False
410M:A7-OL1:0.5,410M,A7-OL1,134,134,281018368,6.193394100293517,1.0118757486343384,0.9999990946911361,0.0002774513415566288,False
410M:A7-OL1:0.5,410M,A7-OL1,135,135,283115520,6.162283338606358,0.7108007669448853,0.7108007270685198,0.0002771011034569164,False
410M:A7-OL1:0.5,410M,A7-OL1,136,136,285212672,6.149720881134272,0.5235192179679871,0.5235191802106454,0.0002767483908519828,False
410M:A7-OL1:0.5,410M,A7-OL1,137,137,287309824,6.145767098292708,0.9576545357704163,0.9576544890625801,0.00027639321060871704,False
410M:A7-OL1:0.5,410M,A7-OL1,138,138,289406976,6.11876336671412,0.537806510925293,0.5378064933581372,0.0002760355696420503,False
410M:A7-OL1:0.5,410M,A7-OL1,139,139,291504128,6.128179509192705,0.6827422380447388,0.6827421917910789,0.0002756754749148208,False
410M:A7-OL1:0.5,410M,A7-OL1,140,140,293601280,6.155101969838142,0.5036057829856873,0.5036057810913868,0.0002753129334376388,False
410M:A7-OL1:0.5,410M,A7-OL1,141,141,295698432,6.124004317447543,0.7424160242080688,0.7424160124958169,0.0002749479522687496,False
410M:A7-OL1:0.5,410M,A7-OL1,142,142,297795584,6.100797366350889,0.5383124351501465,0.5383124317095895,0.00027458053851389647,False
410M:A7-OL1:0.5,410M,A7-OL1,143,143,299892736,6.062062736600637,0.6084466576576233,0.6084466290466954,0.00027421069932618213,False
410M:A7-OL1:0.5,410M,A7-OL1,144,144,301989888,6.089330704882741,0.476249098777771,0.47624907536846706,0.0002738384419059297,False
410M:A7-OL1:0.5,410M,A7-OL1,145,145,304087040,6.091505456715822,0.5944890379905701,0.5944890698615336,0.00027346377350054226,False
410M:A7-OL1:0.5,410M,A7-OL1,146,146,306184192,6.0767577942460775,0.42239683866500854,0.4223968198721339,0.00027308670140436175,False
410M:A7-OL1:0.5,410M,A7-OL1,147,147,308281344,6.105284241959453,0.6973199844360352,0.6973200279953741,0.0002727072329585274,False
410M:A7-OL1:0.5,410M,A7-OL1,148,148,310378496,6.06915439479053,0.5127007365226746,0.5127007153540766,0.00027232537555083204,False
410M:A7-OL1:0.5,410M,A7-OL1,149,149,312475648,6.052567068487406,0.590435266494751,0.5904352665129836,0.00027194113661557914,False
410M:A7-OL1:0.5,410M,A7-OL1,150,150,314572800,6.091649478301406,0.40261343121528625,0.4026134200066885,0.0002715545236334373,False
410M:A7-OL1:0.5,410M,A7-OL1,151,151,316669952,6.0683593433350325,0.5803073644638062,0.5803073479565884,0.00027116554413129517,False
410M:A7-OL1:0.5,410M,A7-OL1,152,152,318767104,6.03949767537415,0.45183342695236206,0.45183345473801123,0.00027077420568211456,False
410M:A7-OL1:0.5,410M,A7-OL1,153,153,320864256,6.031057421118021,0.5131247639656067,0.5131247436831594,0.00027038051590478327,False
410M:A7-OL1:0.5,410M,A7-OL1,154,154,322961408,6.073111344128847,0.6047213077545166,0.604721264024502,0.0002699844824639665,False
410M:A7-OL1:0.5,410M,A7-OL1,155,155,325058560,6.063640762120485,0.6016294360160828,0.6016294017847108,0.0002695861130699577,False
410M:A7-OL1:0.5,410M,A7-OL1,156,156,327155712,6.06017867103219,0.5830727219581604,0.5830726746553518,0.0002691854154785287,False
410M:A7-OL1:0.5,410M,A7-OL1,157,157,329252864,5.9945253524929285,0.49477577209472656,0.49477578382626086,0.0002687823974907785,False
410M:A7-OL1:0.5,410M,A7-OL1,158,158,331350016,6.056727791205049,0.615386962890625,0.6153869747488144,0.0002683770669529811,False
410M:A7-OL1:0.5,410M,A7-OL1,159,159,333447168,6.055859595537186,0.7449883818626404,0.7449883333116276,0.00026796943175643357,False
410M:A7-OL1:0.5,410M,A7-OL1,160,160,335544320,6.026588369160891,0.4221152067184448,0.42211519042022533,0.0002675594998373015,False
410M:A7-OL1:0.5,410M,A7-OL1,161,161,337641472,6.0143014173954725,0.5338770747184753,0.5338770376668955,0.00026714727917646506,False
410M:A7-OL1:0.5,410M,A7-OL1,162,162,339738624,6.003608567640185,0.5135776996612549,0.51357765005165,0.0002667327777993635,False
410M:A7-OL1:0.5,410M,A7-OL1,163,163,341835776,5.974321821704507,0.374397873878479,0.37439785759078553,0.0002663160037758388,False
410M:A7-OL1:0.5,410M,A7-OL1,164,164,343932928,6.005070339888334,0.47261399030685425,0.4726139844915763,0.0002658969652199786,False
410M:A7-OL1:0.5,410M,A7-OL1,165,165,346030080,5.938410263508558,0.5047144889831543,0.5047144906924518,0.00026547567028995835,False
410M:A7-OL1:0.5,410M,A7-OL1,166,166,348127232,5.936741089448333,0.4451659619808197,0.4451659642865761,0.0002650521271878822,False
410M:A7-OL1:0.5,410M,A7-OL1,167,167,350224384,5.972039446234703,0.5546726584434509,0.5546726216336895,0.00026462634415962377,False
410M:A7-OL1:0.5,410M,A7-OL1,168,168,352321536,5.9117843098938465,0.5712648630142212,0.5712647837121761,0.0002641983294946651,False
410M:A7-OL1:0.5,410M,A7-OL1,169,169,354418688,5.946563053876162,0.3997254967689514,0.3997254863466872,0.0002637680915259357,False
410M:A7-OL1:0.5,410M,A7-OL1,170,170,356515840,5.926077088341117,0.4453687071800232,0.4453686942777261,0.00026333563862964993,False
410M:A7-OL1:0.5,410M,A7-OL1,171,171,358612992,5.9127716682851315,0.5451763272285461,0.545176370286211,0.0002629009792251442,False
410M:A7-OL1:0.5,410M,A7-OL1,172,172,360710144,5.953632449731231,0.5137129426002502,0.5137129309266052,0.00026246412177471305,False
410M:A7-OL1:0.5,410M,A7-OL1,173,173,362807296,5.920217901468277,0.763483464717865,0.763483427217166,0.0002620250747834443,False
410M:A7-OL1:0.5,410M,A7-OL1,174,174,364904448,5.97068028897047,0.7035331130027771,0.7035330826952558,0.0002615838467990533,False
410M:A7-OL1:0.5,410M,A7-OL1,175,175,367001600,5.892272483557463,0.7048321962356567,0.704832204587809,0.00026114044641171704,False
410M:A7-OL1:0.5,410M,A7-OL1,176,176,369098752,5.952491333708167,0.8718217015266418,0.8718217091986509,0.0002606948822539063,False
410M:A7-OL1:0.5,410M,A7-OL1,177,177,371195904,5.939077761024237,1.0072667598724365,0.9999990654232229,0.0002602471630002179,False
410M:A7-OL1:0.5,410M,A7-OL1,178,178,373293056,5.982529904693365,0.9442880749702454,0.9442881421689245,0.0002597972973672059,False
410M:A7-OL1:0.5,410M,A7-OL1,179,179,375390208,5.960782457143068,0.811273992061615,0.8112739736067652,0.0002593452941132117,False
410M:A7-OL1:0.5,410M,A7-OL1,180,180,377487360,5.970661845058203,0.7970420718193054,0.7970420287447435,0.00025889116203819365,False
410M:A7-OL1:0.5,410M,A7-OL1,181,181,379584512,5.883152440190315,0.6145989298820496,0.6145989385433803,0.0002584349099835556,False
410M:A7-OL1:0.5,410M,A7-OL1,182,182,381681664,5.912407349795103,0.7361744046211243,0.7361744114089451,0.00025797654683197487,False
410M:A7-OL1:0.5,410M,A7-OL1,183,183,383778816,5.913286421447992,0.4884667992591858,0.488466818994583,0.0002575160815072294,False
410M:A7-OL1:0.5,410M,A7-OL1,184,184,385875968,5.891721708700061,0.6437661647796631,0.6437661678166781,0.00025705352297402366,False
410M:A7-OL1:0.5,410M,A7-OL1,185,185,387973120,5.8689421359449625,0.47784939408302307,0.4778493790825965,0.00025658888023781474,False
410M:A7-OL1:0.5,410M,A7-OL1,186,186,390070272,5.888542538508773,0.6011447906494141,0.6011447996353888,0.00025612216234463623,False
410M:A7-OL1:0.5,410M,A7-OL1,187,187,392167424,5.905530435964465,0.3887006640434265,0.38870064839317087,0.00025565337838092284,False
410M:A7-OL1:0.5,410M,A7-OL1,188,188,394264576,5.853912567719817,0.5915508270263672,0.5915507910293301,0.000255182537473333,False
410M:A7-OL1:0.5,410M,A7-OL1,189,189,396361728,5.8658286686986685,0.39264386892318726,0.3926438773528868,0.0002547096487885714,False
410M:A7-OL1:0.5,410M,A7-OL1,190,190,398458880,5.8978640884160995,0.4582255482673645,0.4582255213679821,0.0002542347215332106,False
410M:A7-OL1:0.5,410M,A7-OL1,191,191,400556032,5.861617613583803,0.4427502751350403,0.4427502576641703,0.0002537577649535116,False
410M:A7-OL1:0.5,410M,A7-OL1,192,192,402653184,5.887365994974971,0.46940910816192627,0.46940910081950665,0.0002532787883352437,False
410M:A7-OL1:0.5,410M,A7-OL1,193,193,404750336,5.8527840077877045,0.5881031155586243,0.5881030434840946,0.0002527978010035043,False
410M:A7-OL1:0.5,410M,A7-OL1,194,194,406847488,5.818917443975806,0.4632530212402344,0.4632529966923328,0.0002523148123225366,False
410M:A7-OL1:0.5,410M,A7-OL1,195,195,408944640,5.852524472400546,0.4476887881755829,0.44768879254400185,0.0002518298316955479,False
410M:A7-OL1:0.5,410M,A7-OL1,196,196,411041792,5.842597393319011,0.6019713878631592,0.6019714069496928,0.0002513428685645262,False
410M:A7-OL1:0.5,410M,A7-OL1,197,197,413138944,5.827000668272376,0.4935007691383362,0.4935007736590972,0.00025085393241005644,False
410M:A7-OL1:0.5,410M,A7-OL1,198,198,415236096,5.8525887336581945,0.4908914864063263,0.49089150329511855,0.0002503630327511359,False
410M:A7-OL1:0.5,410M,A7-OL1,199,199,417333248,5.823330035433173,0.7444818615913391,0.7444818748386148,0.00024987017914498906,False
410M:A7-OL1:0.5,410M,A7-OL1,200,200,419430400,5.83592670597136,0.7231547236442566,0.7231547875964321,0.0002493753811868814,False
410M:A7-OL1:0.5,410M,A7-OL1,201,201,421527552,5.805015470832586,0.8256916403770447,0.8256916537657718,0.0002488786485099324,False
410M:A7-OL1:0.5,410M,A7-OL1,202,202,423624704,5.821103235706687,0.8221679925918579,0.8221679502873742,0.00024837999078492845,False
410M:A7-OL1:0.5,410M,A7-OL1,203,203,425721856,5.7922166138887405,0.7362038493156433,0.7362038754758546,0.00024787941772013393,False
410M:A7-OL1:0.5,410M,A7-OL1,204,204,427819008,5.801010919734836,0.622202455997467,0.6222024834452182,0.000247376939061103,False
410M:A7-OL1:0.5,410M,A7-OL1,205,205,429916160,5.741019684821367,0.684309184551239,0.6843091564147331,0.00024687256459048914,False
410M:A7-OL1:0.5,410M,A7-OL1,206,206,432013312,5.7724433075636625,0.7002776265144348,0.7002776023132095,0.0002463663041278552,False
410M:A7-OL1:0.5,410M,A7-OL1,207,207,434110464,5.797392338514328,0.5489142537117004,0.5489142215915256,0.0002458581675294818,False
410M:A7-OL1:0.5,410M,A7-OL1,208,208,436207616,5.76646177098155,0.6072025895118713,0.607202570539247,0.0002453481646881759,False
410M:A7-OL1:0.5,410M,A7-OL1,209,209,438304768,5.748375615105033,0.5898946523666382,0.5898946425053427,0.0002448363055330777,False
410M:A7-OL1:0.5,410M,A7-OL1,210,210,440401920,5.759472321718931,0.5259839296340942,0.5259839002336641,0.0002443226000294679,False
410M:A7-OL1:0.5,410M,A7-OL1,211,211,442499072,5.769809206947684,0.5365024209022522,0.5365024049440068,0.000243807058178573,False
410M:A7-OL1:0.5,410M,A7-OL1,212,212,444596224,5.738897146657109,0.6067649722099304,0.6067649127977083,0.0002432896900173714,False
410M:A7-OL1:0.5,410M,A7-OL1,213,213,446693376,5.76863881573081,0.5421704053878784,0.5421703836494736,0.00024277050561839718,False
410M:A7-OL1:0.5,410M,A7-OL1,214,214,448790528,5.747623890638351,0.7794687151908875,0.7794686759409528,0.00024224951508954463,False
410M:A7-OL1:0.5,410M,A7-OL1,215,215,450887680,5.725131278857589,0.6860672235488892,0.6860671989309546,0.00024172672857387107,False
410M:A7-OL1:0.5,410M,A7-OL1,216,216,452984832,5.739371385425329,0.5600721836090088,0.5600721336224855,0.00024120215624939955,False
410M:A7-OL1:0.5,410M,A7-OL1,217,217,455081984,5.767332572489977,0.48370060324668884,0.4837005935077498,0.00024067580832892076,False
410M:A7-OL1:0.5,410M,A7-OL1,218,218,457179136,5.764498868957162,0.7200441360473633,0.7200441097890287,0.00024014769505979394,False
410M:A7-OL1:0.5,410M,A7-OL1,219,219,459276288,5.731151917949319,0.6947934031486511,0.6947934298723105,0.0002396178267237476,False
410M:A7-OL1:0.5,410M,A7-OL1,220,220,461373440,5.742798384279013,0.688931941986084,0.6889319027099269,0.00023908621363667945,False
410M:A7-OL1:0.5,410M,A7-OL1,221,221,463470592,5.72544714435935,0.7228373289108276,0.7228373614377098,0.00023855286614845504,False
410M:A7-OL1:0.5,410M,A7-OL1,222,222,465567744,5.714704113081098,0.6032602190971375,0.6032602069732464,0.00023801779464270709,False
410M:A7-OL1:0.5,410M,A7-OL1,223,223,467664896,5.722818212583661,0.7492381930351257,0.7492381476623463,0.00023748100953663241,False
410M:A7-OL1:0.5,410M,A7-OL1,224,224,469762048,5.667608926072717,0.6624763011932373,0.662476305948457,0.00023694252128078985,False
410M:A7-OL1:0.5,410M,A7-OL1,225,225,471859200,5.693465912714601,0.6208761930465698,0.6208761693924744,0.00023640234035889634,False
410M:A7-OL1:0.5,410M,A7-OL1,226,226,473956352,5.692430241033435,0.740390419960022,0.7403903926954297,0.00023586047728762314,False
410M:A7-OL1:0.5,410M,A7-OL1,227,227,476053504,5.703533022664487,0.5994503498077393,0.5994503290995389,0.0002353169426163908,False
410M:A7-OL1:0.5,410M,A7-OL1,228,228,478150656,5.74271559342742,0.6901885271072388,0.6901885569372429,0.00023477174692716396,False
410M:A7-OL1:0.5,410M,A7-OL1,229,229,480247808,5.728223878890276,0.8031296730041504,0.8031296613509298,0.00023422490083424525,False
410M:A7-OL1:0.5,410M,A7-OL1,230,230,482344960,5.698175190016627,0.6734796762466431,0.6734796864105692,0.00023367641498406877,False
410M:A7-OL1:0.5,410M,A7-OL1,231,231,484442112,5.674597104080021,0.7147985696792603,0.7147985745877665,0.00023312630005499258,False
410M:A7-OL1:0.5,410M,A7-OL1,232,232,486539264,5.691018145531416,0.6189054846763611,0.6189055029307552,0.00023257456675709095,False
410M:A7-OL1:0.5,410M,A7-OL1,233,233,488636416,5.726453488692641,0.7819560170173645,0.7819560222797809,0.00023202122583194606,False
410M:A7-OL1:0.5,410M,A7-OL1,234,234,490733568,5.659911314025521,0.6407228112220764,0.6407228358266518,0.00023146628805243832,False
410M:A7-OL1:0.5,410M,A7-OL1,235,235,492830720,5.655420592054725,0.7571476697921753,0.7571476335807636,0.00023090976422253718,False
410M:A7-OL1:0.5,410M,A7-OL1,236,236,494927872,5.684408668428659,0.5219486951828003,0.5219486841188741,0.00023035166517709055,False
410M:A7-OL1:0.5,410M,A7-OL1,237,237,497025024,5.703820541501045,0.8044872879981995,0.8044872234939051,0.00022979200178161385,False
410M:A7-OL1:0.5,410M,A7-OL1,238,238,499122176,5.657948384061456,0.5477883219718933,0.5477882918628888,0.00022923078493207854,False
410M:A7-OL1:0.5,410M,A7-OL1,239,239,501219328,5.694915570318699,0.6205476522445679,0.6205476392007532,0.0002286680255547,False
410M:A7-OL1:0.5,410M,A7-OL1,240,240,503316480,5.6663347985595465,0.5522633194923401,0.5522632897744799,0.00022810373460572457,False
410M:A7-OL1:0.5,410M,A7-OL1,241,241,505413632,5.651907553896308,0.5305348634719849,0.5305348535319303,0.00022753792307121667,False
410M:A7-OL1:0.5,410M,A7-OL1,242,242,507510784,5.646637611091137,0.40726959705352783,0.40726959398124646,0.00022697060196684467,False
410M:A7-OL1:0.5,410M,A7-OL1,243,243,509607936,5.6629528272897005,0.5989939570426941,0.5989939234584559,0.00022640178233766624,False
410M:A7-OL1:0.5,410M,A7-OL1,244,244,511705088,5.639282202348113,0.5800768136978149,0.5800767862679653,0.0002258314752579137,False
410M:A7-OL1:0.5,410M,A7-OL1,245,245,513802240,5.6727535631507635,0.4865850806236267,0.4865850848189607,0.0002252596918307783,False
410M:A7-OL1:0.5,410M,A7-OL1,246,246,515899392,5.623361863195896,0.622500479221344,0.6225004437121596,0.0002246864431881938,False
410M:A7-OL1:0.5,410M,A7-OL1,247,247,517996544,5.658644158393145,0.6544578075408936,0.6544578110207543,0.00022411174049061998,False
410M:A7-OL1:0.5,410M,A7-OL1,248,248,520093696,5.602755535393953,0.7097470760345459,0.7097471063551849,0.00022353559492682543,False
410M:A7-OL1:0.5,410M,A7-OL1,249,249,522190848,5.66955257486552,0.9528655409812927,0.9528655185950372,0.00022295801771366958,False
410M:A7-OL1:0.5,410M,A7-OL1,250,250,524288000,5.671034524217248,0.9795008301734924,0.9795008539791639,0.00022237902009588422,False
410M:A7-OL1:0.5,410M,A7-OL1,251,251,526385152,5.642086297273636,0.9178189635276794,0.9178189891070259,0.00022179861334585484,False
410M:A7-OL1:0.5,410M,A7-OL1,252,252,528482304,5.589750671759248,0.8808407783508301,0.880840798793615,0.0002212168087634009,False
410M:A7-OL1:0.5,410M,A7-OL1,253,253,530579456,5.668606325984001,0.7865771651268005,0.786577139561306,0.00022063361767555618,False
410M:A7-OL1:0.5,410M,A7-OL1,254,254,532676608,5.6025992427021265,0.7968648076057434,0.7968648191334731,0.00022004905143634793,False
410M:A7-OL1:0.5,410M,A7-OL1,255,255,534773760,5.608691023662686,0.6678982973098755,0.6678983540471248,0.00021946312142657586,False
410M:A7-OL1:0.5,410M,A7-OL1,256,256,536870912,5.597014118917286,0.5817652344703674,0.5817652393394692,0.00021887583905359073,False
410M:A7-OL1:0.5,410M,A7-OL1,257,257,538968064,5.596677556633949,0.6768772006034851,0.6768771829420307,0.00021828721575107223,False
410M:A7-OL1:0.5,410M,A7-OL1,258,258,541065216,5.658472564071417,0.6004096269607544,0.6004096311591491,0.00021769726297880622,False
410M:A7-OL1:0.5,410M,A7-OL1,259,259,543162368,5.5746169444173574,0.8362576365470886,0.8362576112121201,0.00021710599222246182,False
410M:A7-OL1:0.5,410M,A7-OL1,260,260,545259520,5.611775693483651,0.5879541635513306,0.5879541755233542,0.0002165134149933677,False
410M:A7-OL1:0.5,410M,A7-OL1,261,261,547356672,5.627563312649727,0.7131518125534058,0.7131518330578241,0.0002159195428282879,False
410M:A7-OL1:0.5,410M,A7-OL1,262,262,549453824,5.5905645582824945,0.5259416103363037,0.5259416451154082,0.00021532438728919743,False
410M:A7-OL1:0.5,410M,A7-OL1,263,263,551550976,5.576426785439253,0.6138812899589539,0.6138813058315905,0.00021472795996305691,False
410M:A7-OL1:0.5,410M,A7-OL1,264,264,553648128,5.61222386918962,0.45410558581352234,0.454105595203836,0.0002141302724615872,False
410M:A7-OL1:0.5,410M,A7-OL1,265,265,555745280,5.566560799255967,0.5671890377998352,0.5671890404238579,0.0002135313364210433,False
410M:A7-OL1:0.5,410M,A7-OL1,266,266,557842432,5.587488519027829,0.5881694555282593,0.5881694706379598,0.00021293116350198766,False
410M:A7-OL1:0.5,410M,A7-OL1,267,267,559939584,5.524500267580152,0.6638768315315247,0.6638767669843052,0.0002123297653890633,False
410M:A7-OL1:0.5,410M,A7-OL1,268,268,562036736,5.561924457550049,0.5205104947090149,0.520510508756798,0.00021172715379076632,False
410M:A7-OL1:0.5,410M,A7-OL1,269,269,564133888,5.608296898193657,0.6058030724525452,0.605803091713997,0.00021112334043921782,False
410M:A7-OL1:0.5,410M,A7-OL1,270,270,566231040,5.536149326711893,0.4971691370010376,0.4971691243163575,0.00021051833708993572,False
410M:A7-OL1:0.5,410M,A7-OL1,271,271,568328192,5.515031159855425,0.5062695741653442,0.506269558667348,0.0002099121555216057,False
410M:A7-OL1:0.5,410M,A7-OL1,272,272,570425344,5.493881101720035,0.5413262248039246,0.5413262106542951,0.00020930480753585185,False
410M:A7-OL1:0.5,410M,A7-OL1,273,273,572522496,5.555855717509985,0.5780548453330994,0.5780548320407399,0.0002086963049570072,False
410M:A7-OL1:0.5,410M,A7-OL1,274,274,574619648,5.596445055678487,0.5304657220840454,0.5304656716589239,0.00020808665963188315,False
410M:A7-OL1:0.5,410M,A7-OL1,275,275,576716800,5.560879696160555,0.6531806588172913,0.6531806571722084,0.000207475883429539,False
410M:A7-OL1:0.5,410M,A7-OL1,276,276,578813952,5.487859288230538,0.8181060552597046,0.8181060389231253,0.00020686398824105103,False
410M:A7-OL1:0.5,410M,A7-OL1,277,277,580911104,5.591158751398325,0.8708460927009583,0.8708460841105973,0.00020625098597928067,False
410M:A7-OL1:0.5,410M,A7-OL1,278,278,583008256,5.570943705737591,0.7785098552703857,0.7785098908381415,0.00020563688857864272,False
410M:A7-OL1:0.5,410M,A7-OL1,279,279,585105408,5.519116064533591,0.8564333319664001,0.8564332708274018,0.00020502170799487315,False
410M:A7-OL1:0.5,410M,A7-OL1,280,280,587202560,5.591228731907904,0.6513105034828186,0.651310517885554,0.00020440545620479606,False
410M:A7-OL1:0.5,410M,A7-OL1,281,281,589299712,5.554741548374295,0.8891090154647827,0.8891089870634832,0.00020378814520609072,False
410M:A7-OL1:0.5,410M,A7-OL1,282,282,591396864,5.5631453692913055,0.7674048542976379,0.7674048691838968,0.0002031697870170579,False
410M:A7-OL1:0.5,410M,A7-OL1,283,283,593494016,5.506464956328273,0.6807122826576233,0.6807122796973638,0.00020255039367638591,False
410M:A7-OL1:0.5,410M,A7-OL1,284,284,595591168,5.5394392516463995,0.6651030778884888,0.6651030798617188,0.00020192997724291625,False
410M:A7-OL1:0.5,410M,A7-OL1,285,285,597688320,5.507959492504597,0.45530906319618225,0.4553090644328363,0.00020130854979540864,False
410M:A7-OL1:0.5,410M,A7-OL1,286,286,599785472,5.525755172595382,0.7216957807540894,0.721695789706412,0.00020068612343230626,False
410M:A7-OL1:0.5,410M,A7-OL1,287,287,601882624,5.506672440096736,0.5607299208641052,0.5607298941744377,0.00020006271027149975,False
410M:A7-OL1:0.5,410M,A7-OL1,288,288,603979776,5.553397873416543,0.5531153678894043,0.553115362121843,0.00019943832245009174,False
410M:A7-OL1:0.5,410M,A7-OL1,289,289,606076928,5.5072333961725235,0.5736547708511353,0.5736547037833082,0.00019881297212416012,False
410M:A7-OL1:0.5,410M,A7-OL1,290,290,608174080,5.5255261734128,0.4912171959877014,0.4912172020548385,0.0001981866714685217,False
410M:A7-OL1:0.5,410M,A7-OL1,291,291,610271232,5.441305631771684,0.42024245858192444,0.42024246391656656,0.000197559432676495,False
410M:A7-OL1:0.5,410M,A7-OL1,292,292,612368384,5.503835525363684,0.41879409551620483,0.41879407218187137,0.00019693126795966294,False
410M:A7-OL1:0.5,410M,A7-OL1,293,293,614465536,5.424753360450268,0.461102694272995,0.4611026707702145,0.0001963021895476352,False
410M:A7-OL1:0.5,410M,A7-OL1,294,294,616562688,5.489279007539153,0.5945342183113098,0.5945341808823317,0.00019567220968780974,False
410M:A7-OL1:0.5,410M,A7-OL1,295,295,618659840,5.467308160848916,0.5884835124015808,0.5884834959108083,0.0001950413406451349,False
410M:A7-OL1:0.5,410M,A7-OL1,296,296,620756992,5.4830391574651,0.5697301030158997,0.5697300947250189,0.00019440959470187012,False
410M:A7-OL1:0.5,410M,A7-OL1,297,297,622854144,5.521002357825637,0.736251950263977,0.7362519421540915,0.00019377698415734725,False
410M:A7-OL1:0.5,410M,A7-OL1,298,298,624951296,5.511686472222209,0.7350209951400757,0.7350210222803274,0.00019314352132773066,False
410M:A7-OL1:0.5,410M,A7-OL1,299,299,627048448,5.50792483240366,0.6906905770301819,0.6906905883937108,0.00019250921854577788,False
410M:A7-OL1:0.5,410M,A7-OL1,300,300,629145600,5.4565954599529505,0.5741925239562988,0.5741925325857539,0.00019187408816059907,False
410M:A7-OL1:0.5,410M,A7-OL1,301,301,631242752,5.524850349873304,0.647119402885437,0.6471193516822805,0.00019123814253741716,False
410M:A7-OL1:0.5,410M,A7-OL1,302,302,633339904,5.50878332182765,0.8518795967102051,0.851879585165495,0.0001906013940573265,False
410M:A7-OL1:0.5,410M,A7-OL1,303,303,635437056,5.5068269949406385,0.6213549375534058,0.6213549493207351,0.0001899638551170521,False
410M:A7-OL1:0.5,410M,A7-OL1,304,304,637534208,5.4553925069049,0.6383353471755981,0.6383353149180928,0.00018932553812870843,False
410M:A7-OL1:0.5,410M,A7-OL1,305,305,639631360,5.448361177928746,0.8476794362068176,0.8476794306534642,0.0001886864555195576,False
410M:A7-OL1:0.5,410M,A7-OL1,306,306,641728512,5.480035463348031,0.5893976092338562,0.5893975842480685,0.00018804661973176727,False
410M:A7-OL1:0.5,410M,A7-OL1,307,307,643825664,5.445698413997889,0.5578217506408691,0.5578217436294852,0.00018740604322216878,False
410M:A7-OL1:0.5,410M,A7-OL1,308,308,645922816,5.504988149739802,0.8009119033813477,0.8009119181750555,0.0001867647384620143,False
410M:A7-OL1:0.5,410M,A7-OL1,309,309,648019968,5.466357143595815,0.6363611221313477,0.6363611544470151,0.00018612271793673422,False
410M:A7-OL1:0.5,410M,A7-OL1,310,310,650117120,5.493212630972266,0.5290212035179138,0.5290211660378511,0.000185479994145694,False
410M:A7-OL1:0.5,410M,A7-OL1,311,311,652214272,5.450077148154378,0.6482680439949036,0.6482680435143966,0.00018483657960195082,False
410M:A7-OL1:0.5,410M,A7-OL1,312,312,654311424,5.4530672095716,0.5557177066802979,0.5557176971168346,0.00018419248683200997,False
410M:A7-OL1:0.5,410M,A7-OL1,313,313,656408576,5.434610810130835,0.431925505399704,0.43192548805858966,0.00018354772837558104,False
410M:A7-OL1:0.5,410M,A7-OL1,314,314,658505728,5.4575721845030785,0.5764233469963074,0.5764233259344497,0.0001829023167853337,False
410M:A7-OL1:0.5,410M,A7-OL1,315,315,660602880,5.474637400358915,0.5601955056190491,0.5601954810217685,0.00018225626462665338,False
410M:A7-OL1:0.5,410M,A7-OL1,316,316,662700032,5.469641398638487,0.6883034706115723,0.6883034715791337,0.00018160958447739655,False
410M:A7-OL1:0.5,410M,A7-OL1,317,317,664797184,5.406024232506752,0.7690386772155762,0.7690386570049572,0.00018096228892764587,False
410M:A7-OL1:0.5,410M,A7-OL1,318,318,666894336,5.4411259815096855,0.5964137315750122,0.5964137038100712,0.0001803143905794652,False
410M:A7-OL1:0.5,410M,A7-OL1,319,319,668991488,5.463731853291392,0.5980453491210938,0.5980453979357168,0.00017966590204665422,False
410M:A7-OL1:0.5,410M,A7-OL1,320,320,671088640,5.419377963989973,0.7091670632362366,0.7091670381526074,0.0001790168359545025,False
410M:A7-OL1:0.5,410M,A7-OL1,321,321,673185792,5.424422765150666,0.5398512482643127,0.5398512505846441,0.00017836720493954442,False
410M:A7-OL1:0.5,410M,A7-OL1,322,322,675282944,5.437854930758476,0.6447018384933472,0.6447018319773757,0.00017771702164931229,False
410M:A7-OL1:0.5,410M,A7-OL1,323,323,677380096,5.429426042363048,0.7434282302856445,0.7434282363296373,0.00017706629874209083,False
410M:A7-OL1:0.5,410M,A7-OL1,324,324,679477248,5.4566515032202005,0.8132768273353577,0.8132767787923149,0.00017641504888667043,False
410M:A7-OL1:0.5,410M,A7-OL1,325,325,681574400,5.457803638651967,0.8251340389251709,0.8251340715871919,0.00017576328476210035,False
410M:A7-OL1:0.5,410M,A7-OL1,326,326,683671552,5.441010473296046,0.6592978835105896,0.6592978983732615,0.00017511101905744232,False
410M:A7-OL1:0.5,410M,A7-OL1,327,327,685768704,5.412791170179844,0.5719913840293884,0.5719913886478121,0.000174458264471523,False
410M:A7-OL1:0.5,410M,A7-OL1,328,328,687865856,5.447259050793946,0.6732763051986694,0.6732763072495369,0.00017380503371268704,False
410M:A7-OL1:0.5,410M,A7-OL1,329,329,689963008,5.4533656276762486,0.6072156429290771,0.6072156156706984,0.00017315133949854968,False
410M:A7-OL1:0.5,410M,A7-OL1,330,330,692060160,5.41059148311615,0.6279127597808838,0.6279127574507049,0.000172497194555749,False
410M:A7-OL1:0.5,410M,A7-OL1,331,331,694157312,5.385744592174888,0.5178320407867432,0.5178320527904205,0.00017184261161969823,False
410M:A7-OL1:0.5,410M,A7-OL1,332,332,696254464,5.451238467358053,0.5881895422935486,0.5881895147030135,0.0001711876034343379,False
410M:A7-OL1:0.5,410M,A7-OL1,333,333,698351616,5.412980847992003,0.6186589002609253,0.6186589114513884,0.00017053218275188745,False
410M:A7-OL1:0.5,410M,A7-OL1,334,334,700448768,5.429243464022875,0.5773137211799622,0.5773137446456963,0.00016987636233259726,False
410M:A7-OL1:0.5,410M,A7-OL1,335,335,702545920,5.40051481500268,0.5497657656669617,0.5497657465983671,0.00016922015494450008,False
410M:A7-OL1:0.5,410M,A7-OL1,336,336,704643072,5.388069035485387,0.5870978236198425,0.5870978264605644,0.00016856357336316247,False
410M:A7-OL1:0.5,410M,A7-OL1,337,337,706740224,5.411984788253903,0.5668460726737976,0.5668460552155555,0.00016790663037143618,False
410M:A7-OL1:0.5,410M,A7-OL1,338,338,708837376,5.386428354308009,0.5180078744888306,0.5180078632281079,0.00016724933875920893,False
410M:A7-OL1:0.5,410M,A7-OL1,339,339,710934528,5.357097543776035,0.47172197699546814,0.4717219893853558,0.00016659171132315598,False
410M:A7-OL1:0.5,410M,A7-OL1,340,340,713031680,5.39181624725461,0.5681406259536743,0.5681406552658875,0.0001659337608664904,False
410M:A7-OL1:0.5,410M,A7-OL1,341,341,715128832,5.402845879085362,0.4676871597766876,0.4676871408814646,0.0001652755001987143,False
410M:A7-OL1:0.5,410M,A7-OL1,342,342,717225984,5.442592736333609,0.5483708381652832,0.5483708233851695,0.00016461694213536907,False
410M:A7-OL1:0.5,410M,A7-OL1,343,343,719323136,5.399142031557858,0.6884921193122864,0.6884921611583315,0.0001639580994977861,False
410M:A7-OL1:0.5,410M,A7-OL1,344,344,721420288,5.3579965233802795,0.5327310562133789,0.5327310702599191,0.00016329898511283707,False
410M:A7-OL1:0.5,410M,A7-OL1,345,345,723517440,5.4048827001824975,0.614574670791626,0.6145747000971611,0.00016263961181268427,False
410M:A7-OL1:0.5,410M,A7-OL1,346,346,725614592,5.38485584128648,0.5190418362617493,0.5190418380743509,0.00016197999243453085,False
410M:A7-OL1:0.5,410M,A7-OL1,347,347,727711744,5.372412741184235,0.6057038903236389,0.60570391570915,0.00016132013982037057,False
410M:A7-OL1:0.5,410M,A7-OL1,348,348,729808896,5.38513988442719,0.5358368754386902,0.5358368738588856,0.00016066006681673826,False
410M:A7-OL1:0.5,410M,A7-OL1,349,349,731906048,5.359214435331523,0.3803880512714386,0.38038804591886466,0.00015999978627445928,False
410M:A7-OL1:0.5,410M,A7-OL1,350,350,734003200,5.37009933590889,0.4251783490180969,0.4251783423932524,0.00015933931104839964,False
410M:A7-OL1:0.5,410M,A7-OL1,351,351,736100352,5.431814244017005,0.4482484757900238,0.4482484860000682,0.0001586786539972156,False
410M:A7-OL1:0.5,410M,A7-OL1,352,352,738197504,5.39852624386549,0.4226887822151184,0.42268880172712997,0.0001580178279831033,False
410M:A7-OL1:0.5,410M,A7-OL1,353,353,740294656,5.382292673923075,0.4948316812515259,0.49483166367263326,0.00015735684587154828,False
410M:A7-OL1:0.5,410M,A7-OL1,354,354,742391808,5.357050768099725,0.5385959148406982,0.5385959302848226,0.00015669572053107536,False
410M:A7-OL1:0.5,410M,A7-OL1,355,355,744488960,5.375579301267862,0.6649481654167175,0.6649481753609896,0.00015603446483299758,False
410M:A7-OL1:0.5,410M,A7-OL1,356,356,746586112,5.408608639612794,0.8378881812095642,0.8378882261713324,0.0001553730916511661,False
410M:A7-OL1:0.5,410M,A7-OL1,357,357,748683264,5.394211750477552,0.8396779298782349,0.8396779286601292,0.00015471161386171922,False
410M:A7-OL1:0.5,410M,A7-OL1,358,358,750780416,5.342505833134055,0.7112752795219421,0.7112752450065625,0.0001540500443428319,False
410M:A7-OL1:0.5,410M,A7-OL1,359,359,752877568,5.4177602250128984,0.7151695489883423,0.7151695796908925,0.00015338839597446496,False
410M:A7-OL1:0.5,410M,A7-OL1,360,360,754974720,5.415691637434065,0.8554009795188904,0.8554009554894859,0.00015272668163811417,False
410M:A7-OL1:0.5,410M,A7-OL1,361,361,757071872,5.377551952376962,0.7685564160346985,0.7685564060544879,0.00015206491421655992,False
410M:A7-OL1:0.5,410M,A7-OL1,362,362,759169024,5.361838772892952,0.7398630976676941,0.7398630803450517,0.00015140310659361573,False
410M:A7-OL1:0.5,410M,A7-OL1,363,363,761266176,5.4103962406516075,0.7649973034858704,0.7649973211736739,0.00015074127165387813,False
410M:A7-OL1:0.5,410M,A7-OL1,364,364,763363328,5.369358828291297,0.7918521165847778,0.7918521122997195,0.00015007942228247525,False
410M:A7-OL1:0.5,410M,A7-OL1,365,365,765460480,5.336141288280487,0.8347981572151184,0.8347981597414553,0.0001494175713648163,False
410M:A7-OL1:0.5,410M,A7-OL1,366,366,767557632,5.373595566488802,0.6815999746322632,0.6815999651597884,0.00014875573178634057,False
410M:A7-OL1:0.5,410M,A7-OL1,367,367,769654784,5.384369786828756,0.8759509325027466,0.8759508813639764,0.00014809391643226657,False
410M:A7-OL1:0.5,410M,A7-OL1,368,368,771751936,5.344347095116973,0.6046537756919861,0.6046537675146895,0.00014743213818734123,False
410M:A7-OL1:0.5,410M,A7-OL1,369,369,773849088,5.32939119450748,0.7738040685653687,0.7738041181920483,0.00014677040993558893,False
410M:A7-OL1:0.5,410M,A7-OL1,370,370,775946240,5.364076593890786,0.6113897562026978,0.6113897198533945,0.00014610874456006087,False
410M:A7-OL1:0.5,410M,A7-OL1,371,371,778043392,5.352412492968142,0.6075881123542786,0.6075881079165145,0.00014544715494258396,False
410M:A7-OL1:0.5,410M,A7-OL1,372,372,780140544,5.36662954185158,0.7218378186225891,0.7218378659978412,0.0001447856539635104,False
410M:A7-OL1:0.5,410M,A7-OL1,373,373,782237696,5.31235315836966,0.8463432788848877,0.8463432445037546,0.00014412425450146648,False
410M:A7-OL1:0.5,410M,A7-OL1,374,374,784334848,5.423062753863633,0.563229501247406,0.5632295130191723,0.00014346296943310225,False
410M:A7-OL1:0.5,410M,A7-OL1,375,375,786432000,5.296903926879168,0.651810884475708,0.6518109112148166,0.00014280181163284054,False
410M:A7-OL1:0.5,410M,A7-OL1,376,376,788529152,5.396235657855868,0.5320345759391785,0.5320346039088847,0.0001421407939726265,False
410M:A7-OL1:0.5,410M,A7-OL1,377,377,790626304,5.389194503426552,0.5942583084106445,0.5942583140379235,0.00014147992932167692,False
410M:A7-OL1:0.5,410M,A7-OL1,378,378,792723456,5.326313577592373,0.5556024312973022,0.5556024592572951,0.00014081923054622963,False
410M:A7-OL1:0.5,410M,A7-OL1,379,379,794820608,5.360501084476709,0.5270333886146545,0.5270333836675242,0.00014015871050929312,False
410M:A7-OL1:0.5,410M,A7-OL1,380,380,796917760,5.334019958041608,0.5481363534927368,0.5481363496180142,0.000139498382070396,False
410M:A7-OL1:0.5,410M,A7-OL1,381,381,799014912,5.363487702794373,0.543584406375885,0.5435844360103677,0.00013883825808533673,False
410M:A7-OL1:0.5,410M,A7-OL1,382,382,801112064,5.321184732951224,0.558158814907074,0.5581588242285438,0.0001381783514059333,False
410M:A7-OL1:0.5,410M,A7-OL1,383,383,803209216,5.319617778994143,0.480983167886734,0.4809831636502381,0.0001375186748797731,False
410M:A7-OL1:0.5,410M,A7-OL1,384,384,805306368,5.337497850880027,0.5563007593154907,0.5563007454937973,0.00013685924134996247,False
410M:A7-OL1:0.5,410M,A7-OL1,385,385,807403520,5.351210562512279,0.4686356782913208,0.46863566991478306,0.00013620006365487722,False
410M:A7-OL1:0.5,410M,A7-OL1,386,386,809500672,5.324575105682015,0.5662473440170288,0.5662473201177628,0.0001355411546279121,False
410M:A7-OL1:0.5,410M,A7-OL1,387,387,811597824,5.30606543738395,0.5146827101707458,0.5146826776444906,0.00013488252709723135,False
410M:A7-OL1:0.5,410M,A7-OL1,388,388,813694976,5.35416223295033,0.6178333759307861,0.6178333872359929,0.0001342241938855189,False
410M:A7-OL1:0.5,410M,A7-OL1,389,389,815792128,5.331670040264726,0.4553864002227783,0.45538641570624444,0.0001335661678097284,False
410M:A7-OL1:0.5,410M,A7-OL1,390,390,817889280,5.319532694295049,0.47116467356681824,0.47116465013723624,0.00013290846168083418,False
410M:A7-OL1:0.5,410M,A7-OL1,391,391,819986432,5.309331031516194,0.45813241600990295,0.4581324052532127,0.0001322510883035814,False
410M:A7-OL1:0.5,410M,A7-OL1,392,392,822083584,5.293809198774397,0.4630517065525055,0.46305170088538633,0.00013159406047623715,False
410M:A7-OL1:0.5,410M,A7-OL1,393,393,824180736,5.307036930695176,0.4383363127708435,0.4383363172066861,0.00013093739099034077,False
410M:A7-OL1:0.5,410M,A7-OL1,394,394,826277888,5.3070621360093355,0.45626068115234375,0.4562606875982132,0.00013028109263045555,False
410M:A7-OL1:0.5,410M,A7-OL1,395,395,828375040,5.289501219987869,0.41248372197151184,0.4124837104228063,0.00012962517817391894,False
410M:A7-OL1:0.5,410M,A7-OL1,396,396,830472192,5.32803326100111,0.5334303975105286,0.5334303632621984,0.00012896966039059463,False
410M:A7-OL1:0.5,410M,A7-OL1,397,397,832569344,5.319003096781671,0.47039198875427246,0.47039199369668616,0.00012831455204262337,False
410M:A7-OL1:0.5,410M,A7-OL1,398,398,834666496,5.308312501758337,0.4670020341873169,0.46700200032794004,0.00012765986588417474,False
410M:A7-OL1:0.5,410M,A7-OL1,399,399,836763648,5.331754818558693,0.5780448317527771,0.5780448321532723,0.0001270056146611988,False
410M:A7-OL1:0.5,410M,A7-OL1,400,400,838860800,5.300613213330507,0.6111275553703308,0.611127559567472,0.00012635181111117795,False
410M:A7-OL1:0.5,410M,A7-OL1,401,401,840957952,5.331967266276479,0.5186233520507812,0.5186233653567633,0.00012569846796287894,False
410M:A7-OL1:0.5,410M,A7-OL1,402,402,843055104,5.343863163143396,0.49316853284835815,0.49316851168858844,0.00012504559793610501,False
410M:A7-OL1:0.5,410M,A7-OL1,403,403,845152256,5.3122042790055275,0.5022021532058716,0.5022021478020876,0.0001243932137414484,False
410M:A7-OL1:0.5,410M,A7-OL1,404,404,847249408,5.279450576752424,0.618675947189331,0.6186759598045781,0.00012374132808004262,False
410M:A7-OL1:0.5,410M,A7-OL1,405,405,849346560,5.30230887979269,0.7179121971130371,0.7179121691379811,0.00012308995364331547,False
410M:A7-OL1:0.5,410M,A7-OL1,406,406,851443712,5.293390138074756,0.7011331915855408,0.7011332225145697,0.00012243910311274175,False
410M:A7-OL1:0.5,410M,A7-OL1,407,407,853540864,5.337266135029495,0.4879513382911682,0.48795135881837626,0.00012178878915959652,False
410M:A7-OL1:0.5,410M,A7-OL1,408,408,855638016,5.292520862072706,0.5814231634140015,0.5814231926037866,0.00012113902444470825,False
410M:A7-OL1:0.5,410M,A7-OL1,409,409,857735168,5.302080734632909,0.7525697946548462,0.7525697866971064,0.00012048982161821243,False
410M:A7-OL1:0.5,410M,A7-OL1,410,410,859832320,5.277305789291859,0.5568598508834839,0.5568598441322481,0.00011984119331930529,False
410M:A7-OL1:0.5,410M,A7-OL1,411,411,861929472,5.32160154171288,0.627007782459259,0.6270078146391425,0.00011919315217599761,False
410M:A7-OL1:0.5,410M,A7-OL1,412,412,864026624,5.301993385888636,0.8054206967353821,0.8054207113688615,0.0001185457108048691,False
410M:A7-OL1:0.5,410M,A7-OL1,413,413,866123776,5.298370566219091,0.49419721961021423,0.49419720780681514,0.00011789888181082247,False
410M:A7-OL1:0.5,410M,A7-OL1,414,414,868220928,5.2773166708648205,0.6956338286399841,0.6956337985591664,0.00011725267778683835,False
410M:A7-OL1:0.5,410M,A7-OL1,415,415,870318080,5.277058366686106,0.5821733474731445,0.5821733482978044,0.00011660711131372976,False
410M:A7-OL1:0.5,410M,A7-OL1,416,416,872415232,5.269199823960662,0.5378971695899963,0.5378971483636106,0.00011596219495989758,False
410M:A7-OL1:0.5,410M,A7-OL1,417,417,874512384,5.277308533899486,0.6279848217964172,0.6279848508910838,0.00011531794128108547,False
410M:A7-OL1:0.5,410M,A7-OL1,418,418,876609536,5.312026901170611,0.5861998796463013,0.5861998922129162,0.00011467436282013577,False
410M:A7-OL1:0.5,410M,A7-OL1,419,419,878706688,5.279220502823591,0.5815010070800781,0.5815010128346463,0.00011403147210674502,False
410M:A7-OL1:0.5,410M,A7-OL1,420,420,880803840,5.27996583096683,0.6406660676002502,0.6406660906728452,0.00011338928165722019,False
410M:A7-OL1:0.5,410M,A7-OL1,421,421,882900992,5.283824315294623,0.6866028308868408,0.6866028386817375,0.00011274780397423502,False
410M:A7-OL1:0.5,410M,A7-OL1,422,422,884998144,5.285422655753791,0.6827939748764038,0.682793958508292,0.00011210705154658638,False
410M:A7-OL1:0.5,410M,A7-OL1,423,423,887095296,5.280560523271561,0.6654571294784546,0.6654571379275457,0.00011146703684895151,False
410M:A7-OL1:0.5,410M,A7-OL1,424,424,889192448,5.342445004731417,0.5397125482559204,0.5397125505221346,0.00011082777234164466,False
410M:A7-OL1:0.5,410M,A7-OL1,425,425,891289600,5.268132671713829,0.7902441620826721,0.7902441831091954,0.00011018927047037511,False
410M:A7-OL1:0.5,410M,A7-OL1,426,426,893386752,5.282275094650686,0.45348238945007324,0.45348238792809503,0.00010955154366600423,False
410M:A7-OL1:0.5,410M,A7-OL1,427,427,895483904,5.282942856661975,0.5755838751792908,0.5755838725360741,0.00010891460434430402,False
410M:A7-OL1:0.5,410M,A7-OL1,428,428,897581056,5.281291468068957,0.5321590900421143,0.5321590754479347,0.00010827846490571494,False
410M:A7-OL1:0.5,410M,A7-OL1,429,429,899678208,5.244432179257274,0.6275165677070618,0.6275165600620007,0.0001076431377351048,False
410M:A7-OL1:0.5,410M,A7-OL1,430,430,901775360,5.2718428978696465,0.5683972835540771,0.5683972905097757,0.00010700863520152756,False
410M:A7-OL1:0.5,410M,A7-OL1,431,431,903872512,5.260553855448961,0.5953607559204102,0.5953607088312729,0.00010637496965798236,False
410M:A7-OL1:0.5,410M,A7-OL1,432,432,905969664,5.287718316540122,0.6234581470489502,0.623458184232433,0.00010574215344117333,False
410M:A7-OL1:0.5,410M,A7-OL1,433,433,908066816,5.29559819214046,0.6305780410766602,0.6305780259135118,0.00010511019887126906,False
410M:A7-OL1:0.5,410M,A7-OL1,434,434,910163968,5.275694048032165,0.49253547191619873,0.49253546594139086,0.0001044791182516631,False
410M:A7-OL1:0.5,410M,A7-OL1,435,435,912261120,5.279210061766207,0.607520341873169,0.6075202978155024,0.00010384892386873397,False
410M:A7-OL1:0.5,410M,A7-OL1,436,436,914358272,5.218579353764653,0.548613965511322,0.5486139166437766,0.00010321962799160653,False
410M:A7-OL1:0.5,410M,A7-OL1,437,437,916455424,5.258602054789662,0.43274661898612976,0.4327466226497786,0.00010259124287191258,False
410M:A7-OL1:0.5,410M,A7-OL1,438,438,918552576,5.29419975541532,0.49318361282348633,0.4931835977111152,0.00010196378074355277,False
410M:A7-OL1:0.5,410M,A7-OL1,439,439,920649728,5.278366116806865,0.4891049563884735,0.4891049460246745,0.00010133725382245806,False
410M:A7-OL1:0.5,410M,A7-OL1,440,440,922746880,5.242452133446932,0.5047829747200012,0.5047829954236861,0.00010071167430635212,False
410M:A7-OL1:0.5,410M,A7-OL1,441,441,924844032,5.272944089025259,0.5265706777572632,0.5265706980521133,0.00010008705437451384,False
410M:A7-OL1:0.5,410M,A7-OL1,442,442,926941184,5.251374149695039,0.48857152462005615,0.4885715441136757,9.946340618753999e-05,False
410M:A7-OL1:0.5,410M,A7-OL1,443,443,929038336,5.260538392700255,0.47095003724098206,0.47095005531112216,9.884074188710887e-05,False
410M:A7-OL1:0.5,410M,A7-OL1,444,444,931135488,5.253402221947908,0.4956686198711395,0.4956686074861748,9.821907359574349e-05,False
410M:A7-OL1:0.5,410M,A7-OL1,445,445,933232640,5.290460642427206,0.48880112171173096,0.48880112413171,9.759841341657598e-05,False
410M:A7-OL1:0.5,410M,A7-OL1,446,446,935329792,5.239582401700318,0.577150821685791,0.5771507892247761,9.697877343311144e-05,False
410M:A7-OL1:0.5,410M,A7-OL1,447,447,937426944,5.244544699788094,0.6450093388557434,0.6450093704212707,9.63601657089933e-05,False
410M:A7-OL1:0.5,410M,A7-OL1,448,448,939524096,5.274426735006273,0.6254862546920776,0.6254862036622973,9.57426022877679e-05,False
410M:A7-OL1:0.5,410M,A7-OL1,449,449,941621248,5.254297397099435,0.536557137966156,0.5365571176078825,9.512609519265047e-05,False
410M:A7-OL1:0.5,410M,A7-OL1,450,450,943718400,5.254870652221143,0.7819594740867615,0.7819594729888261,9.451065642629069e-05,False
410M:A7-OL1:0.5,410M,A7-OL1,451,451,945815552,5.269567794166505,0.5460264682769775,0.5460264212987902,9.389629797053923e-05,False
410M:A7-OL1:0.5,410M,A7-OL1,452,452,947912704,5.267056962475181,0.5914306044578552,0.5914305849564672,9.328303178621443e-05,False
410M:A7-OL1:0.5,410M,A7-OL1,453,453,950009856,5.277425020933151,0.5681752562522888,0.5681752794639594,9.267086981286936e-05,False
410M:A7-OL1:0.5,410M,A7-OL1,454,454,952107008,5.275705047883093,0.5787195563316345,0.5787195616761306,9.205982396855955e-05,False
410M:A7-OL1:0.5,410M,A7-OL1,455,455,954204160,5.259542029350996,0.6007442474365234,0.6007442234956543,9.144990614961065e-05,False
410M:A7-OL1:0.5,410M,A7-OL1,456,456,956301312,5.278848465532064,0.6000781655311584,0.6000781180634868,9.08411282303873e-05,False
410M:A7-OL1:0.5,410M,A7-OL1,457,457,958398464,5.226776236668229,0.5233948230743408,0.5233948164455073,9.023350206306132e-05,False
410M:A7-OL1:0.5,410M,A7-OL1,458,458,960495616,5.278932310640812,0.6373723149299622,0.6373723286716556,8.962703947738161e-05,False
410M:A7-OL1:0.5,410M,A7-OL1,459,459,962592768,5.267437650822103,0.4847267270088196,0.4847267062264738,8.902175228044334e-05,False
410M:A7-OL1:0.5,410M,A7-OL1,460,460,964689920,5.2361474530771375,0.4563632607460022,0.45636324872148754,8.841765225645844e-05,False
410M:A7-OL1:0.5,410M,A7-OL1,461,461,966787072,5.238903722725809,0.48316341638565063,0.48316342146239816,8.781475116652585e-05,False
410M:A7-OL1:0.5,410M,A7-OL1,462,462,968884224,5.2297383127734065,0.4588116705417633,0.4588116561640964,8.721306074840287e-05,False
410M:A7-OL1:0.5,410M,A7-OL1,463,463,970981376,5.231314683333039,0.4712529182434082,0.47125289462153475,8.661259271627637e-05,False
410M:A7-OL1:0.5,410M,A7-OL1,464,464,973078528,5.208895694464445,0.4446006715297699,0.4446006613038581,8.601335876053478e-05,False
410M:A7-OL1:0.5,410M,A7-OL1,465,465,975175680,5.188592055812478,0.4454673230648041,0.4454673183497702,8.541537054754079e-05,False
410M:A7-OL1:0.5,410M,A7-OL1,466,466,977272832,5.25358499865979,0.570868730545044,0.5708687750729482,8.481863971940378e-05,False
410M:A7-OL1:0.5,410M,A7-OL1,467,467,979369984,5.2551939291879535,0.47939491271972656,0.47939489435295124,8.422317789375337e-05,False
410M:A7-OL1:0.5,410M,A7-OL1,468,468,981467136,5.2619982631877065,0.4578540325164795,0.4578540209132904,8.362899666351327e-05,False
410M:A7-OL1:0.5,410M,A7-OL1,469,469,983564288,5.244498020969331,0.4461594521999359,0.44615944660955137,8.303610759667568e-05,False
410M:A7-OL1:0.5,410M,A7-OL1,470,470,985661440,5.2682859897613525,0.4240700602531433,0.4240700459917928,8.244452223607558e-05,False
410M:A7-OL1:0.5,410M,A7-OL1,471,471,987758592,5.227642219513655,0.40012484788894653,0.40012485529191305,8.185425209916678e-05,False
410M:A7-OL1:0.5,410M,A7-OL1,472,472,989855744,5.234652914106846,0.4020504355430603,0.4020504441515833,8.126530867779703e-05,False
410M:A7-OL1:0.5,410M,A7-OL1,473,473,991952896,5.232605963945389,0.4065020978450775,0.4065020967519883,8.067770343798446e-05,False
410M:A7-OL1:0.5,410M,A7-OL1,474,474,994050048,5.240467697381973,0.3688206672668457,0.36882067408777974,8.00914478196947e-05,False
410M:A7-OL1:0.5,410M,A7-OL1,475,475,996147200,5.258230857551098,0.41950708627700806,0.41950708750614724,7.950655323661762e-05,False
410M:A7-OL1:0.5,410M,A7-OL1,476,476,998244352,5.233640177175403,0.3552594482898712,0.3552594462627856,7.89230310759455e-05,False
410M:A7-OL1:0.5,410M,A7-OL1,477,477,1000341504,5.250693045556545,0.4580494165420532,0.4580494003314435,7.834089269815109e-05,False
410M:A7-OL1:0.5,410M,A7-OL1,478,478,1002438656,5.1861929865553975,0.4722141623497009,0.4722141547664436,7.776014943676678e-05,False
410M:A7-OL1:0.5,410M,A7-OL1,479,479,1004535808,5.225723342970014,0.48159950971603394,0.4815995150842199,7.718081259816351e-05,False
410M:A7-OL1:0.5,410M,A7-OL1,480,480,1006632960,5.278074404224753,0.4970962405204773,0.4970962332200673,7.660289346133094e-05,False
410M:A7-OL1:0.5,410M,A7-OL1,481,481,1008730112,5.212091647088528,0.4895865023136139,0.4895864794421182,7.602640327765782e-05,False
410M:A7-OL1:0.5,410M,A7-OL1,482,482,1010827264,5.254839683882892,0.4873271882534027,0.4873272041637176,7.545135327071283e-05,False
410M:A7-OL1:0.5,410M,A7-OL1,483,483,1012924416,5.23643424641341,0.5795212388038635,0.5795212310547462,7.487775463602618e-05,False
410M:A7-OL1:0.5,410M,A7-OL1,484,484,1015021568,5.202807068824768,0.4648132622241974,0.46481325707208493,7.430561854087168e-05,False
410M:A7-OL1:0.5,410M,A7-OL1,485,485,1017118720,5.238202719949186,0.4471493661403656,0.44714937633636354,7.373495612404918e-05,False
410M:A7-OL1:0.5,410M,A7-OL1,486,486,1019215872,5.22268607839942,0.4745703935623169,0.4745703873891651,7.316577849566776e-05,False
410M:A7-OL1:0.5,410M,A7-OL1,487,487,1021313024,5.236735441721976,0.48985525965690613,0.4898552415550855,7.25980967369296e-05,False
410M:A7-OL1:0.5,410M,A7-OL1,488,488,1023410176,5.28714180085808,0.4991208612918854,0.4991208512408194,7.203192189991395e-05,False
410M:A7-OL1:0.5,410M,A7-OL1,489,489,1025507328,5.229651181027293,0.5444467067718506,0.5444467140823007,7.14672650073622e-05,False
410M:A7-OL1:0.5,410M,A7-OL1,490,490,1027604480,5.209499144926667,0.5803096294403076,0.5803096327937961,7.09041370524631e-05,False
410M:A7-OL1:0.5,410M,A7-OL1,491,491,1029701632,5.201526310294867,0.47400975227355957,0.4740097712558243,7.034254899863906e-05,False
410M:A7-OL1:0.5,410M,A7-OL1,492,492,1031798784,5.209705639630556,0.5597483515739441,0.5597483232021764,6.978251177933207e-05,False
410M:A7-OL1:0.5,410M,A7-OL1,493,493,1033895936,5.224233103916049,0.45859774947166443,0.4585977554316511,6.922403629779165e-05,False
410M:A7-OL1:0.5,410M,A7-OL1,494,494,1035993088,5.246782870963216,0.44999974966049194,0.4499997330723353,6.866713342686194e-05,False
410M:A7-OL1:0.5,410M,A7-OL1,495,495,1038090240,5.274464620277286,0.5875306129455566,0.5875305751761287,6.811181400877023e-05,False
410M:A7-OL1:0.5,410M,A7-OL1,496,496,1040187392,5.168143964372575,0.46127957105636597,0.4612796017463956,6.75580888549161e-05,False
410M:A7-OL1:0.5,410M,A7-OL1,497,497,1042284544,5.24225521273911,0.4967076778411865,0.49670769329885334,6.700596874566055e-05,False
410M:A7-OL1:0.5,410M,A7-OL1,498,498,1044381696,5.197207381017506,0.47418051958084106,0.4741805311548301,6.645546443011631e-05,False
410M:A7-OL1:0.5,410M,A7-OL1,499,499,1046478848,5.24293611291796,0.47808992862701416,0.4780899292177567,6.590658662593856e-05,False
410M:A7-OL1:0.5,410M,A7-OL1,500,500,1048576000,5.242619372904301,0.4642128348350525,0.46421284671191637,6.535934601911644e-05,False
410M:A7-OL1:0.5,410M,A7-OL1,501,501,1050673152,5.263235560618341,0.4769720435142517,0.47697202986103376,6.481375326376446e-05,False
410M:A7-OL1:0.5,410M,A7-OL1,502,502,1052770304,5.210297109559178,0.45888203382492065,0.45888204973024876,6.426981898191584e-05,False
410M:A7-OL1:0.5,410M,A7-OL1,503,503,1054867456,5.234582825563848,0.3920333981513977,0.3920334172936447,6.372755376331509e-05,False
410M:A7-OL1:0.5,410M,A7-OL1,504,504,1056964608,5.191913307644427,0.49180662631988525,0.4918066279166421,6.318696816521209e-05,False
410M:A7-OL1:0.5,410M,A7-OL1,505,505,1059061760,5.220435114577413,0.44061246514320374,0.44061246532014003,6.264807271215668e-05,False
410M:A7-OL1:0.5,410M,A7-OL1,506,506,1061158912,5.185303170233965,0.4621877372264862,0.4621877344620248,6.211087789579345e-05,False
410M:A7-OL1:0.5,410M,A7-OL1,507,507,1063256064,5.227289176546037,0.43793985247612,0.4379398599770134,6.157539417465772e-05,False
410M:A7-OL1:0.5,410M,A7-OL1,508,508,1065353216,5.215359542518854,0.43009066581726074,0.4300906417457835,6.10416319739718e-05,False
410M:A7-OL1:0.5,410M,A7-OL1,509,509,1067450368,5.203518903814256,0.4794611930847168,0.4794612223601816,6.050960168544216e-05,False
410M:A7-OL1:0.5,410M,A7-OL1,510,510,1069547520,5.249335590749979,0.4006839990615845,0.40068399144682476,5.997931366705696e-05,False
410M:A7-OL1:0.5,410M,A7-OL1,511,511,1071644672,5.25520003400743,0.4964628219604492,0.49646281028066236,5.9450778242884465e-05,False
410M:A7-OL1:0.5,410M,A7-OL1,512,512,1073741824,5.214351114816964,0.3959014117717743,0.3959014060697469,5.892400570287207e-05,False
410M:A7-OL1:0.5,410M,A7-OL1,513,513,1075838976,5.210931086912751,0.5032435655593872,0.5032435884975052,5.839900630264592e-05,False
410M:A7-OL1:0.5,410M,A7-OL1,514,514,1077936128,5.196859204210341,0.41104182600975037,0.4110418157137735,5.787579026331122e-05,False
410M:A7-OL1:0.5,410M,A7-OL1,515,515,1080033280,5.222768076695502,0.490232914686203,0.4902329035453363,5.7354367771253454e-05,False
410M:A7-OL1:0.5,410M,A7-OL1,516,516,1082130432,5.242718890309334,0.4485219419002533,0.44852193826944,5.6834748977939725e-05,False
410M:A7-OL1:0.5,410M,A7-OL1,517,517,1084227584,5.187066601589322,0.4092131555080414,0.409213172135504,5.631694399972132e-05,False
410M:A7-OL1:0.5,410M,A7-OL1,518,518,1086324736,5.223446786403656,0.44671687483787537,0.44671688263040527,5.580096291763689e-05,False
410M:A7-OL1:0.5,410M,A7-OL1,519,519,1088421888,5.159432865679264,0.35966911911964417,0.3596691137577944,5.528681577721585e-05,False
410M:A7-OL1:0.5,410M,A7-OL1,520,520,1090519040,5.1833839397877455,0.46838241815567017,0.4683824100308671,5.477451258828307e-05,False
410M:A7-OL1:0.5,410M,A7-OL1,521,521,1092616192,5.18392523471266,0.3894723057746887,0.38947231625709844,5.426406332476381e-05,False
410M:A7-OL1:0.5,410M,A7-OL1,522,522,1094713344,5.177023962140083,0.49293002486228943,0.4929300181051862,5.3755477924489856e-05,False
410M:A7-OL1:0.5,410M,A7-OL1,523,523,1096810496,5.173411196097732,0.414869487285614,0.4148694967081174,5.324876628900551e-05,False
410M:A7-OL1:0.5,410M,A7-OL1,524,524,1098907648,5.21204904653132,0.45450031757354736,0.4545003330624702,5.2743938283375434e-05,False
410M:A7-OL1:0.5,410M,A7-OL1,525,525,1101004800,5.1982873901724815,0.4277057945728302,0.42770578406653076,5.224100373599211e-05,False
410M:A7-OL1:0.5,410M,A7-OL1,526,526,1103101952,5.206196814775467,0.4381154179573059,0.4381154300084694,5.1739972438384666e-05,False
410M:A7-OL1:0.5,410M,A7-OL1,527,527,1105199104,5.21913883741945,0.42629721760749817,0.426297201986024,5.124085414502842e-05,False
410M:A7-OL1:0.5,410M,A7-OL1,528,528,1107296256,5.2151981787756085,0.45832493901252747,0.4583249543184845,5.0743658573154614e-05,False
410M:A7-OL1:0.5,410M,A7-OL1,529,529,1109393408,5.241961995139718,0.4076427221298218,0.40764273352984176,5.024839540256152e-05,False
410M:A7-OL1:0.5,410M,A7-OL1,530,530,1111490560,5.196100685745478,0.38738906383514404,0.38738903911047284,4.97550742754258e-05,False
410M:A7-OL1:0.5,410M,A7-OL1,531,531,1113587712,5.194009770639241,0.41533830761909485,0.41533830899011853,4.9263704796115105e-05,False
410M:A7-OL1:0.5,410M,A7-OL1,532,532,1115684864,5.194212800823152,0.3756071925163269,0.37560718309985514,4.877429653100045e-05,False
410M:A7-OL1:0.5,410M,A7-OL1,533,533,1117782016,5.213636353611946,0.4207122325897217,0.4207122543161045,4.82868590082708e-05,False
410M:A7-OL1:0.5,410M,A7-OL1,534,534,1119879168,5.176350667141378,0.4886837899684906,0.4886837993895648,4.780140171774687e-05,False
410M:A7-OL1:0.5,410M,A7-OL1,535,535,1121976320,5.252846602350473,0.36691007018089294,0.36691007950114013,4.731793411069674e-05,False
410M:A7-OL1:0.5,410M,A7-OL1,536,536,1124073472,5.182374740950763,0.526606559753418,0.5266065763761377,4.683646559965167e-05,False
410M:A7-OL1:0.5,410M,A7-OL1,537,537,1126170624,5.187349285930395,0.5514584183692932,0.5514583843539623,4.635700555822313e-05,False
410M:A7-OL1:0.5,410M,A7-OL1,538,538,1128267776,5.163913257420063,0.3813857436180115,0.3813857514854534,4.587956332091991e-05,False
410M:A7-OL1:0.5,410M,A7-OL1,539,539,1130364928,5.226907704025507,0.5306422114372253,0.5306422199204097,4.54041481829666e-05,False
410M:A7-OL1:0.5,410M,A7-OL1,540,540,1132462080,5.195002823136747,0.3662493824958801,0.36624938422412495,4.4930769400122754e-05,False
410M:A7-OL1:0.5,410M,A7-OL1,541,541,1134559232,5.204777681268752,0.379900723695755,0.3799007361387731,4.445943618850244e-05,False
410M:A7-OL1:0.5,410M,A7-OL1,542,542,1136656384,5.199901265092194,0.41199782490730286,0.41199782613067665,4.399015772439489e-05,False
410M:A7-OL1:0.5,410M,A7-OL1,543,543,1138753536,5.200907953083515,0.3985569477081299,0.3985569486275543,4.352294314408598e-05,False
410M:A7-OL1:0.5,410M,A7-OL1,544,544,1140850688,5.225768881849945,0.44294002652168274,0.4429400379204546,4.305780154368016e-05,False
410M:A7-OL1:0.5,410M,A7-OL1,545,545,1142947840,5.214696941897273,0.4155930280685425,0.415593044850007,4.259474197892348e-05,False
410M:A7-OL1:0.5,410M,A7-OL1,546,546,1145044992,5.216212917119265,0.4693009555339813,0.4693009501767907,4.213377346502738e-05,False
410M:A7-OL1:0.5,410M,A7-OL1,547,547,1147142144,5.1842365162447095,0.4193296730518341,0.4193296867818192,4.167490497649292e-05,False
410M:A7-OL1:0.5,410M,A7-OL1,548,548,1149239296,5.171929011121392,0.43860509991645813,0.43860510603443864,4.121814544693622e-05,False
410M:A7-OL1:0.5,410M,A7-OL1,549,549,1151336448,5.187111960723996,0.44367969036102295,0.4436796939776289,4.076350376891464e-05,False
410M:A7-OL1:0.5,410M,A7-OL1,550,550,1153433600,5.184817047789693,0.4793236553668976,0.47932364422960466,4.031098879375334e-05,False
410M:A7-OL1:0.5,410M,A7-OL1,551,551,1155530752,5.19444221444428,0.3827110826969147,0.38271109188879066,3.9860609331373296e-05,False
410M:A7-OL1:0.5,410M,A7-OL1,552,552,1157627904,5.198121756315231,0.483976274728775,0.48397628796764064,3.941237415011945e-05,False
410M:A7-OL1:0.5,410M,A7-OL1,553,553,1159725056,5.142669150605798,0.40813302993774414,0.408133018784394,3.896629197659045e-05,False
410M:A7-OL1:0.5,410M,A7-OL1,554,554,1161822208,5.184668932110071,0.5942912101745605,0.5942912380050484,3.852237149546812e-05,False
410M:A7-OL1:0.5,410M,A7-OL1,555,555,1163919360,5.19007926993072,0.38495615124702454,0.3849561366542793,3.808062134934907e-05,False
410M:A7-OL1:0.5,410M,A7-OL1,556,556,1166016512,5.178407842293382,0.47867369651794434,0.4786737044181869,3.764105013857593e-05,False
410M:A7-OL1:0.5,410M,A7-OL1,557,557,1168113664,5.168152462691069,0.37718695402145386,0.37718694588528223,3.7203666421070064e-05,False
410M:A7-OL1:0.5,410M,A7-OL1,558,558,1170210816,5.187756149098277,0.5658535361289978,0.5658535735893498,3.676847871216514e-05,False
410M:A7-OL1:0.5,410M,A7-OL1,559,559,1172307968,5.169665317982435,0.41107603907585144,0.41107602966631573,3.633549548444104e-05,False
410M:A7-OL1:0.5,410M,A7-OL1,560,560,1174405120,5.156632918864489,0.571350634098053,0.5713506428860544,3.5904725167559086e-05,False
410M:A7-OL1:0.5,410M,A7-OL1,561,561,1176502272,5.165114033035934,0.39630815386772156,0.3963081391884438,3.547617614809788e-05,False
410M:A7-OL1:0.5,410M,A7-OL1,562,562,1178599424,5.21485235914588,0.48240041732788086,0.4824004116158439,3.504985676939019e-05,False
410M:A7-OL1:0.5,410M,A7-OL1,563,563,1180696576,5.17041985783726,0.35509568452835083,0.3550956986778951,3.46257753313601e-05,False
410M:A7-OL1:0.5,410M,A7-OL1,564,564,1182793728,5.171048371121287,0.4535740315914154,0.4535740520494607,3.420394009036194e-05,False
410M:A7-OL1:0.5,410M,A7-OL1,565,565,1184890880,5.1915886560454965,0.37766140699386597,0.3776613946614888,3.378435925901915e-05,False
410M:A7-OL1:0.5,410M,A7-OL1,566,566,1186988032,5.162363196723163,0.4322209656238556,0.43222096616962735,3.336704100606458e-05,False
410M:A7-OL1:0.5,410M,A7-OL1,567,567,1189085184,5.138154304586351,0.44968414306640625,0.4496841401394776,3.2951993456181344e-05,False
410M:A7-OL1:0.5,410M,A7-OL1,568,568,1191182336,5.137424181215465,0.395934522151947,0.3959345302064906,3.253922468984485e-05,False
410M:A7-OL1:0.5,410M,A7-OL1,569,569,1193279488,5.198295057751238,0.3692711591720581,0.36927113585232874,3.212874274316521e-05,False
410M:A7-OL1:0.5,410M,A7-OL1,570,570,1195376640,5.171021399088204,0.4027903079986572,0.4027902781222751,3.172055560773089e-05,False
410M:A7-OL1:0.5,410M,A7-OL1,571,571,1197473792,5.212121983058751,0.37220385670661926,0.3722038469613024,3.1314671230453326e-05,False
410M:A7-OL1:0.5,410M,A7-OL1,572,572,1199570944,5.2069181287661195,0.38858237862586975,0.3885823768618911,3.0911097513411845e-05,False
410M:A7-OL1:0.5,410M,A7-OL1,573,573,1201668096,5.1552287098020315,0.39194682240486145,0.39194682808548154,3.0509842313700067e-05,False
410M:A7-OL1:0.5,410M,A7-OL1,574,574,1203765248,5.159415419213474,0.35552895069122314,0.35552893538179725,3.0110913443272916e-05,False
410M:A7-OL1:0.5,410M,A7-OL1,575,575,1205862400,5.251380402594805,0.3626098036766052,0.3626098086445543,3e-05,False
410M:A7-OL1:0.5,410M,A7-OL1,576,576,1207959552,5.159396642819047,0.37984567880630493,0.379845656064946,3e-05,False
410M:A7-OL1:0.5,410M,A7-OL1,577,577,1210056704,5.1935745272785425,0.34499847888946533,0.3449984648390034,3e-05,False
410M:A7-OL1:0.5,410M,A7-OL1,578,578,1212153856,5.208369585685432,0.3533729910850525,0.3533729787958555,3e-05,False
410M:A7-OL1:0.5,410M,A7-OL1,579,579,1214251008,5.164443867281079,0.37142664194107056,0.3714266537588352,3e-05,False
410M:A7-OL1:0.5,410M,A7-OL1,580,580,1216348160,5.174342087469995,0.35547471046447754,0.35547471400183134,3e-05,False
410M:A7-OL1:0.5,410M,A7-OL1,581,581,1218445312,5.164367772638798,0.3790372908115387,0.3790372845765192,3e-05,False
410M:A7-OL1:0.5,410M,A7-OL1,582,582,1220542464,5.1428194204345345,0.4107668697834015,0.4107668521256257,3e-05,False
410M:A7-OL1:0.5,410M,A7-OL1,583,583,1222639616,5.156524494290352,0.391165167093277,0.39116517326858563,3e-05,False
410M:A7-OL1:0.5,410M,A7-OL1,584,584,1224736768,5.184079184196889,0.38871675729751587,0.38871676281088163,3e-05,False
410M:A7-OL1:0.5,410M,A7-OL1,585,585,1226833920,5.179259115830064,0.3980945646762848,0.3980945686588134,3e-05,False
410M:A7-OL1:0.5,410M,A7-OL1,586,586,1228931072,5.186280665919185,0.3671479821205139,0.3671479736690419,3e-05,False
410M:A7-OL1:0.5,410M,A7-OL1,587,587,1231028224,5.200430682860315,0.42245644330978394,0.4224564292626202,3e-05,False
410M:A7-OL1:0.5,410M,A7-OL1,588,588,1233125376,5.169121368788183,0.3933793604373932,0.3933793481447224,3e-05,False
410M:A7-OL1:0.5,410M,A7-OL1,589,589,1235222528,5.153692181222141,0.3639081120491028,0.36390809608784286,3e-05,False
410M:A7-OL1:0.5,410M,A7-OL1,590,590,1237319680,5.2140779457986355,0.4149789810180664,0.4149789990824777,3e-05,False
410M:A7-OL1:0.5,410M,A7-OL1,591,591,1239416832,5.174840975552797,0.35780030488967896,0.3578003202913318,3e-05,False
410M:A7-OL1:0.5,410M,A7-OL1,592,592,1241513984,5.1871963907033205,0.4159434139728546,0.41594342071209456,3e-05,False
410M:A7-OL1:0.5,410M,A7-OL1,593,593,1243611136,5.20000253431499,0.38323912024497986,0.38323911001112654,3e-05,False
410M:A7-OL1:0.5,410M,A7-OL1,594,594,1245708288,5.151178072206676,0.4266344904899597,0.4266345108332316,3e-05,False
410M:A7-OL1:0.5,410M,A7-OL1,595,595,1247805440,5.252750761806965,0.3777029514312744,0.37770294480492056,3e-05,False
410M:A7-OL1:0.5,410M,A7-OL1,596,596,1249902592,5.208208853378892,0.4374426603317261,0.4374426612505325,3e-05,False
410M:A7-OL1:0.5,410M,A7-OL1,597,597,1251999744,5.19055357016623,0.39044705033302307,0.39044705373559957,3e-05,False
410M:A7-OL1:0.5,410M,A7-OL1,598,598,1254096896,5.207665119320154,0.3967297673225403,0.3967297681865881,3e-05,False
410M:A7-OL1:0.5,410M,A7-OL1,599,599,1256194048,5.144457397051156,0.390314519405365,0.39031452720133547,3e-05,False
410M:A7-OL1:0.5,410M,A7-OL1,600,600,1258291200,5.165308033116162,0.3816673755645752,0.38166737779136334,3e-05,False
410M:A7-OL1:0.5,410M,A7-OL1,601,601,1260388352,5.186301119625568,0.397212415933609,0.39721243066888134,3e-05,False
410M:A7-OL1:0.5,410M,A7-OL1,602,602,1262485504,5.180077591910958,0.4192683696746826,0.4192683867985813,3e-05,False
410M:A7-OL1:0.5,410M,A7-OL1,603,603,1264582656,5.155979784205556,0.45513442158699036,0.4551344194049312,3e-05,False
410M:A7-OL1:0.5,410M,A7-OL1,604,604,1266679808,5.211558812297881,0.3878307640552521,0.38783076209472667,3e-05,False
410M:A7-OL1:0.5,410M,A7-OL1,605,605,1268776960,5.1831196416169405,0.3746972382068634,0.37469723848243125,3e-05,False
410M:A7-OL1:0.5,410M,A7-OL1,606,606,1270874112,5.17879125662148,0.4462760090827942,0.44627599085500536,3e-05,False
410M:A7-OL1:0.5,410M,A7-OL1,607,607,1272971264,5.118402739055455,0.3728552758693695,0.3728552748416037,3e-05,False
410M:A7-OL1:0.5,410M,A7-OL1,608,608,1275068416,5.200488981790841,0.4360528588294983,0.43605285457467025,3e-05,False
410M:A7-OL1:0.5,410M,A7-OL1,609,609,1277165568,5.138674120418727,0.3840792179107666,0.38407923014666406,3e-05,False
410M:A7-OL1:0.5,410M,A7-OL1,610,610,1279262720,5.206645017489791,0.40190720558166504,0.40190719317780454,3e-05,False
410M:A7-OL1:0.5,410M,A7-OL1,611,611,1281359872,5.202750227414072,0.5070096254348755,0.5070096301810115,3e-05,False
410M:A7-OL1:0.5,410M,A7-OL1,612,612,1283457024,5.1748413890600204,0.46630796790122986,0.4663079741193001,3e-05,False
410M:A7-OL1:0.5,410M,A7-OL1,613,613,1285554176,5.196882929652929,0.4789465665817261,0.47894654290686933,3e-05,False
410M:A7-OL1:0.5,410M,A7-OL1,614,614,1287651328,5.184721774421632,0.49481576681137085,0.4948157664176687,3e-05,False
410M:A7-OL1:0.5,410M,A7-OL1,615,615,1289748480,5.202539843507111,0.5883929133415222,0.5883928816113894,3e-05,False
410M:A7-OL1:0.5,410M,A7-OL1,616,616,1291845632,5.17896998859942,0.40991345047950745,0.4099134512540702,3e-05,False
410M:A7-OL1:0.5,410M,A7-OL1,617,617,1293942784,5.175046572461724,0.47930967807769775,0.47930967635024374,3e-05,False
410M:A7-OL1:0.5,410M,A7-OL1,618,618,1296039936,5.129413134418428,0.4057121276855469,0.4057121414211434,3e-05,False
410M:A7-OL1:0.5,410M,A7-OL1,619,619,1298137088,5.204502388834953,0.6358332633972168,0.6358332399405329,3e-05,False
410M:A7-OL1:0.5,410M,A7-OL1,620,620,1300234240,5.178698705509305,0.3448432385921478,0.34484323296136726,3e-05,False
410M:A7-OL1:0.5,410M,A7-OL1,621,621,1302331392,5.160276441834867,0.49960026144981384,0.4996002551407464,3e-05,False
410M:A7-OL1:0.5,410M,A7-OL1,622,622,1304428544,5.1953508500009775,0.3601495325565338,0.3601495486719742,3e-05,False
410M:A7-OL1:0.5,410M,A7-OL1,623,623,1306525696,5.1768240528181195,0.48575493693351746,0.48575493240907336,3e-05,False
410M:A7-OL1:0.5,410M,A7-OL1,624,624,1308622848,5.186953690834343,0.4154554009437561,0.4154554061986338,3e-05,False
410M:A7-OL1:0.5,410M,A7-OL1,625,625,1310720000,5.106753754429519,0.4479607939720154,0.44796077803016265,3e-05,False
410M:A7-OL1:0.5,410M,A7-OL1,626,626,1312817152,5.161065093241632,0.38358640670776367,0.3835864080119232,3e-05,False
410M:A7-OL1:0.5,410M,A7-OL1,627,627,1314914304,5.1378895696252584,0.45227938890457153,0.45227939839309866,3e-05,False
410M:A7-OL1:0.5,410M,A7-OL1,628,628,1317011456,5.192894980311394,0.43015211820602417,0.430152121496504,3e-05,False
410M:A7-OL1:0.5,410M,A7-OL1,629,629,1319108608,5.153387221507728,0.4472465217113495,0.4472465313947017,3e-05,False
410M:A7-OL1:0.5,410M,A7-OL1,630,630,1321205760,5.1876126145944,0.43889951705932617,0.43889954695506816,3e-05,False
410M:A7-OL1:0.5,410M,A7-OL1,631,631,1323302912,5.155147580429912,0.4436708986759186,0.4436708690757596,3e-05,False
410M:A7-OL1:0.5,410M,A7-OL1,632,632,1325400064,5.150550042279065,0.4949852228164673,0.4949852354829556,3e-05,False
410M:A7-OL1:0.5,410M,A7-OL1,633,633,1327497216,5.179329223930836,0.38593220710754395,0.38593222886810336,3e-05,False
410M:A7-OL1:0.5,410M,A7-OL1,634,634,1329594368,5.159529483877122,0.509850800037384,0.5098508211807651,3e-05,False
410M:A7-OL1:0.5,410M,A7-OL1,635,635,1331691520,5.165928138419986,0.37622350454330444,0.37622350514349884,3e-05,False
410M:A7-OL1:0.5,410M,A7-OL1,636,636,1333788672,5.177613482810557,0.518388569355011,0.5183885540482491,3e-05,False
410M:A7-OL1:0.5,410M,A7-OL1,637,637,1335885824,5.157491586171091,0.4678939878940582,0.46789398812914806,3e-05,False
410M:A7-OL1:0.5,410M,A7-OL1,638,638,1337982976,5.198374509811401,0.502848207950592,0.502848219228202,3e-05,False
410M:A7-OL1:0.5,410M,A7-OL1,639,639,1340080128,5.182405857369304,0.42049095034599304,0.4204909425024416,3e-05,False
410M:A7-OL1:0.5,410M,A7-OL1,640,640,1342177280,5.154838407412171,0.5256063342094421,0.5256063847299756,3e-05,False
410M:A7-OL1:0.5,410M,A7-OL1,641,641,1344274432,5.152374706231058,0.443435937166214,0.4434359236825222,3e-05,False
410M:A7-OL1:0.5,410M,A7-OL1,642,642,1346371584,5.195784702897072,0.48059603571891785,0.4805960577901296,3e-05,False
410M:A7-OL1:0.5,410M,A7-OL1,643,643,1348468736,5.165712850168347,0.4438987970352173,0.44389878024220186,3e-05,False
410M:A7-OL1:0.5,410M,A7-OL1,644,644,1350565888,5.199430857785046,0.42948421835899353,0.42948420124679826,3e-05,False
410M:A7-OL1:0.5,410M,A7-OL1,645,645,1352663040,5.168163973838091,0.55498206615448,0.5549820537097361,3e-05,False
410M:A7-OL1:0.5,410M,A7-OL1,646,646,1354760192,5.222357377409935,0.36077478528022766,0.36077478348670505,3e-05,False
410M:A7-OL1:0.5,410M,A7-OL1,647,647,1356857344,5.185361921787262,0.4969487488269806,0.4969487302092366,3e-05,False
410M:A7-OL1:0.5,410M,A7-OL1,648,648,1358954496,5.189836882986128,0.4264377951622009,0.4264377822163685,3e-05,False
410M:A7-OL1:0.5,410M,A7-OL1,649,649,1361051648,5.178546168841422,0.5041164755821228,0.5041164827810227,3e-05,False
410M:A7-OL1:0.5,410M,A7-OL1,650,650,1363148800,5.155597759410739,0.4687763750553131,0.4687763887550742,3e-05,False
410M:A7-OL1:0.5,410M,A7-OL1,651,651,1365245952,5.187627180479467,0.4429423213005066,0.4429423047130735,3e-05,False
410M:A7-OL1:0.5,410M,A7-OL1,652,652,1367343104,5.13845150731504,0.44479748606681824,0.44479750875958857,3e-05,False
410M:A7-OL1:0.5,410M,A7-OL1,653,653,1369440256,5.162070364691317,0.3913140892982483,0.3913140888199574,3e-05,False
410M:A7-OL1:0.5,410M,A7-OL1,654,654,1371537408,5.215915871784091,0.49592581391334534,0.49592583709241966,3e-05,False
410M:A7-OL1:0.5,410M,A7-OL1,655,655,1373634560,5.181125935167074,0.3968239724636078,0.39682397627883814,3e-05,False
410M:A7-OL1:0.5,410M,A7-OL1,656,656,1375731712,5.144518907181919,0.4321715831756592,0.4321716059518322,3e-05,False
410M:A7-OL1:0.5,410M,A7-OL1,657,657,1377828864,5.153259043581784,0.4014761745929718,0.40147616662536406,3e-05,False
410M:A7-OL1:0.5,410M,A7-OL1,658,658,1379926016,5.138577237725258,0.4110153913497925,0.4110153817039385,3e-05,False
410M:A7-OL1:0.5,410M,A7-OL1,659,659,1382023168,5.1338885221630335,0.4364874064922333,0.43648739963164185,3e-05,False
410M:A7-OL1:0.5,410M,A7-OL1,660,660,1384120320,5.192397519946098,0.3886634111404419,0.38866339038154174,3e-05,False
410M:A7-OL1:0.5,410M,A7-OL1,661,661,1386217472,5.19306590501219,0.3778941333293915,0.3778941281182204,3e-05,False
410M:A7-OL1:0.5,410M,A7-OL1,662,662,1388314624,5.186263021081686,0.4626438021659851,0.4626438147064149,3e-05,False
410M:A7-OL1:0.5,410M,A7-OL1,663,663,1390411776,5.159540615975857,0.4206714630126953,0.4206714885416635,3e-05,False
410M:A7-OL1:0.5,410M,A7-OL1,664,664,1392508928,5.175509541295469,0.4671330749988556,0.4671330800121923,3e-05,False
410M:A7-OL1:0.5,410M,A7-OL1,665,665,1394606080,5.167566165328026,0.43967872858047485,0.439678725375242,3e-05,False
410M:A7-OL1:0.5,410M,A7-OL1,666,666,1396703232,5.186127528548241,0.45935142040252686,0.4593513921735211,3e-05,False
410M:A7-OL1:0.5,410M,A7-OL1,667,667,1398800384,5.165570660494268,0.435895711183548,0.4358956842019182,3e-05,False
410M:A7-OL1:0.5,410M,A7-OL1,668,668,1400897536,5.156932941637933,0.4081437289714813,0.4081437347566397,3e-05,False
410M:A7-OL1:0.5,410M,A7-OL1,669,669,1402994688,5.128613666631281,0.40742284059524536,0.40742283255984346,3e-05,False
410M:A7-OL1:0.5,410M,A7-OL1,670,670,1405091840,5.165621302090585,0.4823343753814697,0.48233438423282105,3e-05,False
410M:A7-OL1:0.5,410M,A7-OL1,671,671,1407188992,5.194374977611005,0.367509663105011,0.36750968438763876,3e-05,False
410M:A7-OL1:0.5,410M,A7-OL1,672,672,1409286144,5.161848607473075,0.523592472076416,0.5235924831938347,3e-05,False
410M:A7-OL1:0.5,410M,A7-OL1,673,673,1411383296,5.143802084028721,0.4167659878730774,0.416765978706032,3e-05,False
410M:A7-OL1:0.5,410M,A7-OL1,674,674,1413480448,5.240433822385967,0.4417668282985687,0.4417668355058468,3e-05,False
410M:A7-OL1:0.5,410M,A7-OL1,675,675,1415577600,5.180652686394751,0.4766152501106262,0.47661523461509087,3e-05,False
410M:A7-OL1:0.5,410M,A7-OL1,676,676,1417674752,5.117987839505076,0.4942387342453003,0.4942387285378818,3e-05,False
410M:A7-OL1:0.5,410M,A7-OL1,677,677,1419771904,5.192381585016847,0.47904765605926514,0.47904764363843644,3e-05,False
410M:A7-OL1:0.5,410M,A7-OL1,678,678,1421869056,5.120932815596461,0.5951403379440308,0.5951403387420874,3e-05,False
410M:A7-OL1:0.5,410M,A7-OL1,679,679,1423966208,5.219382643699646,0.436808317899704,0.43680832112361007,3e-05,False
410M:A7-OL1:0.5,410M,A7-OL1,680,680,1426063360,5.183041668497026,0.555375337600708,0.5553753071974981,3e-05,False
410M:A7-OL1:0.5,410M,A7-OL1,681,681,1428160512,5.11575807351619,0.49620798230171204,0.49620797914190057,3e-05,False
410M:A7-OL1:0.5,410M,A7-OL1,682,682,1430257664,5.1326791336759925,0.46148696541786194,0.46148695957202496,3e-05,False
410M:A7-OL1:0.5,410M,A7-OL1,683,683,1432354816,5.193292886018753,0.5546883344650269,0.5546883305710384,3e-05,False
410M:A7-OL1:0.5,410M,A7-OL1,684,684,1434451968,5.17023472674191,0.46218743920326233,0.46218745400840083,3e-05,False
410M:A7-OL1:0.5,410M,A7-OL1,685,685,1436549120,5.119045697152615,0.5788027048110962,0.57880267304223,3e-05,False
410M:A7-OL1:0.5,410M,A7-OL1,686,686,1438646272,5.18390997685492,0.5093590617179871,0.5093590628254029,3e-05,False
410M:A7-OL1:0.5,410M,A7-OL1,687,687,1440743424,5.1877584820613265,0.5606675744056702,0.5606675591990351,3e-05,False
410M:A7-OL1:0.5,410M,A7-OL1,688,688,1442840576,5.147283701226115,0.5440726280212402,0.5440726445569517,3e-05,False
410M:A7-OL1:0.5,410M,A7-OL1,689,689,1444937728,5.14195846952498,0.4788302481174469,0.47883024405956864,3e-05,False
410M:A7-OL1:0.5,410M,A7-OL1,690,690,1447034880,5.161331819370389,0.4996095299720764,0.4996095331551276,3e-05,False
410M:A7-OL1:0.5,410M,A7-OL1,691,691,1449132032,5.179944355972111,0.5729001760482788,0.5729001477811382,3e-05,False
410M:A7-OL1:0.5,410M,A7-OL1,692,692,1451229184,5.191919907927513,0.7062432765960693,0.7062432981192212,3e-05,False
410M:A7-OL1:0.5,410M,A7-OL1,693,693,1453326336,5.1672735549509525,0.5838062763214111,0.5838063055604601,3e-05,False
410M:A7-OL1:0.5,410M,A7-OL1,694,694,1455423488,5.122542219236493,0.6424121260643005,0.6424121149129922,3e-05,False
410M:A7-OL1:0.5,410M,A7-OL1,695,695,1457520640,5.120909938588738,0.4948624074459076,0.49486242622419296,3e-05,False
410M:A7-OL1:0.5,410M,A7-OL1,696,696,1459617792,5.17109236586839,0.6513479948043823,0.6513479677563393,3e-05,False
410M:A7-OL1:0.5,410M,A7-OL1,697,697,1461714944,5.135305137373507,0.6267151236534119,0.6267151291161245,3e-05,False
410M:A7-OL1:0.5,410M,A7-OL1,698,698,1463812096,5.146543751470745,0.613675057888031,0.6136750713057088,3e-05,False
410M:A7-OL1:0.5,410M,A7-OL1,699,699,1465909248,5.102522858418524,0.5219260454177856,0.5219260650206454,3e-05,False
410M:A7-OL1:0.5,410M,A7-OL1,700,700,1468006400,5.139998495578766,0.5543285608291626,0.5543285988712403,3e-05,False
410M:A7-OL1:0.5,410M,A7-OL1,701,701,1470103552,5.197057652287185,0.5466728210449219,0.546672835334948,3e-05,False
410M:A7-OL1:0.5,410M,A7-OL1,702,702,1472200704,5.127599565312266,0.4601261615753174,0.46012616572555515,3e-05,False
410M:A7-OL1:0.5,410M,A7-OL1,703,703,1474297856,5.174011945724487,0.5613058805465698,0.5613058865303933,3e-05,False
410M:A7-OL1:0.5,410M,A7-OL1,704,704,1476395008,5.145709664560854,0.4502819776535034,0.4502820026947066,3e-05,False
410M:A7-OL1:0.5,410M,A7-OL1,705,705,1478492160,5.16783091891557,0.49462559819221497,0.49462559682900825,3e-05,False
410M:A7-OL1:0.5,410M,A7-OL1,706,706,1480589312,5.142649588175118,0.5994060039520264,0.5994059946533127,3e-05,False
410M:A7-OL1:0.5,410M,A7-OL1,707,707,1482686464,5.154515792615712,0.4510568380355835,0.45105681076583914,3e-05,False
410M:A7-OL1:0.5,410M,A7-OL1,708,708,1484783616,5.164397701621056,0.6312100887298584,0.6312100855435139,3e-05,False
410M:A7-OL1:0.5,410M,A7-OL1,709,709,1486880768,5.164682824164629,0.40028470754623413,0.4002846975907659,3e-05,False
410M:A7-OL1:0.5,410M,A7-OL1,710,710,1488977920,5.173708135262132,0.5499846339225769,0.5499846175917579,3e-05,False
410M:A7-OL1:0.5,410M,A7-OL1,711,711,1491075072,5.153870676644146,0.5148922204971313,0.5148922437596603,3e-05,False
410M:A7-OL1:0.5,410M,A7-OL1,712,712,1493172224,5.161328183487058,0.4630666673183441,0.46306666986131734,3e-05,False
70M:A0:None,70M,A0,1,1,2097152,11.023096412420273,3.513155698776245,0.9999997335685955,0.0,False
70M:A0:None,70M,A0,2,2,4194304,11.025098323822021,3.491793394088745,0.9999997478571387,0.0001404494382022472,False
70M:A0:None,70M,A0,3,3,6291456,10.328135754913092,2.2289252281188965,0.9999995875449981,0.0002808988764044944,False
70M:A0:None,70M,A0,4,4,8388608,9.933131385594606,1.7149462699890137,0.9999993605724234,0.0004213483146067416,False
70M:A0:None,70M,A0,5,5,10485760,9.683905597776175,1.4736428260803223,0.9999994732529301,0.0005617977528089888,False
70M:A0:None,70M,A0,6,6,12582912,9.455639809370041,1.357598900794983,0.9999993159962999,0.0007022471910112359,False
70M:A0:None,70M,A0,7,7,14680064,9.18200171366334,1.311794638633728,0.9999992976990538,0.0008426966292134832,False
70M:A0:None,70M,A0,8,8,16777216,8.890926226973534,1.1797558069229126,0.9999990105243897,0.0009831460674157304,False
70M:A0:None,70M,A0,9,9,18874368,8.599038790911436,0.9819057583808899,0.9819056729440405,0.0009999962308400703,False
70M:A0:None,70M,A0,10,10,20971520,8.344208482652903,0.8118963837623596,0.8118963504564097,0.0009999827974442107,False
70M:A0:None,70M,A0,11,11,23068672,8.188518496230245,0.8284623026847839,0.8284622478216507,0.0009999596299861823,False
70M:A0:None,70M,A0,12,12,25165824,8.043781708925962,0.6458877921104431,0.6458877918186833,0.0009999267289170272,False
70M:A0:None,70M,A0,13,13,27262976,7.912778643891215,0.5660762786865234,0.566076285314993,0.0009998840948772898,False
70M:A0:None,70M,A0,14,14,29360128,7.833316154778004,0.6647506356239319,0.6647506356673804,0.0009998317286970036,False
70M:A0:None,70M,A0,15,15,31457280,7.708237389102578,0.5927941799163818,0.5927941341001745,0.0009997696313956746,False
70M:A0:None,70M,A0,16,16,33554432,7.653630547225475,0.6022193431854248,0.6022193279100544,0.0009996978041822626,False
70M:A0:None,70M,A0,17,17,35651584,7.574300779029727,0.3661435544490814,0.3661435335295267,0.0009996162484551569,False
70M:A0:None,70M,A0,18,18,37748736,7.5688789784908295,0.9967029094696045,0.9967029039966547,0.0009995249658021493,False
70M:A0:None,70M,A0,19,19,39845888,7.51699435710907,0.661801815032959,0.6618017354116952,0.0009994239580004022,False
70M:A0:None,70M,A0,20,20,41943040,7.476965315639973,0.5110023021697998,0.5110022829585751,0.0009993132270164169,False
70M:A0:None,70M,A0,21,21,44040192,7.454846045002341,0.5990440845489502,0.5990440709627831,0.0009991927750059911,False
70M:A0:None,70M,A0,22,22,46137344,7.369903363287449,0.4615948498249054,0.46159478540555254,0.0009990626043141805,False
70M:A0:None,70M,A0,23,23,48234496,7.328654766082764,0.5278509259223938,0.5278509051210581,0.000998922717475252,False
70M:A0:None,70M,A0,24,24,50331648,7.293280590325594,0.5379232168197632,0.5379232742842193,0.000998773117212633,False
70M:A0:None,70M,A0,25,25,52428800,7.2596158143132925,0.45365846157073975,0.453658379425522,0.0009986138064388605,False
70M:A0:None,70M,A0,26,26,54525952,7.236132251098752,0.341670423746109,0.34167041927843966,0.0009984447882555232,False
70M:A0:None,70M,A0,27,27,56623104,7.208364937454462,0.41430404782295227,0.41430404054702197,0.0009982660659532013,False
70M:A0:None,70M,A0,28,28,58720256,7.153536731377244,0.47781312465667725,0.47781312555745686,0.0009980776430114024,False
70M:A0:None,70M,A0,29,29,60817408,7.159380320459604,0.4421665370464325,0.442166523634877,0.0009978795230984941,False
70M:A0:None,70M,A0,30,30,62914560,7.102530736476183,0.3180995583534241,0.31809957475737477,0.0009976717100716322,False
70M:A0:None,70M,A0,31,31,65011712,7.081651821732521,0.37644362449645996,0.37644360606639493,0.0009974542079766858,False
70M:A0:None,70M,A0,32,32,67108864,7.058094069361687,0.3231838345527649,0.3231838054429546,0.0009972270210481583,False
70M:A0:None,70M,A0,33,33,69206016,7.050077753141522,0.3997357189655304,0.399735745094936,0.000996990153709105,False
70M:A0:None,70M,A0,34,34,71303168,7.010188961401582,0.3407214879989624,0.34072149918141154,0.000996743610571048,False
70M:A0:None,70M,A0,35,35,73400320,6.976414354518056,0.3128192126750946,0.3128192057913029,0.0009964873964338843,False
70M:A0:None,70M,A0,36,36,75497472,6.923790629953146,0.33033591508865356,0.3303359311889959,0.0009962215162857945,False
70M:A0:None,70M,A0,37,37,77594624,6.916128531098366,0.27053922414779663,0.27053923122769175,0.0009959459753031445,False
70M:A0:None,70M,A0,38,38,79691776,6.928605968132615,0.3392322361469269,0.3392321876154538,0.000995660778850385,False
70M:A0:None,70M,A0,39,39,81788928,6.901725083589554,0.2737732529640198,0.27377326182181694,0.0009953659324799468,False
70M:A0:None,70M,A0,40,40,83886080,6.867310015484691,0.26072898507118225,0.260729009667279,0.0009950614419321332,False
70M:A0:None,70M,A0,41,41,85983232,6.824466006830335,0.24183008074760437,0.2418300809131288,0.0009947473131350084,False
70M:A0:None,70M,A0,42,42,88080384,6.824546851217747,0.25100091099739075,0.2510009195634624,0.0009944235522042811,False
70M:A0:None,70M,A0,43,43,90177536,6.797330625355244,0.23046967387199402,0.23046966112290673,0.0009940901654431858,False
70M:A0:None,70M,A0,44,44,92274688,6.761283218860626,0.26239562034606934,0.26239562031390345,0.0009937471593423613,False
70M:A0:None,70M,A0,45,45,94371840,6.7333738543093204,0.18503370881080627,0.18503369720947582,0.0009933945405797224,False
70M:A0:None,70M,A0,46,46,96468992,6.708738772198558,0.262783408164978,0.26278343683484773,0.0009930323160203315,False
70M:A0:None,70M,A0,47,47,98566144,6.707138450816274,0.3286306858062744,0.3286306864818503,0.0009926604927162636,False
70M:A0:None,70M,A0,48,48,100663296,6.70191877707839,0.3028850853443146,0.30288508914886936,0.0009922790779064705,False
70M:A0:None,70M,A0,49,49,102760448,6.643350068479776,0.4175058603286743,0.4175058360821097,0.0009918880790166385,False
70M:A0:None,70M,A0,50,50,104857600,6.627093153074384,0.4254428744316101,0.42544288274297115,0.0009914875036590443,False
70M:A0:None,70M,A0,51,51,106954752,6.57304242439568,0.3887604773044586,0.38876048091551146,0.0009910773596324073,False
70M:A0:None,70M,A0,52,52,109051904,6.56947080604732,0.3121582865715027,0.3121583018956973,0.0009906576549217369,False
70M:A0:None,70M,A0,53,53,111149056,6.599547293037176,0.34814563393592834,0.3481456159058818,0.000990228397698178,False
70M:A0:None,70M,A0,54,54,113246208,6.553022289648652,0.3084423243999481,0.30844230981700427,0.0009897895963188513,False
70M:A0:None,70M,A0,55,55,115343360,6.470476416870952,0.3789844214916229,0.3789844054034808,0.0009893412593266898,False
70M:A0:None,70M,A0,56,56,117440512,6.496015852317214,0.25764575600624084,0.25764576653386606,0.0009888833954502748,False
70M:A0:None,70M,A0,57,57,119537664,6.4611891601234674,0.3840707540512085,0.3840707493603517,0.0009884160136036635,False
70M:A0:None,70M,A0,58,58,121634816,6.41828672029078,0.30812299251556396,0.3081229950922944,0.000987939122886217,False
70M:A0:None,70M,A0,59,59,123731968,6.468325160443783,0.3077983856201172,0.30779838679155963,0.0009874527325824225,False
70M:A0:None,70M,A0,60,60,125829120,6.4257467817515135,0.3770313560962677,0.3770313227287742,0.0009869568521617127,False
70M:A0:None,70M,A0,61,61,127926272,6.393569765612483,0.365651398897171,0.36565139770190563,0.0009864514912782817,False
70M:A0:None,70M,A0,62,62,130023424,6.370997523888946,0.3346850872039795,0.33468509778747707,0.0009859366597708959,False
70M:A0:None,70M,A0,63,63,132120576,6.346382224932313,0.2806636095046997,0.28066360451897515,0.0009854123676627045,False
70M:A0:None,70M,A0,64,64,134217728,6.316164495423436,0.35220205783843994,0.35220205200964233,0.0009848786251610425,False
70M:A0:None,70M,A0,65,65,136314880,6.265208998695016,0.2892364263534546,0.28923641962720226,0.0009843354426572327,False
70M:A0:None,70M,A0,66,66,138412032,6.287124305963516,0.32011306285858154,0.3201130086984861,0.0009837828307263836,False
70M:A0:None,70M,A0,67,67,140509184,6.292767299339175,0.3438776135444641,0.34387760311170884,0.000983220800127183,False
70M:A0:None,70M,A0,68,68,142606336,6.257191361859441,0.379059374332428,0.3790593827994271,0.000982649361801689,False
70M:A0:None,70M,A0,69,69,144703488,6.241514202207327,0.5655298829078674,0.5655298523874223,0.0009820685268751167,False
70M:A0:None,70M,A0,70,70,146800640,6.284570267423987,0.5513753890991211,0.5513753451031079,0.0009814783066556217,False
70M:A0:None,70M,A0,71,71,148897792,6.223115311935544,0.3601534962654114,0.3601535138835138,0.0009808787126340801,False
70M:A0:None,70M,A0,72,72,150994944,6.18733430467546,0.444342702627182,0.44434268723263026,0.0009802697564838645,False
70M:A0:None,70M,A0,73,73,153092096,6.203454103320837,0.29742103815078735,0.29742104279512027,0.0009796514500606166,False
70M:A0:None,70M,A0,74,74,155189248,6.160967083647847,0.3922843933105469,0.3922844187137807,0.000979023805402017,False
70M:A0:None,70M,A0,75,75,157286400,6.163237512111664,0.25673907995224,0.25673908724437,0.0009783868347275507,False
70M:A0:None,70M,A0,76,76,159383552,6.110441101714969,0.3210495412349701,0.32104955399927126,0.000977740550438268,False
70M:A0:None,70M,A0,77,77,161480704,6.103855347260833,0.3080779016017914,0.30807789648543166,0.0009770849651165455,False
70M:A0:None,70M,A0,78,78,163577856,6.1185059025883675,0.35629355907440186,0.3562935720624025,0.0009764200915258382,False
70M:A0:None,70M,A0,79,79,165675008,6.115886127576232,0.3422110974788666,0.3422110996045928,0.0009757459426104335,False
70M:A0:None,70M,A0,80,80,167772160,6.095336694270372,0.40870046615600586,0.40870047465959625,0.0009750625314951977,False
70M:A0:None,70M,A0,81,81,169869312,6.124585093930364,0.4907306134700775,0.4907306189808659,0.0009743698714853213,False
70M:A0:None,70M,A0,82,82,171966464,6.064606474712491,0.5303221344947815,0.5303220971170018,0.0009736679760660594,False
70M:A0:None,70M,A0,83,83,174063616,6.036581747233868,0.31191179156303406,0.3119117917062596,0.0009729568589024693,False
70M:A0:None,70M,A0,84,84,176160768,6.044141409918666,0.36201199889183044,0.362012001698644,0.000972236533839145,False
70M:A0:None,70M,A0,85,85,178257920,6.083898954093456,0.3956592082977295,0.39565920026956247,0.0009715070148999465,False
70M:A0:None,70M,A0,86,86,180355072,6.030075689777732,0.33925482630729675,0.3392548242527621,0.0009707683162877283,False
70M:A0:None,70M,A0,87,87,182452224,5.989129642024636,0.31675195693969727,0.316751946793646,0.0009700204523840612,False
70M:A0:None,70M,A0,88,88,184549376,5.98953658901155,0.3981178402900696,0.39811788140499116,0.000969263437748954,False
70M:A0:None,70M,A0,89,89,186646528,5.988194353878498,0.22897931933403015,0.22897930988754558,0.0009684972871205686,False
70M:A0:None,70M,A0,90,90,188743680,5.991976412013173,0.3771534860134125,0.3771534840640368,0.0009677220154149337,False
70M:A0:None,70M,A0,91,91,190840832,5.952972831204534,0.23124195635318756,0.2312419719068727,0.0009669376377256549,False
70M:A0:None,70M,A0,92,92,192937984,5.986316837370396,0.384986937046051,0.3849869247083799,0.0009661441693236197,False
70M:A0:None,70M,A0,93,93,195035136,5.959980545565486,0.3008859157562256,0.30088592065336,0.0009653416256567013,False
70M:A0:None,70M,A0,94,94,197132288,5.93348753452301,0.3465076684951782,0.34650767063887344,0.0009645300223494571,False
70M:A0:None,70M,A0,95,95,199229440,5.922347530722618,0.3379495441913605,0.33794953112523674,0.000963709375202825,False
70M:A0:None,70M,A0,96,96,201326592,5.886930273845792,0.4744444787502289,0.4744444552234878,0.000962879700193815,False
70M:A0:None,70M,A0,97,97,203423744,5.910513138398528,0.7798181176185608,0.7798181528531565,0.0009620410134751992,False
70M:A0:None,70M,A0,98,98,205520896,5.948680533096194,0.8060267567634583,0.8060267096266296,0.0009611933313751969,False
70M:A0:None,70M,A0,99,99,207618048,5.889084609225392,0.5178319215774536,0.517831929032934,0.0009603366703971562,False
70M:A0:None,70M,A0,100,100,209715200,5.92260267585516,0.6298726201057434,0.6298726232176328,0.0009594710472192336,False
70M:A0:None,70M,A0,101,101,211812352,5.838525029830635,0.48792433738708496,0.48792431682386855,0.0009585964786940681,False
70M:A0:None,70M,A0,102,102,213909504,5.862741690129042,0.43817856907844543,0.4381785542599708,0.0009577129818484549,False
70M:A0:None,70M,A0,103,103,216006656,5.841892849653959,0.36204153299331665,0.3620415376103577,0.0009568205738830118,False
70M:A0:None,70M,A0,104,104,218103808,5.851011324673891,0.4136165380477905,0.4136165714238844,0.0009559192721718459,False
70M:A0:None,70M,A0,105,105,220200960,5.851887010037899,0.4320108890533447,0.43201089086587446,0.0009550090942622149,False
70M:A0:None,70M,A0,106,106,222298112,5.823038399219513,0.3637129068374634,0.36371290109032306,0.0009540900578741849,False
70M:A0:None,70M,A0,107,107,224395264,5.783712867647409,0.34789517521858215,0.34789518387828694,0.0009531621809002862,False
70M:A0:None,70M,A0,108,108,226492416,5.8267735205590725,0.29017776250839233,0.290177767852567,0.0009522254814051648,False
70M:A0:None,70M,A0,109,109,228589568,5.79743923060596,0.39268413186073303,0.39268412946026515,0.0009512799776252301,False
70M:A0:None,70M,A0,110,110,230686720,5.773053001612425,0.33053311705589294,0.33053310499611177,0.0009503256879683008,False
70M:A0:None,70M,A0,111,111,232783872,5.779661200940609,0.3080027401447296,0.30800274693364904,0.0009493626310132458,False
70M:A0:None,70M,A0,112,112,234881024,5.7266778741031885,0.2949346899986267,0.29493469272585576,0.0009483908255096225,False
70M:A0:None,70M,A0,113,113,236978176,5.787563415244222,0.274324506521225,0.27432451286267284,0.0009474102903773126,False
70M:A0:None,70M,A0,114,114,239075328,5.712795307859778,0.256728857755661,0.2567288616696684,0.0009464210447061523,False
70M:A0:None,70M,A0,115,115,241172480,5.719026254490018,0.27246761322021484,0.27246758735888454,0.0009454231077555622,False
70M:A0:None,70M,A0,116,116,243269632,5.742692049592733,0.3115828037261963,0.31158282894430517,0.0009444164989541715,False
70M:A0:None,70M,A0,117,117,245366784,5.738860314711928,0.3358724117279053,0.3358724227792855,0.0009434012378994395,False
70M:A0:None,70M,A0,118,118,247463936,5.730177789926529,0.526077389717102,0.5260773686150202,0.0009423773443572748,False
70M:A0:None,70M,A0,119,119,249561088,5.723184743896127,0.7502038478851318,0.7502039122632432,0.00094134483826165,False
70M:A0:None,70M,A0,120,120,251658240,5.691250590607524,0.8030011057853699,0.8030010868051608,0.0009403037397142138,False
70M:A0:None,70M,A0,121,121,253755392,5.745944080874324,0.6687806844711304,0.6687806955899799,0.0009392540689838996,False
70M:A0:None,70M,A0,122,122,255852544,5.671314794570208,0.7112932801246643,0.7112932856367539,0.0009381958465065305,False
70M:A0:None,70M,A0,123,123,257949696,5.678899710997939,0.4888342618942261,0.48883425421308896,0.0009371290928844224,False
70M:A0:None,70M,A0,124,124,260046848,5.677765674889088,0.6307011842727661,0.6307011755555912,0.0009360538288859819,False
70M:A0:None,70M,A0,125,125,262144000,5.673028063029051,0.5184528231620789,0.5184528253655484,0.0009349700754453024,False
70M:A0:None,70M,A0,126,126,264241152,5.669891914352775,0.46064692735671997,0.4606469084002091,0.0009338778536617566,False
70M:A0:None,70M,A0,127,127,266338304,5.620564926415682,0.4197612702846527,0.41976126632231603,0.0009327771847995856,False
70M:A0:None,70M,A0,128,128,268435456,5.6304928828030825,0.4280202388763428,0.4280202016566235,0.0009316680902874848,False
70M:A0:None,70M,A0,129,129,270532608,5.70031763240695,0.414674311876297,0.4146743355609138,0.0009305505917181871,False
70M:A0:None,70M,A0,130,130,272629760,5.612414628267288,0.30376532673835754,0.30376532942501133,0.0009294247108480422,False
70M:A0:None,70M,A0,131,131,274726912,5.587204333394766,0.3724355101585388,0.3724355050756145,0.0009282904695965927,False
70M:A0:None,70M,A0,132,132,276824064,5.644463336095214,0.37817564606666565,0.3781756256842685,0.0009271478900461485,False
70M:A0:None,70M,A0,133,133,278921216,5.511708158068359,0.34767743945121765,0.3476774275248178,0.0009259969944413552,False
70M:A0:None,70M,A0,134,134,281018368,5.610596779733896,0.36480912566185,0.3648091034029726,0.0009248378051887629,False
70M:A0:None,70M,A0,135,135,283115520,5.571406256407499,0.3275543451309204,0.3275543468679622,0.0009236703448563882,False
70M:A0:None,70M,A0,136,136,285212672,5.57728161662817,0.3324504792690277,0.33245046174848925,0.000922494636173276,False
70M:A0:None,70M,A0,137,137,287309824,5.553019184619188,0.3991062045097351,0.39910618520076546,0.000921310702029057,False
70M:A0:None,70M,A0,138,138,289406976,5.578688213601708,0.47158896923065186,0.47158896406699197,0.0009201185654735012,False
70M:A0:None,70M,A0,139,139,291504128,5.535896888934076,0.6416006088256836,0.6416006150712564,0.0009189182497160696,False
70M:A0:None,70M,A0,140,140,293601280,5.604834413155913,0.6525139212608337,0.6525139512881688,0.0009177097781254628,False
70M:A0:None,70M,A0,141,141,295698432,5.5360400173813105,0.42572447657585144,0.42572446032512357,0.0009164931742291654,False
70M:A0:None,70M,A0,142,142,297795584,5.522925732657313,0.45378902554512024,0.4537890257111557,0.0009152684617129883,False
70M:A0:None,70M,A0,143,143,299892736,5.494714995846152,0.4634103775024414,0.4634103767896851,0.0009140356644206073,False
70M:A0:None,70M,A0,144,144,301989888,5.536789568141103,0.4616715610027313,0.46167157059393205,0.0009127948063530991,False
70M:A0:None,70M,A0,145,145,304087040,5.517559729516506,0.4468090534210205,0.4468090461258238,0.0009115459116684743,False
70M:A0:None,70M,A0,146,146,306184192,5.502224486321211,0.4837302267551422,0.4837302088802285,0.000910289004681206,False
70M:A0:None,70M,A0,147,147,308281344,5.509390536695719,0.3902408480644226,0.39024084897196304,0.000909024109861758,False
70M:A0:None,70M,A0,148,148,310378496,5.50188616476953,0.4459992051124573,0.4459992064957393,0.0009077512518361068,False
70M:A0:None,70M,A0,149,149,312475648,5.493143208324909,0.368063747882843,0.36806374495590694,0.0009064704553852638,False
70M:A0:None,70M,A0,150,150,314572800,5.495801005512476,0.4213522970676422,0.4213523201101785,0.0009051817454447911,False
70M:A0:None,70M,A0,151,151,316669952,5.493890113197267,0.37224113941192627,0.3722411425287554,0.0009038851471043173,False
70M:A0:None,70M,A0,152,152,318767104,5.476444801315665,0.5195083618164062,0.5195083283827084,0.0009025806856070486,False
70M:A0:None,70M,A0,153,153,320864256,5.468740586191416,0.4065546989440918,0.4065547193985601,0.0009012683863492776,False
70M:A0:None,70M,A0,154,154,322961408,5.473751034587622,0.39269426465034485,0.3926942785496425,0.0008999482748798884,False
70M:A0:None,70M,A0,155,155,325058560,5.492519771680236,0.44395866990089417,0.4439586871625309,0.0008986203768998591,False
70M:A0:None,70M,A0,156,156,327155712,5.474172176793218,0.5294966101646423,0.5294966077658597,0.0008972847182617625,False
70M:A0:None,70M,A0,157,157,329252864,5.4428979735821486,0.4671418070793152,0.4671417979340373,0.0008959413249692616,False
70M:A0:None,70M,A0,158,158,331350016,5.432197786867619,0.3715308606624603,0.3715308444390536,0.0008945902231766037,False
70M:A0:None,70M,A0,159,159,333447168,5.44281717389822,0.44137489795684814,0.44137487475997556,0.0008932314391881118,False
70M:A0:None,70M,A0,160,160,335544320,5.458041425794363,0.39632898569107056,0.396328980481496,0.0008918649994576717,False
70M:A0:None,70M,A0,161,161,337641472,5.42227797023952,0.4011290967464447,0.40112910652279554,0.0008904909305882169,False
70M:A0:None,70M,A0,162,162,339738624,5.420765474438667,0.48492303490638733,0.4849230349033585,0.0008891092593312118,False
70M:A0:None,70M,A0,163,163,341835776,5.403875157237053,0.6555201411247253,0.655520196433154,0.0008877200125861294,False
70M:A0:None,70M,A0,164,164,343932928,5.45950036495924,0.7573409676551819,0.7573410151607655,0.0008863232173999288,False
70M:A0:None,70M,A0,165,165,346030080,5.379279116168618,0.6433677077293396,0.6433677059258182,0.0008849189009665278,False
70M:A0:None,70M,A0,166,166,348127232,5.3820426519960165,0.5170310139656067,0.5170309991100411,0.0008835070906262741,False
70M:A0:None,70M,A0,167,167,350224384,5.382491408847272,0.4704686403274536,0.47046860791355694,0.0008820878138654127,False
70M:A0:None,70M,A0,168,168,352321536,5.358290323987603,0.4652969241142273,0.46529693023605134,0.0008806610983155505,False
70M:A0:None,70M,A0,169,169,354418688,5.391944572329521,0.4673733413219452,0.4673733311352815,0.0008792269717531191,False
70M:A0:None,70M,A0,170,170,356515840,5.3535062884911895,0.38420554995536804,0.38420552939366903,0.0008777854620988331,False
70M:A0:None,70M,A0,171,171,358612992,5.342243017628789,0.37939220666885376,0.37939218673284947,0.0008763365974171476,False
70M:A0:None,70M,A0,172,172,360710144,5.3687632493674755,0.3389492630958557,0.3389492478381385,0.0008748804059157103,False
70M:A0:None,70M,A0,173,173,362807296,5.347953850403428,0.38340410590171814,0.3834041091419431,0.0008734169159448145,False
70M:A0:None,70M,A0,174,174,364904448,5.348271273076534,0.3760131299495697,0.37601310724254994,0.0008719461559968444,False
70M:A0:None,70M,A0,175,175,367001600,5.3352383729070425,0.3162585198879242,0.3162585311671237,0.0008704681547057236,False
70M:A0:None,70M,A0,176,176,369098752,5.3300879914313555,0.32768940925598145,0.32768940266959695,0.0008689829408463543,False
70M:A0:None,70M,A0,177,177,371195904,5.329380476847291,0.35719406604766846,0.35719407612136284,0.0008674905433340597,False
70M:A0:None,70M,A0,178,178,373293056,5.368376599624753,0.387225478887558,0.3872254769729087,0.0008659909912240198,False
70M:A0:None,70M,A0,179,179,375390208,5.361926332116127,0.5218151211738586,0.5218151335019497,0.0008644843137107057,False
70M:A0:None,70M,A0,180,180,377487360,5.36350572668016,0.6633093953132629,0.6633093586671207,0.0008629705401273122,False
70M:A0:None,70M,A0,181,181,379584512,5.30686020385474,0.7237440943717957,0.7237440737654902,0.0008614496999451854,False
70M:A0:None,70M,A0,182,182,381681664,5.335994405671954,0.6756308674812317,0.6756308373728355,0.0008599218227732497,False
70M:A0:None,70M,A0,183,183,383778816,5.318127537146211,0.6428648233413696,0.642864851222835,0.0008583869383574314,False
70M:A0:None,70M,A0,184,184,385875968,5.288584039546549,0.5562713742256165,0.5562713874589813,0.000856845076580079,False
70M:A0:None,70M,A0,185,185,387973120,5.314581430517137,0.4888119399547577,0.48881192436023874,0.0008552962674593825,False
70M:A0:None,70M,A0,186,186,390070272,5.283019365742803,0.5453675985336304,0.5453675867755384,0.0008537405411487875,False
70M:A0:None,70M,A0,187,187,392167424,5.310050405561924,0.43309080600738525,0.43309080911886877,0.0008521779279364094,False
70M:A0:None,70M,A0,188,188,394264576,5.2638627178967,0.4519657492637634,0.4519657466487522,0.0008506084582444434,False
70M:A0:None,70M,A0,189,189,396361728,5.2620876813307405,0.3800734281539917,0.38007344688975475,0.0008490321626285714,False
70M:A0:None,70M,A0,190,190,398458880,5.306996505707502,0.3867534399032593,0.3867534259666493,0.0008474490717773689,False
70M:A0:None,70M,A0,191,191,400556032,5.279022352769971,0.34369096159935,0.34369098838666423,0.0008458592165117054,False
70M:A0:None,70M,A0,192,192,402653184,5.277391817420721,0.38846486806869507,0.3884648784105912,0.0008442626277841459,False
70M:A0:None,70M,A0,193,193,404750336,5.278973499312997,0.39025670289993286,0.3902566929635609,0.0008426593366783477,False
70M:A0:None,70M,A0,194,194,406847488,5.196182522922754,0.49556127190589905,0.49556127079719714,0.0008410493744084555,False
70M:A0:None,70M,A0,195,195,408944640,5.330357292667031,0.6982309818267822,0.6982309772463765,0.0008394327723184931,False
70M:A0:None,70M,A0,196,196,411041792,5.233115362003446,0.7784978151321411,0.7784978587571586,0.000837809561881754,False
70M:A0:None,70M,A0,197,197,413138944,5.251173870638013,0.4937509298324585,0.493750918426868,0.0008361797747001882,False
70M:A0:None,70M,A0,198,198,415236096,5.286828864365816,0.4987044632434845,0.4987044685396142,0.0008345434425037864,False
70M:A0:None,70M,A0,199,199,417333248,5.230546313337982,0.524177610874176,0.5241775992448384,0.0008329005971499637,False
70M:A0:None,70M,A0,200,200,419430400,5.217261777259409,0.4353218078613281,0.4353217764633284,0.000831251270622938,False
70M:A0:None,70M,A0,201,201,421527552,5.2380061484873295,0.43982014060020447,0.4398201107768023,0.0008295954950331082,False
70M:A0:None,70M,A0,202,202,423624704,5.2028083223849535,0.4028552174568176,0.40285525227947694,0.0008279333026164282,False
70M:A0:None,70M,A0,203,203,425721856,5.180546842515469,0.3519185483455658,0.35191856229242424,0.0008262647257337799,False
70M:A0:None,70M,A0,204,204,427819008,5.199756074696779,0.37848782539367676,0.37848784426257953,0.0008245897968703434,False
70M:A0:None,70M,A0,205,205,429916160,5.146921778097749,0.36353060603141785,0.3635306037531883,0.0008229085486349639,False
70M:A0:None,70M,A0,206,206,432013312,5.149836048483849,0.39176276326179504,0.39176276682554984,0.0008212210137595174,False
70M:A0:None,70M,A0,207,207,434110464,5.205899619497359,0.4174906313419342,0.4174906475666629,0.0008195272250982728,False
70M:A0:None,70M,A0,208,208,436207616,5.171518240123987,0.39379197359085083,0.3937919522952565,0.0008178272156272531,False
70M:A0:None,70M,A0,209,209,438304768,5.139173039235175,0.455469012260437,0.4554689914756391,0.0008161210184435924,False
70M:A0:None,70M,A0,210,210,440401920,5.159626301378012,0.471906840801239,0.4719068390968955,0.000814408666764893,False
70M:A0:None,70M,A0,211,211,442499072,5.166769054718316,0.7080588936805725,0.7080588785567906,0.0008126901939285768,False
70M:A0:None,70M,A0,212,212,444596224,5.194932145066559,0.795747697353363,0.7957476698939514,0.0008109656333912381,False
70M:A0:None,70M,A0,213,213,446693376,5.180503273382783,0.6612086892127991,0.6612087084972684,0.0008092350187279907,False
70M:A0:None,70M,A0,214,214,448790528,5.1516956044360995,0.7135908603668213,0.7135909070414623,0.0008074983836318155,False
70M:A0:None,70M,A0,215,215,450887680,5.163438865914941,0.6144744157791138,0.6144743906813074,0.0008057557619129037,False
70M:A0:None,70M,A0,216,216,452984832,5.1558617409318686,0.5848187208175659,0.5848187344534296,0.0008040071874979986,False
70M:A0:None,70M,A0,217,217,455081984,5.161095812916756,0.439375638961792,0.4393756348927717,0.0008022526944297359,False
70M:A0:None,70M,A0,218,218,457179136,5.1866512428969145,0.47167307138442993,0.4716730535974187,0.0008004923168659799,False
70M:A0:None,70M,A0,219,219,459276288,5.1404377948492765,0.36435267329216003,0.36435267782359754,0.0007987260890791588,False
70M:A0:None,70M,A0,220,220,461373440,5.1058888072147965,0.4400692582130432,0.44006926848770045,0.0007969540454555983,False
70M:A0:None,70M,A0,221,221,463470592,5.157213944941759,0.3772425651550293,0.3772425795682446,0.0007951762204948503,False
70M:A0:None,70M,A0,222,222,465567744,5.100819168612361,0.3732742369174957,0.3732742342581526,0.0007933926488090237,False
70M:A0:None,70M,A0,223,223,467664896,5.102349917404354,0.3405953347682953,0.3405953255868029,0.0007916033651221082,False
70M:A0:None,70M,A0,224,224,469762048,5.075383508577943,0.33291196823120117,0.3329119664333107,0.0007898084042692996,False
70M:A0:None,70M,A0,225,225,471859200,5.089761612005532,0.35975706577301025,0.359757079861262,0.0007880078011963212,False
70M:A0:None,70M,A0,226,226,473956352,5.088676897808909,0.3711060881614685,0.37110608115788934,0.0007862015909587439,False
70M:A0:None,70M,A0,227,227,476053504,5.086608238518238,0.38369500637054443,0.38369498455474527,0.0007843898087213027,False
70M:A0:None,70M,A0,228,228,478150656,5.143188688904047,0.4427880346775055,0.44278803330024685,0.0007825724897572133,False
70M:A0:None,70M,A0,229,229,480247808,5.102453772909939,0.5304328203201294,0.530432768646518,0.0007807496694474843,False
70M:A0:None,70M,A0,230,230,482344960,5.087507167831063,0.5333184599876404,0.5333184711075242,0.0007789213832802293,False
70M:A0:None,70M,A0,231,231,484442112,5.091480907984078,0.41469159722328186,0.4146915760067488,0.0007770876668499753,False
70M:A0:None,70M,A0,232,232,486539264,5.066543830558658,0.3665497601032257,0.3665497652957002,0.0007752485558569699,False
70M:A0:None,70M,A0,233,233,488636416,5.102290357463062,0.429369181394577,0.42936915858991787,0.000773404086106487,False
70M:A0:None,70M,A0,234,234,490733568,5.0257093124091625,0.445247083902359,0.44524708167096216,0.0007715542935081278,False
70M:A0:None,70M,A0,235,235,492830720,5.070468091405928,0.48408886790275574,0.4840888673881183,0.000769699214075124,False
70M:A0:None,70M,A0,236,236,494927872,5.05313206743449,0.39835697412490845,0.398356979122875,0.0007678388839236352,False
70M:A0:None,70M,A0,237,237,497025024,5.0664976965636015,0.3583255112171173,0.35832551128858925,0.0007659733392720463,False
70M:A0:None,70M,A0,238,238,499122176,5.051027001813054,0.41951772570610046,0.4195177090293663,0.0007641026164402619,False
70M:A0:None,70M,A0,239,239,501219328,5.059258277527988,0.47098320722579956,0.4709831972838192,0.000762226751849,False
70M:A0:None,70M,A0,240,240,503316480,5.078445591032505,0.4431179463863373,0.4431179495095534,0.000760345782019082,False
70M:A0:None,70M,A0,241,241,505413632,5.012674604542553,0.5558529496192932,0.5558529360822722,0.0007584597435707223,False
70M:A0:None,70M,A0,242,242,507510784,5.06828183773905,0.8583471775054932,0.858347204520901,0.0007565686732228156,False
70M:A0:None,70M,A0,243,243,509607936,5.081682970747352,0.6968693733215332,0.6968693427376558,0.0007546726077922209,False
70M:A0:None,70M,A0,244,244,511705088,5.01317829452455,0.5658830404281616,0.5658830176318559,0.0007527715841930458,False
70M:A0:None,70M,A0,245,245,513802240,5.078305521979928,0.5826351046562195,0.5826351356594499,0.0007508656394359278,False
70M:A0:None,70M,A0,246,246,515899392,5.000077851116657,0.44640690088272095,0.44640691592794607,0.0007489548106273127,False
70M:A0:None,70M,A0,247,247,517996544,5.03209974616766,0.45884397625923157,0.4588440055444588,0.0007470391349687334,False
70M:A0:None,70M,A0,248,248,520093696,4.967818483710289,0.44533392786979675,0.4453339120655043,0.0007451186497560849,False
70M:A0:None,70M,A0,249,249,522190848,5.073427962139249,0.41514354944229126,0.41514354451590757,0.0007431933923788988,False
70M:A0:None,70M,A0,250,250,524288000,5.003845847211778,0.39403465390205383,0.3940346589511467,0.0007412634003196142,False
70M:A0:None,70M,A0,251,251,526385152,5.022695488296449,0.40055641531944275,0.4005564134796756,0.0007393287111528495,False
70M:A0:None,70M,A0,252,252,528482304,4.961172166280448,0.319565087556839,0.31956507509867943,0.0007373893625446698,False
70M:A0:None,70M,A0,253,253,530579456,5.0135610699653625,0.3597888946533203,0.35978889065340186,0.000735445392251854,False
70M:A0:None,70M,A0,254,254,532676608,4.95814411714673,0.37235227227211,0.3723522718157416,0.0007334968381211599,False
70M:A0:None,70M,A0,255,255,534773760,4.97776560485363,0.3532027304172516,0.3532027273059728,0.0007315437380885863,False
70M:A0:None,70M,A0,256,256,536870912,4.967700340785086,0.3931914269924164,0.3931914247214382,0.0007295861301786358,False
70M:A0:None,70M,A0,257,257,538968064,4.925052748061717,0.3557600677013397,0.35576005510179415,0.0007276240525035743,False
70M:A0:None,70M,A0,258,258,541065216,5.016980745829642,0.3433276116847992,0.34332761526990835,0.0007256575432626875,False
70M:A0:None,70M,A0,259,259,543162368,4.94013396371156,0.345317542552948,0.3453175321743703,0.0007236866407415394,False
70M:A0:None,70M,A0,260,260,545259520,4.955785165540874,0.38180413842201233,0.38180415156124164,0.0007217113833112257,False
70M:A0:None,70M,A0,261,261,547356672,4.962399850599468,0.449105829000473,0.449105841752202,0.0007197318094276264,False
70M:A0:None,70M,A0,262,262,549453824,4.969591902568936,0.5677517652511597,0.5677517852660674,0.0007177479576306582,False
70M:A0:None,70M,A0,263,263,551550976,4.945277315564454,0.6577036380767822,0.6577036296744024,0.0007157598665435231,False
70M:A0:None,70M,A0,264,264,553648128,4.98269619513303,0.5939760804176331,0.5939760637392009,0.0007137675748719575,False
70M:A0:None,70M,A0,265,265,555745280,4.903631936758757,0.6574801206588745,0.6574800998311934,0.0007117711214034778,False
70M:A0:None,70M,A0,266,266,557842432,4.960503986105323,0.6573885679244995,0.6573885424025787,0.0007097705450066256,False
70M:A0:None,70M,A0,267,267,559939584,4.867240090854466,0.5076841711997986,0.5076841804099328,0.0007077658846302111,False
70M:A0:None,70M,A0,268,268,562036736,4.9421146754175425,0.6916258335113525,0.6916258481663256,0.0007057571793025545,False
70M:A0:None,70M,A0,269,269,564133888,4.935491763986647,0.5771432518959045,0.5771432316764241,0.0007037444681307261,False
70M:A0:None,70M,A0,270,270,566231040,4.906061568297446,0.5352460145950317,0.5352459359149613,0.0007017277902997859,False
70M:A0:None,70M,A0,271,271,568328192,4.874155851081014,0.5503619313240051,0.5503619531906101,0.0006997071850720191,False
70M:A0:None,70M,A0,272,272,570425344,4.85168634634465,0.4818173050880432,0.4818172938155942,0.000697682691786173,False
70M:A0:None,70M,A0,273,273,572522496,4.905725164338946,0.43497759103775024,0.4349775778633292,0.0006956543498566907,False
70M:A0:None,70M,A0,274,274,574619648,4.948262449353933,0.3432297110557556,0.3432297208830965,0.0006936221987729438,False
70M:A0:None,70M,A0,275,275,576716800,4.908469288609922,0.42462489008903503,0.4246248358584594,0.0006915862780984634,False
70M:A0:None,70M,A0,276,276,578813952,4.8108458034694195,0.38753485679626465,0.3875348599879353,0.0006895466274701702,False
70M:A0:None,70M,A0,277,277,580911104,4.929851744323969,0.4129040241241455,0.41290403557082467,0.0006875032865976023,False
70M:A0:None,70M,A0,278,278,583008256,4.872111914679408,0.3539477288722992,0.3539477258429529,0.0006854562952621425,False
70M:A0:None,70M,A0,279,279,585105408,4.849392128176987,0.4083881378173828,0.40838814323682443,0.0006834056933162439,False
70M:A0:None,70M,A0,280,280,587202560,4.913806822150946,0.3656303882598877,0.3656303955644963,0.0006813515206826536,False
70M:A0:None,70M,A0,281,281,589299712,4.854399286210537,0.4080733060836792,0.40807328388199626,0.0006792938173536358,False
70M:A0:None,70M,A0,282,282,591396864,4.906661815941334,0.45562267303466797,0.4556226810313997,0.0006772326233901931,False
70M:A0:None,70M,A0,283,283,593494016,4.820390895009041,0.5185484886169434,0.5185485097034593,0.0006751679789212864,False
70M:A0:None,70M,A0,284,284,595591168,4.861135132610798,0.5862410068511963,0.5862409951172053,0.0006730999241430542,False
70M:A0:None,70M,A0,285,285,597688320,4.844850885681808,0.6820530295372009,0.6820530237464204,0.0006710284993180289,False
70M:A0:None,70M,A0,286,286,599785472,4.859360795468092,0.6276658177375793,0.6276658160158876,0.0006689537447743542,False
70M:A0:None,70M,A0,287,287,601882624,4.8188247717916965,0.5492335557937622,0.5492335306719036,0.0006668757009049992,False
70M:A0:None,70M,A0,288,288,603979776,4.867245500907302,0.620038628578186,0.6200386417496803,0.0006647944081669726,False
70M:A0:None,70M,A0,289,289,606076928,4.808989999815822,0.5019865036010742,0.5019864851391029,0.0006627099070805338,False
70M:A0:None,70M,A0,290,290,608174080,4.835239418782294,0.5382053852081299,0.5382053821205336,0.0006606222382284057,False
70M:A0:None,70M,A0,291,291,610271232,4.74136490188539,0.4760388433933258,0.47603882028306777,0.0006585314422549834,False
70M:A0:None,70M,A0,292,292,612368384,4.808470507152379,0.4768478274345398,0.4768478164059241,0.0006564375598655432,False
70M:A0:None,70M,A0,293,293,614465536,4.7347838105633855,0.4588356912136078,0.4588356793629025,0.0006543406318254507,False
70M:A0:None,70M,A0,294,294,616562688,4.770553465932608,0.35702916979789734,0.3570291802631473,0.0006522406989593659,False
70M:A0:None,70M,A0,295,295,618659840,4.758685156702995,0.3816627562046051,0.38166273670319695,0.0006501378021504498,False
70M:A0:None,70M,A0,296,296,620756992,4.746961264871061,0.43881404399871826,0.4388140380286025,0.0006480319823395672,False
70M:A0:None,70M,A0,297,297,622854144,4.832193206064403,0.5195909142494202,0.5195909140047792,0.0006459232805244909,False
70M:A0:None,70M,A0,298,298,624951296,4.752448005601764,0.6158958077430725,0.6158957939563325,0.0006438117377591023,False
70M:A0:None,70M,A0,299,299,627048448,4.83202313259244,0.6615830659866333,0.6615830598488821,0.0006416973951525929,False
70M:A0:None,70M,A0,300,300,629145600,4.71398186404258,0.5591244697570801,0.5591244544771604,0.0006395802938686637,False
70M:A0:None,70M,A0,301,301,631242752,4.833457590080798,0.6926724910736084,0.692672483931542,0.0006374604751247239,False
70M:A0:None,70M,A0,302,302,633339904,4.819025261327624,0.6155058145523071,0.6155058706359583,0.0006353379801910884,False
70M:A0:None,70M,A0,303,303,635437056,4.777920603752136,0.629462718963623,0.6294626998023822,0.0006332128503901737,False
70M:A0:None,70M,A0,304,304,637534208,4.748741365969181,0.5781053900718689,0.5781054440031854,0.0006310851270956948,False
70M:A0:None,70M,A0,305,305,639631360,4.735941907390952,0.41495975852012634,0.4149597774474047,0.0006289548517318587,False
70M:A0:None,70M,A0,306,306,641728512,4.741201932542026,0.4517822861671448,0.4517822672454028,0.0006268220657725576,False
70M:A0:None,70M,A0,307,307,643825664,4.7037241803482175,0.42440083622932434,0.424400827906954,0.0006246868107405626,False
70M:A0:None,70M,A0,308,308,645922816,4.761856593191624,0.39781612157821655,0.39781614419360084,0.0006225491282067144,False
70M:A0:None,70M,A0,309,309,648019968,4.6957130543887615,0.4000108242034912,0.4000108155125159,0.0006204090597891141,False
70M:A0:None,70M,A0,310,310,650117120,4.758523624390364,0.36526355147361755,0.3652635553330359,0.0006182666471523134,False
70M:A0:None,70M,A0,311,311,652214272,4.7128638587892056,0.42266565561294556,0.42266565123744504,0.0006161219320065028,False
70M:A0:None,70M,A0,312,312,654311424,4.6874793991446495,0.41186028718948364,0.41186025198243026,0.0006139749561067,False
70M:A0:None,70M,A0,313,313,656408576,4.677997807040811,0.41395026445388794,0.4139502651010723,0.0006118257612519369,False
70M:A0:None,70M,A0,314,314,658505728,4.6646183505654335,0.4415391981601715,0.4415391908631243,0.0006096743892844458,False
70M:A0:None,70M,A0,315,315,660602880,4.711242459714413,0.5163158774375916,0.5163159204762243,0.0006075208820888447,False
70M:A0:None,70M,A0,316,316,662700032,4.696089940145612,0.5880511403083801,0.5880511088021668,0.0006053652815913218,False
70M:A0:None,70M,A0,317,317,664797184,4.637475284747779,0.5868021249771118,0.5868021203496862,0.0006032076297588196,False
70M:A0:None,70M,A0,318,318,666894336,4.675185784697533,0.5804688334465027,0.5804688470339175,0.0006010479685982174,False
70M:A0:None,70M,A0,319,319,668991488,4.679248763248324,0.4724457561969757,0.47244576747352146,0.0005988863401555141,False
70M:A0:None,70M,A0,320,320,671088640,4.6548973228782415,0.4868816137313843,0.48688159996797564,0.0005967227865150084,False
70M:A0:None,70M,A0,321,321,673185792,4.610053580254316,0.45194703340530396,0.4519470501503767,0.0005945573497984814,False
70M:A0:None,70M,A0,322,322,675282944,4.65977237932384,0.5490624308586121,0.5490624203222209,0.0005923900721643743,False
70M:A0:None,70M,A0,323,323,677380096,4.616202444769442,0.4688858985900879,0.4688859042470787,0.0005902209958069696,False
70M:A0:None,70M,A0,324,324,679477248,4.652278919704258,0.5021278262138367,0.5021278017307627,0.0005880501629555681,False
70M:A0:None,70M,A0,325,325,681574400,4.649237222969532,0.4508911073207855,0.45089113357725547,0.000585877615873668,False
70M:A0:None,70M,A0,326,326,683671552,4.667499688453972,0.41272982954978943,0.4127297980813443,0.0005837033968581412,False
70M:A0:None,70M,A0,327,327,685768704,4.6109114261344075,0.43401771783828735,0.43401773676292477,0.00058152754823841,False
70M:A0:None,70M,A0,328,328,687865856,4.613789300434291,0.43388739228248596,0.4338874061981117,0.0005793501123756235,False
70M:A0:None,70M,A0,329,329,689963008,4.6407551523298025,0.41956815123558044,0.41956813760975503,0.0005771711316618323,False
70M:A0:None,70M,A0,330,330,692060160,4.597193665802479,0.4752180576324463,0.47521804030733933,0.0005749906485191633,False
70M:A0:None,70M,A0,331,331,694157312,4.567228881642222,0.4847523272037506,0.4847523139408644,0.0005728087053989942,False
70M:A0:None,70M,A0,332,332,696254464,4.64234172552824,0.45151346921920776,0.45151348166286837,0.0005706253447811263,False
70M:A0:None,70M,A0,333,333,698351616,4.581331305205822,0.4735735058784485,0.4735734959182807,0.0005684406091729583,False
70M:A0:None,70M,A0,334,334,700448768,4.592969881370664,0.5322548747062683,0.5322548500341849,0.0005662545411086576,False
70M:A0:None,70M,A0,335,335,702545920,4.583371337503195,0.5235934257507324,0.5235934103492897,0.0005640671831483338,False
70M:A0:None,70M,A0,336,336,704643072,4.5299998465925455,0.47460120916366577,0.47460120688880775,0.0005618785778772084,False
70M:A0:None,70M,A0,337,337,706740224,4.574890952557325,0.6038628220558167,0.6038628413488931,0.0005596887679047873,False
70M:A0:None,70M,A0,338,338,708837376,4.540732483379543,0.692878782749176,0.6928787824939352,0.0005574977958640298,False
70M:A0:None,70M,A0,339,339,710934528,4.535102589055896,0.5656129121780396,0.5656129388241045,0.00055530570441052,False
70M:A0:None,70M,A0,340,340,713031680,4.561877339147031,0.5597727298736572,0.5597727392840249,0.0005531125362216347,False
70M:A0:None,70M,A0,341,341,715128832,4.5776397828012705,0.5898022651672363,0.5898022493161029,0.0005509183339957144,False
70M:A0:None,70M,A0,342,342,717225984,4.590583261102438,0.5194549560546875,0.5194549766463699,0.0005487231404512303,False
70M:A0:None,70M,A0,343,343,719323136,4.558744010515511,0.5059695243835449,0.5059695251473308,0.0005465269983259538,False
70M:A0:None,70M,A0,344,344,721420288,4.503956598229706,0.48803579807281494,0.48803578812860227,0.0005443299503761237,False
70M:A0:None,70M,A0,345,345,723517440,4.507229719310999,0.44217365980148315,0.44217367528545953,0.0005421320393756143,False
70M:A0:None,70M,A0,346,346,725614592,4.495123067870736,0.426633358001709,0.42663332818152633,0.0005399333081151029,False
70M:A0:None,70M,A0,347,347,727711744,4.507250148802996,0.4092826247215271,0.4092826078749547,0.0005377337994012352,False
70M:A0:None,70M,A0,348,348,729808896,4.517534128390253,0.3992147445678711,0.3992147613702629,0.0005355335560557942,False
70M:A0:None,70M,A0,349,349,731906048,4.500647293403745,0.41023141145706177,0.41023140226447585,0.0005333326209148643,False
70M:A0:None,70M,A0,350,350,734003200,4.525215668603778,0.4615336060523987,0.4615336083285853,0.0005311310368279989,False
70M:A0:None,70M,A0,351,351,736100352,4.5278711430728436,0.39120572805404663,0.39120574707524003,0.0005289288466573854,False
70M:A0:None,70M,A0,352,352,738197504,4.516453171148896,0.3843260109424591,0.38432603302772284,0.000526726093277011,False
70M:A0:None,70M,A0,353,353,740294656,4.5062001924961805,0.4891386032104492,0.48913860637741435,0.0005245228195718276,False
70M:A0:None,70M,A0,354,354,742391808,4.457415213808417,0.4227119982242584,0.4227119642634864,0.0005223190684369178,False
70M:A0:None,70M,A0,355,355,744488960,4.488271403126419,0.40814971923828125,0.40814973419835177,0.0005201148827766586,False
70M:A0:None,70M,A0,356,356,746586112,4.499957025051117,0.412589967250824,0.41258998308325867,0.0005179103055038871,False
70M:A0:None,70M,A0,357,357,748683264,4.484297964721918,0.47172221541404724,0.47172220699883666,0.0005157053795390641,False
70M:A0:None,70M,A0,358,358,750780416,4.4189672619104385,0.5760218501091003,0.5760218297274133,0.0005135001478094398,False
70M:A0:None,70M,A0,359,359,752877568,4.520420795306563,0.5506542325019836,0.5506541861670606,0.0005112946532482165,False
70M:A0:None,70M,A0,360,360,754974720,4.4654332948848605,0.5327939987182617,0.5327940213319838,0.000509088938793714,False
70M:A0:None,70M,A0,361,361,757071872,4.490026378072798,0.6251507997512817,0.6251507918046908,0.0005068830473885331,False
70M:A0:None,70M,A0,362,362,759169024,4.434200572781265,0.6118150949478149,0.6118151273504809,0.0005046770219787191,False
70M:A0:None,70M,A0,363,363,761266176,4.499705660156906,0.49155673384666443,0.4915567330644761,0.0005024709055129272,False
70M:A0:None,70M,A0,364,364,763363328,4.470792522653937,0.47899696230888367,0.4789969662758114,0.0005002647409415843,False
70M:A0:None,70M,A0,365,365,765460480,4.4054011115804315,0.5149868130683899,0.5149868002752872,0.0004980585712160544,False
70M:A0:None,70M,A0,366,366,767557632,4.448057618923485,0.49640312790870667,0.49640312136261644,0.000495852439287802,False
70M:A0:None,70M,A0,367,367,769654784,4.461647814139724,0.5510257482528687,0.5510257566599864,0.0004936463881075554,False
70M:A0:None,70M,A0,368,368,771751936,4.426474265754223,0.47314563393592834,0.47314564791050917,0.0004914404606244709,False
70M:A0:None,70M,A0,369,369,773849088,4.391198081895709,0.5135389566421509,0.5135389195357457,0.0004892346997852965,False
70M:A0:None,70M,A0,370,370,775946240,4.4252602541819215,0.4906179904937744,0.49061801137465494,0.00048702914853353626,False
70M:A0:None,70M,A0,371,371,778043392,4.413486155681312,0.5203685164451599,0.520368482759355,0.0004848238498086133,False
70M:A0:None,70M,A0,372,372,780140544,4.427182242274284,0.48928213119506836,0.48928212456677767,0.00048261884654503473,False
70M:A0:None,70M,A0,373,373,782237696,4.342891823500395,0.5192758440971375,0.5192758301759312,0.000480414181671555,False
70M:A0:None,70M,A0,374,374,784334848,4.466495243832469,0.5318478941917419,0.5318479202497557,0.00047820989811034087,False
70M:A0:None,70M,A0,375,375,786432000,4.333201661705971,0.5188199281692505,0.5188199231749318,0.0004760060387761352,False
70M:A0:None,70M,A0,376,376,788529152,4.445244817994535,0.4206351637840271,0.42063515491712394,0.00047380264657542173,False
70M:A0:None,70M,A0,377,377,790626304,4.4406111892312765,0.4163389801979065,0.41633898066130987,0.00047159976440558983,False
70M:A0:None,70M,A0,378,378,792723456,4.357675223611295,0.4245853126049042,0.4245852891115234,0.0004693974351540988,False
70M:A0:None,70M,A0,379,379,794820608,4.406229524873197,0.40635597705841064,0.4063559786658124,0.0004671957016976438,False
70M:A0:None,70M,A0,380,380,796917760,4.388533115386963,0.40758705139160156,0.40758704182635486,0.00046499460690132,False
70M:A0:None,70M,A0,381,381,799014912,4.358888906426728,0.39288726449012756,0.39288728005245666,0.00046279419361778916,False
70M:A0:None,70M,A0,382,382,801112064,4.3576381634920835,0.4510997235774994,0.4510997569330352,0.0004605945046864444,False
70M:A0:None,70M,A0,383,383,803209216,4.3225729409605265,0.565658688545227,0.5656587009609901,0.00045839558293257705,False
70M:A0:None,70M,A0,384,384,805306368,4.380207108333707,0.6067919135093689,0.6067919434376238,0.00045619747116654164,False
70M:A0:None,70M,A0,385,385,807403520,4.363393065519631,0.5077882409095764,0.5077882793093969,0.0004540002121829241,False
70M:A0:None,70M,A0,386,386,809500672,4.353242072276771,0.4405137300491333,0.4405137117221291,0.000451803848759707,False
70M:A0:None,70M,A0,387,387,811597824,4.347390334121883,0.49030518531799316,0.4903051887842949,0.0004496084236574379,False
70M:A0:None,70M,A0,388,388,813694976,4.362255461513996,0.4530133306980133,0.4530133215898494,0.00044741397961839635,False
70M:A0:None,70M,A0,389,389,815792128,4.349513018503785,0.36948883533477783,0.36948882962424656,0.0004452205593657614,False
70M:A0:None,70M,A0,390,390,817889280,4.352800698950887,0.40932199358940125,0.40932199107415895,0.00044302820560278066,False
70M:A0:None,70M,A0,391,391,819986432,4.322912147268653,0.4835432767868042,0.4835432634267486,0.0004408369610119381,False
70M:A0:None,70M,A0,392,392,822083584,4.32706967368722,0.4686327874660492,0.46863280902021476,0.00043864686825412387,False
70M:A0:None,70M,A0,393,393,824180736,4.305012938566506,0.5003089308738708,0.5003089396414865,0.00043645796996780265,False
70M:A0:None,70M,A0,394,394,826277888,4.327831564471126,0.6390125751495361,0.6390125543241408,0.0004342703087681852,False
70M:A0:None,70M,A0,395,395,828375040,4.321105322800577,0.6878452897071838,0.6878452742093352,0.00043208392724639657,False
70M:A0:None,70M,A0,396,396,830472192,4.385978887788951,0.6424238681793213,0.6424238195758862,0.00042989886796864884,False
70M:A0:None,70M,A0,397,397,832569344,4.335767048411071,0.43691983819007874,0.4369198587018972,0.0004277151734754113,False
70M:A0:None,70M,A0,398,398,834666496,4.320475949905813,0.4985939562320709,0.4985939734606954,0.0004255328862805825,False
70M:A0:None,70M,A0,399,399,836763648,4.3588562263175845,0.4911738932132721,0.491173869997616,0.0004233520488706628,False
70M:A0:None,70M,A0,400,400,838860800,4.308417523279786,0.3826844096183777,0.3826844145663469,0.00042117270370392655,False
70M:A0:None,70M,A0,401,401,840957952,4.311314173042774,0.41019105911254883,0.4101910368273172,0.00041899489320959657,False
70M:A0:None,70M,A0,402,402,843055104,4.371954686008394,0.37905752658843994,0.37905751742452526,0.00041681865978701675,False
70M:A0:None,70M,A0,403,403,845152256,4.301362827420235,0.4093859791755676,0.4093859575754366,0.00041464404580482807,False
70M:A0:None,70M,A0,404,404,847249408,4.306045939214528,0.37854352593421936,0.37854352077676595,0.00041247109360014204,False
70M:A0:None,70M,A0,405,405,849346560,4.279380927793682,0.3827039301395416,0.3827039509630892,0.00041029984547771826,False
70M:A0:None,70M,A0,406,406,851443712,4.295924350619316,0.3908667266368866,0.39086674498931395,0.00040813034370913915,False
70M:A0:None,70M,A0,407,407,853540864,4.305307441391051,0.36228853464126587,0.3622885415553218,0.00040596263053198844,False
70M:A0:None,70M,A0,408,408,855638016,4.312154894694686,0.36747074127197266,0.36747072446132834,0.00040379674814902753,False
70M:A0:None,70M,A0,409,409,857735168,4.28483175393194,0.3962501883506775,0.3962501930148405,0.0004016327387273748,False
70M:A0:None,70M,A0,410,410,859832320,4.2738797245547175,0.40596887469291687,0.40596886656612136,0.0003994706443976843,False
70M:A0:None,70M,A0,411,411,861929472,4.280232589691877,0.41132453083992004,0.4113245044502554,0.0003973105072533254,False
70M:A0:None,70M,A0,412,412,864026624,4.284782754257321,0.47267141938209534,0.4726714092816578,0.0003951523693495637,False
70M:A0:None,70M,A0,413,413,866123776,4.31566361989826,0.5278668403625488,0.5278668369739322,0.00039299627270274163,False
70M:A0:None,70M,A0,414,414,868220928,4.245192230679095,0.5678704380989075,0.567870476756618,0.00039084225928946124,False
70M:A0:None,70M,A0,415,415,870318080,4.296258794143796,0.5889890193939209,0.5889889945415971,0.0003886903710457659,False
70M:A0:None,70M,A0,416,416,872415232,4.268014105036855,0.6227944493293762,0.6227944561700948,0.0003865406498663253,False
70M:A0:None,70M,A0,417,417,874512384,4.26132224407047,0.5332075953483582,0.5332075859992155,0.0003843931376036183,False
70M:A0:None,70M,A0,418,418,876609536,4.27485768776387,0.4257912039756775,0.42579119657580616,0.0003822478760671193,False
70M:A0:None,70M,A0,419,419,878706688,4.258014862425625,0.47309184074401855,0.47309184180949976,0.00038010490702248347,False
70M:A0:None,70M,A0,420,420,880803840,4.257150385528803,0.3901015520095825,0.39010154860125806,0.00037796427219073404,False
70M:A0:None,70M,A0,421,421,882900992,4.257577930577099,0.3865869343280792,0.3865869367044405,0.00037582601324745007,False
70M:A0:None,70M,A0,422,422,884998144,4.24577787425369,0.39727866649627686,0.39727865681332675,0.00037369017182195465,False
70M:A0:None,70M,A0,423,423,887095296,4.227980935946107,0.3618980944156647,0.36189810593321586,0.00037155678949650506,False
70M:A0:None,70M,A0,424,424,889192448,4.304680049419403,0.3971463143825531,0.39714632260354327,0.00036942590780548226,False
70M:A0:None,70M,A0,425,425,891289600,4.204630400985479,0.4011600911617279,0.40116007913075435,0.0003672975682345838,False
70M:A0:None,70M,A0,426,426,893386752,4.20193200185895,0.44477397203445435,0.444773953495511,0.0003651718122200142,False
70M:A0:None,70M,A0,427,427,895483904,4.274868557229638,0.46426695585250854,0.46426695482914887,0.00036304868114768007,False
70M:A0:None,70M,A0,428,428,897581056,4.267245959490538,0.4456334114074707,0.44563342166761893,0.00036092821635238316,False
70M:A0:None,70M,A0,429,429,899678208,4.212983148172498,0.3396763503551483,0.3396763366719734,0.00035881045911701604,False
70M:A0:None,70M,A0,430,430,901775360,4.2170240469276905,0.34708330035209656,0.3470832981902637,0.00035669545067175856,False
70M:A0:None,70M,A0,431,431,903872512,4.226215765811503,0.3438304364681244,0.3438304261814875,0.0003545832321932746,False
70M:A0:None,70M,A0,432,432,905969664,4.254554035142064,0.3573973476886749,0.35739734487309965,0.00035247384480391114,False
70M:A0:None,70M,A0,433,433,908066816,4.274071965366602,0.33130452036857605,0.3313045228398336,0.0003503673295708969,False
70M:A0:None,70M,A0,434,434,910163968,4.2256803419440985,0.3747294247150421,0.374729411177893,0.0003482637275055437,False
70M:A0:None,70M,A0,435,435,912261120,4.254773313179612,0.4763941764831543,0.47639416458072764,0.00034616307956244656,False
70M:A0:None,70M,A0,436,436,914358272,4.136595475487411,0.6590591073036194,0.6590590619923001,0.00034406542663868847,False
70M:A0:None,70M,A0,437,437,916455424,4.264926114119589,0.7220644354820251,0.7220644566914384,0.000341970809573042,False
70M:A0:None,70M,A0,438,438,918552576,4.274046041071415,0.7769829034805298,0.776982910894295,0.000339879269145176,False
70M:A0:None,70M,A0,439,439,920649728,4.222262152470648,0.7695180177688599,0.7695180038286498,0.0003377908460748602,False
70M:A0:None,70M,A0,440,440,922746880,4.204000385478139,0.5810160040855408,0.5810160130466717,0.00033570558102117377,False
70M:A0:None,70M,A0,441,441,924844032,4.215051392093301,0.5661365389823914,0.5661365341029193,0.0003336235145817128,False
70M:A0:None,70M,A0,442,442,926941184,4.225409760139883,0.5243106484413147,0.5243106285903592,0.0003315446872918,False
70M:A0:None,70M,A0,443,443,929038336,4.246559342369437,0.4906329810619354,0.49063297519555354,0.00032946913962369627,False
70M:A0:None,70M,A0,444,444,931135488,4.199996558949351,0.4739663600921631,0.4739663652706012,0.00032739691198581167,False
70M:A0:None,70M,A0,445,445,933232640,4.251664022915065,0.43005916476249695,0.4300591564608295,0.00032532804472191996,False
70M:A0:None,70M,A0,446,446,935329792,4.161250963807106,0.428697794675827,0.4286977880571433,0.00032326257811037153,False
70M:A0:None,70M,A0,447,447,937426944,4.176789888180792,0.39059948921203613,0.3905994872498515,0.000321200552363311,False
70M:A0:None,70M,A0,448,448,939524096,4.222098142839968,0.37643900513648987,0.3764390138443968,0.00031914200762589304,False
70M:A0:None,70M,A0,449,449,941621248,4.227906059473753,0.3930424153804779,0.39304243435175795,0.0003170869839755016,False
70M:A0:None,70M,A0,450,450,943718400,4.174209013581276,0.36632734537124634,0.36632733976194787,0.000315035521420969,False
70M:A0:None,70M,A0,451,451,945815552,4.228469451889396,0.3527718186378479,0.35277183057991385,0.00031298765990179746,False
70M:A0:None,70M,A0,452,452,947912704,4.2260902198031545,0.33265554904937744,0.3326555369179028,0.0003109434392873814,False
70M:A0:None,70M,A0,453,453,950009856,4.227917599491775,0.35283276438713074,0.35283276290805193,0.0003089028993762312,False
70M:A0:None,70M,A0,454,454,952107008,4.211371070705354,0.3485335111618042,0.34853350787685533,0.00030686607989519857,False
70M:A0:None,70M,A0,455,455,954204160,4.213064946234226,0.32670858502388,0.32670857585764757,0.0003048330204987022,False
70M:A0:None,70M,A0,456,456,956301312,4.213830788619816,0.3186192214488983,0.31861921518348,0.00030280376076795767,False
70M:A0:None,70M,A0,457,457,958398464,4.158778393641114,0.2988533675670624,0.2988533546203488,0.00030077834021020444,False
70M:A0:None,70M,A0,458,458,960495616,4.1816645711660385,0.28778189420700073,0.2877818985163689,0.0002987567982579387,False
70M:A0:None,70M,A0,459,459,962592768,4.205549634993076,0.30465689301490784,0.30465689573160115,0.00029673917426814453,False
70M:A0:None,70M,A0,460,460,964689920,4.144202768802643,0.3022743761539459,0.3022743682564693,0.00029472550752152813,False
70M:A0:None,70M,A0,461,461,966787072,4.167799440212548,0.333949476480484,0.33394947530829555,0.0002927158372217529,False
70M:A0:None,70M,A0,462,462,968884224,4.152651079930365,0.3561881482601166,0.35618815840371015,0.00029071020249467626,False
70M:A0:None,70M,A0,463,463,970981376,4.151766470633447,0.37504372000694275,0.37504371931489705,0.00028870864238758794,False
70M:A0:None,70M,A0,464,464,973078528,4.145696052350104,0.3546357750892639,0.3546357642545851,0.00028671119586844927,False
70M:A0:None,70M,A0,465,465,975175680,4.128253830596805,0.3889855444431305,0.3889855185223229,0.00028471790182513603,False
70M:A0:None,70M,A0,466,466,977272832,4.200063434429467,0.43179571628570557,0.43179570357887603,0.0002827287990646793,False
70M:A0:None,70M,A0,467,467,979369984,4.183202341198921,0.4811226725578308,0.4811226518493763,0.00028074392631251125,False
70M:A0:None,70M,A0,468,468,981467136,4.204974089749157,0.48406246304512024,0.4840624730664972,0.0002787633222117109,False
70M:A0:None,70M,A0,469,469,983564288,4.195181760005653,0.48292335867881775,0.48292336506860567,0.0002767870253222523,False
70M:A0:None,70M,A0,470,470,985661440,4.226231392472982,0.4348478615283966,0.43484785630826067,0.00027481507412025196,False
70M:A0:None,70M,A0,471,471,987758592,4.148372113704681,0.3738324046134949,0.3738324264267972,0.0002728475069972227,False
70M:A0:None,70M,A0,472,472,989855744,4.17390323523432,0.41005632281303406,0.41005630251378966,0.00027088436225932344,False
70M:A0:None,70M,A0,473,473,991952896,4.119279756210744,0.3918921947479248,0.3918921833826513,0.0002689256781266149,False
70M:A0:None,70M,A0,474,474,994050048,4.158455668017268,0.32963424921035767,0.32963424194474467,0.0002669714927323157,False
70M:A0:None,70M,A0,475,475,996147200,4.186209620907903,0.388332724571228,0.3883327075147359,0.00026502184412205876,False
70M:A0:None,70M,A0,476,476,998244352,4.150650109164417,0.3702603876590729,0.3702603867881676,0.0002630767702531517,False
70M:A0:None,70M,A0,477,477,1000341504,4.158482363447547,0.3282560706138611,0.32825609894868857,0.000261136308993837,False
70M:A0:None,70M,A0,478,478,1002438656,4.124953059479594,0.3299380838871002,0.32993809402483026,0.00025920049812255596,False
70M:A0:None,70M,A0,479,479,1004535808,4.154078373685479,0.3725317120552063,0.3725317212567162,0.0002572693753272117,False
70M:A0:None,70M,A0,480,480,1006632960,4.1869498221203685,0.3357986807823181,0.3357986881582025,0.00025534297820443654,False
70M:A0:None,70M,A0,481,481,1008730112,4.110813696868718,0.3418324589729309,0.34183245880495416,0.0002534213442588594,False
70M:A0:None,70M,A0,482,482,1010827264,4.171120906248689,0.37255996465682983,0.3725599600251461,0.0002515045109023761,False
70M:A0:None,70M,A0,483,483,1012924416,4.129657162353396,0.4419529438018799,0.44195292178209966,0.0002495925154534206,False
70M:A0:None,70M,A0,484,484,1015021568,4.113359020091593,0.49702879786491394,0.4970287787178562,0.0002476853951362389,False
70M:A0:None,70M,A0,485,485,1017118720,4.132082289084792,0.45779258012771606,0.4577925870995998,0.00024578318708016393,False
70M:A0:None,70M,A0,486,486,1019215872,4.1362434308975935,0.3799501657485962,0.3799501720611711,0.00024388592831889257,False
70M:A0:None,70M,A0,487,487,1021313024,4.142666844651103,0.38926389813423157,0.3892638819627679,0.00024199365578976534,False
70M:A0:None,70M,A0,488,488,1023410176,4.155556014738977,0.4129256308078766,0.4129256319223684,0.00024010640633304652,False
70M:A0:None,70M,A0,489,489,1025507328,4.123849445022643,0.37603697180747986,0.376036968199148,0.00023822421669120736,False
70M:A0:None,70M,A0,490,490,1027604480,4.111300139687955,0.35716167092323303,0.35716166941729827,0.00023634712350821036,False
70M:A0:None,70M,A0,491,491,1029701632,4.132844804786146,0.40276119112968445,0.4027611841758634,0.00023447516332879688,False
70M:A0:None,70M,A0,492,492,1031798784,4.1133808912709355,0.3995251953601837,0.3995251854022964,0.00023260837259777358,False
70M:A0:None,70M,A0,493,493,1033895936,4.133465901017189,0.35780826210975647,0.3578082726182124,0.00023074678765930553,False
70M:A0:None,70M,A0,494,494,1035993088,4.192002040334046,0.32476571202278137,0.32476569036555897,0.00022889044475620646,False
70M:A0:None,70M,A0,495,495,1038090240,4.1810004860162735,0.3784043490886688,0.3784043338768523,0.00022703938002923413,False
70M:A0:None,70M,A0,496,496,1040187392,4.073634820990264,0.3583667576313019,0.35836675038612775,0.00022519362951638707,False
70M:A0:None,70M,A0,497,497,1042284544,4.149759465828538,0.3460504412651062,0.34605042474111175,0.00022335322915220185,False
70M:A0:None,70M,A0,498,498,1044381696,4.089703626930714,0.36715590953826904,0.3671559114186647,0.0002215182147670544,False
70M:A0:None,70M,A0,499,499,1046478848,4.1272771107032895,0.4090122580528259,0.40901226766406407,0.0002196886220864619,False
70M:A0:None,70M,A0,500,500,1048576000,4.144166390411556,0.3739609718322754,0.3739609970419279,0.00021786448673038816,False
70M:A0:None,70M,A0,501,501,1050673152,4.148958024568856,0.3360644578933716,0.3360644501886229,0.00021604584421254825,False
70M:A0:None,70M,A0,502,502,1052770304,4.088710351847112,0.3354768455028534,0.3354768479680733,0.00021423272993971947,False
70M:A0:None,70M,A0,503,503,1054867456,4.114644888788462,0.3621568977832794,0.3621569020295443,0.00021242517921105032,False
70M:A0:None,70M,A0,504,504,1056964608,4.096064468845725,0.32529112696647644,0.3252911083655058,0.00021062322721737364,False
70M:A0:None,70M,A0,505,505,1059061760,4.129605860449374,0.32907772064208984,0.3290777039343759,0.00020882690904052226,False
70M:A0:None,70M,A0,506,506,1061158912,4.081281770020723,0.28998470306396484,0.2899846943954107,0.00020703625965264489,False
70M:A0:None,70M,A0,507,507,1063256064,4.115142783150077,0.3199785053730011,0.31997849102522585,0.00020525131391552575,False
70M:A0:None,70M,A0,508,508,1065353216,4.137195673771203,0.31920531392097473,0.3192052965006041,0.000203472106579906,False
70M:A0:None,70M,A0,509,509,1067450368,4.107113670557737,0.2714986205101013,0.2714986216329091,0.00020169867228480722,False
70M:A0:None,70M,A0,510,510,1069547520,4.165087130852044,0.34306639432907104,0.343066395188164,0.00019993104555685653,False
70M:A0:None,70M,A0,511,511,1071644672,4.162594583816826,0.38786354660987854,0.3878635510072269,0.0001981692608096149,False
70M:A0:None,70M,A0,512,512,1073741824,4.09678653255105,0.329278826713562,0.32927882334506947,0.0001964133523429069,False
70M:A0:None,70M,A0,513,513,1075838976,4.129522250033915,0.2936360836029053,0.2936360915824269,0.0001946633543421531,False
70M:A0:None,70M,A0,514,514,1077936128,4.073706595227122,0.3111043870449066,0.31110437765683235,0.0001929193008777041,False
70M:A0:None,70M,A0,515,515,1080033280,4.135125140659511,0.294028103351593,0.29402809380414363,0.0001911812259041782,False
70M:A0:None,70M,A0,516,516,1082130432,4.121459037065506,0.2785540223121643,0.2785540175914273,0.0001894491632597991,False
70M:A0:None,70M,A0,517,517,1084227584,4.100201075896621,0.2734391987323761,0.2734391990716706,0.00018772314666573776,False
70M:A0:None,70M,A0,518,518,1086324736,4.106757807545364,0.2910248339176178,0.291024829434097,0.0001860032097254563,False
70M:A0:None,70M,A0,519,519,1088421888,4.019576417282224,0.28928065299987793,0.2892806614761822,0.00018428938592405286,False
70M:A0:None,70M,A0,520,520,1090519040,4.053874877281487,0.3405000567436218,0.3405000587369652,0.00018258170862761025,False
70M:A0:None,70M,A0,521,521,1092616192,4.097293300554156,0.43361005187034607,0.4336100570368448,0.00018088021108254604,False
70M:A0:None,70M,A0,522,522,1094713344,4.073103757575154,0.5069493651390076,0.5069493763487629,0.0001791849264149662,False
70M:A0:None,70M,A0,523,523,1096810496,4.076937767677009,0.41866329312324524,0.41866330444753636,0.0001774958876300184,False
70M:A0:None,70M,A0,524,524,1098907648,4.091500128619373,0.3359889090061188,0.33598891536857906,0.00017581312761125146,False
70M:A0:None,70M,A0,525,525,1101004800,4.097254886291921,0.3629318177700043,0.3629318387837792,0.00017413667911997372,False
70M:A0:None,70M,A0,526,526,1103101952,4.110059523023665,0.3759957253932953,0.3759957225612714,0.00017246657479461558,False
70M:A0:None,70M,A0,527,527,1105199104,4.0769525254145265,0.3697582483291626,0.36975824662586815,0.00017080284715009477,False
70M:A0:None,70M,A0,528,528,1107296256,4.098588850349188,0.35467371344566345,0.35467371499455536,0.00016914552857718207,False
70M:A0:None,70M,A0,529,529,1109393408,4.0995123675093055,0.3550183176994324,0.3550183127780613,0.00016749465134187176,False
70M:A0:None,70M,A0,530,530,1111490560,4.0688774744048715,0.36366522312164307,0.3636652225264267,0.00016585024758475271,False
70M:A0:None,70M,A0,531,531,1113587712,4.096682952716947,0.3507090210914612,0.3507090025857337,0.00016421234932038371,False
70M:A0:None,70M,A0,532,532,1115684864,4.094992268830538,0.2809847593307495,0.28098474995982675,0.00016258098843666819,False
70M:A0:None,70M,A0,533,533,1117782016,4.08947095554322,0.38974568247795105,0.38974570920241863,0.000160956196694236,False
70M:A0:None,70M,A0,534,534,1119879168,4.062211696989834,0.30247336626052856,0.3024733531118181,0.00015933800572582292,False
70M:A0:None,70M,A0,535,535,1121976320,4.139482790604234,0.3449093699455261,0.34490937825878193,0.0001577264470356558,False
70M:A0:None,70M,A0,536,536,1124073472,4.066976295784116,0.32263675332069397,0.32263674364461414,0.00015612155199883892,False
70M:A0:None,70M,A0,537,537,1126170624,4.081942533142865,0.28185218572616577,0.28185217629906895,0.0001545233518607438,False
70M:A0:None,70M,A0,538,538,1128267776,4.047079312615097,0.3156403601169586,0.31564036418681346,0.0001529318777363997,False
70M:A0:None,70M,A0,539,539,1130364928,4.104247102513909,0.32132774591445923,0.3213277326758806,0.00015134716060988867,False
70M:A0:None,70M,A0,540,540,1132462080,4.052823547273874,0.3043808937072754,0.30438089819032166,0.00014976923133374254,False
70M:A0:None,70M,A0,541,541,1134559232,4.096244196407497,0.28170672059059143,0.2817067312025355,0.00014819812062834148,False
70M:A0:None,70M,A0,542,542,1136656384,4.070213504135609,0.3087896406650543,0.3087896515213038,0.00014663385908131633,False
70M:A0:None,70M,A0,543,543,1138753536,4.107506243512034,0.3082452118396759,0.3082452111610708,0.00014507647714695327,False
70M:A0:None,70M,A0,544,544,1140850688,4.100896638818085,0.2998388707637787,0.2998388501056803,0.00014352600514560055,False
70M:A0:None,70M,A0,545,545,1142947840,4.073886875063181,0.30661821365356445,0.30661821516967736,0.00014198247326307827,False
70M:A0:None,70M,A0,546,546,1145044992,4.126237142831087,0.25837942957878113,0.25837943894837334,0.0001404459115500913,False
70M:A0:None,70M,A0,547,547,1147142144,4.080097869038582,0.2798592448234558,0.2798592382052442,0.0001389163499216431,False
70M:A0:None,70M,A0,548,548,1149239296,4.055374015122652,0.2515719532966614,0.25157194902568425,0.00013739381815645407,False
70M:A0:None,70M,A0,549,549,1151336448,4.055318335071206,0.27356579899787903,0.27356581073677644,0.00013587834589638215,False
70M:A0:None,70M,A0,550,550,1153433600,4.0705884685739875,0.3270527124404907,0.32705270613005183,0.0001343699626458445,False
70M:A0:None,70M,A0,551,551,1155530752,4.062505981884897,0.3085590898990631,0.30855908168783414,0.00013286869777124434,False
70M:A0:None,70M,A0,552,552,1157627904,4.090355193242431,0.2606712281703949,0.2606712348423279,0.00013137458050039818,False
70M:A0:None,70M,A0,553,553,1159725056,4.019602929241955,0.2824082374572754,0.28240823755473243,0.00012988763992196817,False
70M:A0:None,70M,A0,554,554,1161822208,4.0483731692656875,0.2790507674217224,0.2790507565343685,0.00012840790498489375,False
70M:A0:None,70M,A0,555,555,1163919360,4.0881346967071295,0.2804146409034729,0.2804146267887736,0.00012693540449783025,False
70M:A0:None,70M,A0,556,556,1166016512,4.066944992169738,0.28703853487968445,0.28703853795195255,0.00012547016712858645,False
70M:A0:None,70M,A0,557,557,1168113664,4.0495054218918085,0.2900504767894745,0.2900504744365399,0.00012401222140356687,False
70M:A0:None,70M,A0,558,558,1170210816,4.0531136048957705,0.27238234877586365,0.27238232956351466,0.00012256159570721715,False
70M:A0:None,70M,A0,559,559,1172307968,4.058969106525183,0.2676084339618683,0.2676084430501223,0.00012111831828147012,False
70M:A0:None,70M,A0,560,560,1174405120,4.02669739164412,0.3401247560977936,0.3401247668247475,0.00011968241722519696,False
70M:A0:None,70M,A0,561,561,1176502272,4.02705258410424,0.3327728509902954,0.3327728421607167,0.00011825392049365963,False
70M:A0:None,70M,A0,562,562,1178599424,4.084913071244955,0.2609007656574249,0.2609007753710324,0.00011683285589796732,False
70M:A0:None,70M,A0,563,563,1180696576,4.058916037902236,0.28952646255493164,0.2895264774935816,0.00011541925110453366,False
70M:A0:None,70M,A0,564,564,1182793728,4.043886671774089,0.26874828338623047,0.2687482872766489,0.0001140131336345398,False
70M:A0:None,70M,A0,565,565,1184890880,4.0753848711028695,0.25429296493530273,0.2542929735171489,0.00011261453086339718,False
70M:A0:None,70M,A0,566,566,1186988032,4.059739088639617,0.2560266852378845,0.256026668035752,0.00011122347002021527,False
70M:A0:None,70M,A0,567,567,1189085184,4.0078437170013785,0.26419222354888916,0.2641922358290625,0.00010983997818727115,False
70M:A0:None,70M,A0,568,568,1191182336,3.99961319565773,0.228408083319664,0.22840807190772117,0.00010846408229948285,False
70M:A0:None,70M,A0,569,569,1193279488,4.081962254829705,0.25146958231925964,0.25146957817995663,0.00010709580914388406,False
70M:A0:None,70M,A0,570,570,1195376640,4.0442041819915175,0.2707917392253876,0.27079173959789216,0.00010573518535910297,False
70M:A0:None,70M,A0,571,571,1197473792,4.107500050216913,0.23756298422813416,0.23756297644067162,0.00010438223743484443,False
70M:A0:None,70M,A0,572,572,1199570944,4.062645893543959,0.23672938346862793,0.23672938591471793,0.00010303699171137282,False
70M:A0:None,70M,A0,573,573,1201668096,3.9908639853820205,0.2434089481830597,0.24340895636819657,0.00010169947437900024,False
70M:A0:None,70M,A0,574,574,1203765248,4.050800445489585,0.24473369121551514,0.24473369451770202,0.0001003697114775764,False
70M:A0:None,70M,A0,575,575,1205862400,4.145442795008421,0.2458232045173645,0.24582320649246353,0.0001,False
70M:A0:None,70M,A0,576,576,1207959552,4.033252880908549,0.23812571167945862,0.23812571419579592,0.0001,False
70M:A0:None,70M,A0,577,577,1210056704,4.0707779210060835,0.23123857378959656,0.23123855813184072,0.0001,False
70M:A0:None,70M,A0,578,578,1212153856,4.098178408108652,0.22062785923480988,0.22062785685552747,0.0001,False
70M:A0:None,70M,A0,579,579,1214251008,4.032451233826578,0.23939213156700134,0.23939213100070025,0.0001,False
70M:A0:None,70M,A0,580,580,1216348160,4.027603114023805,0.25446394085884094,0.25446393483174606,0.0001,False
70M:A0:None,70M,A0,581,581,1218445312,4.041970622725785,0.22890742123126984,0.22890741622427177,0.0001,False
70M:A0:None,70M,A0,582,582,1220542464,4.041301431134343,0.23032599687576294,0.23032599821472494,0.0001,False
70M:A0:None,70M,A0,583,583,1222639616,4.01472838781774,0.25655490159988403,0.25655488386272146,0.0001,False
70M:A0:None,70M,A0,584,584,1224736768,4.091238256543875,0.28159716725349426,0.28159715849519235,0.0001,False
70M:A0:None,70M,A0,585,585,1226833920,4.037579628638923,0.2243119776248932,0.2243119681952815,0.0001,False
70M:A0:None,70M,A0,586,586,1228931072,4.039537428878248,0.2561400532722473,0.2561400704326901,0.0001,False
70M:A0:None,70M,A0,587,587,1231028224,4.069760724902153,0.2584952414035797,0.2584952313973477,0.0001,False
70M:A0:None,70M,A0,588,588,1233125376,4.012777290306985,0.26365047693252563,0.26365046182238033,0.0001,False
70M:A0:None,70M,A0,589,589,1235222528,4.000162749551237,0.24313977360725403,0.24313977877472776,0.0001,False
70M:A0:None,70M,A0,590,590,1237319680,4.069448468275368,0.2528659701347351,0.2528659813685608,0.0001,False
70M:A0:None,70M,A0,591,591,1239416832,4.044733559712768,0.23880141973495483,0.23880141105392325,0.0001,False
70M:A0:None,70M,A0,592,592,1241513984,4.08343836851418,0.2801125645637512,0.2801125789436006,0.0001,False
70M:A0:None,70M,A0,593,593,1243611136,4.0710410522297025,0.2803654372692108,0.2803654290540902,0.0001,False
70M:A0:None,70M,A0,594,594,1245708288,4.016942776739597,0.27810195088386536,0.2781019528065978,0.0001,False
70M:A0:None,70M,A0,595,595,1247805440,4.12603351008147,0.2757495641708374,0.27574955797868284,0.0001,False
70M:A0:None,70M,A0,596,596,1249902592,4.0555887799710035,0.2954588532447815,0.29545883708015047,0.0001,False
70M:A0:None,70M,A0,597,597,1251999744,4.070442154072225,0.28370076417922974,0.2837007701689174,0.0001,False
70M:A0:None,70M,A0,598,598,1254096896,4.059934784658253,0.24951216578483582,0.2495121577543324,0.0001,False
70M:A0:None,70M,A0,599,599,1256194048,4.037324720993638,0.2959659993648529,0.29596598599145557,0.0001,False
70M:A0:None,70M,A0,600,600,1258291200,4.019799697212875,0.3291725516319275,0.3291725588807152,0.0001,False
70M:A0:None,70M,A0,601,601,1260388352,4.040794831700623,0.2719101309776306,0.2719101161427918,0.0001,False
70M:A0:None,70M,A0,602,602,1262485504,4.03901756554842,0.2726289629936218,0.2726289493564286,0.0001,False
70M:A0:None,70M,A0,603,603,1264582656,4.0112688485533,0.29666903614997864,0.29666903658692534,0.0001,False
70M:A0:None,70M,A0,604,604,1266679808,4.129959777928889,0.3097056746482849,0.3097056692670499,0.0001,False
70M:A0:None,70M,A0,605,605,1268776960,4.06385098118335,0.3026803731918335,0.3026803829820179,0.0001,False
70M:A0:None,70M,A0,606,606,1270874112,4.032389659434557,0.31876468658447266,0.31876468763623755,0.0001,False
70M:A0:None,70M,A0,607,607,1272971264,3.9745318638160825,0.3083188831806183,0.3083188737275982,0.0001,False
70M:A0:None,70M,A0,608,608,1275068416,4.077720127999783,0.3002725839614868,0.3002725823546387,0.0001,False
70M:A0:None,70M,A0,609,609,1277165568,4.013162056915462,0.27588433027267456,0.27588432717537076,0.0001,False
70M:A0:None,70M,A0,610,610,1279262720,4.0744672222062945,0.3078812062740326,0.3078812032387513,0.0001,False
70M:A0:None,70M,A0,611,611,1281359872,4.0977289248257875,0.3156244158744812,0.315624393459265,0.0001,False
70M:A0:None,70M,A0,612,612,1283457024,4.029405355453491,0.30754148960113525,0.30754150264779695,0.0001,False
70M:A0:None,70M,A0,613,613,1285554176,4.051505443640053,0.2546389102935791,0.25463890799722166,0.0001,False
70M:A0:None,70M,A0,614,614,1287651328,4.054733842611313,0.32775360345840454,0.32775359382449404,0.0001,False
70M:A0:None,70M,A0,615,615,1289748480,4.030663746409118,0.27604997158050537,0.2760499722807026,0.0001,False
70M:A0:None,70M,A0,616,616,1291845632,4.056678318418562,0.29923689365386963,0.29923689516825397,0.0001,False
70M:A0:None,70M,A0,617,617,1293942784,4.061119091697037,0.32779601216316223,0.32779600311444135,0.0001,False
70M:A0:None,70M,A0,618,618,1296039936,4.0003014504909515,0.3244670331478119,0.32446701405426576,0.0001,False
70M:A0:None,70M,A0,619,619,1298137088,4.0460894694551826,0.3008856475353241,0.30088563511391625,0.0001,False
70M:A0:None,70M,A0,620,620,1300234240,4.06750738248229,0.2389574646949768,0.23895746477890104,0.0001,False
70M:A0:None,70M,A0,621,621,1302331392,4.033412138000131,0.29596394300460815,0.29596393919419883,0.0001,False
70M:A0:None,70M,A0,622,622,1304428544,4.081160642206669,0.2950138449668884,0.29501384402779646,0.0001,False
70M:A0:None,70M,A0,623,623,1306525696,4.062012065201998,0.3293636441230774,0.3293636323097615,0.0001,False
70M:A0:None,70M,A0,624,624,1308622848,4.066377615556121,0.28495413064956665,0.2849541216852889,0.0001,False
70M:A0:None,70M,A0,625,625,1310720000,3.9414978651329875,0.27122849225997925,0.2712284794523732,0.0001,False
70M:A0:None,70M,A0,626,626,1312817152,3.988038845360279,0.283675879240036,0.28367588281865186,0.0001,False
70M:A0:None,70M,A0,627,627,1314914304,3.9796923054382205,0.26998263597488403,0.26998263159454616,0.0001,False
70M:A0:None,70M,A0,628,628,1317011456,4.061187678016722,0.27145272493362427,0.2714527242333805,0.0001,False
70M:A0:None,70M,A0,629,629,1319108608,4.010495353490114,0.3011373281478882,0.3011373149486673,0.0001,False
70M:A0:None,70M,A0,630,630,1321205760,4.080377402715385,0.3421228229999542,0.34212281169320413,0.0001,False
70M:A0:None,70M,A0,631,631,1323302912,3.988005784340203,0.35771605372428894,0.3577160354986544,0.0001,False
70M:A0:None,70M,A0,632,632,1325400064,4.016876335255802,0.2718372941017151,0.2718372958786153,0.0001,False
70M:A0:None,70M,A0,633,633,1327497216,4.03461211360991,0.26044318079948425,0.26044318058993,0.0001,False
70M:A0:None,70M,A0,634,634,1329594368,3.9900738643482327,0.3379855453968048,0.3379855366553505,0.0001,False
70M:A0:None,70M,A0,635,635,1331691520,4.072312789037824,0.3504736125469208,0.350473609631501,0.0001,False
70M:A0:None,70M,A0,636,636,1333788672,4.0403688903898,0.285446435213089,0.28544643601900427,0.0001,False
70M:A0:None,70M,A0,637,637,1335885824,4.019498844631016,0.2735781967639923,0.2735781903070161,0.0001,False
70M:A0:None,70M,A0,638,638,1337982976,4.069242621771991,0.2982861399650574,0.298286151678671,0.0001,False
70M:A0:None,70M,A0,639,639,1340080128,4.048890221863985,0.29124024510383606,0.2912402592264758,0.0001,False
70M:A0:None,70M,A0,640,640,1342177280,4.037229353561997,0.2592572569847107,0.2592572672884209,0.0001,False
70M:A0:None,70M,A0,641,641,1344274432,3.999718215316534,0.2746109962463379,0.27461099707029213,0.0001,False
70M:A0:None,70M,A0,642,642,1346371584,4.051251391880214,0.28310856223106384,0.28310856251880256,0.0001,False
70M:A0:None,70M,A0,643,643,1348468736,4.056869617663324,0.3197222948074341,0.31972230131353085,0.0001,False
70M:A0:None,70M,A0,644,644,1350565888,4.060816136188805,0.30510297417640686,0.3051029754536431,0.0001,False
70M:A0:None,70M,A0,645,645,1352663040,3.9740655506029725,0.28702566027641296,0.2870256566692976,0.0001,False
70M:A0:None,70M,A0,646,646,1354760192,4.069798690266907,0.27633363008499146,0.2763336325868251,0.0001,False
70M:A0:None,70M,A0,647,647,1356857344,4.044204910285771,0.2770144045352936,0.27701442166884543,0.0001,False
70M:A0:None,70M,A0,648,648,1358954496,4.041009026579559,0.28898748755455017,0.28898748808744396,0.0001,False
70M:A0:None,70M,A0,649,649,1361051648,4.026069291867316,0.33458706736564636,0.33458707187309206,0.0001,False
70M:A0:None,70M,A0,650,650,1363148800,3.9767244290560484,0.3705792725086212,0.3705792716979963,0.0001,False
70M:A0:None,70M,A0,651,651,1365245952,4.050844945944846,0.44255581498146057,0.4425558321030111,0.0001,False
70M:A0:None,70M,A0,652,652,1367343104,3.974918636493385,0.40994665026664734,0.4099466557691349,0.0001,False
70M:A0:None,70M,A0,653,653,1369440256,3.9956700392067432,0.2998977601528168,0.299897757344458,0.0001,False
70M:A0:None,70M,A0,654,654,1371537408,4.1138045359402895,0.4400760531425476,0.44007603916647176,0.0001,False
70M:A0:None,70M,A0,655,655,1373634560,4.05880185496062,0.403903067111969,0.4039030813750852,0.0001,False
70M:A0:None,70M,A0,656,656,1375731712,3.98931912984699,0.29961082339286804,0.2996108267938782,0.0001,False
70M:A0:None,70M,A0,657,657,1377828864,3.967749089933932,0.3205399811267853,0.32053998057745003,0.0001,False
70M:A0:None,70M,A0,658,658,1379926016,4.01670429809019,0.2778383195400238,0.2778383087052243,0.0001,False
70M:A0:None,70M,A0,659,659,1382023168,3.9567395262420177,0.3057352304458618,0.30573523936953373,0.0001,False
70M:A0:None,70M,A0,660,660,1384120320,4.043263605795801,0.30770793557167053,0.30770793039856437,0.0001,False
70M:A0:None,70M,A0,661,661,1386217472,4.036632159724832,0.27630674839019775,0.2763067431695286,0.0001,False
70M:A0:None,70M,A0,662,662,1388314624,4.00549924839288,0.2944577932357788,0.2944577960424813,0.0001,False
70M:A0:None,70M,A0,663,663,1390411776,3.9919534511864185,0.27355724573135376,0.2735572513306958,0.0001,False
70M:A0:None,70M,A0,664,664,1392508928,4.022731517441571,0.25236353278160095,0.2523635346165374,0.0001,False
70M:A0:None,70M,A0,665,665,1394606080,4.054220088757575,0.2899801731109619,0.28998017582385055,0.0001,False
70M:A0:None,70M,A0,666,666,1396703232,4.054133420810103,0.28821277618408203,0.28821276464050616,0.0001,False
70M:A0:None,70M,A0,667,667,1398800384,4.003758145496249,0.29785314202308655,0.2978531338741676,0.0001,False
70M:A0:None,70M,A0,668,668,1400897536,3.9980218838900328,0.25357940793037415,0.25357940464972434,0.0001,False
70M:A0:None,70M,A0,669,669,1402994688,3.94914117641747,0.2554852366447449,0.25548525096811286,0.0001,False
70M:A0:None,70M,A0,670,670,1405091840,4.029020554386079,0.30236855149269104,0.30236855608830887,0.0001,False
70M:A0:None,70M,A0,671,671,1407188992,4.045312974601984,0.28909972310066223,0.2890997132410931,0.0001,False
70M:A0:None,70M,A0,672,672,1409286144,4.003289251588285,0.2993066608905792,0.29930664286368763,0.0001,False
70M:A0:None,70M,A0,673,673,1411383296,3.9733071057125926,0.35223427414894104,0.35223427127967716,0.0001,False
70M:A0:None,70M,A0,674,674,1413480448,4.08891976159066,0.45989933609962463,0.4598993337888857,0.0001,False
70M:A0:None,70M,A0,675,675,1415577600,4.026367098093033,0.4237687587738037,0.4237687574677705,0.0001,False
70M:A0:None,70M,A0,676,676,1417674752,3.9471480725333095,0.2921879291534424,0.2921879114341392,0.0001,False
70M:A0:None,70M,A0,677,677,1419771904,4.004438290372491,0.3394220173358917,0.3394220209060003,0.0001,False
70M:A0:None,70M,A0,678,678,1421869056,3.9510254613123834,0.3627796471118927,0.3627796589420779,0.0001,False
70M:A0:None,70M,A0,679,679,1423966208,4.094378710724413,0.28897035121917725,0.28897035692643686,0.0001,False
70M:A0:None,70M,A0,680,680,1426063360,4.0580602483823895,0.39020153880119324,0.3902015519907935,0.0001,False
70M:A0:None,70M,A0,681,681,1428160512,4.002515999600291,0.4678622782230377,0.46786228290756043,0.0001,False
70M:A0:None,70M,A0,682,682,1430257664,3.9365498507395387,0.3264467716217041,0.3264467768519559,0.0001,False
70M:A0:None,70M,A0,683,683,1432354816,4.031005180440843,0.3377606272697449,0.3377606065220361,0.0001,False
70M:A0:None,70M,A0,684,684,1434451968,4.014963213354349,0.410127192735672,0.41012718639526724,0.0001,False
70M:A0:None,70M,A0,685,685,1436549120,3.995445110835135,0.333187997341156,0.3331880089277876,0.0001,False
70M:A0:None,70M,A0,686,686,1438646272,4.025995526462793,0.3139929175376892,0.31399291114580413,0.0001,False
70M:A0:None,70M,A0,687,687,1440743424,4.054692420177162,0.3602791428565979,0.36027914533248945,0.0001,False
70M:A0:None,70M,A0,688,688,1442840576,3.9669655626639724,0.31495189666748047,0.3149519092089539,0.0001,False
70M:A0:None,70M,A0,689,689,1444937728,3.9860528260469437,0.3700885474681854,0.3700885471769658,0.0001,False
70M:A0:None,70M,A0,690,690,1447034880,4.024294028058648,0.33664289116859436,0.3366428945802471,0.0001,False
70M:A0:None,70M,A0,691,691,1449132032,4.0145968473516405,0.3771875500679016,0.3771875550810942,0.0001,False
70M:A0:None,70M,A0,692,692,1451229184,4.015769723802805,0.395783394575119,0.3957833913738157,0.0001,False
70M:A0:None,70M,A0,693,693,1453326336,4.021064788103104,0.3381168246269226,0.33811682416045197,0.0001,False
70M:A0:None,70M,A0,694,694,1455423488,4.01113270688802,0.33862245082855225,0.33862245522033896,0.0001,False
70M:A0:None,70M,A0,695,695,1457520640,3.9285256527364254,0.3511105477809906,0.35111053492064737,0.0001,False
70M:A0:None,70M,A0,696,696,1459617792,4.021479033865035,0.3530978858470917,0.3530978879939415,0.0001,False
70M:A0:None,70M,A0,697,697,1461714944,3.995945888571441,0.28205952048301697,0.2820595105058448,0.0001,False
70M:A0:None,70M,A0,698,698,1463812096,4.025282994844019,0.3112732172012329,0.31127322786647665,0.0001,False
70M:A0:None,70M,A0,699,699,1465909248,3.971490894444287,0.3296819031238556,0.32968188574760166,0.0001,False
70M:A0:None,70M,A0,700,700,1468006400,3.966535401530564,0.31203028559684753,0.31203029153571116,0.0001,False
70M:A0:None,70M,A0,701,701,1470103552,4.052749971859157,0.2964971661567688,0.29649716456684366,0.0001,False
70M:A0:None,70M,A0,702,702,1472200704,3.997939234599471,0.2812894284725189,0.2812894305681878,0.0001,False
70M:A0:None,70M,A0,703,703,1474297856,4.039925895631313,0.32063135504722595,0.32063135140281834,0.0001,False
70M:A0:None,70M,A0,704,704,1476395008,3.9887757850810885,0.29737767577171326,0.2973776801425954,0.0001,False
70M:A0:None,70M,A0,705,705,1478492160,3.9758100723847747,0.2521320581436157,0.25213206586418985,0.0001,False
70M:A0:None,70M,A0,706,706,1480589312,3.9993921546265483,0.2902953624725342,0.29029536059901445,0.0001,False
70M:A0:None,70M,A0,707,707,1482686464,3.9795711878687143,0.3167282044887543,0.31672820733835894,0.0001,False
70M:A0:None,70M,A0,708,708,1484783616,4.008574156090617,0.2721269130706787,0.27212691267764727,0.0001,False
70M:A0:None,70M,A0,709,709,1486880768,4.015990052372217,0.28324419260025024,0.28324420208482626,0.0001,False
70M:A0:None,70M,A0,710,710,1488977920,4.036047923378646,0.2855706214904785,0.2855706105922469,0.0001,False
70M:A0:None,70M,A0,711,711,1491075072,3.986109636723995,0.2854064106941223,0.28540642794193816,0.0001,False
70M:A0:None,70M,A0,712,712,1493172224,3.9830125523731112,0.361238032579422,0.36123806669579234,0.0001,False
410M:A0:None,410M,A0,1,1,2097152,11.011997699737549,26.9615478515625,0.9999999290570069,0.0,False
410M:A0:None,410M,A0,2,2,4194304,11.012524865567684,26.644363403320312,0.9999998680383699,4.2134831460674156e-05,False
410M:A0:None,410M,A0,3,3,6291456,10.013542033731937,8.500967979431152,0.9999998466307094,8.426966292134831e-05,False
410M:A0:None,410M,A0,4,4,8388608,9.708333045244217,3.4642045497894287,0.9999997923089194,0.00012640449438202245,False
410M:A0:None,410M,A0,5,5,10485760,9.83033860847354,2.846553325653076,0.999999629398967,0.00016853932584269662,False
410M:A0:None,410M,A0,6,6,12582912,9.527166824787855,2.1077184677124023,0.9999994982598635,0.00021067415730337076,False
410M:A0:None,410M,A0,7,7,14680064,9.292914420366287,1.8632986545562744,0.9999995194196161,0.0002528089887640449,False
410M:A0:None,410M,A0,8,8,16777216,9.130809240043163,1.5550475120544434,0.9999994942405387,0.0002949438202247191,False
410M:A0:None,410M,A0,9,9,18874368,8.959392424672842,1.1320762634277344,0.9999991730056959,0.00029999886925202105,False
410M:A0:None,410M,A0,10,10,20971520,8.776219692081213,1.200178861618042,0.9999991432591232,0.00029999483923326317,False
410M:A0:None,410M,A0,11,11,23068672,8.644061338156462,1.1016641855239868,0.9999990710458867,0.0002999878889958546,False
410M:A0:None,410M,A0,12,12,25165824,8.506215266883373,1.1190601587295532,0.9999990864974974,0.0002999780186751081,False
410M:A0:None,410M,A0,13,13,27262976,8.369492266327143,0.9913661479949951,0.9913661285612091,0.0002999652284631869,False
410M:A0:None,410M,A0,14,14,29360128,8.262607488781214,0.7480563521385193,0.7480562807676453,0.000299949518609101,False
410M:A0:None,410M,A0,15,15,31457280,8.136772779747844,0.7269070744514465,0.7269070873186378,0.0002999308894187023,False
410M:A0:None,410M,A0,16,16,33554432,8.070949817076325,0.8515620231628418,0.8515620247761906,0.00029990934125467876,False
410M:A0:None,410M,A0,17,17,35651584,7.99010219797492,0.5527846217155457,0.5527845847157917,0.00029988487453654707,False
410M:A0:None,410M,A0,18,18,37748736,7.943575110286474,0.6883224248886108,0.6883224169176871,0.00029985748974064474,False
410M:A0:None,410M,A0,19,19,39845888,7.894821347668767,0.7485151886940002,0.7485152055643172,0.00029982718740012066,False
410M:A0:None,410M,A0,20,20,41943040,7.836947722360492,0.5580629706382751,0.5580629768946714,0.000299793968104925,False
410M:A0:None,410M,A0,21,21,44040192,7.819432573392987,0.6911042928695679,0.6911042337124562,0.00029975783250179726,False
410M:A0:None,410M,A0,22,22,46137344,7.78017707914114,0.5008715391159058,0.5008714596675214,0.00029971878129425415,False
410M:A0:None,410M,A0,23,23,48234496,7.7401233445852995,0.6190606951713562,0.6190606948211141,0.00029967681524257556,False
410M:A0:None,410M,A0,24,24,50331648,7.705358909443021,0.43179580569267273,0.4317957710026259,0.00029963193516378985,False
410M:A0:None,410M,A0,25,25,52428800,7.686010940000415,0.5824540853500366,0.582454058725006,0.00029958414193165814,False
410M:A0:None,410M,A0,26,26,54525952,7.65864828415215,0.39080291986465454,0.3908029049238477,0.00029953343647665695,False
410M:A0:None,410M,A0,27,27,56623104,7.636761475354433,0.5606216192245483,0.5606216105444165,0.0002994798197859603,False
410M:A0:None,410M,A0,28,28,58720256,7.580348264425993,0.5199587941169739,0.5199587179461304,0.0002994232929034207,False
410M:A0:None,410M,A0,29,29,60817408,7.5704231057316065,0.38370102643966675,0.3837010066631478,0.00029936385692954824,False
410M:A0:None,410M,A0,30,30,62914560,7.523549685254693,0.4248254895210266,0.42482546799862053,0.00029930151302148963,False
410M:A0:None,410M,A0,31,31,65011712,7.494812939316034,0.4598557949066162,0.459855732355357,0.0002992362623930057,False
410M:A0:None,410M,A0,32,32,67108864,7.4718921929597855,0.5256044864654541,0.5256044902938475,0.0002991681063144474,False
410M:A0:None,410M,A0,33,33,69206016,7.446388071402907,0.279641330242157,0.2796413321628935,0.0002990970461127315,False
410M:A0:None,410M,A0,34,34,71303168,7.400979923084378,0.43328016996383667,0.4332801874870384,0.0002990230831713144,False
410M:A0:None,410M,A0,35,35,73400320,7.3685418628156185,0.4467199146747589,0.44671989588461286,0.0002989462189301653,False
410M:A0:None,410M,A0,36,36,75497472,7.314718248322606,0.3933877944946289,0.39338777264686464,0.00029886645488573835,False
410M:A0:None,410M,A0,37,37,77594624,7.312814531847835,0.6006733775138855,0.6006733438042688,0.00029878379259094335,False
410M:A0:None,410M,A0,38,38,79691776,7.318576104938984,0.3390031158924103,0.33900309558638075,0.0002986982336551155,False
410M:A0:None,410M,A0,39,39,81788928,7.285125155001879,0.4102509617805481,0.41025087156017814,0.00029860977974398403,False
410M:A0:None,410M,A0,40,40,83886080,7.259726589545608,0.4616183638572693,0.46161833434591576,0.00029851843257963997,False
410M:A0:None,410M,A0,41,41,85983232,7.247119136154652,0.41691282391548157,0.41691284514732185,0.0002984241939405025,False
410M:A0:None,410M,A0,42,42,88080384,7.226296288892627,0.2978966534137726,0.2978966703771994,0.0002983270656612843,False
410M:A0:None,410M,A0,43,43,90177536,7.200326576828957,0.4959193766117096,0.49591935813654514,0.0002982270496329557,False
410M:A0:None,410M,A0,44,44,92274688,7.193602103739977,0.4417477548122406,0.44174775605388106,0.00029812414780270837,False
410M:A0:None,410M,A0,45,45,94371840,7.1781675182282925,0.5089477896690369,0.5089477641864566,0.0002980183621739167,False
410M:A0:None,410M,A0,46,46,96468992,7.150537805631757,0.41566139459609985,0.4156613561988625,0.0002979096948060994,False
410M:A0:None,410M,A0,47,47,98566144,7.152017900720239,0.5045773983001709,0.5045774521407531,0.0002977981478148791,False
410M:A0:None,410M,A0,48,48,100663296,7.1385619305074215,0.44564270973205566,0.4456427160768363,0.00029768372337194115,False
410M:A0:None,410M,A0,49,49,102760448,7.104382952675223,0.4180462062358856,0.41804614935505596,0.00029756642370499153,False
410M:A0:None,410M,A0,50,50,104857600,7.08305979333818,0.45080864429473877,0.4508086668700754,0.00029744625109771324,False
410M:A0:None,410M,A0,51,51,106954752,7.0369191858917475,0.39287182688713074,0.3928718238680741,0.00029732320788972215,False
410M:A0:None,410M,A0,52,52,109051904,7.070459155365825,0.3983173370361328,0.3983173044355686,0.0002971972964765211,False
410M:A0:None,410M,A0,53,53,111149056,7.074120495468378,0.5460814833641052,0.5460814524671832,0.0002970685193094534,False
410M:A0:None,410M,A0,54,54,113246208,7.040190767496824,0.33683663606643677,0.3368366446197663,0.00029693687889565534,False
410M:A0:None,410M,A0,55,55,115343360,6.9812673684209585,0.41324248909950256,0.4132425211252093,0.00029680237779800694,False
410M:A0:None,410M,A0,56,56,117440512,7.011664064601064,0.4689793288707733,0.46897930518957015,0.0002966650186350824,False
410M:A0:None,410M,A0,57,57,119537664,6.980791421607137,0.37787696719169617,0.3778769347571797,0.000296524804081099,False
410M:A0:None,410M,A0,58,58,121634816,6.944605628028512,0.5318336486816406,0.5318336588128678,0.00029638173686586506,False
410M:A0:None,410M,A0,59,59,123731968,6.996675215661526,0.4838898777961731,0.48388990619301675,0.0002962358197747267,False
410M:A0:None,410M,A0,60,60,125829120,7.015549689531326,1.3942264318466187,0.999999287227704,0.0002960870556485138,False
410M:A0:None,410M,A0,61,61,127926272,7.02752173691988,1.0138739347457886,0.999999016766635,0.00029593544738348447,False
410M:A0:None,410M,A0,62,62,130023424,6.95642364025116,0.49160653352737427,0.4916064875139699,0.00029578099793126875,False
410M:A0:None,410M,A0,63,63,132120576,6.9556140042841434,1.0811724662780762,0.9999989510875096,0.0002956237102988113,False
410M:A0:None,410M,A0,64,64,134217728,6.91471129283309,0.7457204461097717,0.7457204771507129,0.0002954635875483127,False
410M:A0:None,410M,A0,65,65,136314880,6.896553039550781,0.5747660398483276,0.5747660675913987,0.0002953006327971698,False
410M:A0:None,410M,A0,66,66,138412032,6.913643820211291,0.7569664120674133,0.7569663599246717,0.000295134849217915,False
410M:A0:None,410M,A0,67,67,140509184,6.907710492610931,0.6628667712211609,0.6628667360108994,0.00029496624003815485,False
410M:A0:None,410M,A0,68,68,142606336,6.8563976008445024,0.6564876437187195,0.6564876470530902,0.00029479480854050665,False
410M:A0:None,410M,A0,69,69,144703488,6.839563641697168,0.6439952254295349,0.6439951692295912,0.0002946205580625349,False
410M:A0:None,410M,A0,70,70,146800640,6.857036137953401,0.4625982642173767,0.4625982760731924,0.0002944434919966865,False
410M:A0:None,410M,A0,71,71,148897792,6.864014068618417,0.660112202167511,0.6601121621787386,0.000294263613790224,False
410M:A0:None,410M,A0,72,72,150994944,6.79429049603641,0.6016004681587219,0.601600424679811,0.0002940809269451593,False
410M:A0:None,410M,A0,73,73,153092096,6.80866277217865,0.45848536491394043,0.4584853450576206,0.00029389543501818496,False
410M:A0:None,410M,A0,74,74,155189248,6.774387113749981,0.606361448764801,0.6063614704812943,0.00029370714162060515,False
410M:A0:None,410M,A0,75,75,157286400,6.793364867568016,0.4608660340309143,0.4608660000780758,0.00029351605041826517,False
410M:A0:None,410M,A0,76,76,159383552,6.7558203507214785,0.546758770942688,0.5467586937973973,0.0002933221651314804,False
410M:A0:None,410M,A0,77,77,161480704,6.735332392156124,0.5439255237579346,0.5439254828438551,0.0002931254895349636,False
410M:A0:None,410M,A0,78,78,163577856,6.732562968507409,0.33902162313461304,0.33902159939364696,0.00029292602745775145,False
410M:A0:None,410M,A0,79,79,165675008,6.721056405454874,0.4760638475418091,0.47606385482701075,0.00029272378278313003,False
410M:A0:None,410M,A0,80,80,167772160,6.71888947673142,0.37338608503341675,0.37338609573184584,0.0002925187594485593,False
410M:A0:None,410M,A0,81,81,169869312,6.738555597141385,0.5709419250488281,0.5709419258358835,0.00029231096144559637,False
410M:A0:None,410M,A0,82,82,171966464,6.675224553793669,0.671345591545105,0.6713455281647858,0.0002921003928198178,False
410M:A0:None,410M,A0,83,83,174063616,6.642797138541937,0.4279025197029114,0.4279025245279612,0.00029188705767074075,False
410M:A0:None,410M,A0,84,84,176160768,6.6473111640661955,0.5165696740150452,0.5165696418950503,0.0002916709601517435,False
410M:A0:None,410M,A0,85,85,178257920,6.6757961213588715,0.37415510416030884,0.3741551018917506,0.0002914521044699839,False
410M:A0:None,410M,A0,86,86,180355072,6.631694201380014,0.4973766803741455,0.4973766818644513,0.00029123049488631846,False
410M:A0:None,410M,A0,87,87,182452224,6.600305151194334,0.5056647658348083,0.5056647438638694,0.0002910061357152183,False
410M:A0:None,410M,A0,88,88,184549376,6.606823947280645,0.47657275199890137,0.4765727472913543,0.0002907790313246862,False
410M:A0:None,410M,A0,89,89,186646528,6.586293090134859,0.3204827904701233,0.32048277707308487,0.0002905491861361705,False
410M:A0:None,410M,A0,90,90,188743680,6.610183358192444,0.44619303941726685,0.4461930011224468,0.0002903166046244801,False
410M:A0:None,410M,A0,91,91,190840832,6.556429196149111,0.4770672917366028,0.47706726419955525,0.00029008129131769645,False
410M:A0:None,410M,A0,92,92,192937984,6.5951317604631186,0.4433543086051941,0.4433542754275224,0.00028984325079708587,False
410M:A0:None,410M,A0,93,93,195035136,6.557590294629335,0.34312769770622253,0.34312767123369375,0.0002896024876970104,False
410M:A0:None,410M,A0,94,94,197132288,6.552512884140015,0.48541563749313354,0.48541558349527847,0.00028935900670483714,False
410M:A0:None,410M,A0,95,95,199229440,6.5379845183342695,0.5259279012680054,0.5259278943530857,0.00028911281256084744,False
410M:A0:None,410M,A0,96,96,201326592,6.494012929499149,0.5792140364646912,0.5792140150961654,0.00028886391005814445,False
410M:A0:None,410M,A0,97,97,203423744,6.4790829829871655,0.5524172186851501,0.5524172325932731,0.00028861230404255973,False
410M:A0:None,410M,A0,98,98,205520896,6.5139930956065655,0.40692219138145447,0.4069221655773279,0.000288357999412559,False
410M:A0:None,410M,A0,99,99,207618048,6.480979265645146,0.6948769688606262,0.6948769506862325,0.00028810100111914685,False
410M:A0:None,410M,A0,100,100,209715200,6.526297640055418,0.8737388849258423,0.8737387907276559,0.00028784131416577,False
410M:A0:None,410M,A0,101,101,211812352,6.433583855628967,0.7796532511711121,0.7796532641954422,0.0002875789436082204,False
410M:A0:None,410M,A0,102,102,213909504,6.438656315207481,0.7364599704742432,0.7364599105658794,0.00028731389455453644,False
410M:A0:None,410M,A0,103,103,216006656,6.464460927993059,0.6381438374519348,0.638143833800845,0.0002870461721649035,False
410M:A0:None,410M,A0,104,104,218103808,6.468893304467201,0.6723490357398987,0.672349023607563,0.0002867757816515537,False
410M:A0:None,410M,A0,105,105,220200960,6.418699400499463,0.7983267307281494,0.798326684508157,0.00028650272827866443,False
410M:A0:None,410M,A0,106,106,222298112,6.433955729007721,0.7186307907104492,0.7186307802773387,0.0002862270173622554,False
410M:A0:None,410M,A0,107,107,224395264,6.388588676229119,0.5374900698661804,0.5374900544287534,0.0002859486542700858,False
410M:A0:None,410M,A0,108,108,226492416,6.414206858724356,0.6059430837631226,0.6059431708069406,0.0002856676444215494,False
410M:A0:None,410M,A0,109,109,228589568,6.378850441426039,0.5390846133232117,0.5390845881227941,0.000285383993287569,False
410M:A0:None,410M,A0,110,110,230686720,6.360272329300642,0.4199388325214386,0.41993878973775867,0.0002850977063904902,False
410M:A0:None,410M,A0,111,111,232783872,6.37350539304316,0.43644076585769653,0.4364407112255024,0.0002848087893039737,False
410M:A0:None,410M,A0,112,112,234881024,6.338123597204685,0.4515282213687897,0.45152821926205366,0.0002845172476528867,False
410M:A0:None,410M,A0,113,113,236978176,6.3754209484905005,0.5507376194000244,0.5507376092265409,0.0002842230871131937,False
410M:A0:None,410M,A0,114,114,239075328,6.3114348743110895,0.5028208494186401,0.5028208051507584,0.0002839263134118457,False
410M:A0:None,410M,A0,115,115,241172480,6.3136539272964,0.32343608140945435,0.32343608037263555,0.0002836269323266686,False
410M:A0:None,410M,A0,116,116,243269632,6.324609505012631,0.4533160626888275,0.4533160204907721,0.0002833249496862514,False
410M:A0:None,410M,A0,117,117,245366784,6.323550337925553,0.5721445679664612,0.5721445162488322,0.0002830203713698318,False
410M:A0:None,410M,A0,118,118,247463936,6.317060373723507,0.5189639329910278,0.518963921640738,0.00028271320330718237,False
410M:A0:None,410M,A0,119,119,249561088,6.286024579778314,0.4165456295013428,0.4165456243523592,0.00028240345147849497,False
410M:A0:None,410M,A0,120,120,251658240,6.268799370154738,0.5552479028701782,0.5552479094621452,0.0002820911219142641,False
410M:A0:None,410M,A0,121,121,253755392,6.250277761369944,0.4518040716648102,0.45180409674455835,0.00028177622069516984,False
410M:A0:None,410M,A0,122,122,255852544,6.252859013155103,0.6382582783699036,0.6382582455477931,0.00028145875395195913,False
410M:A0:None,410M,A0,123,123,257949696,6.242489328607917,0.7354238033294678,0.7354237203513927,0.00028113872786532666,False
410M:A0:None,410M,A0,124,124,260046848,6.222047936171293,0.49287089705467224,0.4928708773179104,0.00028081614866579455,False
410M:A0:None,410M,A0,125,125,262144000,6.223642196506262,0.808640718460083,0.8086407007481425,0.00028049102263359065,False
410M:A0:None,410M,A0,126,126,264241152,6.253911100327969,0.7038437724113464,0.7038437471296525,0.00028016335609852696,False
410M:A0:None,410M,A0,127,127,266338304,6.192429004237056,0.5226478576660156,0.5226478768773157,0.0002798331554398756,False
410M:A0:None,410M,A0,128,128,268435456,6.198245521634817,0.5446853041648865,0.5446853063520568,0.0002795004270862454,False
410M:A0:None,410M,A0,129,129,270532608,6.250046096742153,0.4849502146244049,0.48495020749282036,0.0002791651775154561,False
410M:A0:None,410M,A0,130,130,272629760,6.199602706357837,0.5848754644393921,0.584875459445099,0.0002788274132544126,False
410M:A0:None,410M,A0,131,131,274726912,6.138662822544575,0.5814939737319946,0.5814939809830107,0.0002784871408789778,False
410M:A0:None,410M,A0,132,132,276824064,6.227657278999686,0.5330728888511658,0.5330728533910978,0.00027814436701384447,False
410M:A0:None,410M,A0,133,133,278921216,6.084713242948055,0.6375527381896973,0.6375526720980816,0.0002777990983324065,False
410M:A0:None,410M,A0,134,134,281018368,6.185745621100068,0.6650599241256714,0.6650599320253985,0.0002774513415566288,False
410M:A0:None,410M,A0,135,135,283115520,6.127085078507662,0.6759626269340515,0.675962608746246,0.0002771011034569164,False
410M:A0:None,410M,A0,136,136,285212672,6.15336936339736,0.5677919983863831,0.5677919829730185,0.0002767483908519828,False
410M:A0:None,410M,A0,137,137,287309824,6.119381440803409,0.5458322167396545,0.545832231483109,0.00027639321060871704,False
410M:A0:None,410M,A0,138,138,289406976,6.136127840727568,0.6224940419197083,0.6224939901160333,0.0002760355696420503,False
410M:A0:None,410M,A0,139,139,291504128,6.105877509340644,0.617178738117218,0.6171786847039056,0.0002756754749148208,False
410M:A0:None,410M,A0,140,140,293601280,6.162272667512298,0.647900402545929,0.6479003723426263,0.0002753129334376388,False
410M:A0:None,410M,A0,141,141,295698432,6.088390978053212,0.6096568703651428,0.6096568319076315,0.0002749479522687496,False
410M:A0:None,410M,A0,142,142,297795584,6.092217855155468,0.4665985405445099,0.46659853783312827,0.00027458053851389647,False
410M:A0:None,410M,A0,143,143,299892736,6.05112431012094,0.5304616689682007,0.5304616317936114,0.00027421069932618213,False
410M:A0:None,410M,A0,144,144,301989888,6.075603609904647,0.5107437372207642,0.5107437794053532,0.0002738384419059297,False
410M:A0:None,410M,A0,145,145,304087040,6.058623947203159,0.5290102362632751,0.5290102611154078,0.00027346377350054226,False
410M:A0:None,410M,A0,146,146,306184192,6.075080722570419,0.4461047649383545,0.44610472343793184,0.00027308670140436175,False
410M:A0:None,410M,A0,147,147,308281344,6.0409241914749146,0.41272425651550293,0.4127242495748858,0.0002727072329585274,False
410M:A0:None,410M,A0,148,148,310378496,6.066355314105749,0.3897610008716583,0.3897609615081565,0.00027232537555083204,False
410M:A0:None,410M,A0,149,149,312475648,6.025091007351875,0.5090495347976685,0.5090495382737475,0.00027194113661557914,False
410M:A0:None,410M,A0,150,150,314572800,6.082370070740581,0.5812926292419434,0.5812926232361325,0.0002715545236334373,False
410M:A0:None,410M,A0,151,151,316669952,6.034621126949787,0.9207779169082642,0.9207779600285966,0.00027116554413129517,False
410M:A0:None,410M,A0,152,152,318767104,6.1799622140824795,1.2224900722503662,0.9999992022793583,0.00027077420568211456,False
410M:A0:None,410M,A0,153,153,320864256,6.058691937476397,0.6060789823532104,0.6060790081831593,0.00027038051590478327,False
410M:A0:None,410M,A0,154,154,322961408,6.051302196457982,0.7686360478401184,0.7686360734157364,0.0002699844824639665,False
410M:A0:None,410M,A0,155,155,325058560,6.0125388484448195,0.5610961318016052,0.5610961129991594,0.0002695861130699577,False
410M:A0:None,410M,A0,156,156,327155712,6.110593982040882,0.6788625717163086,0.6788625399699716,0.0002691854154785287,False
410M:A0:None,410M,A0,157,157,329252864,6.036859203130007,0.5311453938484192,0.5311453406869824,0.0002687823974907785,False
410M:A0:None,410M,A0,158,158,331350016,6.016122799366713,0.5114914178848267,0.5114913490414148,0.0002683770669529811,False
410M:A0:None,410M,A0,159,159,333447168,6.036945506930351,0.4973360598087311,0.49733606625844085,0.00026796943175643357,False
410M:A0:None,410M,A0,160,160,335544320,5.996206104755402,0.42062944173812866,0.4206294380926675,0.0002675594998373015,False
410M:A0:None,410M,A0,161,161,337641472,5.992432968690991,0.3993106484413147,0.39931063238392045,0.00026714727917646506,False
410M:A0:None,410M,A0,162,162,339738624,6.001923233270645,0.4320365786552429,0.4320365553527269,0.0002667327777993635,False
410M:A0:None,410M,A0,163,163,341835776,5.965934796258807,0.33787134289741516,0.3378713644709574,0.0002663160037758388,False
410M:A0:None,410M,A0,164,164,343932928,5.988145690411329,0.46996578574180603,0.4699657731206918,0.0002658969652199786,False
410M:A0:None,410M,A0,165,165,346030080,5.913022913038731,0.3645172715187073,0.3645172778355085,0.00026547567028995835,False
410M:A0:None,410M,A0,166,166,348127232,5.928512075915933,0.3278605043888092,0.32786048584908595,0.0002650521271878822,False
410M:A0:None,410M,A0,167,167,350224384,5.916717566549778,0.3547520935535431,0.35475204631822466,0.00026462634415962377,False
410M:A0:None,410M,A0,168,168,352321536,5.906984193250537,0.3854079246520996,0.3854079098700398,0.0002641983294946651,False
410M:A0:None,410M,A0,169,169,354418688,5.919202266260982,0.5223987102508545,0.5223986892358337,0.0002637680915259357,False
410M:A0:None,410M,A0,170,170,356515840,5.967865489423275,0.7697551250457764,0.7697550997113485,0.00026333563862964993,False
410M:A0:None,410M,A0,171,171,358612992,5.913515705615282,0.7815605401992798,0.7815605102972263,0.0002629009792251442,False
410M:A0:None,410M,A0,172,172,360710144,5.921001233160496,0.5782976746559143,0.5782976753122118,0.00026246412177471305,False
410M:A0:None,410M,A0,173,173,362807296,5.963767617940903,0.7627142071723938,0.7627141751864637,0.0002620250747834443,False
410M:A0:None,410M,A0,174,174,364904448,5.917600482702255,0.5224262475967407,0.5224261948804463,0.0002615838467990533,False
410M:A0:None,410M,A0,175,175,367001600,5.889944849535823,0.6879406571388245,0.6879405859382433,0.00026114044641171704,False
410M:A0:None,410M,A0,176,176,369098752,5.895540567114949,0.5856542587280273,0.5856542727090117,0.0002606948822539063,False
410M:A0:None,410M,A0,177,177,371195904,5.904167924076319,0.5518741011619568,0.551874088406555,0.0002602471630002179,False
410M:A0:None,410M,A0,178,178,373293056,5.946354798972607,0.48076149821281433,0.48076147878634323,0.0002597972973672059,False
410M:A0:None,410M,A0,179,179,375390208,5.89867072366178,0.4007096588611603,0.4007096646667637,0.0002593452941132117,False
410M:A0:None,410M,A0,180,180,377487360,5.882422566413879,0.4504126310348511,0.4504125826964017,0.00025889116203819365,False
410M:A0:None,410M,A0,181,181,379584512,5.8530280236154795,0.4042491912841797,0.4042492021090258,0.0002584349099835556,False
410M:A0:None,410M,A0,182,182,381681664,5.88160527870059,0.5115000009536743,0.5114999618129772,0.00025797654683197487,False
410M:A0:None,410M,A0,183,183,383778816,5.857873706147075,0.5759512186050415,0.5759511962484019,0.0002575160815072294,False
410M:A0:None,410M,A0,184,184,385875968,5.8681448101997375,0.6456664800643921,0.6456664727882189,0.00025705352297402366,False
410M:A0:None,410M,A0,185,185,387973120,5.8404204193502665,0.566417932510376,0.566417942647362,0.00025658888023781474,False
410M:A0:None,410M,A0,186,186,390070272,5.865223469212651,0.5996674299240112,0.5996674103383024,0.00025612216234463623,False
410M:A0:None,410M,A0,187,187,392167424,5.87607461027801,0.7265295386314392,0.7265295292879921,0.00025565337838092284,False
410M:A0:None,410M,A0,188,188,394264576,5.811495296657085,0.363229364156723,0.3632293524142902,0.000255182537473333,False
410M:A0:None,410M,A0,189,189,396361728,5.808182381093502,0.432940810918808,0.4329407937057443,0.0002547096487885714,False
410M:A0:None,410M,A0,190,190,398458880,5.848567388951778,0.49221014976501465,0.4922101564612531,0.0002542347215332106,False
410M:A0:None,410M,A0,191,191,400556032,5.842332622036338,0.45584821701049805,0.45584820627052913,0.0002537577649535116,False
410M:A0:None,410M,A0,192,192,402653184,5.824481328949332,0.364153653383255,0.36415363697694236,0.0002532787883352437,False
410M:A0:None,410M,A0,193,193,404750336,5.800485102459788,0.4184119403362274,0.4184119437254863,0.0002527978010035043,False
410M:A0:None,410M,A0,194,194,406847488,5.762164566665888,0.46266311407089233,0.4626631211407934,0.0002523148123225366,False
410M:A0:None,410M,A0,195,195,408944640,5.801753548905253,0.5619573593139648,0.5619573629946717,0.0002518298316955479,False
410M:A0:None,410M,A0,196,196,411041792,5.796818761155009,0.5327950119972229,0.5327950251469706,0.0002513428685645262,False
410M:A0:None,410M,A0,197,197,413138944,5.789246750995517,0.5591872930526733,0.5591872480014791,0.00025085393241005644,False
410M:A0:None,410M,A0,198,198,415236096,5.8000319972634315,0.5368292331695557,0.5368291603621916,0.0002503630327511359,False
410M:A0:None,410M,A0,199,199,417333248,5.7781491838395596,0.47500041127204895,0.4750003989065017,0.00024987017914498906,False
410M:A0:None,410M,A0,200,200,419430400,5.781817004084587,0.5209181308746338,0.5209181479247035,0.0002493753811868814,False
410M:A0:None,410M,A0,201,201,421527552,5.741064265370369,0.548087477684021,0.5480874921087537,0.0002488786485099324,False
410M:A0:None,410M,A0,202,202,423624704,5.790807256475091,0.741183340549469,0.7411833396042307,0.00024837999078492845,False
410M:A0:None,410M,A0,203,203,425721856,5.725740866735578,0.5032148957252502,0.5032148639960867,0.00024787941772013393,False
410M:A0:None,410M,A0,204,204,427819008,5.720776615664363,0.49338966608047485,0.4933896606846644,0.000247376939061103,False
410M:A0:None,410M,A0,205,205,429916160,5.72583769261837,0.47225597500801086,0.472255967433964,0.00024687256459048914,False
410M:A0:None,410M,A0,206,206,432013312,5.695356003940105,0.505814254283905,0.5058142726011586,0.0002463663041278552,False
410M:A0:None,410M,A0,207,207,434110464,5.765880113467574,0.5648791790008545,0.564879133414663,0.0002458581675294818,False
410M:A0:None,410M,A0,208,208,436207616,5.690903376787901,0.6902053356170654,0.6902053051343221,0.0002453481646881759,False
410M:A0:None,410M,A0,209,209,438304768,5.747968748211861,0.8593634366989136,0.8593633785209366,0.0002448363055330777,False
410M:A0:None,410M,A0,210,210,440401920,5.715788267552853,0.7833424806594849,0.7833424632985738,0.0002443226000294679,False
410M:A0:None,410M,A0,211,211,442499072,5.7265193574130535,0.52755206823349,0.527552068088662,0.000243807058178573,False
410M:A0:None,410M,A0,212,212,444596224,5.691717794165015,0.5337963700294495,0.5337963950246889,0.0002432896900173714,False
410M:A0:None,410M,A0,213,213,446693376,5.70909552462399,0.475354939699173,0.4753549258406588,0.00024277050561839718,False
410M:A0:None,410M,A0,214,214,448790528,5.650380769744515,0.5040037631988525,0.5040037785792197,0.00024224951508954463,False
410M:A0:None,410M,A0,215,215,450887680,5.7052026111632586,0.4538171887397766,0.4538171994533134,0.00024172672857387107,False
410M:A0:None,410M,A0,216,216,452984832,5.667834034189582,0.4414158761501312,0.4414158706335933,0.00024120215624939955,False
410M:A0:None,410M,A0,217,217,455081984,5.6885023303329945,0.47248995304107666,0.47248995183490555,0.00024067580832892076,False
410M:A0:None,410M,A0,218,218,457179136,5.713725095614791,0.5087186694145203,0.5087186440029053,0.00024014769505979394,False
410M:A0:None,410M,A0,219,219,459276288,5.665715029463172,0.5242301821708679,0.5242301397521009,0.0002396178267237476,False
410M:A0:None,410M,A0,220,220,461373440,5.645726699382067,0.527536928653717,0.5275369165380092,0.00023908621363667945,False
410M:A0:None,410M,A0,221,221,463470592,5.677185734733939,0.4797731339931488,0.4797731210627646,0.00023855286614845504,False
410M:A0:None,410M,A0,222,222,465567744,5.633275592699647,0.42660173773765564,0.4266017391710651,0.00023801779464270709,False
410M:A0:None,410M,A0,223,223,467664896,5.631793264299631,0.4297073483467102,0.4297073331026701,0.00023748100953663241,False
410M:A0:None,410M,A0,224,224,469762048,5.596678675152361,0.49134987592697144,0.4913498739035838,0.00023694252128078985,False
410M:A0:None,410M,A0,225,225,471859200,5.64181842841208,0.4760732054710388,0.47607322116287676,0.00023640234035889634,False
410M:A0:None,410M,A0,226,226,473956352,5.589517330750823,0.4127804934978485,0.41278049440335973,0.00023586047728762314,False
410M:A0:None,410M,A0,227,227,476053504,5.6312126675620675,0.44368237257003784,0.44368236354030877,0.0002353169426163908,False
410M:A0:None,410M,A0,228,228,478150656,5.664081893861294,0.4635869264602661,0.463586890585391,0.00023477174692716396,False
410M:A0:None,410M,A0,229,229,480247808,5.624918945133686,0.4975731074810028,0.4975731224981724,0.00023422490083424525,False
410M:A0:None,410M,A0,230,230,482344960,5.606174029409885,0.43572357296943665,0.4357235400338382,0.00023367641498406877,False
410M:A0:None,410M,A0,231,231,484442112,5.601976064965129,0.40853366255760193,0.4085336545849208,0.00023312630005499258,False
410M:A0:None,410M,A0,232,232,486539264,5.58981853723526,0.6264774203300476,0.6264773861488114,0.00023257456675709095,False
410M:A0:None,410M,A0,233,233,488636416,5.6864544209092855,0.9090098142623901,0.9090098016800787,0.00023202122583194606,False
410M:A0:None,410M,A0,234,234,490733568,5.600216960534453,1.2431076765060425,0.9999991704451182,0.00023146628805243832,False
410M:A0:None,410M,A0,235,235,492830720,5.614458967931569,0.7909080982208252,0.7909080817264142,0.00023090976422253718,False
410M:A0:None,410M,A0,236,236,494927872,5.6584498193115,1.063745141029358,0.9999990272830463,0.00023035166517709055,False
410M:A0:None,410M,A0,237,237,497025024,5.665871923789382,0.8056468963623047,0.8056468946387536,0.00022979200178161385,False
410M:A0:None,410M,A0,238,238,499122176,5.605602169409394,0.7654503583908081,0.7654503386159012,0.00022923078493207854,False
410M:A0:None,410M,A0,239,239,501219328,5.613787828013301,0.8107247948646545,0.8107248158657308,0.0002286680255547,False
410M:A0:None,410M,A0,240,240,503316480,5.656049402430654,0.6777675151824951,0.6777675150027486,0.00022810373460572457,False
410M:A0:None,410M,A0,241,241,505413632,5.586489403620362,0.5944514870643616,0.5944515134173566,0.00022753792307121667,False
410M:A0:None,410M,A0,242,242,507510784,5.586135685443878,0.5127942562103271,0.5127942337006315,0.00022697060196684467,False
410M:A0:None,410M,A0,243,243,509607936,5.623875238932669,0.49986588954925537,0.4998658663760238,0.00022640178233766624,False
410M:A0:None,410M,A0,244,244,511705088,5.550919160246849,0.4870375096797943,0.4870374990360848,0.0002258314752579137,False
410M:A0:None,410M,A0,245,245,513802240,5.586441991850734,0.3897800147533417,0.3897800115103238,0.0002252596918307783,False
410M:A0:None,410M,A0,246,246,515899392,5.553466739133,0.4095247983932495,0.4095247923560979,0.0002246864431881938,False
410M:A0:None,410M,A0,247,247,517996544,5.577877443283796,0.44398048520088196,0.44398047601357193,0.00022411174049061998,False
410M:A0:None,410M,A0,248,248,520093696,5.508258324116468,0.3704961836338043,0.370496176685484,0.00022353559492682543,False
410M:A0:None,410M,A0,249,249,522190848,5.5973737966269255,0.39743170142173767,0.3974316781478589,0.00022295801771366958,False
410M:A0:None,410M,A0,250,250,524288000,5.536020662635565,0.36815783381462097,0.3681578278048213,0.00022237902009588422,False
410M:A0:None,410M,A0,251,251,526385152,5.551792738959193,0.35163766145706177,0.3516376699927294,0.00022179861334585484,False
410M:A0:None,410M,A0,252,252,528482304,5.514721499755979,0.360180526971817,0.3601805514901239,0.0002212168087634009,False
410M:A0:None,410M,A0,253,253,530579456,5.54907875880599,0.3592362701892853,0.35923626242457163,0.00022063361767555618,False
410M:A0:None,410M,A0,254,254,532676608,5.505985805764794,0.44037166237831116,0.44037165507740766,0.00022004905143634793,False
410M:A0:None,410M,A0,255,255,534773760,5.513723896816373,0.5237036347389221,0.5237036464139961,0.00021946312142657586,False
410M:A0:None,410M,A0,256,256,536870912,5.5080334804952145,0.7961097955703735,0.7961097964738437,0.00021887583905359073,False
410M:A0:None,410M,A0,257,257,538968064,5.55847049690783,1.0575610399246216,0.9999991388057154,0.00021828721575107223,False
410M:A0:None,410M,A0,258,258,541065216,5.559119615703821,0.7752842903137207,0.7752843086368264,0.00021769726297880622,False
410M:A0:None,410M,A0,259,259,543162368,5.571240184828639,1.0108411312103271,0.9999990404034327,0.00021710599222246182,False
410M:A0:None,410M,A0,260,260,545259520,5.51922039501369,0.6447522640228271,0.644752257067092,0.0002165134149933677,False
410M:A0:None,410M,A0,261,261,547356672,5.550541784614325,0.8029568195343018,0.802956797424211,0.0002159195428282879,False
410M:A0:None,410M,A0,262,262,549453824,5.508796609938145,0.5491536855697632,0.549153660929198,0.00021532438728919743,False
410M:A0:None,410M,A0,263,263,551550976,5.526143262162805,0.5416983962059021,0.5416984266343641,0.00021472795996305691,False
410M:A0:None,410M,A0,264,264,553648128,5.53915592841804,0.4219866991043091,0.42198669355334284,0.0002141302724615872,False
410M:A0:None,410M,A0,265,265,555745280,5.464686015620828,0.5031935572624207,0.5031935344951687,0.0002135313364210433,False
410M:A0:None,410M,A0,266,266,557842432,5.496790474280715,0.43341562151908875,0.43341562256225735,0.00021293116350198766,False
410M:A0:None,410M,A0,267,267,559939584,5.429164327681065,0.4779025614261627,0.4779025447373804,0.0002123297653890633,False
410M:A0:None,410M,A0,268,268,562036736,5.47480546310544,0.4293881356716156,0.4293881175993156,0.00021172715379076632,False
410M:A0:None,410M,A0,269,269,564133888,5.496059751138091,0.37334108352661133,0.37334109432017043,0.00021112334043921782,False
410M:A0:None,410M,A0,270,270,566231040,5.432829417288303,0.39633917808532715,0.3963391683010886,0.00021051833708993572,False
410M:A0:None,410M,A0,271,271,568328192,5.420568746514618,0.3886749744415283,0.3886749603309495,0.0002099121555216057,False
410M:A0:None,410M,A0,272,272,570425344,5.379574689082801,0.36969199776649475,0.3696920150105865,0.00020930480753585185,False
410M:A0:None,410M,A0,273,273,572522496,5.4604173339903355,0.4843083322048187,0.48430836850591596,0.0002086963049570072,False
410M:A0:None,410M,A0,274,274,574619648,5.508412718772888,0.6730249524116516,0.6730249641190443,0.00020808665963188315,False
410M:A0:None,410M,A0,275,275,576716800,5.479604572057724,0.9525158405303955,0.9525158238331966,0.000207475883429539,False
410M:A0:None,410M,A0,276,276,578813952,5.412316025234759,0.720623254776001,0.7206232436864726,0.00020686398824105103,False
410M:A0:None,410M,A0,277,277,580911104,5.4779500821605325,0.6139711141586304,0.6139711073295758,0.00020625098597928067,False
410M:A0:None,410M,A0,278,278,583008256,5.466627025976777,0.5645470023155212,0.5645469950869915,0.00020563688857864272,False
410M:A0:None,410M,A0,279,279,585105408,5.44272230938077,0.5014158487319946,0.5014158792295185,0.00020502170799487315,False
410M:A0:None,410M,A0,280,280,587202560,5.474162376485765,0.5037290453910828,0.5037290331560655,0.00020440545620479606,False
410M:A0:None,410M,A0,281,281,589299712,5.429134943522513,0.5416224598884583,0.5416224423976888,0.00020378814520609072,False
410M:A0:None,410M,A0,282,282,591396864,5.465863294899464,0.5008735656738281,0.5008735911770433,0.0002031697870170579,False
410M:A0:None,410M,A0,283,283,593494016,5.398129614070058,0.46917739510536194,0.4691774003723857,0.00020255039367638591,False
410M:A0:None,410M,A0,284,284,595591168,5.428858712315559,0.48035430908203125,0.4803543000521183,0.00020192997724291625,False
410M:A0:None,410M,A0,285,285,597688320,5.3865027744323015,0.494049996137619,0.4940499887079276,0.00020130854979540864,False
410M:A0:None,410M,A0,286,286,599785472,5.444272791966796,0.5602805018424988,0.5602804953304195,0.00020068612343230626,False
410M:A0:None,410M,A0,287,287,601882624,5.3720743441954255,0.7430480718612671,0.7430480754361797,0.00020006271027149975,False
410M:A0:None,410M,A0,288,288,603979776,5.478817146271467,0.7263222336769104,0.7263222048842177,0.00019943832245009174,False
410M:A0:None,410M,A0,289,289,606076928,5.374953993596137,0.5663366913795471,0.5663366863753997,0.00019881297212416012,False
410M:A0:None,410M,A0,290,290,608174080,5.4020741218701005,0.5898216962814331,0.5898217303420596,0.0001981866714685217,False
410M:A0:None,410M,A0,291,291,610271232,5.342804607003927,0.7022475600242615,0.7022474823499574,0.000197559432676495,False
410M:A0:None,410M,A0,292,292,612368384,5.393696893006563,0.6316086649894714,0.6316086736748499,0.00019693126795966294,False
410M:A0:None,410M,A0,293,293,614465536,5.308509268797934,0.6613421440124512,0.6613421463772785,0.0001963021895476352,False
410M:A0:None,410M,A0,294,294,616562688,5.362443348392844,0.6268903017044067,0.6268902430742662,0.00019567220968780974,False
410M:A0:None,410M,A0,295,295,618659840,5.357415095902979,0.5049020648002625,0.5049020488343626,0.0001950413406451349,False
410M:A0:None,410M,A0,296,296,620756992,5.348927672021091,0.4445897340774536,0.44458971489271853,0.00019440959470187012,False
410M:A0:None,410M,A0,297,297,622854144,5.399353440850973,0.5333964228630066,0.5333964147732735,0.00019377698415734725,False
410M:A0:None,410M,A0,298,298,624951296,5.381034740246832,0.5255464315414429,0.5255464063588899,0.00019314352132773066,False
410M:A0:None,410M,A0,299,299,627048448,5.369964769110084,0.5954501032829285,0.5954501223028764,0.00019250921854577788,False
410M:A0:None,410M,A0,300,300,629145600,5.35842043813318,0.6133777499198914,0.6133777744685824,0.00019187408816059907,False
410M:A0:None,410M,A0,301,301,631242752,5.377360004931688,0.5732391476631165,0.5732390803399183,0.00019123814253741716,False
410M:A0:None,410M,A0,302,302,633339904,5.38172425609082,0.5048186779022217,0.5048187117771513,0.0001906013940573265,False
410M:A0:None,410M,A0,303,303,635437056,5.36799091566354,0.5003199577331543,0.5003199563237843,0.0001899638551170521,False
410M:A0:None,410M,A0,304,304,637534208,5.319384299218655,0.4171363413333893,0.4171363325027604,0.00018932553812870843,False
410M:A0:None,410M,A0,305,305,639631360,5.316462781280279,0.4912448525428772,0.4912448334044177,0.0001886864555195576,False
410M:A0:None,410M,A0,306,306,641728512,5.344452805817127,0.4828561842441559,0.4828561581323732,0.00018804661973176727,False
410M:A0:None,410M,A0,307,307,643825664,5.281147587113082,0.5709757804870605,0.570975748921723,0.00018740604322216878,False
410M:A0:None,410M,A0,308,308,645922816,5.380541160702705,0.48911169171333313,0.48911169825282036,0.0001867647384620143,False
410M:A0:None,410M,A0,309,309,648019968,5.29810072761029,0.5903080105781555,0.5903080235529389,0.00018612271793673422,False
410M:A0:None,410M,A0,310,310,650117120,5.358518682420254,0.5561286807060242,0.5561286420954713,0.000185479994145694,False
410M:A0:None,410M,A0,311,311,652214272,5.313587889075279,0.6801049113273621,0.6801049121458969,0.00018483657960195082,False
410M:A0:None,410M,A0,312,312,654311424,5.325372095219791,0.6928791403770447,0.6928791488877727,0.00018419248683200997,False
410M:A0:None,410M,A0,313,313,656408576,5.2995887733995914,0.6515405774116516,0.6515405402153418,0.00018354772837558104,False
410M:A0:None,410M,A0,314,314,658505728,5.290925554931164,0.711352527141571,0.7113525221004181,0.0001829023167853337,False
410M:A0:None,410M,A0,315,315,660602880,5.339563079178333,0.6091487407684326,0.6091487673252547,0.00018225626462665338,False
410M:A0:None,410M,A0,316,316,662700032,5.348527414724231,0.9082042574882507,0.9082042409758021,0.00018160958447739655,False
410M:A0:None,410M,A0,317,317,664797184,5.258798208087683,0.7102112174034119,0.7102112080132134,0.00018096228892764587,False
410M:A0:None,410M,A0,318,318,666894336,5.310762413777411,0.7450685501098633,0.7450685535042529,0.0001803143905794652,False
410M:A0:None,410M,A0,319,319,668991488,5.308098685927689,0.7796810269355774,0.7796809408462609,0.00017966590204665422,False
410M:A0:None,410M,A0,320,320,671088640,5.290903268381953,0.6941941976547241,0.6941941806974448,0.0001790168359545025,False
410M:A0:None,410M,A0,321,321,673185792,5.261168910190463,0.5015160441398621,0.5015160506602645,0.00017836720493954442,False
410M:A0:None,410M,A0,322,322,675282944,5.262814989313483,0.5582048296928406,0.5582048337561253,0.00017771702164931229,False
410M:A0:None,410M,A0,323,323,677380096,5.273336660116911,0.5466686487197876,0.546668618913128,0.00017706629874209083,False
410M:A0:None,410M,A0,324,324,679477248,5.2893544267863035,0.5092859268188477,0.5092859193312074,0.00017641504888667043,False
410M:A0:None,410M,A0,325,325,681574400,5.285683458670974,0.44192880392074585,0.44192880507394233,0.00017576328476210035,False
410M:A0:None,410M,A0,326,326,683671552,5.268820988945663,0.5121493935585022,0.5121493660093646,0.00017511101905744232,False
410M:A0:None,410M,A0,327,327,685768704,5.297428021207452,0.6466139554977417,0.6466139810793002,0.000174458264471523,False
410M:A0:None,410M,A0,328,328,687865856,5.249774711206555,0.7245829701423645,0.724582980115728,0.00017380503371268704,False
410M:A0:None,410M,A0,329,329,689963008,5.314375430345535,0.6607890725135803,0.6607890686424529,0.00017315133949854968,False
410M:A0:None,410M,A0,330,330,692060160,5.253242855891585,0.6430034041404724,0.6430034055786572,0.000172497194555749,False
410M:A0:None,410M,A0,331,331,694157312,5.214968645013869,0.6553740501403809,0.6553741046742297,0.00017184261161969823,False
410M:A0:None,410M,A0,332,332,696254464,5.305143262259662,0.5452750325202942,0.5452750018887743,0.0001711876034343379,False
410M:A0:None,410M,A0,333,333,698351616,5.233921934850514,0.519700288772583,0.5197002740963844,0.00017053218275188745,False
410M:A0:None,410M,A0,334,334,700448768,5.275171864777803,0.6492207050323486,0.6492206621357912,0.00016987636233259726,False
410M:A0:None,410M,A0,335,335,702545920,5.233254478313029,0.4923398792743683,0.49233989460406374,0.00016922015494450008,False
410M:A0:None,410M,A0,336,336,704643072,5.1894486881792545,0.6360191106796265,0.6360191411480397,0.00016856357336316247,False
410M:A0:None,410M,A0,337,337,706740224,5.25639539770782,0.7064922451972961,0.7064922608674704,0.00016790663037143618,False
410M:A0:None,410M,A0,338,338,708837376,5.224176224321127,0.6743727326393127,0.6743727177030766,0.00016724933875920893,False
410M:A0:None,410M,A0,339,339,710934528,5.155972817912698,0.6797128915786743,0.679712870252078,0.00016659171132315598,False
410M:A0:None,410M,A0,340,340,713031680,5.243298561312258,0.5834307670593262,0.5834307873425911,0.0001659337608664904,False
410M:A0:None,410M,A0,341,341,715128832,5.217516663484275,0.6420055031776428,0.6420054647387783,0.0001652755001987143,False
410M:A0:None,410M,A0,342,342,717225984,5.259678430855274,0.6027546525001526,0.6027546608336273,0.00016461694213536907,False
410M:A0:None,410M,A0,343,343,719323136,5.21729657240212,0.4593062996864319,0.45930630105968207,0.0001639580994977861,False
410M:A0:None,410M,A0,344,344,721420288,5.1841901531443,0.5389264822006226,0.5389264509117434,0.00016329898511283707,False
410M:A0:None,410M,A0,345,345,723517440,5.185896280221641,0.4862496554851532,0.48624966396915026,0.00016263961181268427,False
410M:A0:None,410M,A0,346,346,725614592,5.189045605249703,0.5473016500473022,0.5473016034804219,0.00016197999243453085,False
410M:A0:None,410M,A0,347,347,727711744,5.181129002943635,0.5526187419891357,0.5526187360413153,0.00016132013982037057,False
410M:A0:None,410M,A0,348,348,729808896,5.197651850990951,0.5537647604942322,0.5537647276599121,0.00016066006681673826,False
410M:A0:None,410M,A0,349,349,731906048,5.162202909588814,0.6383845210075378,0.6383844735985605,0.00015999978627445928,False
410M:A0:None,410M,A0,350,350,734003200,5.201756437309086,0.5631027817726135,0.5631027855413848,0.00015933931104839964,False
410M:A0:None,410M,A0,351,351,736100352,5.205983459949493,0.7342914342880249,0.7342914371871433,0.0001586786539972156,False
410M:A0:None,410M,A0,352,352,738197504,5.231232402846217,0.7897531986236572,0.7897532009713055,0.0001580178279831033,False
410M:A0:None,410M,A0,353,353,740294656,5.184599740430713,0.651963472366333,0.6519635053928514,0.00015735684587154828,False
410M:A0:None,410M,A0,354,354,742391808,5.155819202773273,0.7740140557289124,0.7740140485171038,0.00015669572053107536,False
410M:A0:None,410M,A0,355,355,744488960,5.202382518909872,0.7677531838417053,0.7677531530543569,0.00015603446483299758,False
410M:A0:None,410M,A0,356,356,746586112,5.202677398920059,0.6957263946533203,0.6957264027851913,0.0001553730916511661,False
410M:A0:None,410M,A0,357,357,748683264,5.195080031640828,0.7724422812461853,0.772442261767774,0.00015471161386171922,False
410M:A0:None,410M,A0,358,358,750780416,5.146659545600414,0.8046103715896606,0.8046103626892789,0.0001540500443428319,False
410M:A0:None,410M,A0,359,359,752877568,5.218784745782614,0.673628568649292,0.673628575240733,0.00015338839597446496,False
410M:A0:None,410M,A0,360,360,754974720,5.20504717156291,0.6848977208137512,0.6848976627395515,0.00015272668163811417,False
410M:A0:None,410M,A0,361,361,757071872,5.153464423492551,0.5204824805259705,0.5204824899162603,0.00015206491421655992,False
410M:A0:None,410M,A0,362,362,759169024,5.155844810418785,0.542389988899231,0.5423899691594034,0.00015140310659361573,False
410M:A0:None,410M,A0,363,363,761266176,5.177719856612384,0.5643449425697327,0.5643449606498462,0.00015074127165387813,False
410M:A0:None,410M,A0,364,364,763363328,5.159479306079447,0.4998689293861389,0.499868911327246,0.00015007942228247525,False
410M:A0:None,410M,A0,365,365,765460480,5.108435055240989,0.4797041118144989,0.4797041091401566,0.0001494175713648163,False
410M:A0:None,410M,A0,366,366,767557632,5.148212316446006,0.4832199215888977,0.48321989261103454,0.00014875573178634057,False
410M:A0:None,410M,A0,367,367,769654784,5.148446436040103,0.44875434041023254,0.4487543385686054,0.00014809391643226657,False
410M:A0:None,410M,A0,368,368,771751936,5.1143679935485125,0.5076485276222229,0.5076485045121728,0.00014743213818734123,False
410M:A0:None,410M,A0,369,369,773849088,5.102272871881723,0.5076269507408142,0.5076269252772575,0.00014677040993558893,False
410M:A0:None,410M,A0,370,370,775946240,5.114398426376283,0.5830694437026978,0.583069453387686,0.00014610874456006087,False
410M:A0:None,410M,A0,371,371,778043392,5.147371015511453,0.6607922911643982,0.6607923156675553,0.00014544715494258396,False
410M:A0:None,410M,A0,372,372,780140544,5.1056197145953774,0.6456315517425537,0.6456315069972894,0.0001447856539635104,False
410M:A0:None,410M,A0,373,373,782237696,5.1015578946098685,0.6713436841964722,0.6713437011592843,0.00014412425450146648,False
410M:A0:None,410M,A0,374,374,784334848,5.191530996002257,0.747369110584259,0.7473690572501555,0.00014346296943310225,False
410M:A0:None,410M,A0,375,375,786432000,5.043160289525986,1.0050150156021118,0.9999989403534846,0.00014280181163284054,False
410M:A0:None,410M,A0,376,376,788529152,5.2014633836224675,0.849319577217102,0.8493195424450383,0.0001421407939726265,False
410M:A0:None,410M,A0,377,377,790626304,5.149734418839216,0.7114497423171997,0.711449755343382,0.00014147992932167692,False
410M:A0:None,410M,A0,378,378,792723456,5.092203038744628,0.6802582740783691,0.680258319727294,0.00014081923054622963,False
410M:A0:None,410M,A0,379,379,794820608,5.1196968434378505,0.6598537564277649,0.659853755691373,0.00014015871050929312,False
410M:A0:None,410M,A0,380,380,796917760,5.092250904068351,0.5937657356262207,0.5937657657550701,0.000139498382070396,False
410M:A0:None,410M,A0,381,381,799014912,5.106546673923731,0.5672822594642639,0.5672822691048808,0.00013883825808533673,False
410M:A0:None,410M,A0,382,382,801112064,5.080163383856416,0.49188652634620667,0.4918865373612707,0.0001381783514059333,False
410M:A0:None,410M,A0,383,383,803209216,5.055511094629765,0.5598528981208801,0.5598529261830281,0.0001375186748797731,False
410M:A0:None,410M,A0,384,384,805306368,5.0975740859285,0.7874278426170349,0.7874277917036093,0.00013685924134996247,False
410M:A0:None,410M,A0,385,385,807403520,5.080751515924931,0.7989436984062195,0.7989436754786763,0.00013620006365487722,False
410M:A0:None,410M,A0,386,386,809500672,5.093564750626683,0.7094399929046631,0.7094400211563431,0.0001355411546279121,False
410M:A0:None,410M,A0,387,387,811597824,5.061498703435063,0.6664767265319824,0.6664766905651243,0.00013488252709723135,False
410M:A0:None,410M,A0,388,388,813694976,5.091468513943255,0.6059989333152771,0.6059989134786834,0.0001342241938855189,False
410M:A0:None,410M,A0,389,389,815792128,5.073088186793029,0.5758140087127686,0.5758139760325679,0.0001335661678097284,False
410M:A0:None,410M,A0,390,390,817889280,5.058847536332905,0.5300263166427612,0.5300262868999949,0.00013290846168083418,False
410M:A0:None,410M,A0,391,391,819986432,5.053038195706904,0.5273905396461487,0.5273905337896068,0.0001322510883035814,False
410M:A0:None,410M,A0,392,392,822083584,5.0272508738562465,0.4660211205482483,0.4660211305021387,0.00013159406047623715,False
410M:A0:None,410M,A0,393,393,824180736,5.0274365888908505,0.5223453044891357,0.5223453391165821,0.00013093739099034077,False
410M:A0:None,410M,A0,394,394,826277888,5.0438232365995646,0.5667945742607117,0.5667945582769467,0.00013028109263045555,False
410M:A0:None,410M,A0,395,395,828375040,5.00976000353694,0.5562121868133545,0.5562121686615024,0.00012962517817391894,False
410M:A0:None,410M,A0,396,396,830472192,5.075071626342833,0.6892517805099487,0.6892517913653273,0.00012896966039059463,False
410M:A0:None,410M,A0,397,397,832569344,5.054865745827556,0.7149760127067566,0.7149760219112798,0.00012831455204262337,False
410M:A0:None,410M,A0,398,398,834666496,5.032595441676676,0.6935418248176575,0.6935417748096576,0.00012765986588417474,False
410M:A0:None,410M,A0,399,399,836763648,5.064398135989904,0.5767675042152405,0.5767674707937205,0.0001270056146611988,False
410M:A0:None,410M,A0,400,400,838860800,5.004829513840377,0.6568631529808044,0.6568631793941629,0.00012635181111117795,False
410M:A0:None,410M,A0,401,401,840957952,5.059830673970282,0.7132965326309204,0.7132965680884306,0.00012569846796287894,False
410M:A0:None,410M,A0,402,402,843055104,5.066387606784701,0.7258895635604858,0.7258895784822387,0.00012504559793610501,False
410M:A0:None,410M,A0,403,403,845152256,5.029646225273609,0.6260002851486206,0.6260002819575232,0.0001243932137414484,False
410M:A0:None,410M,A0,404,404,847249408,5.004905772395432,0.6827083230018616,0.6827083236258961,0.00012374132808004262,False
410M:A0:None,410M,A0,405,405,849346560,5.001463257707655,0.7580776214599609,0.7580776056040502,0.00012308995364331547,False
410M:A0:None,410M,A0,406,406,851443712,5.019120818004012,0.7016516923904419,0.7016517176465811,0.00012243910311274175,False
410M:A0:None,410M,A0,407,407,853540864,5.025424549356103,0.7230039238929749,0.7230039031155134,0.00012178878915959652,False
410M:A0:None,410M,A0,408,408,855638016,5.024018075317144,0.6877161860466003,0.6877161561112235,0.00012113902444470825,False
410M:A0:None,410M,A0,409,409,857735168,5.011464835144579,0.7997356653213501,0.7997356640970258,0.00012048982161821243,False
410M:A0:None,410M,A0,410,410,859832320,4.990517740137875,0.823600709438324,0.823600734730306,0.00011984119331930529,False
410M:A0:None,410M,A0,411,411,861929472,4.998099071905017,0.7306992411613464,0.7306992105419937,0.00011919315217599761,False
410M:A0:None,410M,A0,412,412,864026624,5.015796855092049,0.7423303723335266,0.7423303277864787,0.0001185457108048691,False
410M:A0:None,410M,A0,413,413,866123776,5.00179285556078,0.6883223652839661,0.6883223979049949,0.00011789888181082247,False
410M:A0:None,410M,A0,414,414,868220928,4.959550403058529,0.7143542766571045,0.7143542721946979,0.00011725267778683835,False
410M:A0:None,410M,A0,415,415,870318080,4.987234030850232,0.6949145793914795,0.6949145865239967,0.00011660711131372976,False
410M:A0:None,410M,A0,416,416,872415232,4.982020702213049,0.5503864288330078,0.5503864186617402,0.00011596219495989758,False
410M:A0:None,410M,A0,417,417,874512384,4.945902956649661,0.58347088098526,0.5834708322478479,0.00011531794128108547,False
410M:A0:None,410M,A0,418,418,876609536,4.981781210750341,0.5632084012031555,0.5632083780502947,0.00011467436282013577,False
410M:A0:None,410M,A0,419,419,878706688,4.964723157696426,0.5779417753219604,0.5779417467110072,0.00011403147210674502,False
410M:A0:None,410M,A0,420,420,880803840,4.966068958863616,0.5336785316467285,0.5336785345182855,0.00011338928165722019,False
410M:A0:None,410M,A0,421,421,882900992,4.951014940626919,0.5469253063201904,0.5469253265154908,0.00011274780397423502,False
410M:A0:None,410M,A0,422,422,884998144,4.938696855679154,0.5450407862663269,0.5450407665068603,0.00011210705154658638,False
410M:A0:None,410M,A0,423,423,887095296,4.942185213789344,0.6456280946731567,0.6456280621131303,0.00011146703684895151,False
410M:A0:None,410M,A0,424,424,889192448,5.023541838862002,0.6888682246208191,0.6888682689407188,0.00011082777234164466,False
410M:A0:None,410M,A0,425,425,891289600,4.90427715331316,0.7286490797996521,0.7286490336620303,0.00011018927047037511,False
410M:A0:None,410M,A0,426,426,893386752,4.954979225993156,0.7901883721351624,0.7901883494673654,0.00010955154366600423,False
410M:A0:None,410M,A0,427,427,895483904,4.959109039977193,0.6868292689323425,0.6868292383249313,0.00010891460434430402,False
410M:A0:None,410M,A0,428,428,897581056,4.9688117550686,0.7377015948295593,0.7377015506216517,0.00010827846490571494,False
410M:A0:None,410M,A0,429,429,899678208,4.904037192463875,0.9485272765159607,0.9485273157927342,0.0001076431377351048,False
410M:A0:None,410M,A0,430,430,901775360,4.945178826339543,0.8829461932182312,0.8829461685951452,0.00010700863520152756,False
410M:A0:None,410M,A0,431,431,903872512,4.937230537645519,0.846452534198761,0.8464525715406258,0.00010637496965798236,False
410M:A0:None,410M,A0,432,432,905969664,4.944324406795204,0.6411846876144409,0.6411846610406847,0.00010574215344117333,False
410M:A0:None,410M,A0,433,433,908066816,4.951905945315957,0.6681734919548035,0.6681734191213944,0.00010511019887126906,False
410M:A0:None,410M,A0,434,434,910163968,4.945474310778081,0.6967394948005676,0.6967394790667799,0.0001044791182516631,False
410M:A0:None,410M,A0,435,435,912261120,4.919006976298988,0.5927578806877136,0.5927578802976206,0.00010384892386873397,False
410M:A0:None,410M,A0,436,436,914358272,4.867110618390143,0.5876293182373047,0.5876293091739196,0.00010321962799160653,False
410M:A0:None,410M,A0,437,437,916455424,4.907037737779319,0.5335798859596252,0.5335798459648393,0.00010259124287191258,False
410M:A0:None,410M,A0,438,438,918552576,4.9561182809993625,0.48654863238334656,0.4865486393876531,0.00010196378074355277,False
410M:A0:None,410M,A0,439,439,920649728,4.910897798836231,0.5585115551948547,0.5585115348765441,0.00010133725382245806,False
410M:A0:None,410M,A0,440,440,922746880,4.85749408043921,0.5424779653549194,0.5424779414433727,0.00010071167430635212,False
410M:A0:None,410M,A0,441,441,924844032,4.916235206648707,0.571958065032959,0.5719580717782782,0.00010008705437451384,False
410M:A0:None,410M,A0,442,442,926941184,4.885377432219684,0.5950995087623596,0.5950995398335301,9.946340618753999e-05,False
410M:A0:None,410M,A0,443,443,929038336,4.905600041151047,0.62025386095047,0.6202538560217008,9.884074188710887e-05,False
410M:A0:None,410M,A0,444,444,931135488,4.869823699817061,0.7430751323699951,0.7430750816474313,9.821907359574349e-05,False
410M:A0:None,410M,A0,445,445,933232640,4.9465275621041656,0.8048967719078064,0.8048968174451331,9.759841341657598e-05,False
410M:A0:None,410M,A0,446,446,935329792,4.8372179716825485,0.877612829208374,0.8776128448911102,9.697877343311144e-05,False
410M:A0:None,410M,A0,447,447,937426944,4.87034931499511,0.7843799591064453,0.7843799272058143,9.63601657089933e-05,False
410M:A0:None,410M,A0,448,448,939524096,4.900541824288666,0.6074002385139465,0.6074002370287929,9.57426022877679e-05,False
410M:A0:None,410M,A0,449,449,941621248,4.8774505676701665,0.7202280163764954,0.720228007667961,9.512609519265047e-05,False
410M:A0:None,410M,A0,450,450,943718400,4.862891570664942,0.6003259420394897,0.6003259542255193,9.451065642629069e-05,False
410M:A0:None,410M,A0,451,451,945815552,4.892517829313874,0.6181889176368713,0.6181888968839976,9.389629797053923e-05,False
410M:A0:None,410M,A0,452,452,947912704,4.887921309098601,0.6337400674819946,0.6337400835030056,9.328303178621443e-05,False
410M:A0:None,410M,A0,453,453,950009856,4.8817335199564695,0.6724492907524109,0.6724492444828201,9.267086981286936e-05,False
410M:A0:None,410M,A0,454,454,952107008,4.893091570585966,0.6914113163948059,0.6914112922005744,9.205982396855955e-05,False
410M:A0:None,410M,A0,455,455,954204160,4.861203271895647,0.6348344087600708,0.6348343881971926,9.144990614961065e-05,False
410M:A0:None,410M,A0,456,456,956301312,4.874861215241253,0.5577526092529297,0.5577525998888356,9.08411282303873e-05,False
410M:A0:None,410M,A0,457,457,958398464,4.823153994977474,0.5689429640769958,0.5689429718989224,9.023350206306132e-05,False
410M:A0:None,410M,A0,458,458,960495616,4.854548864997923,0.6326919794082642,0.6326919941218206,8.962703947738161e-05,False
410M:A0:None,410M,A0,459,459,962592768,4.866247824393213,0.6230952143669128,0.6230952099334547,8.902175228044334e-05,False
410M:A0:None,410M,A0,460,460,964689920,4.785491744987667,0.7729384303092957,0.7729384428147826,8.841765225645844e-05,False
410M:A0:None,410M,A0,461,461,966787072,4.867023100145161,0.9587397575378418,0.9587397718055872,8.781475116652585e-05,False
410M:A0:None,410M,A0,462,462,968884224,4.79404831957072,0.8482664227485657,0.8482664498638233,8.721306074840287e-05,False
410M:A0:None,410M,A0,463,463,970981376,4.805755804292858,0.8171578049659729,0.8171577698780164,8.661259271627637e-05,False
410M:A0:None,410M,A0,464,464,973078528,4.817982818931341,0.8465321660041809,0.8465321792641347,8.601335876053478e-05,False
410M:A0:None,410M,A0,465,465,975175680,4.7769984835758805,0.787135660648346,0.7871356449722169,8.541537054754079e-05,False
410M:A0:None,410M,A0,466,466,977272832,4.858046689070761,0.7795203924179077,0.7795204056091979,8.481863971940378e-05,False
410M:A0:None,410M,A0,467,467,979369984,4.8119957922026515,0.6583110690116882,0.65831107584758,8.422317789375337e-05,False
410M:A0:None,410M,A0,468,468,981467136,4.856202706694603,0.5917830467224121,0.591783024155014,8.362899666351327e-05,False
410M:A0:None,410M,A0,469,469,983564288,4.825069524347782,0.6320654153823853,0.6320653892043756,8.303610759667568e-05,False
410M:A0:None,410M,A0,470,470,985661440,4.860533125698566,0.5475038886070251,0.5475038928446061,8.244452223607558e-05,False
410M:A0:None,410M,A0,471,471,987758592,4.793024444021285,0.538223385810852,0.5382233707611366,8.185425209916678e-05,False
410M:A0:None,410M,A0,472,472,989855744,4.802161790430546,0.5530174970626831,0.553017502842587,8.126530867779703e-05,False
410M:A0:None,410M,A0,473,473,991952896,4.7798779886215925,0.5105319619178772,0.5105319793656072,8.067770343798446e-05,False
410M:A0:None,410M,A0,474,474,994050048,4.804086780175567,0.4558199644088745,0.4558199581760491,8.00914478196947e-05,False
410M:A0:None,410M,A0,475,475,996147200,4.822120912373066,0.5148935317993164,0.5148935018647509,7.950655323661762e-05,False
410M:A0:None,410M,A0,476,476,998244352,4.778358674608171,0.5179315209388733,0.5179315336109788,7.89230310759455e-05,False
410M:A0:None,410M,A0,477,477,1000341504,4.804922034963965,0.5301777124404907,0.5301776837794064,7.834089269815109e-05,False
410M:A0:None,410M,A0,478,478,1002438656,4.733326849527657,0.5925532579421997,0.5925532276584555,7.776014943676678e-05,False
410M:A0:None,410M,A0,479,479,1004535808,4.804597698152065,0.7998809814453125,0.7998809325409767,7.718081259816351e-05,False
410M:A0:None,410M,A0,480,480,1006632960,4.821835330687463,1.086428165435791,0.9999991931256773,7.660289346133094e-05,False
410M:A0:None,410M,A0,481,481,1008730112,4.790551098994911,1.044788122177124,0.9999991389877737,7.602640327765782e-05,False
410M:A0:None,410M,A0,482,482,1010827264,4.810250226408243,0.731324315071106,0.7313242721580102,7.545135327071283e-05,False
410M:A0:None,410M,A0,483,483,1012924416,4.773923484608531,0.8391339778900146,0.8391339748025424,7.487775463602618e-05,False
410M:A0:None,410M,A0,484,484,1015021568,4.741626936011016,0.7316362857818604,0.7316362649143535,7.430561854087168e-05,False
410M:A0:None,410M,A0,485,485,1017118720,4.7989230919629335,0.7101879715919495,0.7101880030807117,7.373495612404918e-05,False
410M:A0:None,410M,A0,486,486,1019215872,4.747979896143079,0.7137764096260071,0.7137764127044322,7.316577849566776e-05,False
410M:A0:None,410M,A0,487,487,1021313024,4.780576699413359,0.7286270260810852,0.7286270048549925,7.25980967369296e-05,False
410M:A0:None,410M,A0,488,488,1023410176,4.8032447919249535,0.6753244996070862,0.6753245098657066,7.203192189991395e-05,False
410M:A0:None,410M,A0,489,489,1025507328,4.746287619695067,0.5842074751853943,0.5842074799061943,7.14672650073622e-05,False
410M:A0:None,410M,A0,490,490,1027604480,4.746880615130067,0.6491290330886841,0.6491290066140973,7.09041370524631e-05,False
410M:A0:None,410M,A0,491,491,1029701632,4.745672809891403,0.5664463639259338,0.5664463625369712,7.034254899863906e-05,False
410M:A0:None,410M,A0,492,492,1031798784,4.732083982788026,0.6690489053726196,0.6690489497188518,6.978251177933207e-05,False
410M:A0:None,410M,A0,493,493,1033895936,4.7559486627578735,0.6237342357635498,0.6237342488528255,6.922403629779165e-05,False
410M:A0:None,410M,A0,494,494,1035993088,4.794330958276987,0.6517053842544556,0.6517053676497495,6.866713342686194e-05,False
410M:A0:None,410M,A0,495,495,1038090240,4.795620794408023,0.7012221217155457,0.7012221366437631,6.811181400877023e-05,False
410M:A0:None,410M,A0,496,496,1040187392,4.6814647894352674,0.6621584892272949,0.6621585069252323,6.75580888549161e-05,False
410M:A0:None,410M,A0,497,497,1042284544,4.777312798425555,0.6907668113708496,0.6907667652673116,6.700596874566055e-05,False
410M:A0:None,410M,A0,498,498,1044381696,4.694685763679445,0.6437087655067444,0.6437087162523764,6.645546443011631e-05,False
410M:A0:None,410M,A0,499,499,1046478848,4.752535709179938,0.5809301137924194,0.5809301360059324,6.590658662593856e-05,False
410M:A0:None,410M,A0,500,500,1048576000,4.748925935477018,0.5394724607467651,0.5394724346286995,6.535934601911644e-05,False
410M:A0:None,410M,A0,501,501,1050673152,4.766103029251099,0.6013281941413879,0.6013282300471103,6.481375326376446e-05,False
410M:A0:None,410M,A0,502,502,1052770304,4.696706883609295,0.7492111921310425,0.7492111979993817,6.426981898191584e-05,False
410M:A0:None,410M,A0,503,503,1054867456,4.755421658046544,0.8168650269508362,0.8168650506231278,6.372755376331509e-05,False
410M:A0:None,410M,A0,504,504,1056964608,4.681985095143318,0.9884331822395325,0.9884331704349499,6.318696816521209e-05,False
410M:A0:None,410M,A0,505,505,1059061760,4.772432113066316,0.891176164150238,0.8911761992049446,6.264807271215668e-05,False
410M:A0:None,410M,A0,506,506,1061158912,4.677408137358725,0.6623902320861816,0.6623902352339199,6.211087789579345e-05,False
410M:A0:None,410M,A0,507,507,1063256064,4.704810871742666,0.708300769329071,0.7083007563368661,6.157539417465772e-05,False
410M:A0:None,410M,A0,508,508,1065353216,4.742249705828726,0.6635138392448425,0.6635138545235639,6.10416319739718e-05,False
410M:A0:None,410M,A0,509,509,1067450368,4.709590787999332,0.6435765624046326,0.6435765719680859,6.050960168544216e-05,False
410M:A0:None,410M,A0,510,510,1069547520,4.755177607759833,0.6152746081352234,0.6152746439362928,5.997931366705696e-05,False
410M:A0:None,410M,A0,511,511,1071644672,4.752560302615166,0.5958894491195679,0.5958894733225505,5.9450778242884465e-05,False
410M:A0:None,410M,A0,512,512,1073741824,4.695731605403125,0.6115109920501709,0.6115110018648017,5.892400570287207e-05,False
410M:A0:None,410M,A0,513,513,1075838976,4.718706945888698,0.5591080784797668,0.5591081014714602,5.839900630264592e-05,False
410M:A0:None,410M,A0,514,514,1077936128,4.674221309833229,0.6130279898643494,0.613027988800227,5.787579026331122e-05,False
410M:A0:None,410M,A0,515,515,1080033280,4.723113741725683,0.5462725758552551,0.5462725993160753,5.7354367771253454e-05,False
410M:A0:None,410M,A0,516,516,1082130432,4.715452674776316,0.6371561884880066,0.6371561847402405,5.6834748977939725e-05,False
410M:A0:None,410M,A0,517,517,1084227584,4.676861205138266,0.6601586937904358,0.6601586888796099,5.631694399972132e-05,False
410M:A0:None,410M,A0,518,518,1086324736,4.707712302915752,0.7231367826461792,0.7231367835674145,5.580096291763689e-05,False
410M:A0:None,410M,A0,519,519,1088421888,4.614522662945092,0.666623055934906,0.6666230511825991,5.528681577721585e-05,False
410M:A0:None,410M,A0,520,520,1090519040,4.647788728587329,0.7090631127357483,0.7090631113343484,5.477451258828307e-05,False
410M:A0:None,410M,A0,521,521,1092616192,4.687387152574956,0.8357018828392029,0.835701881247505,5.426406332476381e-05,False
410M:A0:None,410M,A0,522,522,1094713344,4.649665495380759,0.9106392860412598,0.9106392906633569,5.3755477924489856e-05,False
410M:A0:None,410M,A0,523,523,1096810496,4.650691771879792,0.798760175704956,0.7987602167208482,5.324876628900551e-05,False
410M:A0:None,410M,A0,524,524,1098907648,4.682621089741588,0.729047417640686,0.7290474048153645,5.2743938283375434e-05,False
410M:A0:None,410M,A0,525,525,1101004800,4.6725880755111575,0.7135536670684814,0.7135536952890589,5.224100373599211e-05,False
410M:A0:None,410M,A0,526,526,1103101952,4.683862258680165,0.6284661889076233,0.6284661742749895,5.1739972438384666e-05,False
410M:A0:None,410M,A0,527,527,1105199104,4.679393611848354,0.7101470232009888,0.7101470487353275,5.124085414502842e-05,False
410M:A0:None,410M,A0,528,528,1107296256,4.6810489278286695,0.5500580668449402,0.5500580796018496,5.0743658573154614e-05,False
410M:A0:None,410M,A0,529,529,1109393408,4.6846918957307935,0.6001660227775574,0.6001660382523781,5.024839540256152e-05,False
410M:A0:None,410M,A0,530,530,1111490560,4.643392556346953,0.5926080346107483,0.5926080526244231,4.97550742754258e-05,False
410M:A0:None,410M,A0,531,531,1113587712,4.670775651931763,0.5279597640037537,0.5279597519729508,4.9263704796115105e-05,False
410M:A0:None,410M,A0,532,532,1115684864,4.6610775869339705,0.5600051283836365,0.5600051314627487,4.877429653100045e-05,False
410M:A0:None,410M,A0,533,533,1117782016,4.661187090910971,0.5448235869407654,0.5448235665671651,4.82868590082708e-05,False
410M:A0:None,410M,A0,534,534,1119879168,4.625758241862059,0.522972822189331,0.5229728001882697,4.780140171774687e-05,False
410M:A0:None,410M,A0,535,535,1121976320,4.716555188409984,0.536461353302002,0.5364613317380612,4.731793411069674e-05,False
410M:A0:None,410M,A0,536,536,1124073472,4.629929214715958,0.5098155736923218,0.509815568871683,4.683646559965167e-05,False
410M:A0:None,410M,A0,537,537,1126170624,4.645428235642612,0.5465182662010193,0.5465182981535267,4.635700555822313e-05,False
410M:A0:None,410M,A0,538,538,1128267776,4.604712818749249,0.644245445728302,0.6442454137255258,4.587956332091991e-05,False
410M:A0:None,410M,A0,539,539,1130364928,4.683059016242623,0.7393699884414673,0.7393699962851449,4.54041481829666e-05,False
410M:A0:None,410M,A0,540,540,1132462080,4.631744635291398,0.7961602210998535,0.7961602056294143,4.4930769400122754e-05,False
410M:A0:None,410M,A0,541,541,1134559232,4.658346163108945,0.7605546116828918,0.7605545896725964,4.445943618850244e-05,False
410M:A0:None,410M,A0,542,542,1136656384,4.651349370367825,0.7537167072296143,0.753716713081019,4.399015772439489e-05,False
410M:A0:None,410M,A0,543,543,1138753536,4.649196611717343,0.717868447303772,0.7178684657606756,4.352294314408598e-05,False
410M:A0:None,410M,A0,544,544,1140850688,4.666421430185437,0.6030510663986206,0.6030510624386599,4.305780154368016e-05,False
410M:A0:None,410M,A0,545,545,1142947840,4.650122729130089,0.6751211285591125,0.6751211362801196,4.259474197892348e-05,False
410M:A0:None,410M,A0,546,546,1145044992,4.679796900600195,0.6078022718429565,0.6078022769936986,4.213377346502738e-05,False
410M:A0:None,410M,A0,547,547,1147142144,4.627898694016039,0.5695400238037109,0.5695400217645724,4.167490497649292e-05,False
410M:A0:None,410M,A0,548,548,1149239296,4.623103034682572,0.5920455455780029,0.5920455584629981,4.121814544693622e-05,False
410M:A0:None,410M,A0,549,549,1151336448,4.608002319931984,0.5809412598609924,0.5809412648510437,4.076350376891464e-05,False
410M:A0:None,410M,A0,550,550,1153433600,4.638646186329424,0.6162950396537781,0.6162950162045906,4.031098879375334e-05,False
410M:A0:None,410M,A0,551,551,1155530752,4.618301985785365,0.6363637447357178,0.6363637103816412,3.9860609331373296e-05,False
410M:A0:None,410M,A0,552,552,1157627904,4.6387888649478555,0.6571267247200012,0.6571267531572165,3.941237415011945e-05,False
410M:A0:None,410M,A0,553,553,1159725056,4.576485723257065,0.6915373206138611,0.6915373124443158,3.896629197659045e-05,False
410M:A0:None,410M,A0,554,554,1161822208,4.597202793695033,0.6913228631019592,0.6913228979568858,3.852237149546812e-05,False
410M:A0:None,410M,A0,555,555,1163919360,4.643713387660682,0.7207946181297302,0.7207945855444604,3.808062134934907e-05,False
410M:A0:None,410M,A0,556,556,1166016512,4.6148282866925,0.6849851608276367,0.6849851526844439,3.764105013857593e-05,False
410M:A0:None,410M,A0,557,557,1168113664,4.595018630847335,0.602531373500824,0.6025313331406124,3.7203666421070064e-05,False
410M:A0:None,410M,A0,558,558,1170210816,4.607506789267063,0.5885188579559326,0.5885188287791865,3.676847871216514e-05,False
410M:A0:None,410M,A0,559,559,1172307968,4.608754087239504,0.6068522930145264,0.6068522655757953,3.633549548444104e-05,False
410M:A0:None,410M,A0,560,560,1174405120,4.568157497793436,0.5570874214172363,0.5570873639073177,3.5904725167559086e-05,False
410M:A0:None,410M,A0,561,561,1176502272,4.576343380846083,0.5449127554893494,0.5449127600546163,3.547617614809788e-05,False
410M:A0:None,410M,A0,562,562,1178599424,4.632339281029999,0.5513163208961487,0.5513162878702962,3.504985676939019e-05,False
410M:A0:None,410M,A0,563,563,1180696576,4.592024026438594,0.5715687274932861,0.5715687146677716,3.46257753313601e-05,False
410M:A0:None,410M,A0,564,564,1182793728,4.597212738357484,0.6171380281448364,0.6171380535381313,3.420394009036194e-05,False
410M:A0:None,410M,A0,565,565,1184890880,4.611499262042344,0.716427743434906,0.7164277330796315,3.378435925901915e-05,False
410M:A0:None,410M,A0,566,566,1186988032,4.597143482416868,0.8152266144752502,0.8152266002028411,3.336704100606458e-05,False
410M:A0:None,410M,A0,567,567,1189085184,4.545831069350243,0.7547459602355957,0.7547459750210308,3.2951993456181344e-05,False
410M:A0:None,410M,A0,568,568,1191182336,4.5396385584026575,0.5883711576461792,0.5883711917211459,3.253922468984485e-05,False
410M:A0:None,410M,A0,569,569,1193279488,4.618532061576843,0.5798598527908325,0.5798598446213364,3.212874274316521e-05,False
410M:A0:None,410M,A0,570,570,1195376640,4.583612892776728,0.7078291177749634,0.7078291202672286,3.172055560773089e-05,False
410M:A0:None,410M,A0,571,571,1197473792,4.646017135120928,0.6643900871276855,0.6643900533265311,3.1314671230453326e-05,False
410M:A0:None,410M,A0,572,572,1199570944,4.60613351687789,0.5505721569061279,0.55057217695048,3.0911097513411845e-05,False
410M:A0:None,410M,A0,573,573,1201668096,4.5393902556970716,0.6108096241950989,0.6108096223539311,3.0509842313700067e-05,False
410M:A0:None,410M,A0,574,574,1203765248,4.576426979154348,0.5940304398536682,0.5940304422732842,3.0110913443272916e-05,False
410M:A0:None,410M,A0,575,575,1205862400,4.671659764833748,0.4537298083305359,0.4537298062681212,3e-05,False
410M:A0:None,410M,A0,576,576,1207959552,4.579885248094797,0.6024393439292908,0.6024393370969208,3e-05,False
410M:A0:None,410M,A0,577,577,1210056704,4.600197924301028,0.5571495294570923,0.5571495063637473,3e-05,False
410M:A0:None,410M,A0,578,578,1212153856,4.627666142769158,0.5658559203147888,0.565855895916766,3e-05,False
410M:A0:None,410M,A0,579,579,1214251008,4.572469791397452,0.5888826251029968,0.5888826286135834,3e-05,False
410M:A0:None,410M,A0,580,580,1216348160,4.56945227086544,0.5616646409034729,0.5616646698532419,3e-05,False
410M:A0:None,410M,A0,581,581,1218445312,4.565733679570258,0.5671303272247314,0.5671303194321312,3e-05,False
410M:A0:None,410M,A0,582,582,1220542464,4.569811787456274,0.5536542534828186,0.5536542610711375,3e-05,False
410M:A0:None,410M,A0,583,583,1222639616,4.538380858488381,0.6104883551597595,0.6104883765628855,3e-05,False
410M:A0:None,410M,A0,584,584,1224736768,4.614593672566116,0.6825503706932068,0.6825503915492994,3e-05,False
410M:A0:None,410M,A0,585,585,1226833920,4.563809399493039,0.6724860668182373,0.6724860485498857,3e-05,False
410M:A0:None,410M,A0,586,586,1228931072,4.580103449523449,0.7143540978431702,0.7143540639470605,3e-05,False
410M:A0:None,410M,A0,587,587,1231028224,4.601669307798147,0.6714792251586914,0.671479227701146,3e-05,False
410M:A0:None,410M,A0,588,588,1233125376,4.545328478328884,0.6382154822349548,0.6382154576374237,3e-05,False
410M:A0:None,410M,A0,589,589,1235222528,4.538678581826389,0.6355313658714294,0.6355314131904957,3e-05,False
410M:A0:None,410M,A0,590,590,1237319680,4.607393691316247,0.7112257480621338,0.7112257612957256,3e-05,False
410M:A0:None,410M,A0,591,591,1239416832,4.569799294695258,0.7038310170173645,0.703831023909007,3e-05,False
410M:A0:None,410M,A0,592,592,1241513984,4.605412839911878,0.7850075960159302,0.7850075817082394,3e-05,False
410M:A0:None,410M,A0,593,593,1243611136,4.581904036924243,0.8219587802886963,0.8219587576060601,3e-05,False
410M:A0:None,410M,A0,594,594,1245708288,4.563011829741299,0.9301086664199829,0.9301086776645545,3e-05,False
410M:A0:None,410M,A0,595,595,1247805440,4.6466251304373145,0.910531222820282,0.910531236505423,3e-05,False
410M:A0:None,410M,A0,596,596,1249902592,4.586584012024105,0.7062880396842957,0.7062880243736085,3e-05,False
410M:A0:None,410M,A0,597,597,1251999744,4.607959678396583,0.7633880972862244,0.7633881192880771,3e-05,False
410M:A0:None,410M,A0,598,598,1254096896,4.583143247291446,0.7596980333328247,0.7596980367375025,3e-05,False
410M:A0:None,410M,A0,599,599,1256194048,4.549440564587712,0.6726523637771606,0.672652358794681,3e-05,False
410M:A0:None,410M,A0,600,600,1258291200,4.547339788638055,0.7292483448982239,0.7292483546766779,3e-05,False
410M:A0:None,410M,A0,601,601,1260388352,4.561452644877136,0.6409319043159485,0.6409319271009635,3e-05,False
410M:A0:None,410M,A0,602,602,1262485504,4.562040287069976,0.6877738833427429,0.6877739022614977,3e-05,False
410M:A0:None,410M,A0,603,603,1264582656,4.532477308064699,0.6501411199569702,0.6501410998812629,3e-05,False
410M:A0:None,410M,A0,604,604,1266679808,4.6368464063853025,0.6782130599021912,0.6782130822361901,3e-05,False
410M:A0:None,410M,A0,605,605,1268776960,4.580423269420862,0.9396530389785767,0.9396530202470801,3e-05,False
410M:A0:None,410M,A0,606,606,1270874112,4.5475381212309,0.9419223666191101,0.9419223733446366,3e-05,False
410M:A0:None,410M,A0,607,607,1272971264,4.5013005984947085,0.8068777322769165,0.8068776839042132,3e-05,False
410M:A0:None,410M,A0,608,608,1275068416,4.57598194014281,0.8724231719970703,0.8724232320598961,3e-05,False
410M:A0:None,410M,A0,609,609,1277165568,4.53446732275188,0.8185291886329651,0.8185292190985315,3e-05,False
410M:A0:None,410M,A0,610,610,1279262720,4.589058373123407,0.7714654803276062,0.7714655008793327,3e-05,False
410M:A0:None,410M,A0,611,611,1281359872,4.594821583479643,0.723703920841217,0.723703919864547,3e-05,False
410M:A0:None,410M,A0,612,612,1283457024,4.55222341325134,0.8469100594520569,0.846910048090906,3e-05,False
410M:A0:None,410M,A0,613,613,1285554176,4.575808396562934,0.7091377973556519,0.709137800608606,3e-05,False
410M:A0:None,410M,A0,614,614,1287651328,4.56737204361707,0.7451961636543274,0.7451961110573609,3e-05,False
410M:A0:None,410M,A0,615,615,1289748480,4.556589627638459,0.7955188155174255,0.7955188402689769,3e-05,False
410M:A0:None,410M,A0,616,616,1291845632,4.55893802922219,0.7902191281318665,0.7902191442382673,3e-05,False
410M:A0:None,410M,A0,617,617,1293942784,4.589365407824516,0.8352044820785522,0.8352044546846239,3e-05,False
410M:A0:None,410M,A0,618,618,1296039936,4.489337946288288,0.7375332117080688,0.737533222799036,3e-05,False
410M:A0:None,410M,A0,619,619,1298137088,4.567818372510374,0.6758456230163574,0.6758456374076734,3e-05,False
410M:A0:None,410M,A0,620,620,1300234240,4.573183044791222,0.6879063844680786,0.6879064114724506,3e-05,False
410M:A0:None,410M,A0,621,621,1302331392,4.537190213799477,0.7064885497093201,0.7064885172919029,3e-05,False
410M:A0:None,410M,A0,622,622,1304428544,4.581859835423529,0.6883184313774109,0.6883184633564349,3e-05,False
410M:A0:None,410M,A0,623,623,1306525696,4.565177522599697,0.7568138241767883,0.7568138321901783,3e-05,False
410M:A0:None,410M,A0,624,624,1308622848,4.562510773539543,0.8791520595550537,0.8791520532812428,3e-05,False
410M:A0:None,410M,A0,625,625,1310720000,4.462677419185638,0.9593004584312439,0.9593004404493265,3e-05,False
410M:A0:None,410M,A0,626,626,1312817152,4.4969644928351045,1.0082212686538696,0.9999990771210978,3e-05,False
410M:A0:None,410M,A0,627,627,1314914304,4.498794445767999,0.8610861897468567,0.8610862087843844,3e-05,False
410M:A0:None,410M,A0,628,628,1317011456,4.571392516605556,0.7805984616279602,0.7805985135222493,3e-05,False
410M:A0:None,410M,A0,629,629,1319108608,4.5067153358832,0.9010600447654724,0.9010600386066432,3e-05,False
410M:A0:None,410M,A0,630,630,1321205760,4.590499866753817,0.8120089173316956,0.8120089460298947,3e-05,False
410M:A0:None,410M,A0,631,631,1323302912,4.491043115034699,0.8031044602394104,0.8031044755633168,3e-05,False
410M:A0:None,410M,A0,632,632,1325400064,4.5151568269357085,0.8211274743080139,0.8211275140076517,3e-05,False
410M:A0:None,410M,A0,633,633,1327497216,4.548806616105139,0.7962959408760071,0.796295921976138,3e-05,False
410M:A0:None,410M,A0,634,634,1329594368,4.50199868157506,0.6945467591285706,0.6945467695924377,3e-05,False
410M:A0:None,410M,A0,635,635,1331691520,4.559666819870472,0.7455095052719116,0.7455095159422229,3e-05,False
410M:A0:None,410M,A0,636,636,1333788672,4.544324864633381,0.7992829084396362,0.7992829079469755,3e-05,False
410M:A0:None,410M,A0,637,637,1335885824,4.522124571725726,0.8799809217453003,0.8799809098800334,3e-05,False
410M:A0:None,410M,A0,638,638,1337982976,4.564431766048074,0.8100432753562927,0.8100432869333338,3e-05,False
410M:A0:None,410M,A0,639,639,1340080128,4.545926001854241,0.8283669948577881,0.8283670098939133,3e-05,False
410M:A0:None,410M,A0,640,640,1342177280,4.537124716676772,0.8218243718147278,0.8218243555780707,3e-05,False
410M:A0:None,410M,A0,641,641,1344274432,4.482956692576408,0.7674173712730408,0.767417373826783,3e-05,False
410M:A0:None,410M,A0,642,642,1346371584,4.568029520101845,0.8674018383026123,0.8674018136152031,3e-05,False
410M:A0:None,410M,A0,643,643,1348468736,4.5426190588623285,0.9779000282287598,0.9779000376796576,3e-05,False
410M:A0:None,410M,A0,644,644,1350565888,4.557312077842653,1.007901906967163,0.9999990754006861,3e-05,False
410M:A0:None,410M,A0,645,645,1352663040,4.499638288281858,1.0860848426818848,0.9999991340207025,3e-05,False
410M:A0:None,410M,A0,646,646,1354760192,4.566621309146285,0.7413367629051208,0.7413367300976668,3e-05,False
410M:A0:None,410M,A0,647,647,1356857344,4.53923748806119,0.8501182198524475,0.8501182456559057,3e-05,False
410M:A0:None,410M,A0,648,648,1358954496,4.543514434248209,0.8469959497451782,0.8469959402942232,3e-05,False
410M:A0:None,410M,A0,649,649,1361051648,4.521181260235608,0.7079026103019714,0.7079026325259804,3e-05,False
410M:A0:None,410M,A0,650,650,1363148800,4.481857221573591,0.8147941827774048,0.8147942172858591,3e-05,False
410M:A0:None,410M,A0,651,651,1365245952,4.545306280255318,0.8400232791900635,0.8400232804431131,3e-05,False
410M:A0:None,410M,A0,652,652,1367343104,4.481844055466354,0.9887495636940002,0.9887495683389061,3e-05,False
410M:A0:None,410M,A0,653,653,1369440256,4.50459023937583,1.2091668844223022,0.9999991721381344,3e-05,False
410M:A0:None,410M,A0,654,654,1371537408,4.583948014304042,0.9408353567123413,0.9408353303933693,3e-05,False
410M:A0:None,410M,A0,655,655,1373634560,4.561477444134653,0.9833605289459229,0.9833605678374023,3e-05,False
410M:A0:None,410M,A0,656,656,1375731712,4.482411051169038,1.2266175746917725,0.9999992742453773,3e-05,False
410M:A0:None,410M,A0,657,657,1377828864,4.468723324127495,1.0214520692825317,0.9999990220961986,3e-05,False
410M:A0:None,410M,A0,658,658,1379926016,4.493463698774576,1.095154047012329,0.9999991837899163,3e-05,False
410M:A0:None,410M,A0,659,659,1382023168,4.463217128068209,0.9853056073188782,0.9853055945313454,3e-05,False
410M:A0:None,410M,A0,660,660,1384120320,4.536009026691318,0.8590173721313477,0.8590173986988944,3e-05,False
410M:A0:None,410M,A0,661,661,1386217472,4.537993775680661,0.9690731763839722,0.9690731376145018,3e-05,False
410M:A0:None,410M,A0,662,662,1388314624,4.508100809529424,0.9928082823753357,0.9928082610190805,3e-05,False
410M:A0:None,410M,A0,663,663,1390411776,4.494159669615328,0.9325802326202393,0.9325802221037791,3e-05,False
410M:A0:None,410M,A0,664,664,1392508928,4.510481500066817,1.0885834693908691,0.9999991090486523,3e-05,False
410M:A0:None,410M,A0,665,665,1394606080,4.540861797519028,1.0135352611541748,0.9999989900492445,3e-05,False
410M:A0:None,410M,A0,666,666,1396703232,4.547532537020743,1.0685553550720215,0.9999991562201324,3e-05,False
410M:A0:None,410M,A0,667,667,1398800384,4.4922878704965115,1.075866460800171,0.9999991512801941,3e-05,False
410M:A0:None,410M,A0,668,668,1400897536,4.4972660802304745,0.8616734147071838,0.8616734240468625,3e-05,False
410M:A0:None,410M,A0,669,669,1402994688,4.434540133923292,0.848866879940033,0.8488668935097929,3e-05,False
410M:A0:None,410M,A0,670,670,1405091840,4.526409178972244,0.9702165722846985,0.9702165957547729,3e-05,False
410M:A0:None,410M,A0,671,671,1407188992,4.520476771518588,0.9583010673522949,0.958301062669089,3e-05,False
410M:A0:None,410M,A0,672,672,1409286144,4.491466749459505,0.7461069822311401,0.7461070028581391,3e-05,False
410M:A0:None,410M,A0,673,673,1411383296,4.460735574364662,0.7402445673942566,0.7402445608513937,3e-05,False
410M:A0:None,410M,A0,674,674,1413480448,4.58796959836036,0.790076494216919,0.7900765401669875,3e-05,False
410M:A0:None,410M,A0,675,675,1415577600,4.499941452406347,0.850662350654602,0.8506623504565147,3e-05,False
410M:A0:None,410M,A0,676,676,1417674752,4.449791034683585,0.9854010939598083,0.9854010980148143,3e-05,False
410M:A0:None,410M,A0,677,677,1419771904,4.489665686152875,1.331903338432312,0.9999993695474074,3e-05,False
410M:A0:None,410M,A0,678,678,1421869056,4.443370207212865,0.9826690554618835,0.9826691090516546,3e-05,False
410M:A0:None,410M,A0,679,679,1423966208,4.567615130916238,0.8779998421669006,0.8779998068097727,3e-05,False
410M:A0:None,410M,A0,680,680,1426063360,4.54274080041796,1.0964757204055786,0.9999991202255122,3e-05,False
410M:A0:None,410M,A0,681,681,1428160512,4.478934190236032,1.1911356449127197,0.9999991639684223,3e-05,False
410M:A0:None,410M,A0,682,682,1430257664,4.431009321473539,0.8903627395629883,0.890362743382385,3e-05,False
410M:A0:None,410M,A0,683,683,1432354816,4.519124030135572,1.0901020765304565,0.9999991401513123,3e-05,False
410M:A0:None,410M,A0,684,684,1434451968,4.491192617453635,1.092684268951416,0.9999990734021099,3e-05,False
410M:A0:None,410M,A0,685,685,1436549120,4.473506328649819,0.9155163764953613,0.9155163495467558,3e-05,False
410M:A0:None,410M,A0,686,686,1438646272,4.507924483157694,1.0530574321746826,0.9999989851532991,3e-05,False
410M:A0:None,410M,A0,687,687,1440743424,4.52544901240617,1.1334909200668335,0.999999137276917,3e-05,False
410M:A0:None,410M,A0,688,688,1442840576,4.461055477149785,0.9790394902229309,0.9790394768739251,3e-05,False
410M:A0:None,410M,A0,689,689,1444937728,4.4575305469334126,1.0877333879470825,0.9999991301574707,3e-05,False
410M:A0:None,410M,A0,690,690,1447034880,4.519500293768942,1.2401759624481201,0.9999992590755973,3e-05,False
410M:A0:None,410M,A0,691,691,1449132032,4.48347791004926,1.0547794103622437,0.9999991097959158,3e-05,False
410M:A0:None,410M,A0,692,692,1451229184,4.505399506539106,0.8659440875053406,0.8659441085418967,3e-05,False
410M:A0:None,410M,A0,693,693,1453326336,4.496705252677202,0.8759086728096008,0.8759086756789201,3e-05,False
410M:A0:None,410M,A0,694,694,1455423488,4.470220781862736,1.017016887664795,0.9999990484808726,3e-05,False
410M:A0:None,410M,A0,695,695,1457520640,4.421370524913073,1.2233469486236572,0.9999992113380742,3e-05,False
410M:A0:None,410M,A0,696,696,1459617792,4.4933220921084285,1.081803560256958,0.9999992116240324,3e-05,False
410M:A0:None,410M,A0,697,697,1461714944,4.479301241226494,1.0382696390151978,0.9999990531377969,3e-05,False
410M:A0:None,410M,A0,698,698,1463812096,4.487999781966209,1.1239049434661865,0.9999991865092884,3e-05,False
410M:A0:None,410M,A0,699,699,1465909248,4.438120731152594,0.9520447254180908,0.9520446907466796,3e-05,False
410M:A0:None,410M,A0,700,700,1468006400,4.442681247368455,0.8525806069374084,0.8525805779709585,3e-05,False
410M:A0:None,410M,A0,701,701,1470103552,4.527065651491284,0.9039402604103088,0.90394027576175,3e-05,False
410M:A0:None,410M,A0,702,702,1472200704,4.454823658801615,1.0436691045761108,0.9999991063231373,3e-05,False
410M:A0:None,410M,A0,703,703,1474297856,4.525625643320382,1.3101801872253418,0.9999992962042215,3e-05,False
410M:A0:None,410M,A0,704,704,1476395008,4.456482971087098,0.7554368376731873,0.7554368726154336,3e-05,False
410M:A0:None,410M,A0,705,705,1478492160,4.453145608305931,0.8643849492073059,0.8643849787174043,3e-05,False
410M:A0:None,410M,A0,706,706,1480589312,4.477877515368164,1.2396352291107178,0.9999992203208206,3e-05,False
410M:A0:None,410M,A0,707,707,1482686464,4.444666811265051,0.93653804063797,0.9365380224210486,3e-05,False
410M:A0:None,410M,A0,708,708,1484783616,4.4981161104515195,1.133133888244629,0.9999990672383126,3e-05,False
410M:A0:None,410M,A0,709,709,1486880768,4.479030618444085,1.0587852001190186,0.9999990527979798,3e-05,False
410M:A0:None,410M,A0,710,710,1488977920,4.52577702794224,1.4528473615646362,0.9999993576537156,3e-05,False
410M:A0:None,410M,A0,711,711,1491075072,4.4556862050667405,0.9135441184043884,0.9135441477118711,3e-05,False
410M:A0:None,410M,A0,712,712,1493172224,4.448348488658667,1.2627923488616943,0.9999991740487753,3e-05,False
