hardware_attempt,gpu,process_id,role,process_repeat,component,execution_mode,condition_id,model_size,family,kappa,partition,implementation,selected_linear_sites,attention_qk_pv_execution,process_stage,process_error,quality_scope,reference_correctness_pass,candidate_correctness_pass,mode_correctness_pass,failed_candidate_validation_blocks,max_abs_logit_error,max_relative_l2,qualified_complete_timing,canonical_validation_loss,measured_R_model_fraction,measured_R_model_percent,block_zero_product_count,model_product_count,run025_reference_validation_loss,run025_candidate_validation_loss,run025_candidate_validation_loss_delta,timing_available,paired_geomean_speedup,reference_median_host_ms,candidate_median_host_ms,speedup_input_cluster_ci95_low,speedup_input_cluster_ci95_high,paired_timing_samples,timing_input_clusters,input_manifest_sha256,development_input_sha256,manifest_sha256,timing_sha256,timing_samples_sha256,quality_sha256,source
rtxpro4500-003,NVIDIA RTX PRO 4500 Blackwell,component-attnproj-14m-a0-k013-rtxpro4500-003,component,,attention_projection,eager,14m/a0,14M,A0,,development,k013,a;z,dense SDPA except selected attention projection linears,complete,,complete-validation,True,True,True,0,0.0,0.0,True,5.2085730123096665,1.1415112639303073e-08,1.1415112639303072e-06,72635,6363055915008,5.209966218440203,5.209973189238929,6.9707987258027515e-06,True,1.0111835007809136,5.579847143962979,5.559641635045409,0.998835136705638,1.0276624353884312,80,16,26ee05928200134671caaf0ae62e9722df8584124a8ceee483f1cfd7923c5a5b,4bd751109b82f203ed904946874d12f1d9bb576874689a7990654a39c2644378,48993cdfaa7dbbbd9d0fea04562900860ea51b2e1b59d8c4345b7902a069e2ca,93082bcb81db75cbea07480f892f411189f1402042da469ca62c4af657a857c4,f99b509c52c35591678e03d94e66fc32d33069233a95f73d3d37dfc031aa1918,148721e7e0e4ac349640fa9d790cd8d3ef7ad36c12823b95d6471334454cb8e9,runs/025-2026-09-05-pythia-agentic-sparse-kernel-search/retrieved/rtxpro4500-003/evidence-verified/artifacts/component-attnproj-14m-a0-k013-rtxpro4500-003
rtxpro4500-003,NVIDIA RTX PRO 4500 Blackwell,component-attnproj-14m-a4-0-k013-rtxpro4500-003,component,,attention_projection,eager,14m/a4-0,14M,A4-OL1,0.0,development,k013,a;z,dense SDPA except selected attention projection linears,complete,,complete-validation,True,True,True,0,0.0,0.0,True,5.458276166718387,0.0781004229286857,7.81004229286857,496957358081,6363055915008,5.4598567823695845,5.459861111992483,4.3296228984246454e-06,True,1.0236008410896624,7.679269416257739,7.3220920749008656,1.0100594693129312,1.0412085410037581,80,16,26ee05928200134671caaf0ae62e9722df8584124a8ceee483f1cfd7923c5a5b,4bd751109b82f203ed904946874d12f1d9bb576874689a7990654a39c2644378,21a7b548f435d13e0169c35191ce408c67737cb54e291b7df3ff536208f4278e,fc737287ee671884587301c8e68ab2c012f1b6601f76ed35a52af101c02c1f10,7c59c156e08ce6b0177efafc97dbf7d2b814be3308a5c3b608cde6eabfa2111d,61d071d8967400fe5b4e0032d3dcf646ee87f5fb39563f7d97853f61ff709c78,runs/025-2026-09-05-pythia-agentic-sparse-kernel-search/retrieved/rtxpro4500-003/evidence-verified/artifacts/component-attnproj-14m-a4-0-k013-rtxpro4500-003
rtxpro4500-003,NVIDIA RTX PRO 4500 Blackwell,component-attnproj-14m-a4-0p5-k013-rtxpro4500-003,component,,attention_projection,eager,14m/a4-0p5,14M,A4-OL1,0.5,development,k013,a;z,dense SDPA except selected attention projection linears,complete,,complete-validation,True,True,True,0,0.0,0.0,True,6.037982463131289,0.12713448684742273,12.713448684742273,808963848536,6363055915008,6.040296513804297,6.040296513804297,0.0,True,1.014049649121279,5.239559570327401,5.14771300368011,1.0088614835112268,1.0185823704892867,80,16,26ee05928200134671caaf0ae62e9722df8584124a8ceee483f1cfd7923c5a5b,4bd751109b82f203ed904946874d12f1d9bb576874689a7990654a39c2644378,ad221ca1edf928889b050e1ff6060e8017632279c9846021a2062853a672168a,c9c1e19ed5fddc04a4e309d82d618ce9a287e0c7c7d0dc21063b22521a804a4d,33131ddcff1e93e47c04bd1f215ad299dc503635da7260fad2866852c5ab1ccd,1c34d8049c9144af5dac96cc0a3ef3281856b9710bcf0ae9f74c772b8f15d9e7,runs/025-2026-09-05-pythia-agentic-sparse-kernel-search/retrieved/rtxpro4500-003/evidence-verified/artifacts/component-attnproj-14m-a4-0p5-k013-rtxpro4500-003
rtxpro4500-003,NVIDIA RTX PRO 4500 Blackwell,component-attnproj-14m-a7-0-k013-rtxpro4500-003,component,,attention_projection,eager,14m/a7-0,14M,A7-OL1,0.0,development,k013,a;z,dense SDPA except selected attention projection linears,complete,,complete-validation,True,True,True,0,0.0,0.0,True,5.480180751642532,0.0705422917861371,7.054229178613711,448864547008,6363055915008,5.482406401979291,5.48238318292094,-2.321905835067639e-05,True,1.0137458071868746,5.272128619253635,5.1820846274495125,1.0069260127302495,1.019329312251402,80,16,26ee05928200134671caaf0ae62e9722df8584124a8ceee483f1cfd7923c5a5b,4bd751109b82f203ed904946874d12f1d9bb576874689a7990654a39c2644378,5c356bbbba440edb33937c91b6ad125dd5af4bf285f729a8c884faa789c9ef98,1adca27ef834060e595bc557e527ccfe461c3c23ebce412bbbd4cd54347779f4,92a8b1d80b3f73da36bcf39823391a3d6ea62bb96098b6d66aac61333ccf2834,70f0817989618feeef5f8536e31775abc64194b30c37aebf41ddc18c85474e8f,runs/025-2026-09-05-pythia-agentic-sparse-kernel-search/retrieved/rtxpro4500-003/evidence-verified/artifacts/component-attnproj-14m-a7-0-k013-rtxpro4500-003
rtxpro4500-003,NVIDIA RTX PRO 4500 Blackwell,component-attnproj-14m-a7-0p5-k013-rtxpro4500-003,component,,attention_projection,eager,14m/a7-0p5,14M,A7-OL1,0.5,development,k013,a;z,dense SDPA except selected attention projection linears,complete,,complete-validation,True,True,True,0,0.0,0.0,True,5.829406580981418,0.27482684296304843,27.482684296304843,1748738568719,6363055915008,5.831297464664293,5.831297464664293,0.0,True,1.0160874384181036,5.91748021543026,5.82377053797245,1.012446957232794,1.018708608006485,80,16,26ee05928200134671caaf0ae62e9722df8584124a8ceee483f1cfd7923c5a5b,4bd751109b82f203ed904946874d12f1d9bb576874689a7990654a39c2644378,2fd0019cd5b17e959b98b84c59076b382a86251f0bda6c4a83a58a0eda405c0a,dcc2662dfcd075eec3853f430d6e4679440af186cfe7573a327acb503cb0bf22,91b41699f71a4970f1404c1d83ae1c98dee4788ba50b78014a5ab616b65c4f2a,3c0181ad73c0e4720f43ecd4235aa1316da6fa568f6d795e28abf3e00b9573bd,runs/025-2026-09-05-pythia-agentic-sparse-kernel-search/retrieved/rtxpro4500-003/evidence-verified/artifacts/component-attnproj-14m-a7-0p5-k013-rtxpro4500-003
rtxpro4500-003,NVIDIA RTX PRO 4500 Blackwell,component-attnproj-70m-a4-0-k016-rtxpro4500-003,component,,attention_projection,eager,70m/a4-0,70M,A4-OL1,0.0,development,k016,a;z,dense SDPA except selected attention projection linears,complete,,complete-validation,True,True,True,0,0.0,0.0,True,4.805361172503973,0.25672509475572236,25.672509475572237,9049865489862,35251191545856,4.814718091569863,4.814620438989633,-9.765258023008982e-05,True,1.0080776964148266,5.603306461125612,5.505781155079603,1.002227936701821,1.0141078043010623,80,16,26ee05928200134671caaf0ae62e9722df8584124a8ceee483f1cfd7923c5a5b,4bd751109b82f203ed904946874d12f1d9bb576874689a7990654a39c2644378,220a45daafc3723d10871bfec0260ae2c2aaf6b254dc7d49ed8a53571273f4a3,e7c7dfec6d06f036ceb26ec04decdb8fa0798bd122916ae787a870d1585a78f6,86689ee1412ee66a77a90e892f0409c874447f16d749307eec793a9e8ba407cc,d522abb00eb2dce9db14bae1055c9dcc6de498968a0f1175bfe74072f818b432,runs/025-2026-09-05-pythia-agentic-sparse-kernel-search/retrieved/rtxpro4500-003/evidence-verified/artifacts/component-attnproj-70m-a4-0-k016-rtxpro4500-003
rtxpro4500-003,NVIDIA RTX PRO 4500 Blackwell,component-attnproj-70m-a4-0p5-k016-rtxpro4500-003,component,,attention_projection,eager,70m/a4-0p5,70M,A4-OL1,0.5,development,k016,a;z,dense SDPA except selected attention projection linears,complete,,complete-validation,True,True,True,0,0.0,0.0,True,5.389480136202637,0.3559621916980309,35.59621916980309,12548091402630,35251191545856,5.398816271078256,5.398816278135506,7.057249895581208e-09,True,1.016411985279005,5.654012085869908,5.556266056373715,0.9952075944723584,1.0336752087343855,80,16,26ee05928200134671caaf0ae62e9722df8584124a8ceee483f1cfd7923c5a5b,4bd751109b82f203ed904946874d12f1d9bb576874689a7990654a39c2644378,6754f982c5d3a93e81ff98040bfe08ece6ff898ee0f947e6452565f0e305e3c9,21fb82662392a07aa92dafe7868c5c700091b5ee444f0f7193b2191c1029d03e,a75921cef72b5d7b02d6a9afb908d4a128640190564c62fb2629ef0880f08616,115f0ff1aa21c3a753835afbe2dc867429acac4f53d8e3906980e6a2c3e33a0a,runs/025-2026-09-05-pythia-agentic-sparse-kernel-search/retrieved/rtxpro4500-003/evidence-verified/artifacts/component-attnproj-70m-a4-0p5-k016-rtxpro4500-003
rtxpro4500-003,NVIDIA RTX PRO 4500 Blackwell,component-attnproj-70m-a7-0-k016-rtxpro4500-003,component,,attention_projection,eager,70m/a7-0,70M,A7-OL1,0.0,development,k016,z,dense SDPA except selected attention projection linears,complete,,complete-validation,True,True,True,0,0.0,0.0,True,4.941205969223609,0.23562417494680196,23.562417494680197,8306032923884,35251191545856,4.9502589823041205,4.950281527747955,2.2545443834509626e-05,True,1.006201521290051,5.584718892350793,5.56210009381175,0.9910966862473798,1.0207360126704226,80,16,26ee05928200134671caaf0ae62e9722df8584124a8ceee483f1cfd7923c5a5b,4bd751109b82f203ed904946874d12f1d9bb576874689a7990654a39c2644378,5d581ccbc4def3f7384e63438cba1067b33734d15b60bef3cab60495dfb7139b,68a044a63e76c70ce98edfbba505e14c3c8c95a576302275d72a659b5f2b6c6f,3ec317d53b92c52d512bc0d747a46ac996589b1a8456563fd15f739eb02ce78b,6b1d32c6053cd755621767fdd679bb16924a7b7f0969040de6b8eee38ca6b6c0,runs/025-2026-09-05-pythia-agentic-sparse-kernel-search/retrieved/rtxpro4500-003/evidence-verified/artifacts/component-attnproj-70m-a7-0-k016-rtxpro4500-003
rtxpro4500-003,NVIDIA RTX PRO 4500 Blackwell,component-attnproj-70m-a7-0p5-k016-rtxpro4500-003,component,,attention_projection,eager,70m/a7-0p5,70M,A7-OL1,0.5,development,k016,z,dense SDPA except selected attention projection linears,complete,,complete-validation,True,True,True,0,0.0,0.0,True,5.215924663303872,0.4060187215635989,40.60187215635989,14312643725042,35251191545856,5.2265333158010545,5.2265333158010545,0.0,True,1.0072750933380663,6.350624607875943,6.333239143714309,0.9956351755945362,1.0234883138466058,80,16,26ee05928200134671caaf0ae62e9722df8584124a8ceee483f1cfd7923c5a5b,4bd751109b82f203ed904946874d12f1d9bb576874689a7990654a39c2644378,64b28a3eb9a6f293c69e5094b1ce03f688f21d23a6440c007b210014f4c1ad0e,dabf02f4e98151e919efa7d9189f0f00bbe9edb389460192c4f6841e2b2b4171,aa461124ae944901b01c9dfccb5b71636b08a4269b821759d090be5daa8e5673,3bef1d3650a67dc4f28e2a66c7826caceb3bbae4e7bd8741e7d10e9d7e3002b9,runs/025-2026-09-05-pythia-agentic-sparse-kernel-search/retrieved/rtxpro4500-003/evidence-verified/artifacts/component-attnproj-70m-a7-0p5-k016-rtxpro4500-003
rtxpro4500-003,NVIDIA RTX PRO 4500 Blackwell,component-ffn-14m-a0-k013-rtxpro4500-003,component,,ffn,eager,14m/a0,14M,A0,,development,k013,h;m,dense SDPA except selected attention projection linears,complete,,complete-validation,True,True,True,0,0.0,0.0,True,5.2085730123096665,1.1415112639303073e-08,1.1415112639303072e-06,72635,6363055915008,5.209966218440203,5.209977526977665,1.1308537462006996e-05,True,0.9638763868446208,5.610777530819178,5.642619915306568,0.9510649062359336,0.9775892670639738,80,16,26ee05928200134671caaf0ae62e9722df8584124a8ceee483f1cfd7923c5a5b,4bd751109b82f203ed904946874d12f1d9bb576874689a7990654a39c2644378,614d586fbb6f737bbfc4d981b47ea3fa8650fc0bb512bfa066b63b82b6bf1bf0,7702c085c45fb3333ff79d87d8fe528776b61adaa166077a0e5876aa289d663c,498cfaa64889319745eec342ed04990bcb6a7ff9728b75d2ea39977ddf2f461c,81e1d02aaf9e719e7bbb7296ae781a4d84751dbb35a05257d96e908726b332a3,runs/025-2026-09-05-pythia-agentic-sparse-kernel-search/retrieved/rtxpro4500-003/evidence-verified/artifacts/component-ffn-14m-a0-k013-rtxpro4500-003
rtxpro4500-003,NVIDIA RTX PRO 4500 Blackwell,component-ffn-14m-a1h-k013-rtxpro4500-003,component,,ffn,eager,14m/a1h,14M,A1-H,,development,k013,h,dense SDPA except selected attention projection linears,complete,,complete-validation,True,True,True,0,0.0,0.0,True,5.26963426093378,0.027141299328466276,2.7141299328466277,172701605233,6363055915008,5.271187088342137,5.271209181063382,2.2092721245314806e-05,True,1.0113885768824293,3.8618824910372496,3.879243042320013,0.9887009136315207,1.0404957444698433,80,16,26ee05928200134671caaf0ae62e9722df8584124a8ceee483f1cfd7923c5a5b,4bd751109b82f203ed904946874d12f1d9bb576874689a7990654a39c2644378,b206ca3671f316fc9d456fe0cf9a3e124ea9ec4de7f738ea3a65810946a3ab23,971db24c34a71a77be80652b15e3b337f7e8d9ca533ad6b4e2b9ae4865ac0516,bdd0f2f0d5e719322a8aed786453b49231666fb52d9c832df7e22c3fb05a08f4,4424d4e1432394bb0e85e5929744b1f27926a6ddb2b81120682aecbbbd93d2e8,runs/025-2026-09-05-pythia-agentic-sparse-kernel-search/retrieved/rtxpro4500-003/evidence-verified/artifacts/component-ffn-14m-a1h-k013-rtxpro4500-003
rtxpro4500-003,NVIDIA RTX PRO 4500 Blackwell,component-ffn-14m-a4-0-k013-rtxpro4500-003,component,,ffn,eager,14m/a4-0,14M,A4-OL1,0.0,development,k013,h;m,dense SDPA except selected attention projection linears,complete,,complete-validation,True,True,True,0,0.0,0.0,True,5.458276166718387,0.0781004229286857,7.81004229286857,496957358081,6363055915008,5.4598567823695845,5.459852586834437,-4.195535147744067e-06,True,1.0195720186866972,5.238348618149757,5.171849625185132,1.0108256117071637,1.0322447239830028,80,16,26ee05928200134671caaf0ae62e9722df8584124a8ceee483f1cfd7923c5a5b,4bd751109b82f203ed904946874d12f1d9bb576874689a7990654a39c2644378,e40f62c178e738c85409e2dd6bf70b2ca760efca0b06232eebe57e571f81686d,eb62ebb51fbaeaf4362eb2d727eb61396572e4ceb067d853513951fcc5e1c6dd,ae80fff0f1047be302024f072571b7bf084b99da449276fdb5c6b1cf72c71b5d,ad979c9be524ed457c7549c3d2ae81f2f67ce8b218c1a9ab9f8e9c85645caac2,runs/025-2026-09-05-pythia-agentic-sparse-kernel-search/retrieved/rtxpro4500-003/evidence-verified/artifacts/component-ffn-14m-a4-0-k013-rtxpro4500-003
rtxpro4500-003,NVIDIA RTX PRO 4500 Blackwell,component-ffn-14m-a4-0p5-k013-rtxpro4500-003,component,,ffn,eager,14m/a4-0p5,14M,A4-OL1,0.5,development,k013,h;m,dense SDPA except selected attention projection linears,complete,,complete-validation,True,True,True,0,0.0,0.0,True,6.037982463131289,0.12713448684742273,12.713448684742273,808963848536,6363055915008,6.040296513804297,6.040296513804297,0.0,True,1.012723877587733,5.162725457921624,5.113347200676799,1.0035296507033282,1.0262626041511653,80,16,26ee05928200134671caaf0ae62e9722df8584124a8ceee483f1cfd7923c5a5b,4bd751109b82f203ed904946874d12f1d9bb576874689a7990654a39c2644378,ded5651c00a700d23ab601f7f184f47d0f56efc3d1ccd88c1a692523d90d171b,be0b8bc819aa6297d4ee52938aab1b00ea107a73981e9e391521848cf932e52f,e369c4862e12c98249beba92854071a44b5ca30d60af46b99ecacd36cdbe9689,1c34d8049c9144af5dac96cc0a3ef3281856b9710bcf0ae9f74c772b8f15d9e7,runs/025-2026-09-05-pythia-agentic-sparse-kernel-search/retrieved/rtxpro4500-003/evidence-verified/artifacts/component-ffn-14m-a4-0p5-k013-rtxpro4500-003
rtxpro4500-003,NVIDIA RTX PRO 4500 Blackwell,component-ffn-14m-a7-0-k013-rtxpro4500-003,component,,ffn,eager,14m/a7-0,14M,A7-OL1,0.0,development,k013,h;m,dense SDPA except selected attention projection linears,complete,,complete-validation,True,True,True,0,0.0,0.0,True,5.480180751642532,0.0705422917861371,7.054229178613711,448864547008,6363055915008,5.482406401979291,5.482400830986111,-5.570993179659922e-06,True,1.0088640663476924,5.270140012726188,5.205113440752029,1.0033095498947806,1.0132273973925006,80,16,26ee05928200134671caaf0ae62e9722df8584124a8ceee483f1cfd7923c5a5b,4bd751109b82f203ed904946874d12f1d9bb576874689a7990654a39c2644378,38f618a04cfd2e307fc82233f8b68e8932fa587775c298b0bd09e9b82085783f,0f353fdd88c45af08c37aeae8f83173abbdd7788499b8f1f35d68be1087c6186,266d99d3ee1a8cb5e78d20c694b0373deb3bcf4dd96665261e231b9234c81c41,a8bf708fa3aec4669692aa81ee1caa6a57449ef486ba08a13f6f783e27af9933,runs/025-2026-09-05-pythia-agentic-sparse-kernel-search/retrieved/rtxpro4500-003/evidence-verified/artifacts/component-ffn-14m-a7-0-k013-rtxpro4500-003
rtxpro4500-003,NVIDIA RTX PRO 4500 Blackwell,component-ffn-14m-a7-0p5-k013-rtxpro4500-003,component,,ffn,eager,14m/a7-0p5,14M,A7-OL1,0.5,development,k013,h;m,dense SDPA except selected attention projection linears,complete,,complete-validation,True,True,True,0,0.0,0.0,True,5.829406580981418,0.27482684296304843,27.482684296304843,1748738568719,6363055915008,5.831297464664293,5.831297460429942,-4.2343506478914605e-09,True,1.0144755017810623,6.045194808393717,5.959572270512581,1.0045053633105672,1.0253454457261173,80,16,26ee05928200134671caaf0ae62e9722df8584124a8ceee483f1cfd7923c5a5b,4bd751109b82f203ed904946874d12f1d9bb576874689a7990654a39c2644378,0e23aa8e774ff6dfd6a61388e5149a44b6fbcdd67eb18a44b0096cd407976073,15b15a65ce512a91556b01aaba864347939ddcca954bfe0b8adb5cf131838af8,2933c86c85676ff3dfc82e313bc212ba7165389669ce6ecbcad01a90b1dbffe1,400b31c4b7a2b130f1086803f5ec3e9bacb2da41411b3488a1df6ec07c81e183,runs/025-2026-09-05-pythia-agentic-sparse-kernel-search/retrieved/rtxpro4500-003/evidence-verified/artifacts/component-ffn-14m-a7-0p5-k013-rtxpro4500-003
rtxpro4500-003,NVIDIA RTX PRO 4500 Blackwell,component-ffn-70m-a1h-k016-rtxpro4500-003,component,,ffn,eager,70m/a1h,70M,A1-H,,development,k016,h,dense SDPA except selected attention projection linears,complete,,complete-validation,True,True,True,0,0.0,0.0,True,4.222749641308417,0.1006575817198192,10.06575817198192,3548299693748,35251191545856,4.2312623229465816,4.231266270419391,3.947472809073815e-06,True,0.959374905223186,6.087227491661906,6.216811016201973,0.9501034428937135,0.9684259453634815,80,16,26ee05928200134671caaf0ae62e9722df8584124a8ceee483f1cfd7923c5a5b,4bd751109b82f203ed904946874d12f1d9bb576874689a7990654a39c2644378,5339b7e53f78d586821d3da6aaeb30a97516dbba659bb719924a918539e2eafd,c40f0f38642b3c0b77b98404f9a69453279e327cdd85c80a8b56532a029dd226,0f72c397e5a685d42d6290c690f8c55b36b0ac13e46036b534d97a1895eea876,7c296324e3e573453d87e0a9194ba7fd177ff54ba70aae2cd79b03727e9f58a0,runs/025-2026-09-05-pythia-agentic-sparse-kernel-search/retrieved/rtxpro4500-003/evidence-verified/artifacts/component-ffn-70m-a1h-k016-rtxpro4500-003
rtxpro4500-003,NVIDIA RTX PRO 4500 Blackwell,component-ffn-70m-a4-0-k016-rtxpro4500-003,component,,ffn,eager,70m/a4-0,70M,A4-OL1,0.0,development,k016,h;m,dense SDPA except selected attention projection linears,complete,,complete-validation,True,True,True,0,0.0,0.0,True,4.805361172503973,0.25672509475572236,25.672509475572237,9049865489862,35251191545856,4.814718091569863,4.814707491933168,-1.0599636694585968e-05,True,0.9544924182776221,5.644217599183321,5.892592715099454,0.9365392237960286,0.9782114031084044,80,16,26ee05928200134671caaf0ae62e9722df8584124a8ceee483f1cfd7923c5a5b,4bd751109b82f203ed904946874d12f1d9bb576874689a7990654a39c2644378,b6f3e9d8df17c7d033c5e4d569638117523e1e730965108b5c3e82ea9849dba0,19359f74c11621fe083b45a20a79ad0c22123a83fbaa587878214e7d5e88be6e,174f5f7944c39d81d79953141f86d04eb21f276b483960edfbe32661c0d71643,5e39ae5230f46d9779500479d338a92ebd1f521cdd48b52a097343ca6d9b4f25,runs/025-2026-09-05-pythia-agentic-sparse-kernel-search/retrieved/rtxpro4500-003/evidence-verified/artifacts/component-ffn-70m-a4-0-k016-rtxpro4500-003
rtxpro4500-003,NVIDIA RTX PRO 4500 Blackwell,component-ffn-70m-a4-0p5-k016-rtxpro4500-003,component,,ffn,eager,70m/a4-0p5,70M,A4-OL1,0.5,development,k016,h;m,dense SDPA except selected attention projection linears,complete,,complete-validation,True,True,True,0,0.0,0.0,True,5.389480136202637,0.3559621916980309,35.59621916980309,12548091402630,35251191545856,5.398816271078256,5.398816885764734,6.146864777178962e-07,True,1.007755376185204,5.5841978173702955,5.5391062051057816,1.0026289598197424,1.0130967522740453,80,16,26ee05928200134671caaf0ae62e9722df8584124a8ceee483f1cfd7923c5a5b,4bd751109b82f203ed904946874d12f1d9bb576874689a7990654a39c2644378,669d749e28c027cb9a09cb38b420f48fcdedd386159bb9bb25ca0ae477222f60,19193027cee2fd7ec58a4f0582ef2be106f941bd573c56722bd104cf1e883620,8c3225c4714e607ebefab66c935e80b7e59c80b2907c29fc06b23875da573466,a80144b1470d2b9a4af55df59de04622bc03e9f74a3f5daafe245abac51773b7,runs/025-2026-09-05-pythia-agentic-sparse-kernel-search/retrieved/rtxpro4500-003/evidence-verified/artifacts/component-ffn-70m-a4-0p5-k016-rtxpro4500-003
rtxpro4500-003,NVIDIA RTX PRO 4500 Blackwell,component-ffn-70m-a7-0-k016-rtxpro4500-003,component,,ffn,eager,70m/a7-0,70M,A7-OL1,0.0,development,k016,h,dense SDPA except selected attention projection linears,complete,,complete-validation,True,True,True,0,0.0,0.0,True,4.941205969223609,0.23562417494680196,23.562417494680197,8306032923884,35251191545856,4.9502589823041205,4.950300987409211,4.2005105090225925e-05,True,0.9624943439883826,3.7658947985619307,3.9228186942636967,0.9509293639915811,0.9702296651464484,80,16,26ee05928200134671caaf0ae62e9722df8584124a8ceee483f1cfd7923c5a5b,4bd751109b82f203ed904946874d12f1d9bb576874689a7990654a39c2644378,9036b407db1155c8a629f4d46e14009e0e6d0c1ab0884451784218111f6b7a35,3b93e9adbde08d173c1f5b91fbbe60de7a983cc803d7d83697bc6b6c0f63141f,7fad7fc2c4f368900c22182f28be9d0ffb6c5d0dea3f73fe9ecab1e05f6404c4,bb5a61f6f4902fbb71c2cde5795800cb9eb10e811b3e959803c443ed6556884b,runs/025-2026-09-05-pythia-agentic-sparse-kernel-search/retrieved/rtxpro4500-003/evidence-verified/artifacts/component-ffn-70m-a7-0-k016-rtxpro4500-003
rtxpro4500-003,NVIDIA RTX PRO 4500 Blackwell,component-ffn-70m-a7-0p5-k016-rtxpro4500-003,component,,ffn,eager,70m/a7-0p5,70M,A7-OL1,0.5,development,k016,h,dense SDPA except selected attention projection linears,complete,,complete-validation,True,True,True,0,0.0,0.0,True,5.215924663303872,0.4060187215635989,40.60187215635989,14312643725042,35251191545856,5.2265333158010545,5.226533320035404,4.234349759713041e-09,True,0.998923871304932,4.20465343631804,4.20151324942708,0.9961053862154619,1.0012044724951115,80,16,26ee05928200134671caaf0ae62e9722df8584124a8ceee483f1cfd7923c5a5b,4bd751109b82f203ed904946874d12f1d9bb576874689a7990654a39c2644378,a8971f4e3263c2f04ada096f19ac0eeb38a13adaff2b996de6c0f4e30f4c36b2,870d11844d6d6cf0c5937b1e02af97cad3347a9f2b6dbde40239d1f4420a0f91,c1140bc13cf8e9336bac4deff015fa984bc9d21343dd163712f7569845949513,7fb40d605b1c5071a0ac71d9049ac9f1cb57440c03b38e79e556b3abcd20ef5b,runs/025-2026-09-05-pythia-agentic-sparse-kernel-search/retrieved/rtxpro4500-003/evidence-verified/artifacts/component-ffn-70m-a7-0p5-k016-rtxpro4500-003
rtxpro4500-003,NVIDIA RTX PRO 4500 Blackwell,fresh-r1-14m-a0-k013-rtxpro4500-003,winner,1,full,eager,14m/a0,14M,A0,,development,k013,a;h;m;z,dense SDPA except selected attention projection linears,complete,,complete-validation,True,True,True,0,0.0,0.0,True,5.2085730123096665,1.1415112639303073e-08,1.1415112639303072e-06,72635,6363055915008,5.209966218440203,5.209961768491192,-4.449949011053889e-06,True,0.9209159914001561,3.867922117933631,4.078895784914494,0.9046883729969698,0.937621776752352,80,16,26ee05928200134671caaf0ae62e9722df8584124a8ceee483f1cfd7923c5a5b,4bd751109b82f203ed904946874d12f1d9bb576874689a7990654a39c2644378,593ca163dd52e57354b232966a190be88f7eef37f45c9a698302a3f83b64ea9a,77069cb11b35fb443601fc96e4e9517be95100539aac25ec9d1c9265289f6ead,3b36eeb73c88de6cb127f20579e359e2515bde229e19782e5d8c575beb89dc73,866721894117108023fe66d223e47431123568cbe11c4af6ffb7f2519b12ad89,runs/025-2026-09-05-pythia-agentic-sparse-kernel-search/retrieved/rtxpro4500-003/evidence-verified/artifacts/fresh-r1-14m-a0-k013-rtxpro4500-003
rtxpro4500-003,NVIDIA RTX PRO 4500 Blackwell,fresh-r1-14m-a1h-k013-rtxpro4500-003,winner,1,full,eager,14m/a1h,14M,A1-H,,development,k013,h,dense SDPA except selected attention projection linears,complete,,complete-validation,True,True,True,0,0.0,0.0,True,5.26963426093378,0.027141299328466276,2.7141299328466277,172701605233,6363055915008,5.271187088342137,5.271209181063382,2.2092721245314806e-05,True,0.9838318055471791,3.924781456589699,3.9302187506109476,0.9706230911414221,0.9937892154724419,80,16,26ee05928200134671caaf0ae62e9722df8584124a8ceee483f1cfd7923c5a5b,4bd751109b82f203ed904946874d12f1d9bb576874689a7990654a39c2644378,c62eded0945684e25f3ac9449d6ae874f0b1311b7ede32e14c148fb90dd5dca5,86175f3ae54d9e973e2d124c7e556cb481c8cb2b14311ada706b512de3e55227,cbda340eb4e643bfbd859fa82ab22bc87aebec27d941c35bfce50495d9287020,4424d4e1432394bb0e85e5929744b1f27926a6ddb2b81120682aecbbbd93d2e8,runs/025-2026-09-05-pythia-agentic-sparse-kernel-search/retrieved/rtxpro4500-003/evidence-verified/artifacts/fresh-r1-14m-a1h-k013-rtxpro4500-003
rtxpro4500-003,NVIDIA RTX PRO 4500 Blackwell,fresh-r1-14m-a4-0-k013-rtxpro4500-003,winner,1,full,eager,14m/a4-0,14M,A4-OL1,0.0,development,k013,a;h;m;z,dense SDPA except selected attention projection linears,complete,,complete-validation,True,True,True,0,0.0,0.0,True,5.458276166718387,0.0781004229286857,7.81004229286857,496957358081,6363055915008,5.4598567823695845,5.459856267190332,-5.151792521473908e-07,True,1.0545956655677233,5.563172744587064,5.031484877690673,1.0502781409524489,1.0592847426253482,80,16,26ee05928200134671caaf0ae62e9722df8584124a8ceee483f1cfd7923c5a5b,4bd751109b82f203ed904946874d12f1d9bb576874689a7990654a39c2644378,41fcdf85f8c98dceeea92c3e86eccee6755cb673422cf9f0edfa729875d68bb7,3e147c04c8a9f215aa7dcd68a058e405d292dff87f17ed999e0389b695dd927f,0b94e40e5aea44440c1d3892e80ef539b741dc82efa8d1804c3aff0ef30990fa,fcc28cf62570af3d829d5ba4fcb7db7f4cee6630becb7ebde1e8581bcc25b410,runs/025-2026-09-05-pythia-agentic-sparse-kernel-search/retrieved/rtxpro4500-003/evidence-verified/artifacts/fresh-r1-14m-a4-0-k013-rtxpro4500-003
rtxpro4500-003,NVIDIA RTX PRO 4500 Blackwell,fresh-r1-14m-a4-0p01-k013-rtxpro4500-003,winner,1,full,eager,14m/a4-0p01,14M,A4-OL1,0.01,untuned,k013,a;h;m;z,dense SDPA except selected attention projection linears,complete,,complete-validation,True,True,True,0,0.0,0.0,True,5.458309076241488,0.08586708994090508,8.586708994090507,546377094553,6363055915008,5.460173012803726,5.46017183988877,-1.1729149562711427e-06,True,1.0543628695653529,5.194597877562046,4.9355970695614815,1.041423672689897,1.0673654299414115,80,16,26ee05928200134671caaf0ae62e9722df8584124a8ceee483f1cfd7923c5a5b,4bd751109b82f203ed904946874d12f1d9bb576874689a7990654a39c2644378,e1e3c292b24d3e3b9a5b6e78a109584e511eaabee31dde85ffd47367aa6d70f5,6620c13983c0257bea7ad4e72e2691653de52c73e4e9e256fe4d7361c8b91c0c,604ac037cc2635696c5f190b295bc92525e7358aa3877f0cb6c37bccb412442c,118069af4316ec3abeb9e5709c9f1a5f6faa84b3e69b563a2006954a86047565,runs/025-2026-09-05-pythia-agentic-sparse-kernel-search/retrieved/rtxpro4500-003/evidence-verified/artifacts/fresh-r1-14m-a4-0p01-k013-rtxpro4500-003
rtxpro4500-003,NVIDIA RTX PRO 4500 Blackwell,fresh-r1-14m-a4-0p05-k013-rtxpro4500-003,winner,1,full,eager,14m/a4-0p05,14M,A4-OL1,0.05,untuned,k013,a;h;m;z,dense SDPA except selected attention projection linears,complete,,complete-validation,True,True,True,0,0.0,0.0,True,5.489760381230236,0.1045644512413755,10.45644512413755,665349449971,6363055915008,5.4921313496957955,5.492131123863794,-2.2583200109949075e-07,True,1.0624919965015862,5.292969755828381,5.02730836160481,1.0507221415874615,1.0777830060572697,80,16,26ee05928200134671caaf0ae62e9722df8584124a8ceee483f1cfd7923c5a5b,4bd751109b82f203ed904946874d12f1d9bb576874689a7990654a39c2644378,bcafdfc111ccc953e7f4da2c85255c8dc4d4a084fab67d74908d4eec2e5f864e,c2144527290565da96456fc3e18a94ed68d2a371268aeaeab7e00c9bf98cbbbc,b86b0f4af175ba7e970c65e4ea5640e73e0136f1bc1bca92c64055fb7774f0cf,63fb537fe9519c863cc824c1c574ce048b975a2103e8a6cf824a2cd3b28a601a,runs/025-2026-09-05-pythia-agentic-sparse-kernel-search/retrieved/rtxpro4500-003/evidence-verified/artifacts/fresh-r1-14m-a4-0p05-k013-rtxpro4500-003
rtxpro4500-003,NVIDIA RTX PRO 4500 Blackwell,fresh-r1-14m-a4-0p1-k013-rtxpro4500-003,winner,1,full,eager,14m/a4-0p1,14M,A4-OL1,0.1,untuned,k013,a;h;m;z,dense SDPA except selected attention projection linears,complete,,complete-validation,True,True,True,0,0.0,0.0,True,5.548253721739414,0.11394280537892908,11.394280537892907,725024441739,6363055915008,5.5503922727267385,5.550391571236085,-7.01490653121084e-07,True,1.0554841155736887,7.107932819053531,6.742703728377819,1.0485164709571153,1.0634302878591368,80,16,26ee05928200134671caaf0ae62e9722df8584124a8ceee483f1cfd7923c5a5b,4bd751109b82f203ed904946874d12f1d9bb576874689a7990654a39c2644378,5fd249e8190dc2203800ed9d76cbf7acdef7c677ba271d46227188441b19e084,d479b3d3e1874535696c1153e1950c87d7be63ceea895455f0c14e4e16b9c739,f7b44e254d79d405d16c1944ac45e809695d6d3689e7d1d3fe9c3455ddef913e,718f2e770c9dbc7c2ecbff5aa682ef31add0900aae5db9d59055f7485d7bd65c,runs/025-2026-09-05-pythia-agentic-sparse-kernel-search/retrieved/rtxpro4500-003/evidence-verified/artifacts/fresh-r1-14m-a4-0p1-k013-rtxpro4500-003
rtxpro4500-003,NVIDIA RTX PRO 4500 Blackwell,fresh-r1-14m-a4-0p5-k013-rtxpro4500-003,winner,1,full,eager,14m/a4-0p5,14M,A4-OL1,0.5,development,k013,a;h;m;z,dense SDPA except selected attention projection linears,complete,,complete-validation,True,True,True,0,0.0,0.0,True,6.037982463131289,0.12713448684742273,12.713448684742273,808963848536,6363055915008,6.040296513804297,6.040296513804297,0.0,True,1.047297801637977,3.358077025040984,3.2164815347641706,1.0364840807355875,1.0550800530007853,80,16,26ee05928200134671caaf0ae62e9722df8584124a8ceee483f1cfd7923c5a5b,4bd751109b82f203ed904946874d12f1d9bb576874689a7990654a39c2644378,2e650f701e6b3f1c81bb077d340695131b95ccfcd3bdb8ea98c8cf0eae1254b6,77dfe2263527680251bba25cfe09c21fd9e1e4bc91ae880c4244b85c32c98b1a,ca6fc9dcdb5a6975f2102626bc82d77bbd3e739f36cc2762054928169091db50,1c34d8049c9144af5dac96cc0a3ef3281856b9710bcf0ae9f74c772b8f15d9e7,runs/025-2026-09-05-pythia-agentic-sparse-kernel-search/retrieved/rtxpro4500-003/evidence-verified/artifacts/fresh-r1-14m-a4-0p5-k013-rtxpro4500-003
rtxpro4500-003,NVIDIA RTX PRO 4500 Blackwell,fresh-r1-14m-a7-0-k013-rtxpro4500-003,winner,1,full,eager,14m/a7-0,14M,A7-OL1,0.0,development,k013,a;h;m;z,dense SDPA except selected attention projection linears,complete,,complete-validation,True,True,True,0,0.0,0.0,True,5.480180751642532,0.0705422917861371,7.054229178613711,448864547008,6363055915008,5.482406401979291,5.482370421295696,-3.598068359522699e-05,True,1.0489000410378997,3.36078112013638,3.1866515055298805,1.0359347679448014,1.0569787721200334,80,16,26ee05928200134671caaf0ae62e9722df8584124a8ceee483f1cfd7923c5a5b,4bd751109b82f203ed904946874d12f1d9bb576874689a7990654a39c2644378,0e70e6f718105e618f6e5ffd2ab464aa67547e72e5ecffb009373f35255bf93b,2e7bd4e4e96ddcb8b4efad38afcf95d32dc7db9b0ac207670b20010d5d0baded,0434b86e1aa1afd98b0f228259b7ca5d600250717c2f4d592a20f2ab32eed21f,fd6ab91aeb26bdb4d653193e2f7c2fd7ac68ced1698cc922f5b466c8cb8be992,runs/025-2026-09-05-pythia-agentic-sparse-kernel-search/retrieved/rtxpro4500-003/evidence-verified/artifacts/fresh-r1-14m-a7-0-k013-rtxpro4500-003
rtxpro4500-003,NVIDIA RTX PRO 4500 Blackwell,fresh-r1-14m-a7-0p01-k013-rtxpro4500-003,winner,1,full,eager,14m/a7-0p01,14M,A7-OL1,0.01,untuned,k013,a;h;m;z,dense SDPA except selected attention projection linears,complete,,complete-validation,True,True,True,0,0.0,0.0,True,5.475800738532162,0.07723392871636932,7.723392871636932,491443806958,6363055915008,5.477752072183631,5.477783827691629,3.175550799738858e-05,True,1.0379080781501921,6.073827622458339,5.80473174341023,1.0251693355572025,1.0458193450988709,80,16,26ee05928200134671caaf0ae62e9722df8584124a8ceee483f1cfd7923c5a5b,4bd751109b82f203ed904946874d12f1d9bb576874689a7990654a39c2644378,7b5073ae19ad55291c8743c0cee34e571bd8c169171ed53a3b43d8263a05c155,a99d1d9ecabccaf85c6f1da1f08610e63a781e6b9f203798fe01f20f6158b47d,950e5b525e7d8ef4d18d901c4890ad16338eba7367a26f6059e0d61153404672,86b630b5d31a511c8796d4d1b245bf611df326029cade3a24e58f730c4a36068,runs/025-2026-09-05-pythia-agentic-sparse-kernel-search/retrieved/rtxpro4500-003/evidence-verified/artifacts/fresh-r1-14m-a7-0p01-k013-rtxpro4500-003
rtxpro4500-003,NVIDIA RTX PRO 4500 Blackwell,fresh-r1-14m-a7-0p05-k013-rtxpro4500-003,winner,1,full,eager,14m/a7-0p05,14M,A7-OL1,0.05,untuned,k013,a;h;m;z,dense SDPA except selected attention projection linears,complete,,complete-validation,True,True,True,0,0.0,0.0,True,5.462799572380336,0.09863031588136074,9.863031588136074,627590214868,6363055915008,5.465164439204716,5.465121822588909,-4.2616615806956304e-05,True,1.041790894246974,3.909508930519223,3.711789147928357,1.0315017855616484,1.0505323568720553,80,16,26ee05928200134671caaf0ae62e9722df8584124a8ceee483f1cfd7923c5a5b,4bd751109b82f203ed904946874d12f1d9bb576874689a7990654a39c2644378,33ce5154729d231fd90de3fb5a42ef6b9a637592e4ab929ef617afdc635cda48,5bfb3e1861c6491aaa143e35cbefc8817cc1312b82ff3abeae9a2109c0f55e14,4475d56dd444af5015dde83382662c2c272022d04276aa6ad5aae4ba93bd94f0,decb192c008061863d3887dacaeed1cd44cf502229f25f0812e31b2500597fe4,runs/025-2026-09-05-pythia-agentic-sparse-kernel-search/retrieved/rtxpro4500-003/evidence-verified/artifacts/fresh-r1-14m-a7-0p05-k013-rtxpro4500-003
rtxpro4500-003,NVIDIA RTX PRO 4500 Blackwell,fresh-r1-14m-a7-0p1-k013-rtxpro4500-003,winner,1,full,eager,14m/a7-0p1,14M,A7-OL1,0.1,untuned,k013,a;h;m;z,dense SDPA except selected attention projection linears,failed_or_incomplete,Fixed complete-validation gate failed,complete-validation,True,False,False,2,0.5625,0.0003281436220277101,False,5.429487593075227,0.11796760377518327,11.796760377518327,750634458981,6363055915008,5.431519913560995,5.431504619088712,-1.5294472282434413e-05,True,1.0467610908629734,3.858958138152957,3.687027608975768,1.0426821596238702,1.0504805227769858,80,16,26ee05928200134671caaf0ae62e9722df8584124a8ceee483f1cfd7923c5a5b,4bd751109b82f203ed904946874d12f1d9bb576874689a7990654a39c2644378,0513a99827945d600c3722f01265db676edf39c2dc5f0851badd74bfeb1db3c6,b2e68523d2ac6f01f12b3a51700f01ee27d1f86710e051e11d9aa663a73b3f99,735490c46f6447effb883bf20264b3060957af51ea8f14e8f6293accee0842fa,9d5aaefe5eba8d091eba9d9e49ff40627e9dd19cd81697cdd3358c5a5178463c,runs/025-2026-09-05-pythia-agentic-sparse-kernel-search/retrieved/rtxpro4500-003/evidence-verified/artifacts/fresh-r1-14m-a7-0p1-k013-rtxpro4500-003
rtxpro4500-003,NVIDIA RTX PRO 4500 Blackwell,fresh-r1-14m-a7-0p5-k013-rtxpro4500-003,winner,1,full,eager,14m/a7-0p5,14M,A7-OL1,0.5,development,k013,a;h;m;z,dense SDPA except selected attention projection linears,complete,,complete-validation,True,True,True,0,0.0,0.0,True,5.829406580981418,0.27482684296304843,27.482684296304843,1748738568719,6363055915008,5.831297464664293,5.831297460429942,-4.2343506478914605e-09,True,1.0521014192324722,5.960813723504543,5.691267317160964,1.043409397790101,1.0669850293656322,80,16,26ee05928200134671caaf0ae62e9722df8584124a8ceee483f1cfd7923c5a5b,4bd751109b82f203ed904946874d12f1d9bb576874689a7990654a39c2644378,65feafaa641f2af628bf03e21df34046751209329f0549bb0cd361151abfef18,b98209d1d49142bb268a0066885762d2c808fac1cb3a4e3245840d3fd26b505b,bb69ff96844fe91fe06cff1d809a85d53811365496d2f8169d1891dafc3f43fa,400b31c4b7a2b130f1086803f5ec3e9bacb2da41411b3488a1df6ec07c81e183,runs/025-2026-09-05-pythia-agentic-sparse-kernel-search/retrieved/rtxpro4500-003/evidence-verified/artifacts/fresh-r1-14m-a7-0p5-k013-rtxpro4500-003
rtxpro4500-003,NVIDIA RTX PRO 4500 Blackwell,fresh-r1-410m-a0-k010-rtxpro4500-003,winner,1,full,eager,410m/a0,410M,A0,,development,k010,z,dense SDPA except selected attention projection linears,complete,,complete-validation,True,True,True,0,0.0,0.0,True,4.547456437666741,0.00011047923803103942,0.011047923803103942,30885552627,279559790395392,4.54969743317823,4.54969743317823,0.0,True,0.9451827807221286,16.12478424794972,17.064454732462764,0.9441952530586031,0.9461603479925963,80,16,26ee05928200134671caaf0ae62e9722df8584124a8ceee483f1cfd7923c5a5b,4bd751109b82f203ed904946874d12f1d9bb576874689a7990654a39c2644378,9f9874083944e2c6ebaea312c21273670fcc320f74c781bf96c2e22252d7c3fc,3832da5b0ad241a57dc3af66dad4f19db493111eea678c15d02445ef74bcf1c6,9303328acae6cbeec73bb205ef599f54e8fdfb12fe12170e5f30ff0f724e6b30,28405672d253f6282a0119d1744b586c871f618bc19e510b1b2f58eaf29152d5,runs/025-2026-09-05-pythia-agentic-sparse-kernel-search/retrieved/rtxpro4500-003/evidence-verified/artifacts/fresh-r1-410m-a0-k010-rtxpro4500-003
rtxpro4500-003,NVIDIA RTX PRO 4500 Blackwell,fresh-r1-410m-a1h-k010-rtxpro4500-003,winner,1,full,eager,410m/a1h,410M,A1-H,,development,k010,z,dense SDPA except selected attention projection linears,complete,,complete-validation,True,True,True,0,0.0,0.0,True,4.651294058243904,0.21049725280441106,21.049725280441105,58846567872807,279559790395392,4.654892204147206,4.654892204147206,0.0,True,0.9447597076011626,15.898171812295914,16.826649429276586,0.9442513612175385,0.9452572331699154,80,16,26ee05928200134671caaf0ae62e9722df8584124a8ceee483f1cfd7923c5a5b,4bd751109b82f203ed904946874d12f1d9bb576874689a7990654a39c2644378,215a4591093b8f156222e87223c44ebb916cb5f686929f23d3475711f23f118b,1ad1e44cbd871601d284ac0e2f1d28a331d2761400e015621f56a81be238af77,dd8e4a03b3ce030ed045e1da262db602a83a943a03a8176aec57267e1118711a,9d1260cf12aca739870a7898a1db515334cb3e721b0648a379eea955ce33e649,runs/025-2026-09-05-pythia-agentic-sparse-kernel-search/retrieved/rtxpro4500-003/evidence-verified/artifacts/fresh-r1-410m-a1h-k010-rtxpro4500-003
rtxpro4500-003,NVIDIA RTX PRO 4500 Blackwell,fresh-r1-410m-a4-0-k010-rtxpro4500-003,winner,1,full,eager,410m/a4-0,410M,A4-OL1,0.0,development,k010,z,dense SDPA except selected attention projection linears,complete,,complete-validation,True,True,True,0,0.0,0.0,True,5.6920750987600295,0.3833867333385676,38.33867333385676,107179514812504,279559790395392,5.698532815642452,5.698532815642452,0.0,True,0.9477771142567508,17.283370718359947,18.228518310934305,0.9469771532311747,0.9485891707427274,80,16,26ee05928200134671caaf0ae62e9722df8584124a8ceee483f1cfd7923c5a5b,4bd751109b82f203ed904946874d12f1d9bb576874689a7990654a39c2644378,adaa11070a464ab7ec4eb8c6087786c5a0ce411166330be0a1e37e27ea936b4e,58732205abeeb981f489dd013b11f2659c229930c902851c365275583d561478,d4061ee26a2434881cb30158a72191beaff4546497dbdd8ce2a5d0782e24096d,0bdca965b8309623724bf7ca24a15c47d67c71cb9c240047897ceb70b8d4615c,runs/025-2026-09-05-pythia-agentic-sparse-kernel-search/retrieved/rtxpro4500-003/evidence-verified/artifacts/fresh-r1-410m-a4-0-k010-rtxpro4500-003
rtxpro4500-003,NVIDIA RTX PRO 4500 Blackwell,fresh-r1-410m-a4-0p01-k010-rtxpro4500-003,winner,1,full,eager,410m/a4-0p01,410M,A4-OL1,0.01,untuned,k010,z,dense SDPA except selected attention projection linears,complete,,complete-validation,True,True,True,0,0.0,0.0,True,5.691361835722387,0.39149185001875003,39.149185001875004,109445379532746,279559790395392,5.7009139042821,5.7009139042821,0.0,True,0.9487316732829066,17.295638099312782,18.227105494588614,0.9478818760217266,0.9495148361562968,80,16,26ee05928200134671caaf0ae62e9722df8584124a8ceee483f1cfd7923c5a5b,4bd751109b82f203ed904946874d12f1d9bb576874689a7990654a39c2644378,887dcfa941cfaf90027af80d8b9fcd459741e5cc9a9857d943805c7db6495140,e92ff3a32b5031e423c6619e49a81ecbaa751954c60b2b69efb485c99b511a00,50a76296beb7a684ffe513129968f413d6bcf32dbec7a767114799f21136dad1,14f529be949663e36f103e1c66d337558c6d6d17d6e707ee28f89938aaa98dab,runs/025-2026-09-05-pythia-agentic-sparse-kernel-search/retrieved/rtxpro4500-003/evidence-verified/artifacts/fresh-r1-410m-a4-0p01-k010-rtxpro4500-003
rtxpro4500-003,NVIDIA RTX PRO 4500 Blackwell,fresh-r1-410m-a4-0p05-k010-rtxpro4500-003,winner,1,full,eager,410m/a4-0p05,410M,A4-OL1,0.05,untuned,k010,z,dense SDPA except selected attention projection linears,complete,,complete-validation,True,True,True,0,0.0,0.0,True,5.678924922407026,0.42124510405287563,42.124510405287566,117763192994107,279559790395392,5.688944287392088,5.688944287392088,0.0,True,0.9477372065188759,17.260255990549922,18.207246670499444,0.9468031388760777,0.9485256576737212,80,16,26ee05928200134671caaf0ae62e9722df8584124a8ceee483f1cfd7923c5a5b,4bd751109b82f203ed904946874d12f1d9bb576874689a7990654a39c2644378,58e8ad0a113b4611e93f83dbc0d36e8060f14d711391f29317cd56af5ec9bd61,6bbab3e070aae72b91c0e4b79c31dad1a5a6a6c31c97b334f9c4594851c1ffec,3aa17949fcd1b00165c051aaa0699cc0899b5e532b62bd818dfba4869a60a663,6da038d4b37651c4799b0b9d40892734d0433b2eefc3ece1b260862b98d220bf,runs/025-2026-09-05-pythia-agentic-sparse-kernel-search/retrieved/rtxpro4500-003/evidence-verified/artifacts/fresh-r1-410m-a4-0p05-k010-rtxpro4500-003
rtxpro4500-003,NVIDIA RTX PRO 4500 Blackwell,fresh-r1-410m-a4-0p1-k010-rtxpro4500-003,winner,1,full,eager,410m/a4-0p1,410M,A4-OL1,0.1,untuned,k010,z,dense SDPA except selected attention projection linears,complete,,complete-validation,True,True,True,0,0.0,0.0,True,5.67888657016867,0.4568803837042414,45.68803837042414,127725384304124,279559790395392,5.684639314056525,5.684639314056525,0.0,True,0.9494286896847322,17.252598889172077,18.1857340503484,0.9375596777983749,0.9643863878946859,80,16,26ee05928200134671caaf0ae62e9722df8584124a8ceee483f1cfd7923c5a5b,4bd751109b82f203ed904946874d12f1d9bb576874689a7990654a39c2644378,7435771085faca572f73aa5c349230c34f7574866add058e0aaec260dfca66f4,56f75cb8b012281673f146a11a4aedad7e3891c02549225fafc495c5a1817d88,f3535eaa699e2c7fbefeabde87e8abee8f1fdf450f68c85afdc6f056838fef59,56a462206b0426d93a7e811685f5eea386d464ed75267d414e3c0e3c030b4b68,runs/025-2026-09-05-pythia-agentic-sparse-kernel-search/retrieved/rtxpro4500-003/evidence-verified/artifacts/fresh-r1-410m-a4-0p1-k010-rtxpro4500-003
rtxpro4500-003,NVIDIA RTX PRO 4500 Blackwell,fresh-r1-410m-a4-0p5-k010-rtxpro4500-003,winner,1,full,eager,410m/a4-0p5,410M,A4-OL1,0.5,development,k010,z,dense SDPA except selected attention projection linears,complete,,complete-validation,True,True,True,0,0.0,0.0,True,5.1909658185829075,0.715914446480748,71.5914446480748,200140892599191,279559790395392,5.195162163989647,5.195162163989647,0.0,True,1.0192068242996246,16.993803903460503,16.67057699523866,1.0179829021771336,1.0202154183976069,80,16,26ee05928200134671caaf0ae62e9722df8584124a8ceee483f1cfd7923c5a5b,4bd751109b82f203ed904946874d12f1d9bb576874689a7990654a39c2644378,2e7de9d42c6ffdd5763df29559e2b88b9abfa05d4fa3dba80cb8d6ed5a69a9af,db8cb9e796042676d552ff294bb529f33a9a5e324cc067a645a20262de1d4a7e,b13d057a78ff057b3a0030afc82605171ea7a270d832428edadbe499186c3900,c10dbd641ee28deaf10a6914608f1d8888835c00456ad742b2c824132b77e636,runs/025-2026-09-05-pythia-agentic-sparse-kernel-search/retrieved/rtxpro4500-003/evidence-verified/artifacts/fresh-r1-410m-a4-0p5-k010-rtxpro4500-003
rtxpro4500-003,NVIDIA RTX PRO 4500 Blackwell,fresh-r1-410m-a7-0-k010-rtxpro4500-003,winner,1,full,eager,410m/a7-0,410M,A7-OL1,0.0,development,k010,z,dense SDPA except selected attention projection linears,complete,,complete-validation,True,True,True,0,0.0,0.0,True,5.4262960662503215,0.4112146787868456,41.121467878684555,114959089409159,279559790395392,5.430655344679027,5.430655344679027,0.0,True,0.9479213462290356,17.26547349244356,18.199695041403174,0.9469591625869866,0.9486367792396244,80,16,26ee05928200134671caaf0ae62e9722df8584124a8ceee483f1cfd7923c5a5b,4bd751109b82f203ed904946874d12f1d9bb576874689a7990654a39c2644378,08ebf517597096d436862ff47610a0e8ff9ddd1a568ceac1d01dc9dd2c7dee36,e69ca8bd64ade1994bebe66712879c447baaa9a4a68e6ccf363b7b9a178d76b3,68e4d90158931880ba8ee99a6ecc58003db8d63fdcefec3fda3813f15c72c457,7fa6ac415af035cac7e8efa8ca535c60cac55c2c00c1ce05c91e2067c1c6669b,runs/025-2026-09-05-pythia-agentic-sparse-kernel-search/retrieved/rtxpro4500-003/evidence-verified/artifacts/fresh-r1-410m-a7-0-k010-rtxpro4500-003
rtxpro4500-003,NVIDIA RTX PRO 4500 Blackwell,fresh-r1-410m-a7-0p01-k010-rtxpro4500-003,winner,1,full,eager,410m/a7-0p01,410M,A7-OL1,0.01,untuned,k010,z,dense SDPA except selected attention projection linears,complete,,complete-validation,True,True,True,0,0.0,0.0,True,5.43313791342741,0.4147805603667183,41.47805603667183,115955966516203,279559790395392,5.437535094998715,5.437535094998715,0.0,True,0.9537182822177266,18.7359896954149,19.645824562758207,0.9530170325336067,0.9544280123778842,80,16,26ee05928200134671caaf0ae62e9722df8584124a8ceee483f1cfd7923c5a5b,4bd751109b82f203ed904946874d12f1d9bb576874689a7990654a39c2644378,3cd4221bc4a09deab6cecc8f0148764cb6423ae758d150b5a79682f30960e617,3f80dd0be5143aee1396129b3a1049ffae4692bdf443e550bbb84045166cd51c,78e1a12baad40533e08ef68661d39e1180a48df693737880ed0acb608db41e8a,5dd25d9fc9716e597538c53502ca1a64eae6379d9ccb019c5c3d21a5b40766f7,runs/025-2026-09-05-pythia-agentic-sparse-kernel-search/retrieved/rtxpro4500-003/evidence-verified/artifacts/fresh-r1-410m-a7-0p01-k010-rtxpro4500-003
rtxpro4500-003,NVIDIA RTX PRO 4500 Blackwell,fresh-r1-410m-a7-0p05-k010-rtxpro4500-003,winner,1,full,eager,410m/a7-0p05,410M,A7-OL1,0.05,untuned,k010,z,dense SDPA except selected attention projection linears,complete,,complete-validation,True,True,True,0,0.0,0.0,True,5.467853006526563,0.44053172790987316,44.05317279098732,123154957517004,279559790395392,5.472566237598661,5.472566237598661,0.0,True,0.9541292542269831,18.77856720238924,19.680325407534838,0.9532767532833593,0.9549287270413224,80,16,26ee05928200134671caaf0ae62e9722df8584124a8ceee483f1cfd7923c5a5b,4bd751109b82f203ed904946874d12f1d9bb576874689a7990654a39c2644378,f4d2cb91b829831ab3293b59f91943fe463880aded9989b14082615c544c64bf,f592bc4052ef1dce0ec372b90d354313e532945d67597266a3bbd2672cc73bb1,584f43eec0bf53417a249e09b4f0cf75936b7c4d7cfca834e2b43cc3ec3c4564,a7b36ee4427ddafc136340e3b37c3e608b22fbf36da8686607f3e8a05a2b522d,runs/025-2026-09-05-pythia-agentic-sparse-kernel-search/retrieved/rtxpro4500-003/evidence-verified/artifacts/fresh-r1-410m-a7-0p05-k010-rtxpro4500-003
rtxpro4500-003,NVIDIA RTX PRO 4500 Blackwell,fresh-r1-410m-a7-0p1-k010-rtxpro4500-003,winner,1,full,eager,410m/a7-0p1,410M,A7-OL1,0.1,untuned,k010,z,dense SDPA except selected attention projection linears,complete,,complete-validation,True,True,True,0,0.0,0.0,True,5.490748997270709,0.4899755173364832,48.99755173364832,136977452925461,279559790395392,5.495259978251475,5.495259978251475,0.0,True,0.9541931883664984,18.81640963256359,19.723058911040425,0.953492285454554,0.9549484816278665,80,16,26ee05928200134671caaf0ae62e9722df8584124a8ceee483f1cfd7923c5a5b,4bd751109b82f203ed904946874d12f1d9bb576874689a7990654a39c2644378,e9f57ce6acc037823dbef261f8ba439c4d7b0696324b0d0f889d2a6af7404447,f5ae782e1a2b9480bd9246d97d4f86551feac6c9182e106d10a7b14676d0f961,72a160da0e6927e3f3fb4a3ea902861ac4eace0524aba1be88e574d0cb9f38b6,3e22f5cc8575e98ffaef36ec834e07a5d069f76163dcad8dda7013d7ac252340,runs/025-2026-09-05-pythia-agentic-sparse-kernel-search/retrieved/rtxpro4500-003/evidence-verified/artifacts/fresh-r1-410m-a7-0p1-k010-rtxpro4500-003
rtxpro4500-003,NVIDIA RTX PRO 4500 Blackwell,fresh-r1-410m-a7-0p5-k010-rtxpro4500-003,winner,1,full,eager,410m/a7-0p5,410M,A7-OL1,0.5,development,k010,z,dense SDPA except selected attention projection linears,complete,,complete-validation,True,True,True,0,0.0,0.0,True,5.120691668705122,0.806155139186339,80.6155139186339,225368561737101,279559790395392,5.1244951522083975,5.1244951522083975,0.0,True,1.017869801545439,18.478225450962782,18.147883005440235,1.0169189084582806,1.0187392981869952,80,16,26ee05928200134671caaf0ae62e9722df8584124a8ceee483f1cfd7923c5a5b,4bd751109b82f203ed904946874d12f1d9bb576874689a7990654a39c2644378,ef57163ae432d8d91f5eec45f9aa5e4fa7b568a7a05219fe1cc5a32858dc94b0,86ad27491c238ceea127f239f670c844f3551f712e5eb54532c2114a4bd88585,38089989106a419a07877563735ebd41403bd0c077bb9912dd32be0147ee8fb6,b9f4bd0ed665886008b9a16123ab3fc5dc6415ef359b535578b7f0b4eb363a93,runs/025-2026-09-05-pythia-agentic-sparse-kernel-search/retrieved/rtxpro4500-003/evidence-verified/artifacts/fresh-r1-410m-a7-0p5-k010-rtxpro4500-003
rtxpro4500-003,NVIDIA RTX PRO 4500 Blackwell,fresh-r1-70m-a0-k016-rtxpro4500-003,winner,1,full,eager,70m/a0,70M,A0,,development,k016,a;h;m;z,dense SDPA except selected attention projection linears,complete,,complete-validation,True,True,True,0,0.0,0.0,True,4.09976596627715,4.5409213981255505e-06,0.00045409213981255505,160072890,35251191545856,4.107689843018305,4.107689843018305,0.0,True,1.0043137879344841,2.882283180952072,2.8859786689281464,0.9964838376893864,1.0160456221994212,80,16,26ee05928200134671caaf0ae62e9722df8584124a8ceee483f1cfd7923c5a5b,4bd751109b82f203ed904946874d12f1d9bb576874689a7990654a39c2644378,e867afb3104e5de9c98e4faf08a17181e8b1e27e1d9b778b18a66e1bbc365209,18fc607e45d6dc5a2d01cf380cb3aaaad5a1448d7775f5827299aa45ef9386d5,326417b958ea422dcd83a1b5c07e32364c0cc68877091a37f49f8de3842d655d,41fc830050c8e53498cac9f508bc1d5bdc1a37c2558fa26aa98b1ebd324bc442,runs/025-2026-09-05-pythia-agentic-sparse-kernel-search/retrieved/rtxpro4500-003/evidence-verified/artifacts/fresh-r1-70m-a0-k016-rtxpro4500-003
rtxpro4500-003,NVIDIA RTX PRO 4500 Blackwell,fresh-r1-70m-a1h-k016-rtxpro4500-003,winner,1,full,eager,70m/a1h,70M,A1-H,,development,k016,h,dense SDPA except selected attention projection linears,complete,,complete-validation,True,True,True,0,0.0,0.0,True,4.222749641308417,0.1006575817198192,10.06575817198192,3548299693748,35251191545856,4.2312623229465816,4.231266270419391,3.947472809073815e-06,True,0.9786033547130241,5.666535347700119,5.796805024147034,0.968605826328484,0.9906502617244541,80,16,26ee05928200134671caaf0ae62e9722df8584124a8ceee483f1cfd7923c5a5b,4bd751109b82f203ed904946874d12f1d9bb576874689a7990654a39c2644378,caa640dee617bbe358490749ef60bbd6cf967d2263e81851344f26a07c33e250,b42e260b47d3e93e1c47f5bf48724fbbc2df99f4524491cb77972f3ab4b0c440,07a7d58721db8de961c1099ee44eb15e3845b06c70964a5edab32f325a9926f8,7c296324e3e573453d87e0a9194ba7fd177ff54ba70aae2cd79b03727e9f58a0,runs/025-2026-09-05-pythia-agentic-sparse-kernel-search/retrieved/rtxpro4500-003/evidence-verified/artifacts/fresh-r1-70m-a1h-k016-rtxpro4500-003
rtxpro4500-003,NVIDIA RTX PRO 4500 Blackwell,fresh-r1-70m-a4-0-k016-rtxpro4500-003,winner,1,full,eager,70m/a4-0,70M,A4-OL1,0.0,development,k016,a;h;m;z,dense SDPA except selected attention projection linears,complete,,complete-validation,True,True,True,0,0.0,0.0,True,4.805361172503973,0.25672509475572236,25.672509475572237,9049865489862,35251191545856,4.814718091569863,4.81461943580154,-9.86557683226863e-05,True,0.7512085128427397,3.7051495164632797,4.929257091134787,0.749792801151736,0.7526479066028234,80,16,26ee05928200134671caaf0ae62e9722df8584124a8ceee483f1cfd7923c5a5b,4bd751109b82f203ed904946874d12f1d9bb576874689a7990654a39c2644378,b9a9238fc6d66c096a2393b9239a9ee23e6624e8fcf8cd69e0a53086d4bf2af4,28e3da5b68746b957a0ede3bb88be97814d99e8992a4465445bf3e443cf1808c,6f27044721db69fc02d7b86b7d4b6c2a2a043cb59ef088aa2055f26ece559195,b12c317b67e6161e5aad3a73f2818fb7303dcd72a98d66a70b06e44f7246532b,runs/025-2026-09-05-pythia-agentic-sparse-kernel-search/retrieved/rtxpro4500-003/evidence-verified/artifacts/fresh-r1-70m-a4-0-k016-rtxpro4500-003
rtxpro4500-003,NVIDIA RTX PRO 4500 Blackwell,fresh-r1-70m-a4-0p01-k016-rtxpro4500-003,winner,1,full,eager,70m/a4-0p01,70M,A4-OL1,0.01,untuned,k016,a;h;m;z,dense SDPA except selected attention projection linears,failed_or_incomplete,Fixed complete-validation gate failed,complete-validation,True,False,False,1,0.625,0.0006086452631279826,False,4.822850325756525,0.2622424792437898,26.22424792437898,9244359867283,35251191545856,4.833090198131222,4.833095436375063,5.238243841354517e-06,True,0.768932909099296,3.711238270625472,4.865312483161688,0.7627811245784631,0.7794763634186455,80,16,26ee05928200134671caaf0ae62e9722df8584124a8ceee483f1cfd7923c5a5b,4bd751109b82f203ed904946874d12f1d9bb576874689a7990654a39c2644378,d8339f00e860e147632f69e38954177b261c2d8f88aabe5426670bf279db5b3e,c7830d710abbbee5da31e7cd46077e5fc3a4e147c25d7ec37610b8e84bcbd33b,b1750b988971bef2c253d68aa2cbfa2741e73ca8aeeb93b6e04d986a54f18442,275c9a75f1609324a83bbc68cec8ae73fbf2582d26d39209230ce77d12860b31,runs/025-2026-09-05-pythia-agentic-sparse-kernel-search/retrieved/rtxpro4500-003/evidence-verified/artifacts/fresh-r1-70m-a4-0p01-k016-rtxpro4500-003
rtxpro4500-003,NVIDIA RTX PRO 4500 Blackwell,fresh-r1-70m-a4-0p05-k016-rtxpro4500-003,winner,1,full,eager,70m/a4-0p05,70M,A4-OL1,0.05,untuned,k016,a;h;m;z,dense SDPA except selected attention projection linears,failed_or_incomplete,Fixed complete-validation gate failed,complete-validation,True,False,False,2,1.0,0.00039765224209986627,False,4.874176727949515,0.28489957631865137,28.48995763186514,10043049536142,35251191545856,4.885247307368352,4.885204330127069,-4.2977241283104206e-05,True,0.8200905772045338,3.684568451717496,4.494064021855593,0.8175629965154689,0.8224290358902611,80,16,26ee05928200134671caaf0ae62e9722df8584124a8ceee483f1cfd7923c5a5b,4bd751109b82f203ed904946874d12f1d9bb576874689a7990654a39c2644378,0c3c78c106f761d38f416a99882bd1bab57281b88ac2d54ff221589112a021e6,03844191d038c140c135faf0f77c1ba5475f691610f3104c704d16ab71365a7a,08bf62c713bcdd6cfe1c4b2011b5d774232e9ffef91c23abb226b3090aefcdb1,b9c5b19c9b6cece449c9a7fb632397af91d296c8ebff868efd3ce3537d298a51,runs/025-2026-09-05-pythia-agentic-sparse-kernel-search/retrieved/rtxpro4500-003/evidence-verified/artifacts/fresh-r1-70m-a4-0p05-k016-rtxpro4500-003
rtxpro4500-003,NVIDIA RTX PRO 4500 Blackwell,fresh-r1-70m-a4-0p1-k016-rtxpro4500-003,winner,1,full,eager,70m/a4-0p1,70M,A4-OL1,0.1,untuned,k016,a;h;m;z,dense SDPA except selected attention projection linears,failed_or_incomplete,Fixed complete-validation gate failed,complete-validation,True,False,False,1,1.5,0.00043764064321294427,False,4.943887012597372,0.30574257817401346,30.574257817401346,10777790186936,35251191545856,4.953654694957537,4.953651418982069,-3.275975467786907e-06,True,0.8983054903520671,4.003218142315745,4.423153353855014,0.89222747836573,0.9054731633327151,80,16,26ee05928200134671caaf0ae62e9722df8584124a8ceee483f1cfd7923c5a5b,4bd751109b82f203ed904946874d12f1d9bb576874689a7990654a39c2644378,e593b62ed6cf45c40c3093feeb13ffe5acbc8d0dcd55a44702d5c017fbab330c,9c319b7d7f94aeb1cf6dca722a7359aef7c064d05c396742c8d0bb7489894d99,7a5badb78cc8ae6f5a3d7e1ee643fb8789973734424a0ed27285a8a726eda088,466cec4c271c73f99415c1eff3cb7ffe9ff7deb1c504fd4c54f5aad2f9b3196e,runs/025-2026-09-05-pythia-agentic-sparse-kernel-search/retrieved/rtxpro4500-003/evidence-verified/artifacts/fresh-r1-70m-a4-0p1-k016-rtxpro4500-003
rtxpro4500-003,NVIDIA RTX PRO 4500 Blackwell,fresh-r1-70m-a4-0p5-k016-rtxpro4500-003,winner,1,full,eager,70m/a4-0p5,70M,A4-OL1,0.5,development,k016,a;h;m;z,dense SDPA except selected attention projection linears,complete,,complete-validation,True,True,True,0,0.0,0.0,True,5.389480136202637,0.3559621916980309,35.59621916980309,12548091402630,35251191545856,5.398816271078256,5.398816892821984,6.217437285016558e-07,True,1.0164525445860844,3.7166564725339413,3.678794950246811,1.0097764591558134,1.0241132816010114,80,16,26ee05928200134671caaf0ae62e9722df8584124a8ceee483f1cfd7923c5a5b,4bd751109b82f203ed904946874d12f1d9bb576874689a7990654a39c2644378,28257a0d846e0071a0652f9bf8ea8e8eb8a73f01f60b50feaa901a76902b437a,007c18e43827c0bc167187c12916afb1439fe19ebba8892a123edf5b8e12523a,58341423a1679fdcea2886216e39fc9075d015725bcee9edb62cb6245cf4be19,0cea10eef5796b89cd5b88216f87f507ad2283f0010d16995dcc9cc8acc7300e,runs/025-2026-09-05-pythia-agentic-sparse-kernel-search/retrieved/rtxpro4500-003/evidence-verified/artifacts/fresh-r1-70m-a4-0p5-k016-rtxpro4500-003
rtxpro4500-003,NVIDIA RTX PRO 4500 Blackwell,fresh-r1-70m-a7-0-k016-rtxpro4500-003,winner,1,full,eager,70m/a7-0,70M,A7-OL1,0.0,development,k016,a;h;m;z,dense SDPA except selected attention projection linears,complete,,complete-validation,True,True,True,0,0.0,0.0,True,4.941205969223609,0.23562417494680196,23.562417494680197,8306032923884,35251191545856,4.9502589823041205,4.950320347563241,6.136525912037172e-05,True,0.9439008633950724,3.718269057571888,3.9342150557786226,0.9390590254419297,0.9479654836250474,80,16,26ee05928200134671caaf0ae62e9722df8584124a8ceee483f1cfd7923c5a5b,4bd751109b82f203ed904946874d12f1d9bb576874689a7990654a39c2644378,2be39c207e7a64bb22798e81f8f3fa477d2f8c347d3ee568a02ce12b9488a8df,58946f8e57cc2fd71eb479fdc286b1f246cf5a4d40e64c94e9a246239c4e6115,b2ad3439d11ab538b1d48e9c1eedd3aff1922c1e4bbef756b519addb787258b7,436fb208562bba0252260569364f727a6f776e9cfce3d9f4d15111c9f94965bc,runs/025-2026-09-05-pythia-agentic-sparse-kernel-search/retrieved/rtxpro4500-003/evidence-verified/artifacts/fresh-r1-70m-a7-0-k016-rtxpro4500-003
rtxpro4500-003,NVIDIA RTX PRO 4500 Blackwell,fresh-r1-70m-a7-0p01-k016-rtxpro4500-003,winner,1,full,eager,70m/a7-0p01,70M,A7-OL1,0.01,untuned,k016,a;h;m;z,dense SDPA except selected attention projection linears,complete,,complete-validation,True,True,True,0,0.0,0.0,True,4.936396388965245,0.24226276136279815,24.226276136279814,8540051005228,35251191545856,4.945450396195711,4.945354185058801,-9.621113690982952e-05,True,0.9698313523941977,4.337511491030455,4.441405413672328,0.9577724030238298,0.9774730393746893,80,16,26ee05928200134671caaf0ae62e9722df8584124a8ceee483f1cfd7923c5a5b,4bd751109b82f203ed904946874d12f1d9bb576874689a7990654a39c2644378,d5fb46e33e9bfc70de7919829a2403cc3917419a83bd416bc20c09c1874dc156,eb9b1ed207dc2288fe84a8762c2cd24be9388cd41adce2cd342d5a98a6ccf362,41bda3ab34d81663b65f894ad753219ef69b7b2ee57c232ee870152e3a87c374,e757d6b3eda76dfa38c2296333e38f086826e3d218001040cecf6f06600967da,runs/025-2026-09-05-pythia-agentic-sparse-kernel-search/retrieved/rtxpro4500-003/evidence-verified/artifacts/fresh-r1-70m-a7-0p01-k016-rtxpro4500-003
rtxpro4500-003,NVIDIA RTX PRO 4500 Blackwell,fresh-r1-70m-a7-0p05-k016-rtxpro4500-003,winner,1,full,eager,70m/a7-0p05,70M,A7-OL1,0.05,untuned,k016,a;h;m;z,dense SDPA except selected attention projection linears,complete,,complete-validation,True,True,True,0,0.0,0.0,True,4.963655849532969,0.265239409240229,26.5239409240229,9350005220637,35251191545856,4.972258383061728,4.9722685518533085,1.0168791580333902e-05,True,0.9779414045986191,4.186591366305947,4.276365041732788,0.9750418828296027,0.9804749322010644,80,16,26ee05928200134671caaf0ae62e9722df8584124a8ceee483f1cfd7923c5a5b,4bd751109b82f203ed904946874d12f1d9bb576874689a7990654a39c2644378,0b5d59ab7ba2fdfb9651f006ef5d7044d81883b74347a02a89293d2ddcf0263a,5da1d73a3517965e6a33b2a52b596fed9508338bb5fdbc58d4d8bf6a9850a5ab,e2784393be9ba5eaf6de6a5438b370e0d9b7d3ca7af34c0b15ceac22092f9c10,999bd6ac1de5c3d90bb9fe21b91adfadd1dea7c08a0be76d64293b6bbb8d3a72,runs/025-2026-09-05-pythia-agentic-sparse-kernel-search/retrieved/rtxpro4500-003/evidence-verified/artifacts/fresh-r1-70m-a7-0p05-k016-rtxpro4500-003
rtxpro4500-003,NVIDIA RTX PRO 4500 Blackwell,fresh-r1-70m-a7-0p1-k016-rtxpro4500-003,winner,1,full,eager,70m/a7-0p1,70M,A7-OL1,0.1,untuned,k016,a;h;m;z,dense SDPA except selected attention projection linears,complete,,complete-validation,True,True,True,0,0.0,0.0,True,4.950079453062024,0.2869378509087325,28.69378509087325,10114901144140,35251191545856,4.959265524902788,4.959283087928096,1.7563025307865132e-05,True,0.9883268977200008,4.201224306598306,4.251538077369332,0.9857278295633125,0.9907887210611942,80,16,26ee05928200134671caaf0ae62e9722df8584124a8ceee483f1cfd7923c5a5b,4bd751109b82f203ed904946874d12f1d9bb576874689a7990654a39c2644378,4458b57e5652ba722dcc8e86f5a0665a2fc969d319ab25ac91763d64c76e39b5,9c0641bae11cc2790a3d2cce4af549272dd9c767ba5d7886558dcf87fc01148c,313ce654d0e6c4cacc01ebed606a2cef5cda27c5fda11667838a1afa07fcf0e1,55ebfb63ee8fe2b966874466dd806d188aef4d6dec5ec897708a97e6673275c9,runs/025-2026-09-05-pythia-agentic-sparse-kernel-search/retrieved/rtxpro4500-003/evidence-verified/artifacts/fresh-r1-70m-a7-0p1-k016-rtxpro4500-003
rtxpro4500-003,NVIDIA RTX PRO 4500 Blackwell,fresh-r1-70m-a7-0p5-k016-rtxpro4500-003,winner,1,full,eager,70m/a7-0p5,70M,A7-OL1,0.5,development,k016,a;h;m;z,dense SDPA except selected attention projection linears,complete,,complete-validation,True,True,True,0,0.0,0.0,True,5.215924663303872,0.4060187215635989,40.60187215635989,14312643725042,35251191545856,5.2265333158010545,5.226533320035404,4.234349759713041e-09,True,1.0031837883547408,4.2372774332761765,4.203211050480604,0.9958146384066812,1.0092611001728045,80,16,26ee05928200134671caaf0ae62e9722df8584124a8ceee483f1cfd7923c5a5b,4bd751109b82f203ed904946874d12f1d9bb576874689a7990654a39c2644378,fe5ef24445032b67e5d30c73b13f3e8eb2cbeb6d1b158fad2fc7984b7ac83bd2,655ceebe16d376ab6368225009148cbb191041f30e0bd3fb03dfa01d4e521260,0403156bc34868d8a91660a93dc649ad65a4fbc0bed7fb8aea7cd1eebfb28dda,7fb40d605b1c5071a0ac71d9049ac9f1cb57440c03b38e79e556b3abcd20ef5b,runs/025-2026-09-05-pythia-agentic-sparse-kernel-search/retrieved/rtxpro4500-003/evidence-verified/artifacts/fresh-r1-70m-a7-0p5-k016-rtxpro4500-003
rtxpro4500-003,NVIDIA RTX PRO 4500 Blackwell,fresh-r2-14m-a0-k013-rtxpro4500-003,winner,2,full,eager,14m/a0,14M,A0,,development,k013,a;h;m;z,dense SDPA except selected attention projection linears,complete,,complete-validation,True,True,True,0,0.0,0.0,True,5.2085730123096665,1.1415112639303073e-08,1.1415112639303072e-06,72635,6363055915008,5.209966218440203,5.209961768491192,-4.449949011053889e-06,True,0.8295956944044676,2.520414534956217,3.2042479142546654,0.8217545156206257,0.8369902789726974,80,16,26ee05928200134671caaf0ae62e9722df8584124a8ceee483f1cfd7923c5a5b,4bd751109b82f203ed904946874d12f1d9bb576874689a7990654a39c2644378,7d81546450741c252a0d575210b6f190eb065e4dfe2f5e1eefeb1a95126f6903,6d09dcd10f7360095dc569340ab0111bf5efd45ff3bf3104404fc328818a561f,7818008ae4577d0b2e70e6fe330a87341e318cde387a7e0ced77ccfc5cb5341b,866721894117108023fe66d223e47431123568cbe11c4af6ffb7f2519b12ad89,runs/025-2026-09-05-pythia-agentic-sparse-kernel-search/retrieved/rtxpro4500-003/evidence-verified/artifacts/fresh-r2-14m-a0-k013-rtxpro4500-003
rtxpro4500-003,NVIDIA RTX PRO 4500 Blackwell,fresh-r2-14m-a1h-k013-rtxpro4500-003,winner,2,full,eager,14m/a1h,14M,A1-H,,development,k013,h,dense SDPA except selected attention projection linears,complete,,complete-validation,True,True,True,0,0.0,0.0,True,5.26963426093378,0.027141299328466276,2.7141299328466277,172701605233,6363055915008,5.271187088342137,5.271209181063382,2.2092721245314806e-05,True,0.9938822244485889,3.842538921162486,3.872052999213338,0.9816023463571731,1.0078908286501176,80,16,26ee05928200134671caaf0ae62e9722df8584124a8ceee483f1cfd7923c5a5b,4bd751109b82f203ed904946874d12f1d9bb576874689a7990654a39c2644378,822492dc3bfc635b26aaa2f6487876f34f9ac8257e7162869cb04999880ede72,9991f481820895f449aa663a9c0fa8ae6c54f9496ebef786f1ecb4617f4b1c0c,7bcbf85ad8d20d77ba6bb3f65a49f34153a8c7d343b1c24edba980be8a27d8a9,4424d4e1432394bb0e85e5929744b1f27926a6ddb2b81120682aecbbbd93d2e8,runs/025-2026-09-05-pythia-agentic-sparse-kernel-search/retrieved/rtxpro4500-003/evidence-verified/artifacts/fresh-r2-14m-a1h-k013-rtxpro4500-003
rtxpro4500-003,NVIDIA RTX PRO 4500 Blackwell,fresh-r2-14m-a4-0-k013-rtxpro4500-003,winner,2,full,eager,14m/a4-0,14M,A4-OL1,0.0,development,k013,a;h;m;z,dense SDPA except selected attention projection linears,complete,,complete-validation,True,True,True,0,0.0,0.0,True,5.458276166718387,0.0781004229286857,7.81004229286857,496957358081,6363055915008,5.4598567823695845,5.459856267190332,-5.151792521473908e-07,True,1.052279801984384,5.162078887224197,4.903869703412056,1.0472625885557894,1.0570360082471753,80,16,26ee05928200134671caaf0ae62e9722df8584124a8ceee483f1cfd7923c5a5b,4bd751109b82f203ed904946874d12f1d9bb576874689a7990654a39c2644378,476760ca5c85521d46b335b8783f1c4ba28ac14b40b6fd610e45a8326f1659c4,98958b9fa168528eccc05bb1e7f38447f01f89878ca9920ea8973a053daa75b9,d0a22ace8f43f3449d214a3be4a2ecb3cec66434439765a047fcabcaff492830,fcc28cf62570af3d829d5ba4fcb7db7f4cee6630becb7ebde1e8581bcc25b410,runs/025-2026-09-05-pythia-agentic-sparse-kernel-search/retrieved/rtxpro4500-003/evidence-verified/artifacts/fresh-r2-14m-a4-0-k013-rtxpro4500-003
rtxpro4500-003,NVIDIA RTX PRO 4500 Blackwell,fresh-r2-14m-a4-0p01-k013-rtxpro4500-003,winner,2,full,eager,14m/a4-0p01,14M,A4-OL1,0.01,untuned,k013,a;h;m;z,dense SDPA except selected attention projection linears,complete,,complete-validation,True,True,True,0,0.0,0.0,True,5.458309076241488,0.08586708994090508,8.586708994090507,546377094553,6363055915008,5.460173012803726,5.46017183988877,-1.1729149562711427e-06,True,1.04924127623776,3.3233906142413616,3.1680192332714796,1.0442441718341111,1.0550809008532684,80,16,26ee05928200134671caaf0ae62e9722df8584124a8ceee483f1cfd7923c5a5b,4bd751109b82f203ed904946874d12f1d9bb576874689a7990654a39c2644378,ad356b81b45186977b4ffea1763e8199ac893fa29c2afa74059c477c0efde38f,caef645fac3ac25ba03e33968fdc57f0ac0dbf58525b3b71a16ba440cb0f6da5,5c745f2ce78f36ac279f86fac81f56b583ef74a215eb0cdfb770193046a3999e,118069af4316ec3abeb9e5709c9f1a5f6faa84b3e69b563a2006954a86047565,runs/025-2026-09-05-pythia-agentic-sparse-kernel-search/retrieved/rtxpro4500-003/evidence-verified/artifacts/fresh-r2-14m-a4-0p01-k013-rtxpro4500-003
rtxpro4500-003,NVIDIA RTX PRO 4500 Blackwell,fresh-r2-14m-a4-0p05-k013-rtxpro4500-003,winner,2,full,eager,14m/a4-0p05,14M,A4-OL1,0.05,untuned,k013,a;h;m;z,dense SDPA except selected attention projection linears,complete,,complete-validation,True,True,True,0,0.0,0.0,True,5.489760381230236,0.1045644512413755,10.45644512413755,665349449971,6363055915008,5.4921313496957955,5.492131123863794,-2.2583200109949075e-07,True,1.0499925295572907,5.1833710167557,4.906538408249617,1.0372141442432228,1.0610639938604218,80,16,26ee05928200134671caaf0ae62e9722df8584124a8ceee483f1cfd7923c5a5b,4bd751109b82f203ed904946874d12f1d9bb576874689a7990654a39c2644378,1c786d66df24c3f44080450bc60999c114d9c20a584239e88576e4ec4c1860eb,8bf054228cc4b6609dd333f199ebd1dc4525892e3e9c6f1536d40b9b54cda347,0539d6d18e1c3456e4086239c77c07473e3653b08d15fd57a7923224356e0b84,63fb537fe9519c863cc824c1c574ce048b975a2103e8a6cf824a2cd3b28a601a,runs/025-2026-09-05-pythia-agentic-sparse-kernel-search/retrieved/rtxpro4500-003/evidence-verified/artifacts/fresh-r2-14m-a4-0p05-k013-rtxpro4500-003
rtxpro4500-003,NVIDIA RTX PRO 4500 Blackwell,fresh-r2-14m-a4-0p1-k013-rtxpro4500-003,winner,2,full,eager,14m/a4-0p1,14M,A4-OL1,0.1,untuned,k013,a;h;m;z,dense SDPA except selected attention projection linears,complete,,complete-validation,True,True,True,0,0.0,0.0,True,5.548253721739414,0.11394280537892908,11.394280537892907,725024441739,6363055915008,5.5503922727267385,5.550391571236085,-7.01490653121084e-07,True,1.0502703279561914,3.4253476187586784,3.2413636799901724,1.0321467010786443,1.0650625344480154,80,16,26ee05928200134671caaf0ae62e9722df8584124a8ceee483f1cfd7923c5a5b,4bd751109b82f203ed904946874d12f1d9bb576874689a7990654a39c2644378,88060115872d36ff7c6244750482cf8d511b498b32b7102b9a6d726ccf6f3836,eae425b9b33758654146602f6ef76bb6903f2bf58637960bd4b104c7ce512006,53628aeeb29a8f0f390e930b3db8416af30e77bb4ea1f53df4b4354d977c1a5a,718f2e770c9dbc7c2ecbff5aa682ef31add0900aae5db9d59055f7485d7bd65c,runs/025-2026-09-05-pythia-agentic-sparse-kernel-search/retrieved/rtxpro4500-003/evidence-verified/artifacts/fresh-r2-14m-a4-0p1-k013-rtxpro4500-003
rtxpro4500-003,NVIDIA RTX PRO 4500 Blackwell,fresh-r2-14m-a4-0p5-k013-rtxpro4500-003,winner,2,full,eager,14m/a4-0p5,14M,A4-OL1,0.5,development,k013,a;h;m;z,dense SDPA except selected attention projection linears,complete,,complete-validation,True,True,True,0,0.0,0.0,True,6.037982463131289,0.12713448684742273,12.713448684742273,808963848536,6363055915008,6.040296513804297,6.040296513804297,0.0,True,1.0489193189658996,5.155319580808282,4.87964297644794,1.0391221502457244,1.0554384406468018,80,16,26ee05928200134671caaf0ae62e9722df8584124a8ceee483f1cfd7923c5a5b,4bd751109b82f203ed904946874d12f1d9bb576874689a7990654a39c2644378,16fc95623d8a5f0e0c7c7fdebf844ec5dc669643910e54dddc436350ade9f750,e1eb0da7c21b2253a621ddc6d5ec873072c30daff40ed211222bfa84355c88a4,5fe51952b8aae485da29970faca3be7c94cd4b3755a2cd51f42ebb4c32f19ff1,1c34d8049c9144af5dac96cc0a3ef3281856b9710bcf0ae9f74c772b8f15d9e7,runs/025-2026-09-05-pythia-agentic-sparse-kernel-search/retrieved/rtxpro4500-003/evidence-verified/artifacts/fresh-r2-14m-a4-0p5-k013-rtxpro4500-003
rtxpro4500-003,NVIDIA RTX PRO 4500 Blackwell,fresh-r2-14m-a7-0-k013-rtxpro4500-003,winner,2,full,eager,14m/a7-0,14M,A7-OL1,0.0,development,k013,a;h;m;z,dense SDPA except selected attention projection linears,complete,,complete-validation,True,True,True,0,0.0,0.0,True,5.480180751642532,0.0705422917861371,7.054229178613711,448864547008,6363055915008,5.482406401979291,5.482370421295696,-3.598068359522699e-05,True,1.047197758174502,5.217046244069934,4.954484989866614,1.0376250710193744,1.0538236692615424,80,16,26ee05928200134671caaf0ae62e9722df8584124a8ceee483f1cfd7923c5a5b,4bd751109b82f203ed904946874d12f1d9bb576874689a7990654a39c2644378,43d2babe9baf1f49c7b52ca95f9bc102f20acd56088594d223b3ae622f679e77,11e590f99a5c7667ab2936bd2f0268130a45ddd1ff5fd9a76151c2fa5e310c6a,3543492867ef566b36112ddb04fc1188bafab87cd69a0cdd93c1315ca3aa2493,fd6ab91aeb26bdb4d653193e2f7c2fd7ac68ced1698cc922f5b466c8cb8be992,runs/025-2026-09-05-pythia-agentic-sparse-kernel-search/retrieved/rtxpro4500-003/evidence-verified/artifacts/fresh-r2-14m-a7-0-k013-rtxpro4500-003
rtxpro4500-003,NVIDIA RTX PRO 4500 Blackwell,fresh-r2-14m-a7-0p01-k013-rtxpro4500-003,winner,2,full,eager,14m/a7-0p01,14M,A7-OL1,0.01,untuned,k013,a;h;m;z,dense SDPA except selected attention projection linears,complete,,complete-validation,True,True,True,0,0.0,0.0,True,5.475800738532162,0.07723392871636932,7.723392871636932,491443806958,6363055915008,5.477752072183631,5.477783827691629,3.175550799738858e-05,True,1.0519122192819395,5.9890164993703365,5.699304398149252,1.0396465979636835,1.0634239887638341,80,16,26ee05928200134671caaf0ae62e9722df8584124a8ceee483f1cfd7923c5a5b,4bd751109b82f203ed904946874d12f1d9bb576874689a7990654a39c2644378,cf07a22b2ccc190baea1706ed0eb710c11ffc9e8e79750b666af3ea563d49f11,76b49fa969952f26b1eae8a82ab9f2e2a5c5a7f745c13a5640966115e2416c90,2819c717c8635bf862fc958fc244000a882c86b764fd35f4e3be4b5e0dbe2cfe,86b630b5d31a511c8796d4d1b245bf611df326029cade3a24e58f730c4a36068,runs/025-2026-09-05-pythia-agentic-sparse-kernel-search/retrieved/rtxpro4500-003/evidence-verified/artifacts/fresh-r2-14m-a7-0p01-k013-rtxpro4500-003
rtxpro4500-003,NVIDIA RTX PRO 4500 Blackwell,fresh-r2-14m-a7-0p05-k013-rtxpro4500-003,winner,2,full,eager,14m/a7-0p05,14M,A7-OL1,0.05,untuned,k013,a;h;m;z,dense SDPA except selected attention projection linears,complete,,complete-validation,True,True,True,0,0.0,0.0,True,5.462799572380336,0.09863031588136074,9.863031588136074,627590214868,6363055915008,5.465164439204716,5.465121822588909,-4.2616615806956304e-05,True,1.043756247300762,6.008220138028264,5.717336433008313,1.01853201027451,1.0683625563836443,80,16,26ee05928200134671caaf0ae62e9722df8584124a8ceee483f1cfd7923c5a5b,4bd751109b82f203ed904946874d12f1d9bb576874689a7990654a39c2644378,065beaf878b16aaf759acd7b2a79432fb211d4058d0a1cbf08affed1b9ece9cc,b3cdf26c6de7b51680b2e0231389fc26e37fa6646b0229133fa5245b36bc72dc,f59e0b2dbec86a061bd93d065e496dbb407f2acf303e9fc502ce337f9d16448d,decb192c008061863d3887dacaeed1cd44cf502229f25f0812e31b2500597fe4,runs/025-2026-09-05-pythia-agentic-sparse-kernel-search/retrieved/rtxpro4500-003/evidence-verified/artifacts/fresh-r2-14m-a7-0p05-k013-rtxpro4500-003
rtxpro4500-003,NVIDIA RTX PRO 4500 Blackwell,fresh-r2-14m-a7-0p1-k013-rtxpro4500-003,winner,2,full,eager,14m/a7-0p1,14M,A7-OL1,0.1,untuned,k013,a;h;m;z,dense SDPA except selected attention projection linears,failed_or_incomplete,Fixed complete-validation gate failed,complete-validation,True,False,False,2,0.5625,0.0003281436220277101,False,5.429487593075227,0.11796760377518327,11.796760377518327,750634458981,6363055915008,5.431519913560995,5.431504619088712,-1.5294472282434413e-05,True,1.044652792162603,3.828538116067648,3.661499125882983,1.0420510072165474,1.0468434392264478,80,16,26ee05928200134671caaf0ae62e9722df8584124a8ceee483f1cfd7923c5a5b,4bd751109b82f203ed904946874d12f1d9bb576874689a7990654a39c2644378,d6390746796dfab64ec67cfc833265ed12fbe317192f915845c546edb09ade40,9967c1fcc650c8c4df176468707f6fae324dd3601046f77dc68796ca147821f7,7b41ce6a437b89eb4334fdc71ad017a2ad75bb15e4aa4d1ff0e77760e5a329e9,9d5aaefe5eba8d091eba9d9e49ff40627e9dd19cd81697cdd3358c5a5178463c,runs/025-2026-09-05-pythia-agentic-sparse-kernel-search/retrieved/rtxpro4500-003/evidence-verified/artifacts/fresh-r2-14m-a7-0p1-k013-rtxpro4500-003
rtxpro4500-003,NVIDIA RTX PRO 4500 Blackwell,fresh-r2-14m-a7-0p5-k013-rtxpro4500-003,winner,2,full,eager,14m/a7-0p5,14M,A7-OL1,0.5,development,k013,a;h;m;z,dense SDPA except selected attention projection linears,complete,,complete-validation,True,True,True,0,0.0,0.0,True,5.829406580981418,0.27482684296304843,27.482684296304843,1748738568719,6363055915008,5.831297464664293,5.831297460429942,-4.2343506478914605e-09,True,1.0522418037851042,5.934026557952166,5.655226763337851,1.0451356977452049,1.0634783240908707,80,16,26ee05928200134671caaf0ae62e9722df8584124a8ceee483f1cfd7923c5a5b,4bd751109b82f203ed904946874d12f1d9bb576874689a7990654a39c2644378,b61aa30cbad3b0e2051ec2319fba8d8c527946c62b8d63e2a2eeedb83ae0c81c,3aa12d5bc0b3070115ce29fc8330146625a2a6809ce256639e862398ce7b1b6b,d0dd79ddee0d8f8a657a28eb054ae45262a69395a7edd6d3718626a0bc50309c,400b31c4b7a2b130f1086803f5ec3e9bacb2da41411b3488a1df6ec07c81e183,runs/025-2026-09-05-pythia-agentic-sparse-kernel-search/retrieved/rtxpro4500-003/evidence-verified/artifacts/fresh-r2-14m-a7-0p5-k013-rtxpro4500-003
rtxpro4500-003,NVIDIA RTX PRO 4500 Blackwell,fresh-r2-410m-a0-k010-rtxpro4500-003,winner,2,full,eager,410m/a0,410M,A0,,development,k010,z,dense SDPA except selected attention projection linears,complete,,complete-validation,True,True,True,0,0.0,0.0,True,4.547456437666741,0.00011047923803103942,0.011047923803103942,30885552627,279559790395392,4.54969743317823,4.54969743317823,0.0,True,0.9471373576232831,16.048535238951445,16.970764147117734,0.9453735546821547,0.9498493393265287,80,16,26ee05928200134671caaf0ae62e9722df8584124a8ceee483f1cfd7923c5a5b,4bd751109b82f203ed904946874d12f1d9bb576874689a7990654a39c2644378,f9a50dca5d250e62f4043e09d7ff71b68b7ddfbe5a9b4f1d3ff9b4a3b7196ddd,9829bce3cca9a16e53e91cd8da38d4f71134259134990e371aa318434a8558d2,29954e494fed8ce2060aa8e6c5d85e14f00f7eee274688ef53c9ce99bb6ac28b,28405672d253f6282a0119d1744b586c871f618bc19e510b1b2f58eaf29152d5,runs/025-2026-09-05-pythia-agentic-sparse-kernel-search/retrieved/rtxpro4500-003/evidence-verified/artifacts/fresh-r2-410m-a0-k010-rtxpro4500-003
rtxpro4500-003,NVIDIA RTX PRO 4500 Blackwell,fresh-r2-410m-a1h-k010-rtxpro4500-003,winner,2,full,eager,410m/a1h,410M,A1-H,,development,k010,z,dense SDPA except selected attention projection linears,complete,,complete-validation,True,True,True,0,0.0,0.0,True,4.651294058243904,0.21049725280441106,21.049725280441105,58846567872807,279559790395392,4.654892204147206,4.654892204147206,0.0,True,0.942907049678934,15.910364920273423,16.838872339576483,0.9401542197406885,0.9448074039360884,80,16,26ee05928200134671caaf0ae62e9722df8584124a8ceee483f1cfd7923c5a5b,4bd751109b82f203ed904946874d12f1d9bb576874689a7990654a39c2644378,7df2dc091fb08a61b3a3df641b6409c5443cf7ec0d7f7e2d6b279661adbf8695,2f5c601a2ab5533311b32c976e0e91d1a7a3af4d4cf325048f72b11f76fff7ff,c348116d6a307eaa23dabe2e9c5320eacc20a9109e696e62c80762fb87ef99dc,9d1260cf12aca739870a7898a1db515334cb3e721b0648a379eea955ce33e649,runs/025-2026-09-05-pythia-agentic-sparse-kernel-search/retrieved/rtxpro4500-003/evidence-verified/artifacts/fresh-r2-410m-a1h-k010-rtxpro4500-003
rtxpro4500-003,NVIDIA RTX PRO 4500 Blackwell,fresh-r2-410m-a4-0-k010-rtxpro4500-003,winner,2,full,eager,410m/a4-0,410M,A4-OL1,0.0,development,k010,z,dense SDPA except selected attention projection linears,complete,,complete-validation,True,True,True,0,0.0,0.0,True,5.6920750987600295,0.3833867333385676,38.33867333385676,107179514812504,279559790395392,5.698532815642452,5.698532815642452,0.0,True,0.9440822623809382,17.28623895905912,18.221371807157993,0.9362129706233274,0.948837988570139,80,16,26ee05928200134671caaf0ae62e9722df8584124a8ceee483f1cfd7923c5a5b,4bd751109b82f203ed904946874d12f1d9bb576874689a7990654a39c2644378,48f73792f83af3ba8fcea8eb6faf4de0484e2f1ca6493b9c918ff981bb10035b,af65f210c0e9c41176a1fdb434e5ce84a3afe928aea3f7e782bef202124f6d5e,bea21193192879d2c8acaf40d0c2ddcb888f0044f18b32c681080645f038d4da,0bdca965b8309623724bf7ca24a15c47d67c71cb9c240047897ceb70b8d4615c,runs/025-2026-09-05-pythia-agentic-sparse-kernel-search/retrieved/rtxpro4500-003/evidence-verified/artifacts/fresh-r2-410m-a4-0-k010-rtxpro4500-003
rtxpro4500-003,NVIDIA RTX PRO 4500 Blackwell,fresh-r2-410m-a4-0p01-k010-rtxpro4500-003,winner,2,full,eager,410m/a4-0p01,410M,A4-OL1,0.01,untuned,k010,z,dense SDPA except selected attention projection linears,complete,,complete-validation,True,True,True,0,0.0,0.0,True,5.691361835722387,0.39149185001875003,39.149185001875004,109445379532746,279559790395392,5.7009139042821,5.7009139042821,0.0,True,0.947791545478196,17.23938388749957,18.184086307883263,0.9469190460583465,0.9486312414678597,80,16,26ee05928200134671caaf0ae62e9722df8584124a8ceee483f1cfd7923c5a5b,4bd751109b82f203ed904946874d12f1d9bb576874689a7990654a39c2644378,09220ff1183d046c7ed13b975a90f2f86571a56a041444606d4a20bcb48512ee,eb073d201f3b2e73a1c397d614d7de03e895fbe6f4de3044799c8ff489cc380c,03e2f1140febded446a929f3decd69991af8ed2ad1d2f12ea89d15a24ef3b129,14f529be949663e36f103e1c66d337558c6d6d17d6e707ee28f89938aaa98dab,runs/025-2026-09-05-pythia-agentic-sparse-kernel-search/retrieved/rtxpro4500-003/evidence-verified/artifacts/fresh-r2-410m-a4-0p01-k010-rtxpro4500-003
rtxpro4500-003,NVIDIA RTX PRO 4500 Blackwell,fresh-r2-410m-a4-0p05-k010-rtxpro4500-003,winner,2,full,eager,410m/a4-0p05,410M,A4-OL1,0.05,untuned,k010,z,dense SDPA except selected attention projection linears,complete,,complete-validation,True,True,True,0,0.0,0.0,True,5.678924922407026,0.42124510405287563,42.124510405287566,117763192994107,279559790395392,5.688944287392088,5.688944287392088,0.0,True,0.9485573469171997,17.213726183399558,18.140631960704923,0.9477010402151461,0.9493382321423547,80,16,26ee05928200134671caaf0ae62e9722df8584124a8ceee483f1cfd7923c5a5b,4bd751109b82f203ed904946874d12f1d9bb576874689a7990654a39c2644378,aaf749f17b03a8781f259682d4bea7d61a560e66ed8651d54a83825caa265b91,e79a7ef86c8d8fd72c1d9fa4c8a80ae1ad3f408b15fa9b563d84ab9ef983efc5,a7354ec174a4ae310af41b69dcb6373053b52545de2738826bfabbe8c2558d2c,6da038d4b37651c4799b0b9d40892734d0433b2eefc3ece1b260862b98d220bf,runs/025-2026-09-05-pythia-agentic-sparse-kernel-search/retrieved/rtxpro4500-003/evidence-verified/artifacts/fresh-r2-410m-a4-0p05-k010-rtxpro4500-003
rtxpro4500-003,NVIDIA RTX PRO 4500 Blackwell,fresh-r2-410m-a4-0p1-k010-rtxpro4500-003,winner,2,full,eager,410m/a4-0p1,410M,A4-OL1,0.1,untuned,k010,z,dense SDPA except selected attention projection linears,complete,,complete-validation,True,True,True,0,0.0,0.0,True,5.67888657016867,0.4568803837042414,45.68803837042414,127725384304124,279559790395392,5.684639314056525,5.684639314056525,0.0,True,0.9485856514707398,17.20053143799305,18.133315024897456,0.9477999074693689,0.9493616515343369,80,16,26ee05928200134671caaf0ae62e9722df8584124a8ceee483f1cfd7923c5a5b,4bd751109b82f203ed904946874d12f1d9bb576874689a7990654a39c2644378,0ec8a8f5605e015a3f6c988360d3be1557f3eb6705ed1ad8261d3048f565c76b,94368d2b9606ca3c577755942482b60596c2be9994fb015d2f453b4a0527a5c0,4fbdf7c3832197f6cc5cd44126b1406fa066f32762498f4def953e37076b9d65,56a462206b0426d93a7e811685f5eea386d464ed75267d414e3c0e3c030b4b68,runs/025-2026-09-05-pythia-agentic-sparse-kernel-search/retrieved/rtxpro4500-003/evidence-verified/artifacts/fresh-r2-410m-a4-0p1-k010-rtxpro4500-003
rtxpro4500-003,NVIDIA RTX PRO 4500 Blackwell,fresh-r2-410m-a4-0p5-k010-rtxpro4500-003,winner,2,full,eager,410m/a4-0p5,410M,A4-OL1,0.5,development,k010,z,dense SDPA except selected attention projection linears,complete,,complete-validation,True,True,True,0,0.0,0.0,True,5.1909658185829075,0.715914446480748,71.5914446480748,200140892599191,279559790395392,5.195162163989647,5.195162163989647,0.0,True,1.0189156359521907,17.002676846459508,16.673170495778322,1.0177830589818286,1.019994170071825,80,16,26ee05928200134671caaf0ae62e9722df8584124a8ceee483f1cfd7923c5a5b,4bd751109b82f203ed904946874d12f1d9bb576874689a7990654a39c2644378,d4f3ad3232a7ac47eb13e9bafb7c6382583b6319707f03e387dcfbe9058edb89,c14e20ea93a15f0bae43befd683689c2d0c876073dde2f66079d11f65b90b6f4,f3f379382cfbfd79d461c2f3a1904f6f5dd535a539a2d3956b5a474420c9ac3c,c10dbd641ee28deaf10a6914608f1d8888835c00456ad742b2c824132b77e636,runs/025-2026-09-05-pythia-agentic-sparse-kernel-search/retrieved/rtxpro4500-003/evidence-verified/artifacts/fresh-r2-410m-a4-0p5-k010-rtxpro4500-003
rtxpro4500-003,NVIDIA RTX PRO 4500 Blackwell,fresh-r2-410m-a7-0-k010-rtxpro4500-003,winner,2,full,eager,410m/a7-0,410M,A7-OL1,0.0,development,k010,z,dense SDPA except selected attention projection linears,complete,,complete-validation,True,True,True,0,0.0,0.0,True,5.4262960662503215,0.4112146787868456,41.121467878684555,114959089409159,279559790395392,5.430655344679027,5.430655344679027,0.0,True,0.9487971321353833,17.266805050894618,18.20309436880052,0.9480561119598127,0.949458521286712,80,16,26ee05928200134671caaf0ae62e9722df8584124a8ceee483f1cfd7923c5a5b,4bd751109b82f203ed904946874d12f1d9bb576874689a7990654a39c2644378,3af51cd739c2cd25faf71fdee8ea4b2dc52f9d23dc4fef7699ceab9a946a8ee1,adbcaa01baf24c86d4371b3e725bbe096f0811669eba9e67913b2c5b31208a4b,328038455ec5daf7bd7fd40d4a7c3431da94656506fb2ab29649e431f4670fc3,7fa6ac415af035cac7e8efa8ca535c60cac55c2c00c1ce05c91e2067c1c6669b,runs/025-2026-09-05-pythia-agentic-sparse-kernel-search/retrieved/rtxpro4500-003/evidence-verified/artifacts/fresh-r2-410m-a7-0-k010-rtxpro4500-003
rtxpro4500-003,NVIDIA RTX PRO 4500 Blackwell,fresh-r2-410m-a7-0p01-k010-rtxpro4500-003,winner,2,full,eager,410m/a7-0p01,410M,A7-OL1,0.01,untuned,k010,z,dense SDPA except selected attention projection linears,complete,,complete-validation,True,True,True,0,0.0,0.0,True,5.43313791342741,0.4147805603667183,41.47805603667183,115955966516203,279559790395392,5.437535094998715,5.437535094998715,0.0,True,0.9537582574695912,18.775543197989464,19.69117671251297,0.9532036071277395,0.9542711027646222,80,16,26ee05928200134671caaf0ae62e9722df8584124a8ceee483f1cfd7923c5a5b,4bd751109b82f203ed904946874d12f1d9bb576874689a7990654a39c2644378,c5e3177f5661da76ce18198aac6446ef0810834a84749e7c3548c3006fc17185,1a8266a2c479be3489baa9b57b743291f6de0f2137a52abeb8309c9ac8d3a9ce,4facf1f6f4d11f96e0f9357d4e137702cd853c5d636f58482f72b16367ba0f24,5dd25d9fc9716e597538c53502ca1a64eae6379d9ccb019c5c3d21a5b40766f7,runs/025-2026-09-05-pythia-agentic-sparse-kernel-search/retrieved/rtxpro4500-003/evidence-verified/artifacts/fresh-r2-410m-a7-0p01-k010-rtxpro4500-003
rtxpro4500-003,NVIDIA RTX PRO 4500 Blackwell,fresh-r2-410m-a7-0p05-k010-rtxpro4500-003,winner,2,full,eager,410m/a7-0p05,410M,A7-OL1,0.05,untuned,k010,z,dense SDPA except selected attention projection linears,complete,,complete-validation,True,True,True,0,0.0,0.0,True,5.467853006526563,0.44053172790987316,44.05317279098732,123154957517004,279559790395392,5.472566237598661,5.472566237598661,0.0,True,0.9534914775487517,18.695935606956482,19.601628882810473,0.9528318050513762,0.9541571869126654,80,16,26ee05928200134671caaf0ae62e9722df8584124a8ceee483f1cfd7923c5a5b,4bd751109b82f203ed904946874d12f1d9bb576874689a7990654a39c2644378,4605eb90f0d0e57f7771a38e5babb65ee21fa2dd1f201965e3006f5164768422,1bb6b8d2151d2e84413e6743749bb25962f2dc2cab1516785cad4672c15747f5,0769679c083ebc81eecfef0e1f1ca4804d203d2205b85ff35ab19b65cc4a67b8,a7b36ee4427ddafc136340e3b37c3e608b22fbf36da8686607f3e8a05a2b522d,runs/025-2026-09-05-pythia-agentic-sparse-kernel-search/retrieved/rtxpro4500-003/evidence-verified/artifacts/fresh-r2-410m-a7-0p05-k010-rtxpro4500-003
rtxpro4500-003,NVIDIA RTX PRO 4500 Blackwell,fresh-r2-410m-a7-0p1-k010-rtxpro4500-003,winner,2,full,eager,410m/a7-0p1,410M,A7-OL1,0.1,untuned,k010,z,dense SDPA except selected attention projection linears,complete,,complete-validation,True,True,True,0,0.0,0.0,True,5.490748997270709,0.4899755173364832,48.99755173364832,136977452925461,279559790395392,5.495259978251475,5.495259978251475,0.0,True,0.9536669549796507,18.69940967299044,19.607522059231997,0.9527954028504431,0.9545517692810381,80,16,26ee05928200134671caaf0ae62e9722df8584124a8ceee483f1cfd7923c5a5b,4bd751109b82f203ed904946874d12f1d9bb576874689a7990654a39c2644378,f7944527b6d9ffa20162ba01afc48986395687fed47f7b108b4e970b9ff2d2e7,04c946f75703ce2b8f24b8c147101f767e5d82f14c0fb77e20d568e3b3740321,7fc20af0db54608870d032d5e2d1b56fb566a65e9201660bf1df8be986c1a7a1,3e22f5cc8575e98ffaef36ec834e07a5d069f76163dcad8dda7013d7ac252340,runs/025-2026-09-05-pythia-agentic-sparse-kernel-search/retrieved/rtxpro4500-003/evidence-verified/artifacts/fresh-r2-410m-a7-0p1-k010-rtxpro4500-003
rtxpro4500-003,NVIDIA RTX PRO 4500 Blackwell,fresh-r2-410m-a7-0p5-k010-rtxpro4500-003,winner,2,full,eager,410m/a7-0p5,410M,A7-OL1,0.5,development,k010,z,dense SDPA except selected attention projection linears,complete,,complete-validation,True,True,True,0,0.0,0.0,True,5.120691668705122,0.806155139186339,80.6155139186339,225368561737101,279559790395392,5.1244951522083975,5.1244951522083975,0.0,True,1.017471161419635,18.425712129101157,18.113947473466396,1.0167495701740354,1.0182279942964454,80,16,26ee05928200134671caaf0ae62e9722df8584124a8ceee483f1cfd7923c5a5b,4bd751109b82f203ed904946874d12f1d9bb576874689a7990654a39c2644378,d783ea7f6eaf97dcb4a5100e222a3085f1c7a6f46e67e9b3bd802c7ea1d63fa4,598a5405188e21b050b8239f23df0d743e4257e35390adc55879d7eef0751d9d,5348c583a0d8975118e1f5b1a18b43602cbb23fcf3c28392d8c3c40164cdc9ae,b9f4bd0ed665886008b9a16123ab3fc5dc6415ef359b535578b7f0b4eb363a93,runs/025-2026-09-05-pythia-agentic-sparse-kernel-search/retrieved/rtxpro4500-003/evidence-verified/artifacts/fresh-r2-410m-a7-0p5-k010-rtxpro4500-003
rtxpro4500-003,NVIDIA RTX PRO 4500 Blackwell,fresh-r2-70m-a0-k016-rtxpro4500-003,winner,2,full,eager,70m/a0,70M,A0,,development,k016,a;h;m;z,dense SDPA except selected attention projection linears,complete,,complete-validation,True,True,True,0,0.0,0.0,True,4.09976596627715,4.5409213981255505e-06,0.00045409213981255505,160072890,35251191545856,4.107689843018305,4.107689843018305,0.0,True,1.0091751529277246,5.9263010043650866,5.927622551098466,0.9985553363391222,1.0243083595332374,80,16,26ee05928200134671caaf0ae62e9722df8584124a8ceee483f1cfd7923c5a5b,4bd751109b82f203ed904946874d12f1d9bb576874689a7990654a39c2644378,27419b6f125952fbf2f9735461dceb35d43a728fac3338b7c8a34b49b318fa1b,f36eb17d505f36acde38d0ba665da12bc6fb4cd92c4b7b9b60f97ffb8e47e932,5dba6704a4c7d71e66b62a960eeac2b1b002dc2b2a9005c9b57172018ffd0c84,41fc830050c8e53498cac9f508bc1d5bdc1a37c2558fa26aa98b1ebd324bc442,runs/025-2026-09-05-pythia-agentic-sparse-kernel-search/retrieved/rtxpro4500-003/evidence-verified/artifacts/fresh-r2-70m-a0-k016-rtxpro4500-003
rtxpro4500-003,NVIDIA RTX PRO 4500 Blackwell,fresh-r2-70m-a1h-k016-rtxpro4500-003,winner,2,full,eager,70m/a1h,70M,A1-H,,development,k016,h,dense SDPA except selected attention projection linears,complete,,complete-validation,True,True,True,0,0.0,0.0,True,4.222749641308417,0.1006575817198192,10.06575817198192,3548299693748,35251191545856,4.2312623229465816,4.231266270419391,3.947472809073815e-06,True,0.9456913323841296,4.251033067703247,4.434907343238592,0.9417006793354157,0.9498844582646275,80,16,26ee05928200134671caaf0ae62e9722df8584124a8ceee483f1cfd7923c5a5b,4bd751109b82f203ed904946874d12f1d9bb576874689a7990654a39c2644378,dc9f8824ed7ea08363a2a861903ebc6d7053a8a928d6838c101abf4183d3c788,905d13cf3be501a195b5cca005425ba36fd3019d6a35c7767b8ae58307acdaad,a31e7c60e6a454a35777f604a65bbb7ade1c16d6674fa3ce382ef66170cd4652,7c296324e3e573453d87e0a9194ba7fd177ff54ba70aae2cd79b03727e9f58a0,runs/025-2026-09-05-pythia-agentic-sparse-kernel-search/retrieved/rtxpro4500-003/evidence-verified/artifacts/fresh-r2-70m-a1h-k016-rtxpro4500-003
rtxpro4500-003,NVIDIA RTX PRO 4500 Blackwell,fresh-r2-70m-a4-0-k016-rtxpro4500-003,winner,2,full,eager,70m/a4-0,70M,A4-OL1,0.0,development,k016,a;h;m;z,dense SDPA except selected attention projection linears,complete,,complete-validation,True,True,True,0,0.0,0.0,True,4.805361172503973,0.25672509475572236,25.672509475572237,9049865489862,35251191545856,4.814718091569863,4.81461943580154,-9.86557683226863e-05,True,0.7515152199208678,3.7092354614287615,4.94911358691752,0.7491443801944312,0.7540671005666195,80,16,26ee05928200134671caaf0ae62e9722df8584124a8ceee483f1cfd7923c5a5b,4bd751109b82f203ed904946874d12f1d9bb576874689a7990654a39c2644378,8327b6db6f4efbf6e870c65703ae3b3a37be39dc34bca194ba72f6b402f63ecb,73d37961976891835ed1090f52e2e8264fa6aa4b710d09f53e0b43cc4a0077a7,4cac7487bf06546b60a82ae281b2d9c5fa313e96b36df0db60c1545878dad765,b12c317b67e6161e5aad3a73f2818fb7303dcd72a98d66a70b06e44f7246532b,runs/025-2026-09-05-pythia-agentic-sparse-kernel-search/retrieved/rtxpro4500-003/evidence-verified/artifacts/fresh-r2-70m-a4-0-k016-rtxpro4500-003
rtxpro4500-003,NVIDIA RTX PRO 4500 Blackwell,fresh-r2-70m-a4-0p01-k016-rtxpro4500-003,winner,2,full,eager,70m/a4-0p01,70M,A4-OL1,0.01,untuned,k016,a;h;m;z,dense SDPA except selected attention projection linears,failed_or_incomplete,Fixed complete-validation gate failed,complete-validation,True,False,False,1,0.625,0.0006086452631279826,False,4.822850325756525,0.2622424792437898,26.22424792437898,9244359867283,35251191545856,4.833090198131222,4.833095436375063,5.238243841354517e-06,True,0.7627855529850668,3.714317688718438,4.864627495408058,0.7612791980806024,0.7643690833304508,80,16,26ee05928200134671caaf0ae62e9722df8584124a8ceee483f1cfd7923c5a5b,4bd751109b82f203ed904946874d12f1d9bb576874689a7990654a39c2644378,768bcc789a0852465a49e49378898587ffe2b5f6fedcaace63c0973993a74424,3bd8370549ae3e2580e08f6d56f914747d6b15c392eb557e6586166c7af72f09,fbac410831c054921ffc5ffa4d845346669314f67d8dcf9f3beb24670a45a78c,275c9a75f1609324a83bbc68cec8ae73fbf2582d26d39209230ce77d12860b31,runs/025-2026-09-05-pythia-agentic-sparse-kernel-search/retrieved/rtxpro4500-003/evidence-verified/artifacts/fresh-r2-70m-a4-0p01-k016-rtxpro4500-003
rtxpro4500-003,NVIDIA RTX PRO 4500 Blackwell,fresh-r2-70m-a4-0p05-k016-rtxpro4500-003,winner,2,full,eager,70m/a4-0p05,70M,A4-OL1,0.05,untuned,k016,a;h;m;z,dense SDPA except selected attention projection linears,failed_or_incomplete,Fixed complete-validation gate failed,complete-validation,True,False,False,2,1.0,0.00039765224209986627,False,4.874176727949515,0.28489957631865137,28.48995763186514,10043049536142,35251191545856,4.885247307368352,4.885204330127069,-4.2977241283104206e-05,True,0.9125982661840601,5.562748527154326,5.676894215866923,0.910370517568102,0.9147001261250621,80,16,26ee05928200134671caaf0ae62e9722df8584124a8ceee483f1cfd7923c5a5b,4bd751109b82f203ed904946874d12f1d9bb576874689a7990654a39c2644378,066a6fed9a398371f518d09992195633b1c9ce35f6bc0702787e210808527755,86c194ae8e3fd61b5dcadab1a5b73fb6d498f7fa4029fb2dd331571dd92aa7ee,d5723a35887569f6a79331bd61027a8ad68c75328154552bd4d689bf01e24f02,b9c5b19c9b6cece449c9a7fb632397af91d296c8ebff868efd3ce3537d298a51,runs/025-2026-09-05-pythia-agentic-sparse-kernel-search/retrieved/rtxpro4500-003/evidence-verified/artifacts/fresh-r2-70m-a4-0p05-k016-rtxpro4500-003
rtxpro4500-003,NVIDIA RTX PRO 4500 Blackwell,fresh-r2-70m-a4-0p1-k016-rtxpro4500-003,winner,2,full,eager,70m/a4-0p1,70M,A4-OL1,0.1,untuned,k016,a;h;m;z,dense SDPA except selected attention projection linears,failed_or_incomplete,Fixed complete-validation gate failed,complete-validation,True,False,False,1,1.5,0.00043764064321294427,False,4.943887012597372,0.30574257817401346,30.574257817401346,10777790186936,35251191545856,4.953654694957537,4.953651418982069,-3.275975467786907e-06,True,0.9739008309192638,5.502413492649794,5.456029670313001,0.9647776138024275,0.9830393858696609,80,16,26ee05928200134671caaf0ae62e9722df8584124a8ceee483f1cfd7923c5a5b,4bd751109b82f203ed904946874d12f1d9bb576874689a7990654a39c2644378,5a69900351cdc1243d8c57cc67bc3b0a6deb3d8265e6923f87cf2432bf2ebc49,a39f3b5f9316ee38c28ade483ede6e2104595bca0506410aef4d7faf4a0e61fb,73ccfb44f479033a733d9af707d8f2898a8bd72943fd7c3e8f0e16edce6ab402,466cec4c271c73f99415c1eff3cb7ffe9ff7deb1c504fd4c54f5aad2f9b3196e,runs/025-2026-09-05-pythia-agentic-sparse-kernel-search/retrieved/rtxpro4500-003/evidence-verified/artifacts/fresh-r2-70m-a4-0p1-k016-rtxpro4500-003
rtxpro4500-003,NVIDIA RTX PRO 4500 Blackwell,fresh-r2-70m-a4-0p5-k016-rtxpro4500-003,winner,2,full,eager,70m/a4-0p5,70M,A4-OL1,0.5,development,k016,a;h;m;z,dense SDPA except selected attention projection linears,complete,,complete-validation,True,True,True,0,0.0,0.0,True,5.389480136202637,0.3559621916980309,35.59621916980309,12548091402630,35251191545856,5.398816271078256,5.398816892821984,6.217437285016558e-07,True,1.033089389373658,5.52380015142262,5.050008418038487,1.0253646273777997,1.0438863171540864,80,16,26ee05928200134671caaf0ae62e9722df8584124a8ceee483f1cfd7923c5a5b,4bd751109b82f203ed904946874d12f1d9bb576874689a7990654a39c2644378,f592caef1eaee484b51b6cf2d602125c9a72fec180d84d6d43e2d5f08508a19b,34f1eb76a7e5a30ff2575b36899a55ff863a44548a3072b3054da6f2d47d4bcd,933a92be167b3c0df73ba3599958a51ea3679b2e7f23f6f8b3dbee9c67b30366,0cea10eef5796b89cd5b88216f87f507ad2283f0010d16995dcc9cc8acc7300e,runs/025-2026-09-05-pythia-agentic-sparse-kernel-search/retrieved/rtxpro4500-003/evidence-verified/artifacts/fresh-r2-70m-a4-0p5-k016-rtxpro4500-003
rtxpro4500-003,NVIDIA RTX PRO 4500 Blackwell,fresh-r2-70m-a7-0-k016-rtxpro4500-003,winner,2,full,eager,70m/a7-0,70M,A7-OL1,0.0,development,k016,a;h;m;z,dense SDPA except selected attention projection linears,complete,,complete-validation,True,True,True,0,0.0,0.0,True,4.941205969223609,0.23562417494680196,23.562417494680197,8306032923884,35251191545856,4.9502589823041205,4.950320347563241,6.136525912037172e-05,True,0.9956584456437066,5.603534635156393,5.619552917778492,0.9916963802771687,0.9992875446692373,80,16,26ee05928200134671caaf0ae62e9722df8584124a8ceee483f1cfd7923c5a5b,4bd751109b82f203ed904946874d12f1d9bb576874689a7990654a39c2644378,1137f41dadaa900452f5aea8109ee5fe8083d5f791ca2e849f36709a2009a900,e6f2b14492e8d9fca0df0c932f429c8499830eb21a52db04c4aed91d72aded17,b80238ae0615a494fbe954155b068235d0e48cdd27655c39ebda403240299cf9,436fb208562bba0252260569364f727a6f776e9cfce3d9f4d15111c9f94965bc,runs/025-2026-09-05-pythia-agentic-sparse-kernel-search/retrieved/rtxpro4500-003/evidence-verified/artifacts/fresh-r2-70m-a7-0-k016-rtxpro4500-003
rtxpro4500-003,NVIDIA RTX PRO 4500 Blackwell,fresh-r2-70m-a7-0p01-k016-rtxpro4500-003,winner,2,full,eager,70m/a7-0p01,70M,A7-OL1,0.01,untuned,k016,a;h;m;z,dense SDPA except selected attention projection linears,complete,,complete-validation,True,True,True,0,0.0,0.0,True,4.936396388965245,0.24226276136279815,24.226276136279814,8540051005228,35251191545856,4.945450396195711,4.945354185058801,-9.621113690982952e-05,True,0.9750591120573402,4.210777813568711,4.367076093330979,0.9711997001743969,0.9794707061706357,80,16,26ee05928200134671caaf0ae62e9722df8584124a8ceee483f1cfd7923c5a5b,4bd751109b82f203ed904946874d12f1d9bb576874689a7990654a39c2644378,261e4bff9dd21b3bfbabfe498b4bbbd3f2ff6a87ff47b7b3e19d305b5e0cdc26,1d02b29ee70c73cc676ff324ea6ee9e3b5da287c2077ebbdf7af33c84e09e33d,313d67b0b96842def8068195613f25a3bf9cc26392c1dc1f07fb70fe71eefd2f,e757d6b3eda76dfa38c2296333e38f086826e3d218001040cecf6f06600967da,runs/025-2026-09-05-pythia-agentic-sparse-kernel-search/retrieved/rtxpro4500-003/evidence-verified/artifacts/fresh-r2-70m-a7-0p01-k016-rtxpro4500-003
rtxpro4500-003,NVIDIA RTX PRO 4500 Blackwell,fresh-r2-70m-a7-0p05-k016-rtxpro4500-003,winner,2,full,eager,70m/a7-0p05,70M,A7-OL1,0.05,untuned,k016,a;h;m;z,dense SDPA except selected attention projection linears,complete,,complete-validation,True,True,True,0,0.0,0.0,True,4.963655849532969,0.265239409240229,26.5239409240229,9350005220637,35251191545856,4.972258383061728,4.9722685518533085,1.0168791580333902e-05,True,0.9803004560812059,4.215765744447708,4.303104942664504,0.9762421282816289,0.9844398596682138,80,16,26ee05928200134671caaf0ae62e9722df8584124a8ceee483f1cfd7923c5a5b,4bd751109b82f203ed904946874d12f1d9bb576874689a7990654a39c2644378,9d91d72d1c90b03a8ed6317c7e16e97fc9efbfb0b1346fdc922d81f92a2a9478,0cb9d4a02bafce8e0e1d7fca4ef6a4a10a95df4058603853e609bbda6d8cc1d3,3ef7ffb3742f14ef18f6ca341070747ee761be0ca7ded23474ba655876322e11,999bd6ac1de5c3d90bb9fe21b91adfadd1dea7c08a0be76d64293b6bbb8d3a72,runs/025-2026-09-05-pythia-agentic-sparse-kernel-search/retrieved/rtxpro4500-003/evidence-verified/artifacts/fresh-r2-70m-a7-0p05-k016-rtxpro4500-003
rtxpro4500-003,NVIDIA RTX PRO 4500 Blackwell,fresh-r2-70m-a7-0p1-k016-rtxpro4500-003,winner,2,full,eager,70m/a7-0p1,70M,A7-OL1,0.1,untuned,k016,a;h;m;z,dense SDPA except selected attention projection linears,complete,,complete-validation,True,True,True,0,0.0,0.0,True,4.950079453062024,0.2869378509087325,28.69378509087325,10114901144140,35251191545856,4.959265524902788,4.959283087928096,1.7563025307865132e-05,True,1.0042830727946896,6.371655035763979,6.315570557489991,0.9954188905239836,1.011821451766664,80,16,26ee05928200134671caaf0ae62e9722df8584124a8ceee483f1cfd7923c5a5b,4bd751109b82f203ed904946874d12f1d9bb576874689a7990654a39c2644378,31d66821bf54798e8b0ae31c90eb0e4cd68bff1396079cbd929e3a731e9cf78f,44e689360403c9c042ae8164bef5c8f9d7b72a4aa8ed96270847efba7284a103,e630d0b2733c27018687c9d418ba93d5b911f0123d04c52c896a518344a8cdde,55ebfb63ee8fe2b966874466dd806d188aef4d6dec5ec897708a97e6673275c9,runs/025-2026-09-05-pythia-agentic-sparse-kernel-search/retrieved/rtxpro4500-003/evidence-verified/artifacts/fresh-r2-70m-a7-0p1-k016-rtxpro4500-003
rtxpro4500-003,NVIDIA RTX PRO 4500 Blackwell,fresh-r2-70m-a7-0p5-k016-rtxpro4500-003,winner,2,full,eager,70m/a7-0p5,70M,A7-OL1,0.5,development,k016,a;h;m;z,dense SDPA except selected attention projection linears,complete,,complete-validation,True,True,True,0,0.0,0.0,True,5.215924663303872,0.4060187215635989,40.60187215635989,14312643725042,35251191545856,5.2265333158010545,5.226533320035404,4.234349759713041e-09,True,1.0081577445776588,4.2048480827361345,4.176316084340215,1.0000957110866902,1.0183498641868816,80,16,26ee05928200134671caaf0ae62e9722df8584124a8ceee483f1cfd7923c5a5b,4bd751109b82f203ed904946874d12f1d9bb576874689a7990654a39c2644378,2b63bca105141e9a84c61bcaff9543bb051d18e8a21af75e05d477b895115b05,39560b656709235d1649a05e638cac5036f8d0916959faf6b7e2acb39513231d,9e379357abebdf77a562a92ff1d7cd3530f70c25633ebb3c222e5ac48c3c00ad,7fb40d605b1c5071a0ac71d9049ac9f1cb57440c03b38e79e556b3abcd20ef5b,runs/025-2026-09-05-pythia-agentic-sparse-kernel-search/retrieved/rtxpro4500-003/evidence-verified/artifacts/fresh-r2-70m-a7-0p5-k016-rtxpro4500-003
rtxpro4500-003,NVIDIA RTX PRO 4500 Blackwell,fresh-r3-14m-a0-k013-rtxpro4500-003,winner,3,full,eager,14m/a0,14M,A0,,development,k013,a;h;m;z,dense SDPA except selected attention projection linears,complete,,complete-validation,True,True,True,0,0.0,0.0,True,5.2085730123096665,1.1415112639303073e-08,1.1415112639303072e-06,72635,6363055915008,5.209966218440203,5.209961768491192,-4.449949011053889e-06,True,0.9826736427156756,5.574128357693553,5.344761302694678,0.9649275808047957,0.9988835691839344,80,16,26ee05928200134671caaf0ae62e9722df8584124a8ceee483f1cfd7923c5a5b,4bd751109b82f203ed904946874d12f1d9bb576874689a7990654a39c2644378,889540f6362d2b605fee3b399bc250f4dac5fb5e826381e3d5ab0a1099f20753,515f78d02d378a8e517309becf7e13f35d68c21e8cb93295892f849f9bb0cbd5,8d7745e9cfa6092cb5d63b39e07475b45e50cdcec8d00c6aed117a16faeab98a,866721894117108023fe66d223e47431123568cbe11c4af6ffb7f2519b12ad89,runs/025-2026-09-05-pythia-agentic-sparse-kernel-search/retrieved/rtxpro4500-003/evidence-verified/artifacts/fresh-r3-14m-a0-k013-rtxpro4500-003
rtxpro4500-003,NVIDIA RTX PRO 4500 Blackwell,fresh-r3-14m-a1h-k013-rtxpro4500-003,winner,3,full,eager,14m/a1h,14M,A1-H,,development,k013,h,dense SDPA except selected attention projection linears,complete,,complete-validation,True,True,True,0,0.0,0.0,True,5.26963426093378,0.027141299328466276,2.7141299328466277,172701605233,6363055915008,5.271187088342137,5.271209181063382,2.2092721245314806e-05,True,0.9916211768383995,5.667867371812463,5.708618322387338,0.9861746460298724,0.9963792306053609,80,16,26ee05928200134671caaf0ae62e9722df8584124a8ceee483f1cfd7923c5a5b,4bd751109b82f203ed904946874d12f1d9bb576874689a7990654a39c2644378,0d9a070077cc726eb2cdb9c2a03120fd695b33629a534b4c54a0cc1a88cb5442,d092013fb778cc19c09b5eabb29c6824ca8e65b44ccfe379d79a2645a1a43fcd,cadd5398d190aaacd710f633fb9ff029e5a57bfa513034d75d58f9c8affec895,4424d4e1432394bb0e85e5929744b1f27926a6ddb2b81120682aecbbbd93d2e8,runs/025-2026-09-05-pythia-agentic-sparse-kernel-search/retrieved/rtxpro4500-003/evidence-verified/artifacts/fresh-r3-14m-a1h-k013-rtxpro4500-003
rtxpro4500-003,NVIDIA RTX PRO 4500 Blackwell,fresh-r3-14m-a4-0-k013-rtxpro4500-003,winner,3,full,eager,14m/a4-0,14M,A4-OL1,0.0,development,k013,a;h;m;z,dense SDPA except selected attention projection linears,complete,,complete-validation,True,True,True,0,0.0,0.0,True,5.458276166718387,0.0781004229286857,7.81004229286857,496957358081,6363055915008,5.4598567823695845,5.459856267190332,-5.151792521473908e-07,True,1.0538109851714101,4.346995148807764,4.09880536608398,1.0480513677217924,1.0594835548443249,80,16,26ee05928200134671caaf0ae62e9722df8584124a8ceee483f1cfd7923c5a5b,4bd751109b82f203ed904946874d12f1d9bb576874689a7990654a39c2644378,9aeeff7d7e5bde29aaaa3785f692a02763b71785e95eb39d20e403109a2b911d,86e140bb22dbf7a75bd9ad5c7479d563ee5f483cac6c6975ae787b255c382a83,9242167e4842d2b3569283160b9c582d394029e8319f03012d090098899df9ae,fcc28cf62570af3d829d5ba4fcb7db7f4cee6630becb7ebde1e8581bcc25b410,runs/025-2026-09-05-pythia-agentic-sparse-kernel-search/retrieved/rtxpro4500-003/evidence-verified/artifacts/fresh-r3-14m-a4-0-k013-rtxpro4500-003
rtxpro4500-003,NVIDIA RTX PRO 4500 Blackwell,fresh-r3-14m-a4-0p01-k013-rtxpro4500-003,winner,3,full,eager,14m/a4-0p01,14M,A4-OL1,0.01,untuned,k013,a;h;m;z,dense SDPA except selected attention projection linears,complete,,complete-validation,True,True,True,0,0.0,0.0,True,5.458309076241488,0.08586708994090508,8.586708994090507,546377094553,6363055915008,5.460173012803726,5.46017183988877,-1.1729149562711427e-06,True,1.0579824541464555,5.200382089242339,4.924405366182327,1.0487558830477717,1.0715520544413304,80,16,26ee05928200134671caaf0ae62e9722df8584124a8ceee483f1cfd7923c5a5b,4bd751109b82f203ed904946874d12f1d9bb576874689a7990654a39c2644378,301da81dcb5d65c3bb965ae8a46a060d62ab8411a0678d0832f860f7a7a6fb9d,5f9260a95020091ef98a182e5bf48e80405bc040e3af7fdead899fd1b9a152b2,cc0193490d34172550f60b797f80d0dc745537f1aa672d49f63fd601c5faf48e,118069af4316ec3abeb9e5709c9f1a5f6faa84b3e69b563a2006954a86047565,runs/025-2026-09-05-pythia-agentic-sparse-kernel-search/retrieved/rtxpro4500-003/evidence-verified/artifacts/fresh-r3-14m-a4-0p01-k013-rtxpro4500-003
rtxpro4500-003,NVIDIA RTX PRO 4500 Blackwell,fresh-r3-14m-a4-0p05-k013-rtxpro4500-003,winner,3,full,eager,14m/a4-0p05,14M,A4-OL1,0.05,untuned,k013,a;h;m;z,dense SDPA except selected attention projection linears,complete,,complete-validation,True,True,True,0,0.0,0.0,True,5.489760381230236,0.1045644512413755,10.45644512413755,665349449971,6363055915008,5.4921313496957955,5.492131123863794,-2.2583200109949075e-07,True,1.0536040746605195,5.233620991930366,4.980544093996286,1.0438251287352156,1.0671696749053734,80,16,26ee05928200134671caaf0ae62e9722df8584124a8ceee483f1cfd7923c5a5b,4bd751109b82f203ed904946874d12f1d9bb576874689a7990654a39c2644378,50973b43de3afa7356a6ad6ce8c2aa41f0f30b8b8322f68adba60a4396e6871c,bf0f9f063002863069d502875f08c84daadeb71356a062cb81417b9563eaf332,67f75791b883f2b65ddec6c5b2fdd6f99c3fb3f490b3202b2d40d7cb54165b45,63fb537fe9519c863cc824c1c574ce048b975a2103e8a6cf824a2cd3b28a601a,runs/025-2026-09-05-pythia-agentic-sparse-kernel-search/retrieved/rtxpro4500-003/evidence-verified/artifacts/fresh-r3-14m-a4-0p05-k013-rtxpro4500-003
rtxpro4500-003,NVIDIA RTX PRO 4500 Blackwell,fresh-r3-14m-a4-0p1-k013-rtxpro4500-003,winner,3,full,eager,14m/a4-0p1,14M,A4-OL1,0.1,untuned,k013,a;h;m;z,dense SDPA except selected attention projection linears,complete,,complete-validation,True,True,True,0,0.0,0.0,True,5.548253721739414,0.11394280537892908,11.394280537892907,725024441739,6363055915008,5.5503922727267385,5.550391571236085,-7.01490653121084e-07,True,1.0478996643900205,5.152700701728463,4.877650877460837,1.0313373258522283,1.0602150313143512,80,16,26ee05928200134671caaf0ae62e9722df8584124a8ceee483f1cfd7923c5a5b,4bd751109b82f203ed904946874d12f1d9bb576874689a7990654a39c2644378,119885b9eae94e658293216473401d7628754578a53cbaa5f770da61b9f33e29,2464dce6f257333415e3eb48ff09563ee88c0cb1c71c30654bff8ce69189f921,9f6bdb822322ef2ea0ae2ca64fb61acb6fbe2a61512a2b50b0460d883b8c394c,718f2e770c9dbc7c2ecbff5aa682ef31add0900aae5db9d59055f7485d7bd65c,runs/025-2026-09-05-pythia-agentic-sparse-kernel-search/retrieved/rtxpro4500-003/evidence-verified/artifacts/fresh-r3-14m-a4-0p1-k013-rtxpro4500-003
rtxpro4500-003,NVIDIA RTX PRO 4500 Blackwell,fresh-r3-14m-a4-0p5-k013-rtxpro4500-003,winner,3,full,eager,14m/a4-0p5,14M,A4-OL1,0.5,development,k013,a;h;m;z,dense SDPA except selected attention projection linears,complete,,complete-validation,True,True,True,0,0.0,0.0,True,6.037982463131289,0.12713448684742273,12.713448684742273,808963848536,6363055915008,6.040296513804297,6.040296513804297,0.0,True,1.063884648059652,5.7811064179986715,5.471139447763562,1.047110324102108,1.0833714098322074,80,16,26ee05928200134671caaf0ae62e9722df8584124a8ceee483f1cfd7923c5a5b,4bd751109b82f203ed904946874d12f1d9bb576874689a7990654a39c2644378,77f03cde3c0b489bc09c1e446fa99d7e95e61e660047e1a3342229e57aa09e18,0aead7660994732a65017a403b8edafeda285ea212e70787796668d8b15abcc5,ef63978c7e32752259e590eb9fec6d27a4053e16a53f6f6e4c8ea4b226669287,1c34d8049c9144af5dac96cc0a3ef3281856b9710bcf0ae9f74c772b8f15d9e7,runs/025-2026-09-05-pythia-agentic-sparse-kernel-search/retrieved/rtxpro4500-003/evidence-verified/artifacts/fresh-r3-14m-a4-0p5-k013-rtxpro4500-003
rtxpro4500-003,NVIDIA RTX PRO 4500 Blackwell,fresh-r3-14m-a7-0-k013-rtxpro4500-003,winner,3,full,eager,14m/a7-0,14M,A7-OL1,0.0,development,k013,a;h;m;z,dense SDPA except selected attention projection linears,complete,,complete-validation,True,True,True,0,0.0,0.0,True,5.480180751642532,0.0705422917861371,7.054229178613711,448864547008,6363055915008,5.482406401979291,5.482370421295696,-3.598068359522699e-05,True,1.0575137229200324,5.2309720776975155,4.9748707097023726,1.0360272752490578,1.0803458256272478,80,16,26ee05928200134671caaf0ae62e9722df8584124a8ceee483f1cfd7923c5a5b,4bd751109b82f203ed904946874d12f1d9bb576874689a7990654a39c2644378,0a716d2add7f0b6d936b54cec7cf4bcefc520632f69de23f84b9b82ef2f83139,f10467302b63f64580aff766fdd11b07e6638f52cf53a2b2e618a0856ef12ca2,f2da5880347fde2ecfb4206a0853d7baaed410d93213fda52cbff8eccb46d51b,fd6ab91aeb26bdb4d653193e2f7c2fd7ac68ced1698cc922f5b466c8cb8be992,runs/025-2026-09-05-pythia-agentic-sparse-kernel-search/retrieved/rtxpro4500-003/evidence-verified/artifacts/fresh-r3-14m-a7-0-k013-rtxpro4500-003
rtxpro4500-003,NVIDIA RTX PRO 4500 Blackwell,fresh-r3-14m-a7-0p01-k013-rtxpro4500-003,winner,3,full,eager,14m/a7-0p01,14M,A7-OL1,0.01,untuned,k013,a;h;m;z,dense SDPA except selected attention projection linears,complete,,complete-validation,True,True,True,0,0.0,0.0,True,5.475800738532162,0.07723392871636932,7.723392871636932,491443806958,6363055915008,5.477752072183631,5.477783827691629,3.175550799738858e-05,True,1.0400330605156651,3.855437505990267,3.692350350320339,1.034491189747279,1.044543690683326,80,16,26ee05928200134671caaf0ae62e9722df8584124a8ceee483f1cfd7923c5a5b,4bd751109b82f203ed904946874d12f1d9bb576874689a7990654a39c2644378,59123ea04d8184967918539100e35a23b40e432e8213550078457f47dbe4f051,db6000edf4b7af4e0b47a152c2f176e024988337b5c9058d6a197611c7adc2dc,0892ea2d514dc6a9308f510e1599ae4046bac2585a0ded84e2fa11b6d0d70dc8,86b630b5d31a511c8796d4d1b245bf611df326029cade3a24e58f730c4a36068,runs/025-2026-09-05-pythia-agentic-sparse-kernel-search/retrieved/rtxpro4500-003/evidence-verified/artifacts/fresh-r3-14m-a7-0p01-k013-rtxpro4500-003
rtxpro4500-003,NVIDIA RTX PRO 4500 Blackwell,fresh-r3-14m-a7-0p05-k013-rtxpro4500-003,winner,3,full,eager,14m/a7-0p05,14M,A7-OL1,0.05,untuned,k013,a;h;m;z,dense SDPA except selected attention projection linears,complete,,complete-validation,True,True,True,0,0.0,0.0,True,5.462799572380336,0.09863031588136074,9.863031588136074,627590214868,6363055915008,5.465164439204716,5.465121822588909,-4.2616615806956304e-05,True,1.0478128062057805,5.953067680820823,5.6621183175593615,1.043770906222075,1.0521993092017954,80,16,26ee05928200134671caaf0ae62e9722df8584124a8ceee483f1cfd7923c5a5b,4bd751109b82f203ed904946874d12f1d9bb576874689a7990654a39c2644378,1c81473c7f884a498108a27611b432fef6bbbfa0e5d890303e6f9e809ec709dd,4282b0041d2bd5f5f7bcc5aaa69f34a831fde223967bfb8efef81cc9b7957891,742d88c0dc263886c356f92865ec41f0a36ea2b198a9c4178f178f8fb295916f,decb192c008061863d3887dacaeed1cd44cf502229f25f0812e31b2500597fe4,runs/025-2026-09-05-pythia-agentic-sparse-kernel-search/retrieved/rtxpro4500-003/evidence-verified/artifacts/fresh-r3-14m-a7-0p05-k013-rtxpro4500-003
rtxpro4500-003,NVIDIA RTX PRO 4500 Blackwell,fresh-r3-14m-a7-0p1-k013-rtxpro4500-003,winner,3,full,eager,14m/a7-0p1,14M,A7-OL1,0.1,untuned,k013,a;h;m;z,dense SDPA except selected attention projection linears,failed_or_incomplete,Fixed complete-validation gate failed,complete-validation,True,False,False,2,0.5625,0.0003281436220277101,False,5.429487593075227,0.11796760377518327,11.796760377518327,750634458981,6363055915008,5.431519913560995,5.431504619088712,-1.5294472282434413e-05,True,1.0608222446873063,5.98772382363677,5.686406046152115,1.0484616995384448,1.0830243909910195,80,16,26ee05928200134671caaf0ae62e9722df8584124a8ceee483f1cfd7923c5a5b,4bd751109b82f203ed904946874d12f1d9bb576874689a7990654a39c2644378,5566bc4bdfdb96a3c3d075f2b128e34567ac7229c7ac8d58a82898cff8c88204,3556c16715c3ffa0c27ea44cf02fed5af4eb14b126298168008541fdbec05b81,156c79a6ead83f5b9b3ab3ae91cd99d2c858b083e95d021678060f52da1282dd,9d5aaefe5eba8d091eba9d9e49ff40627e9dd19cd81697cdd3358c5a5178463c,runs/025-2026-09-05-pythia-agentic-sparse-kernel-search/retrieved/rtxpro4500-003/evidence-verified/artifacts/fresh-r3-14m-a7-0p1-k013-rtxpro4500-003
rtxpro4500-003,NVIDIA RTX PRO 4500 Blackwell,fresh-r3-14m-a7-0p5-k013-rtxpro4500-003,winner,3,full,eager,14m/a7-0p5,14M,A7-OL1,0.5,development,k013,a;h;m;z,dense SDPA except selected attention projection linears,complete,,complete-validation,True,True,True,0,0.0,0.0,True,5.829406580981418,0.27482684296304843,27.482684296304843,1748738568719,6363055915008,5.831297464664293,5.831297460429942,-4.2343506478914605e-09,True,1.050651115735875,3.8579367101192474,3.6806731950491667,1.0435931096772622,1.0617372687916145,80,16,26ee05928200134671caaf0ae62e9722df8584124a8ceee483f1cfd7923c5a5b,4bd751109b82f203ed904946874d12f1d9bb576874689a7990654a39c2644378,76dd3140da35cc946157056954499443a3c3842b968d4c0ba70e6e9662a204f7,ce186db9de0d0326a65e41e769dc567e86d1e65043bfef2d36c77522c7b2df50,0c42bb96d9d17807ea99b861425f5c322dee39145bcec6d279c43207d63c7cae,400b31c4b7a2b130f1086803f5ec3e9bacb2da41411b3488a1df6ec07c81e183,runs/025-2026-09-05-pythia-agentic-sparse-kernel-search/retrieved/rtxpro4500-003/evidence-verified/artifacts/fresh-r3-14m-a7-0p5-k013-rtxpro4500-003
rtxpro4500-003,NVIDIA RTX PRO 4500 Blackwell,fresh-r3-410m-a0-k010-rtxpro4500-003,winner,3,full,eager,410m/a0,410M,A0,,development,k010,z,dense SDPA except selected attention projection linears,complete,,complete-validation,True,True,True,0,0.0,0.0,True,4.547456437666741,0.00011047923803103942,0.011047923803103942,30885552627,279559790395392,4.54969743317823,4.54969743317823,0.0,True,0.9456212275193597,16.098305117338896,17.027038615196943,0.9451334981212753,0.9461510255797245,80,16,26ee05928200134671caaf0ae62e9722df8584124a8ceee483f1cfd7923c5a5b,4bd751109b82f203ed904946874d12f1d9bb576874689a7990654a39c2644378,9b786d3e905d6da7082576aa06dbea198761be51d380b9c9c6df196e1eac400b,01a20c56ff54cf7a38310170b28a8e4410edeaa5694f276f8e2a89a27163f6f2,4be2d67f6cf5a26a0c0f1da8a36eedb4a4134dda8506027793f93aedd190feed,28405672d253f6282a0119d1744b586c871f618bc19e510b1b2f58eaf29152d5,runs/025-2026-09-05-pythia-agentic-sparse-kernel-search/retrieved/rtxpro4500-003/evidence-verified/artifacts/fresh-r3-410m-a0-k010-rtxpro4500-003
rtxpro4500-003,NVIDIA RTX PRO 4500 Blackwell,fresh-r3-410m-a1h-k010-rtxpro4500-003,winner,3,full,eager,410m/a1h,410M,A1-H,,development,k010,z,dense SDPA except selected attention projection linears,complete,,complete-validation,True,True,True,0,0.0,0.0,True,4.651294058243904,0.21049725280441106,21.049725280441105,58846567872807,279559790395392,4.654892204147206,4.654892204147206,0.0,True,0.9449621605516,15.916825039312243,16.834672540426254,0.9441549420044488,0.945743446724006,80,16,26ee05928200134671caaf0ae62e9722df8584124a8ceee483f1cfd7923c5a5b,4bd751109b82f203ed904946874d12f1d9bb576874689a7990654a39c2644378,4e466ac058e92213d687daa25ae7a02600cdb7d2f28ef8a04fef5194a6df9cdd,f336698d28e3dee6d5e93e8a161a734038ff1177b46498fbc506e160c91f477f,735553bd538922ec0823ace6cbc3144b4c1c95667146ef1207a853fc9b6ee5e7,9d1260cf12aca739870a7898a1db515334cb3e721b0648a379eea955ce33e649,runs/025-2026-09-05-pythia-agentic-sparse-kernel-search/retrieved/rtxpro4500-003/evidence-verified/artifacts/fresh-r3-410m-a1h-k010-rtxpro4500-003
rtxpro4500-003,NVIDIA RTX PRO 4500 Blackwell,fresh-r3-410m-a4-0-k010-rtxpro4500-003,winner,3,full,eager,410m/a4-0,410M,A4-OL1,0.0,development,k010,z,dense SDPA except selected attention projection linears,complete,,complete-validation,True,True,True,0,0.0,0.0,True,5.6920750987600295,0.3833867333385676,38.33867333385676,107179514812504,279559790395392,5.698532815642452,5.698532815642452,0.0,True,0.9481912620056521,17.29898899793625,18.242904916405678,0.9472613003069286,0.9489332299878153,80,16,26ee05928200134671caaf0ae62e9722df8584124a8ceee483f1cfd7923c5a5b,4bd751109b82f203ed904946874d12f1d9bb576874689a7990654a39c2644378,a295836d27bcdeb31a55d638aba310fd5c53a90bc0f4e228dc3e28f63944c6e2,9f63e62692cfc6c5cf4e505b30a06b39c780e2ed7441153bedc4051851dce387,8f616e4c3e54a86da84a8f3aeff614eea598ce02b7dd9a987e3824c2f5079a29,0bdca965b8309623724bf7ca24a15c47d67c71cb9c240047897ceb70b8d4615c,runs/025-2026-09-05-pythia-agentic-sparse-kernel-search/retrieved/rtxpro4500-003/evidence-verified/artifacts/fresh-r3-410m-a4-0-k010-rtxpro4500-003
rtxpro4500-003,NVIDIA RTX PRO 4500 Blackwell,fresh-r3-410m-a4-0p01-k010-rtxpro4500-003,winner,3,full,eager,410m/a4-0p01,410M,A4-OL1,0.01,untuned,k010,z,dense SDPA except selected attention projection linears,complete,,complete-validation,True,True,True,0,0.0,0.0,True,5.691361835722387,0.39149185001875003,39.149185001875004,109445379532746,279559790395392,5.7009139042821,5.7009139042821,0.0,True,0.9478388781208302,17.277121543884277,18.229164415970445,0.9468760981046968,0.9487762797132896,80,16,26ee05928200134671caaf0ae62e9722df8584124a8ceee483f1cfd7923c5a5b,4bd751109b82f203ed904946874d12f1d9bb576874689a7990654a39c2644378,ef4a5272d460721c07fa2948eadc8850ce47eeda578e3d5a4c1eb334924b9b10,fb9a75d02ee849d12eadcf30c95c05bd2962b6b8b87d493006b202255f18b8f7,07242b6119963b5701ba8304a2c3775a1c887f2805f234ddfc7bc0c3cd3a31cb,14f529be949663e36f103e1c66d337558c6d6d17d6e707ee28f89938aaa98dab,runs/025-2026-09-05-pythia-agentic-sparse-kernel-search/retrieved/rtxpro4500-003/evidence-verified/artifacts/fresh-r3-410m-a4-0p01-k010-rtxpro4500-003
rtxpro4500-003,NVIDIA RTX PRO 4500 Blackwell,fresh-r3-410m-a4-0p05-k010-rtxpro4500-003,winner,3,full,eager,410m/a4-0p05,410M,A4-OL1,0.05,untuned,k010,z,dense SDPA except selected attention projection linears,complete,,complete-validation,True,True,True,0,0.0,0.0,True,5.678924922407026,0.42124510405287563,42.124510405287566,117763192994107,279559790395392,5.688944287392088,5.688944287392088,0.0,True,0.9484731661365345,17.274643061682582,18.220316618680954,0.9475399235781734,0.9492491802539695,80,16,26ee05928200134671caaf0ae62e9722df8584124a8ceee483f1cfd7923c5a5b,4bd751109b82f203ed904946874d12f1d9bb576874689a7990654a39c2644378,5aa415a3fe828acbe3f0da5c6ca70e71930643c28ba628fff052e17f357ed7a9,462de469f42226c2a217d1f29f322e1306e1441122f1b5f447c6610d0c17393b,60fb2b3977a6b58272fb2fb3bc9d3387a5964dd8340945b2c5451c76d1a5bace,6da038d4b37651c4799b0b9d40892734d0433b2eefc3ece1b260862b98d220bf,runs/025-2026-09-05-pythia-agentic-sparse-kernel-search/retrieved/rtxpro4500-003/evidence-verified/artifacts/fresh-r3-410m-a4-0p05-k010-rtxpro4500-003
rtxpro4500-003,NVIDIA RTX PRO 4500 Blackwell,fresh-r3-410m-a4-0p1-k010-rtxpro4500-003,winner,3,full,eager,410m/a4-0p1,410M,A4-OL1,0.1,untuned,k010,z,dense SDPA except selected attention projection linears,complete,,complete-validation,True,True,True,0,0.0,0.0,True,5.67888657016867,0.4568803837042414,45.68803837042414,127725384304124,279559790395392,5.684639314056525,5.684639314056525,0.0,True,0.9481617332944398,17.262910958379507,18.1958950124681,0.9471861589953877,0.9490034905648437,80,16,26ee05928200134671caaf0ae62e9722df8584124a8ceee483f1cfd7923c5a5b,4bd751109b82f203ed904946874d12f1d9bb576874689a7990654a39c2644378,8b3e4d52ca6d78d1a180d71cdfabc2ba920e2ed97f6eb61a0799033c65f59353,b6a61e08752d105d8c63e86e45c956d688e0189fdb75310bc01c3a5e5e28a191,f04490748c5b4a2148990cbad5951bb4999bdc640560d64d3be2f682fbf1b872,56a462206b0426d93a7e811685f5eea386d464ed75267d414e3c0e3c030b4b68,runs/025-2026-09-05-pythia-agentic-sparse-kernel-search/retrieved/rtxpro4500-003/evidence-verified/artifacts/fresh-r3-410m-a4-0p1-k010-rtxpro4500-003
rtxpro4500-003,NVIDIA RTX PRO 4500 Blackwell,fresh-r3-410m-a4-0p5-k010-rtxpro4500-003,winner,3,full,eager,410m/a4-0p5,410M,A4-OL1,0.5,development,k010,z,dense SDPA except selected attention projection linears,complete,,complete-validation,True,True,True,0,0.0,0.0,True,5.1909658185829075,0.715914446480748,71.5914446480748,200140892599191,279559790395392,5.195162163989647,5.195162163989647,0.0,True,1.0210138484652451,17.077844589948654,16.745329136028886,1.0186769868434982,1.0246018027200214,80,16,26ee05928200134671caaf0ae62e9722df8584124a8ceee483f1cfd7923c5a5b,4bd751109b82f203ed904946874d12f1d9bb576874689a7990654a39c2644378,2ae76dbf796e82bf42dfe87fc4fa82a25af420c1b3fe0fab895ab8f8559fc973,09891fd4f77e003b5ea1df221889396fbda689e7b510c85f3e190c4d49127637,49f05207858d58d6ecaea718ceb21f6bbda1d792bd789923a4c8a8c0baf7118d,c10dbd641ee28deaf10a6914608f1d8888835c00456ad742b2c824132b77e636,runs/025-2026-09-05-pythia-agentic-sparse-kernel-search/retrieved/rtxpro4500-003/evidence-verified/artifacts/fresh-r3-410m-a4-0p5-k010-rtxpro4500-003
rtxpro4500-003,NVIDIA RTX PRO 4500 Blackwell,fresh-r3-410m-a7-0-k010-rtxpro4500-003,winner,3,full,eager,410m/a7-0,410M,A7-OL1,0.0,development,k010,z,dense SDPA except selected attention projection linears,complete,,complete-validation,True,True,True,0,0.0,0.0,True,5.4262960662503215,0.4112146787868456,41.121467878684555,114959089409159,279559790395392,5.430655344679027,5.430655344679027,0.0,True,0.9492866416341667,17.282134387642145,18.20733747445047,0.9485994156474612,0.9499599890279288,80,16,26ee05928200134671caaf0ae62e9722df8584124a8ceee483f1cfd7923c5a5b,4bd751109b82f203ed904946874d12f1d9bb576874689a7990654a39c2644378,29bec8873b6da42d0fd1db7f5ad61da2771cc157b3ea18bfadb7c6a9ff678b6f,142c39a5ba85d52bd8493fe42a8fed9dbf4e966be4b225c1f106de576033df5b,cb8742938fabeda2f44085565433776be93d9bbc78deef94e8825b35253ecb0c,7fa6ac415af035cac7e8efa8ca535c60cac55c2c00c1ce05c91e2067c1c6669b,runs/025-2026-09-05-pythia-agentic-sparse-kernel-search/retrieved/rtxpro4500-003/evidence-verified/artifacts/fresh-r3-410m-a7-0-k010-rtxpro4500-003
rtxpro4500-003,NVIDIA RTX PRO 4500 Blackwell,fresh-r3-410m-a7-0p01-k010-rtxpro4500-003,winner,3,full,eager,410m/a7-0p01,410M,A7-OL1,0.01,untuned,k010,z,dense SDPA except selected attention projection linears,complete,,complete-validation,True,True,True,0,0.0,0.0,True,5.43313791342741,0.4147805603667183,41.47805603667183,115955966516203,279559790395392,5.437535094998715,5.437535094998715,0.0,True,0.9534494111678182,18.73333053663373,19.633966963738203,0.9528727859320216,0.9540327646333755,80,16,26ee05928200134671caaf0ae62e9722df8584124a8ceee483f1cfd7923c5a5b,4bd751109b82f203ed904946874d12f1d9bb576874689a7990654a39c2644378,1616afa6bbd2d6c6ebdf2cfef0df3080027ed3929a8f63c4f716f6ff12487ccb,d9b734b034e96ffee80061901205b5f632bc33c10c306ea63908d6d4d740a80f,a0b6e80cd7a42899e65ae726c4fd6224b13e9f3a7bf46b5d3355c9540442dc74,5dd25d9fc9716e597538c53502ca1a64eae6379d9ccb019c5c3d21a5b40766f7,runs/025-2026-09-05-pythia-agentic-sparse-kernel-search/retrieved/rtxpro4500-003/evidence-verified/artifacts/fresh-r3-410m-a7-0p01-k010-rtxpro4500-003
rtxpro4500-003,NVIDIA RTX PRO 4500 Blackwell,fresh-r3-410m-a7-0p05-k010-rtxpro4500-003,winner,3,full,eager,410m/a7-0p05,410M,A7-OL1,0.05,untuned,k010,z,dense SDPA except selected attention projection linears,complete,,complete-validation,True,True,True,0,0.0,0.0,True,5.467853006526563,0.44053172790987316,44.05317279098732,123154957517004,279559790395392,5.472566237598661,5.472566237598661,0.0,True,0.9529878403381393,18.70531402528286,19.62209027260542,0.9522522410121121,0.953725625634533,80,16,26ee05928200134671caaf0ae62e9722df8584124a8ceee483f1cfd7923c5a5b,4bd751109b82f203ed904946874d12f1d9bb576874689a7990654a39c2644378,7632195f33f372496ed0a3ecee7908bdaa223309859621d0940e7275b5a6137e,4fa889b3333d630379334e97db99067bc23d726d307528086f60fd7e92609f30,438863e0854b5f62f96c0cdbfddeb8f7d1383b11a9d2b543821a622031b721c5,a7b36ee4427ddafc136340e3b37c3e608b22fbf36da8686607f3e8a05a2b522d,runs/025-2026-09-05-pythia-agentic-sparse-kernel-search/retrieved/rtxpro4500-003/evidence-verified/artifacts/fresh-r3-410m-a7-0p05-k010-rtxpro4500-003
rtxpro4500-003,NVIDIA RTX PRO 4500 Blackwell,fresh-r3-410m-a7-0p1-k010-rtxpro4500-003,winner,3,full,eager,410m/a7-0p1,410M,A7-OL1,0.1,untuned,k010,z,dense SDPA except selected attention projection linears,complete,,complete-validation,True,True,True,0,0.0,0.0,True,5.490748997270709,0.4899755173364832,48.99755173364832,136977452925461,279559790395392,5.495259978251475,5.495259978251475,0.0,True,0.9530749811085415,18.76339502632618,19.65341088362038,0.9502497896583582,0.9548944738653333,80,16,26ee05928200134671caaf0ae62e9722df8584124a8ceee483f1cfd7923c5a5b,4bd751109b82f203ed904946874d12f1d9bb576874689a7990654a39c2644378,8f848f5f48468cbb4c2d651447d14499b3c7b7d29495742bbaf903817a6b2924,d4667d6be0876c9d883fa4549cb058a060751176828a5f2babfe523fef665a8e,53c37cb613039316b3c11a702227b2edda3a127bf7ff72fa61b29706bff6b37f,3e22f5cc8575e98ffaef36ec834e07a5d069f76163dcad8dda7013d7ac252340,runs/025-2026-09-05-pythia-agentic-sparse-kernel-search/retrieved/rtxpro4500-003/evidence-verified/artifacts/fresh-r3-410m-a7-0p1-k010-rtxpro4500-003
rtxpro4500-003,NVIDIA RTX PRO 4500 Blackwell,fresh-r3-410m-a7-0p5-k010-rtxpro4500-003,winner,3,full,eager,410m/a7-0p5,410M,A7-OL1,0.5,development,k010,z,dense SDPA except selected attention projection linears,complete,,complete-validation,True,True,True,0,0.0,0.0,True,5.120691668705122,0.806155139186339,80.6155139186339,225368561737101,279559790395392,5.1244951522083975,5.1244951522083975,0.0,True,1.0149701267968338,18.488245317712426,18.15327163785696,1.0054271295772723,1.0235343747763053,80,16,26ee05928200134671caaf0ae62e9722df8584124a8ceee483f1cfd7923c5a5b,4bd751109b82f203ed904946874d12f1d9bb576874689a7990654a39c2644378,891b0b68d809fb3af937ebae4c98e923af3809bebd25bb15b5c6a9376a37de9c,1f9de44a5c574a18e1105c7e5bc5dd3ff1a652eea8c1567459d227ff0d0bcd1f,011cafa75a640241c2cbe3dd63864fd8038da02a6975f3461ad510321e90b16d,b9f4bd0ed665886008b9a16123ab3fc5dc6415ef359b535578b7f0b4eb363a93,runs/025-2026-09-05-pythia-agentic-sparse-kernel-search/retrieved/rtxpro4500-003/evidence-verified/artifacts/fresh-r3-410m-a7-0p5-k010-rtxpro4500-003
rtxpro4500-003,NVIDIA RTX PRO 4500 Blackwell,fresh-r3-70m-a0-k016-rtxpro4500-003,winner,3,full,eager,70m/a0,70M,A0,,development,k016,a;h;m;z,dense SDPA except selected attention projection linears,complete,,complete-validation,True,True,True,0,0.0,0.0,True,4.09976596627715,4.5409213981255505e-06,0.00045409213981255505,160072890,35251191545856,4.107689843018305,4.107689843018305,0.0,True,0.9991418630365257,4.16231038980186,4.1698969434946775,0.9949580604863782,1.0032708530420946,80,16,26ee05928200134671caaf0ae62e9722df8584124a8ceee483f1cfd7923c5a5b,4bd751109b82f203ed904946874d12f1d9bb576874689a7990654a39c2644378,0963035f36f445df55ce836ac483af278c93d69cac6d575c34f858dc445e10a7,312eefeac0ccb7d84bb819b18605e3bcce938d0a82af313a772c7755c456ea1e,c4e529768c17b4fe583ba710810cf200ab2e3ba79b081d87a355efe639664774,41fc830050c8e53498cac9f508bc1d5bdc1a37c2558fa26aa98b1ebd324bc442,runs/025-2026-09-05-pythia-agentic-sparse-kernel-search/retrieved/rtxpro4500-003/evidence-verified/artifacts/fresh-r3-70m-a0-k016-rtxpro4500-003
rtxpro4500-003,NVIDIA RTX PRO 4500 Blackwell,fresh-r3-70m-a1h-k016-rtxpro4500-003,winner,3,full,eager,70m/a1h,70M,A1-H,,development,k016,h,dense SDPA except selected attention projection linears,complete,,complete-validation,True,True,True,0,0.0,0.0,True,4.222749641308417,0.1006575817198192,10.06575817198192,3548299693748,35251191545856,4.2312623229465816,4.231266270419391,3.947472809073815e-06,True,0.9641336837663815,4.2811722960323095,4.478455986827612,0.953891370026964,0.9765823893394656,80,16,26ee05928200134671caaf0ae62e9722df8584124a8ceee483f1cfd7923c5a5b,4bd751109b82f203ed904946874d12f1d9bb576874689a7990654a39c2644378,a62593f65386cc60b9706f3ed1b431b403f6207de460db28cbfba7bd490763c8,57423b6c9213c14a0ebe6497b078f19443b4f14519da2a94303f3d69ee011a4a,031315c8931476e635ba97aab2f3db1578ee1a4713a55b02c69c2fed21aa3b0b,7c296324e3e573453d87e0a9194ba7fd177ff54ba70aae2cd79b03727e9f58a0,runs/025-2026-09-05-pythia-agentic-sparse-kernel-search/retrieved/rtxpro4500-003/evidence-verified/artifacts/fresh-r3-70m-a1h-k016-rtxpro4500-003
rtxpro4500-003,NVIDIA RTX PRO 4500 Blackwell,fresh-r3-70m-a4-0-k016-rtxpro4500-003,winner,3,full,eager,70m/a4-0,70M,A4-OL1,0.0,development,k016,a;h;m;z,dense SDPA except selected attention projection linears,complete,,complete-validation,True,True,True,0,0.0,0.0,True,4.805361172503973,0.25672509475572236,25.672509475572237,9049865489862,35251191545856,4.814718091569863,4.81461943580154,-9.86557683226863e-05,True,0.9033708086379637,7.997363107278943,7.809523027390242,0.8987352219942376,0.9080936608418018,80,16,26ee05928200134671caaf0ae62e9722df8584124a8ceee483f1cfd7923c5a5b,4bd751109b82f203ed904946874d12f1d9bb576874689a7990654a39c2644378,61aae5c08fd05a13e64081e828b1f77e105b670161ed6f4bee52c2f19b2c3a35,7fe6872a9954a20f4e8bc3d69f86fadd0b4f4df16a0812aab72c1d24e18cc3a4,646371e9fe065bc25461d93940abe781e9e7345b7cf2323f6724e1d81fa425c2,b12c317b67e6161e5aad3a73f2818fb7303dcd72a98d66a70b06e44f7246532b,runs/025-2026-09-05-pythia-agentic-sparse-kernel-search/retrieved/rtxpro4500-003/evidence-verified/artifacts/fresh-r3-70m-a4-0-k016-rtxpro4500-003
rtxpro4500-003,NVIDIA RTX PRO 4500 Blackwell,fresh-r3-70m-a4-0p01-k016-rtxpro4500-003,winner,3,full,eager,70m/a4-0p01,70M,A4-OL1,0.01,untuned,k016,a;h;m;z,dense SDPA except selected attention projection linears,failed_or_incomplete,Fixed complete-validation gate failed,complete-validation,True,False,False,1,0.625,0.0006086452631279826,False,4.822850325756525,0.2622424792437898,26.22424792437898,9244359867283,35251191545856,4.833090198131222,4.833095436375063,5.238243841354517e-06,True,0.795611582440026,3.750096308067441,4.881446249783039,0.7800125346711765,0.8068424028443668,80,16,26ee05928200134671caaf0ae62e9722df8584124a8ceee483f1cfd7923c5a5b,4bd751109b82f203ed904946874d12f1d9bb576874689a7990654a39c2644378,efcefc4d4231b439c7f251b8313ff56dc4803a8589b1e5a4da1d0c6a47c7f19e,b27f6aa6e34e0582c2ad2b9303efe13ce78eaa703b67ddedb96b9b7bda496c9c,ddd17c2337f72e7eca9225d0e411732e3fbf76a55be4cd2e33c128fdd15d8d34,275c9a75f1609324a83bbc68cec8ae73fbf2582d26d39209230ce77d12860b31,runs/025-2026-09-05-pythia-agentic-sparse-kernel-search/retrieved/rtxpro4500-003/evidence-verified/artifacts/fresh-r3-70m-a4-0p01-k016-rtxpro4500-003
rtxpro4500-003,NVIDIA RTX PRO 4500 Blackwell,fresh-r3-70m-a4-0p05-k016-rtxpro4500-003,winner,3,full,eager,70m/a4-0p05,70M,A4-OL1,0.05,untuned,k016,a;h;m;z,dense SDPA except selected attention projection linears,failed_or_incomplete,Fixed complete-validation gate failed,complete-validation,True,False,False,2,1.0,0.00039765224209986627,False,4.874176727949515,0.28489957631865137,28.48995763186514,10043049536142,35251191545856,4.885247307368352,4.885204330127069,-4.2977241283104206e-05,True,0.9195692119086759,5.571474554017186,5.679045105352998,0.9138698534084989,0.9258657405749413,80,16,26ee05928200134671caaf0ae62e9722df8584124a8ceee483f1cfd7923c5a5b,4bd751109b82f203ed904946874d12f1d9bb576874689a7990654a39c2644378,ef0301fc01f025158efb965d65883bdb657308e6236c1a8109a54dcfa40ca1e0,b357f07c21c669b78b452819e4ed62f9249577b3855277695f2a4c42293bb85d,e1d47d4d03cff2526bc738d1ddffb080c5994736ba2a16b92232af2be5957a4c,b9c5b19c9b6cece449c9a7fb632397af91d296c8ebff868efd3ce3537d298a51,runs/025-2026-09-05-pythia-agentic-sparse-kernel-search/retrieved/rtxpro4500-003/evidence-verified/artifacts/fresh-r3-70m-a4-0p05-k016-rtxpro4500-003
rtxpro4500-003,NVIDIA RTX PRO 4500 Blackwell,fresh-r3-70m-a4-0p1-k016-rtxpro4500-003,winner,3,full,eager,70m/a4-0p1,70M,A4-OL1,0.1,untuned,k016,a;h;m;z,dense SDPA except selected attention projection linears,failed_or_incomplete,Fixed complete-validation gate failed,complete-validation,True,False,False,1,1.5,0.00043764064321294427,False,4.943887012597372,0.30574257817401346,30.574257817401346,10777790186936,35251191545856,4.953654694957537,4.953651418982069,-3.275975467786907e-06,True,1.042753958711272,8.132563903927803,7.770144147798419,1.0337282095987899,1.050506974642599,80,16,26ee05928200134671caaf0ae62e9722df8584124a8ceee483f1cfd7923c5a5b,4bd751109b82f203ed904946874d12f1d9bb576874689a7990654a39c2644378,5295a350aaac4cfbb447d440fe9bcd806d52a0cae705a6d074ed9d4671585cbb,d23d25dfacb2b50396f229b6002743c77108b3259072a23a7106e369d507562d,62959f95de5f91e429b6e77a85f4d1af9915e29086f36a337d8acf00ea9b35a3,466cec4c271c73f99415c1eff3cb7ffe9ff7deb1c504fd4c54f5aad2f9b3196e,runs/025-2026-09-05-pythia-agentic-sparse-kernel-search/retrieved/rtxpro4500-003/evidence-verified/artifacts/fresh-r3-70m-a4-0p1-k016-rtxpro4500-003
rtxpro4500-003,NVIDIA RTX PRO 4500 Blackwell,fresh-r3-70m-a4-0p5-k016-rtxpro4500-003,winner,3,full,eager,70m/a4-0p5,70M,A4-OL1,0.5,development,k016,a;h;m;z,dense SDPA except selected attention projection linears,complete,,complete-validation,True,True,True,0,0.0,0.0,True,5.389480136202637,0.3559621916980309,35.59621916980309,12548091402630,35251191545856,5.398816271078256,5.398816892821984,6.217437285016558e-07,True,1.0375315921354387,5.5182501673698425,5.2671360317617655,1.0350508273491148,1.0399888046649224,80,16,26ee05928200134671caaf0ae62e9722df8584124a8ceee483f1cfd7923c5a5b,4bd751109b82f203ed904946874d12f1d9bb576874689a7990654a39c2644378,8d204278706ad0202e1b86e197d63ce75fcb4d4b9f48ff2f6d9fc932782e28f9,d75382f907065790694b17bb24854ca51b59d720c15daa65ea0699159d2c17fb,c943959a8d1d9116151dc622a9b461ee952840bb69974899c26f059d4d50fc6d,0cea10eef5796b89cd5b88216f87f507ad2283f0010d16995dcc9cc8acc7300e,runs/025-2026-09-05-pythia-agentic-sparse-kernel-search/retrieved/rtxpro4500-003/evidence-verified/artifacts/fresh-r3-70m-a4-0p5-k016-rtxpro4500-003
rtxpro4500-003,NVIDIA RTX PRO 4500 Blackwell,fresh-r3-70m-a7-0-k016-rtxpro4500-003,winner,3,full,eager,70m/a7-0,70M,A7-OL1,0.0,development,k016,a;h;m;z,dense SDPA except selected attention projection linears,complete,,complete-validation,True,True,True,0,0.0,0.0,True,4.941205969223609,0.23562417494680196,23.562417494680197,8306032923884,35251191545856,4.9502589823041205,4.950320347563241,6.136525912037172e-05,True,0.9971762307980928,7.5127058662474155,7.657636655494571,0.980668449396247,1.0158020549785618,80,16,26ee05928200134671caaf0ae62e9722df8584124a8ceee483f1cfd7923c5a5b,4bd751109b82f203ed904946874d12f1d9bb576874689a7990654a39c2644378,c7251337ff0378d7759137e82bc8b87b7c02f0ed43b4a78ad912dfddf022f551,0cf02fa076994c704fcf06d8aef78dff3547f00b9debc84a73d62e71e62a8356,fced633ee0b3effb392484a75009226b6ec3764586350281ebf2356bca451512,436fb208562bba0252260569364f727a6f776e9cfce3d9f4d15111c9f94965bc,runs/025-2026-09-05-pythia-agentic-sparse-kernel-search/retrieved/rtxpro4500-003/evidence-verified/artifacts/fresh-r3-70m-a7-0-k016-rtxpro4500-003
rtxpro4500-003,NVIDIA RTX PRO 4500 Blackwell,fresh-r3-70m-a7-0p01-k016-rtxpro4500-003,winner,3,full,eager,70m/a7-0p01,70M,A7-OL1,0.01,untuned,k016,a;h;m;z,dense SDPA except selected attention projection linears,complete,,complete-validation,True,True,True,0,0.0,0.0,True,4.936396388965245,0.24226276136279815,24.226276136279814,8540051005228,35251191545856,4.945450396195711,4.945354185058801,-9.621113690982952e-05,True,0.9938703115892403,6.3558826223015785,6.366148125380278,0.990976291405242,0.9965350193957787,80,16,26ee05928200134671caaf0ae62e9722df8584124a8ceee483f1cfd7923c5a5b,4bd751109b82f203ed904946874d12f1d9bb576874689a7990654a39c2644378,06630f23aaf4fe6001447e41ef1c0e287d9f77fd32d75d5bd84a9d3f19622453,46f24d681f99ee24a7bee60baa307d8909acf89f5e21b3223bb6fc2fac683613,a5cc0148d192e2fa55b9231b44ffb2a49824423ba707bac1f1ec727720f6618b,e757d6b3eda76dfa38c2296333e38f086826e3d218001040cecf6f06600967da,runs/025-2026-09-05-pythia-agentic-sparse-kernel-search/retrieved/rtxpro4500-003/evidence-verified/artifacts/fresh-r3-70m-a7-0p01-k016-rtxpro4500-003
rtxpro4500-003,NVIDIA RTX PRO 4500 Blackwell,fresh-r3-70m-a7-0p05-k016-rtxpro4500-003,winner,3,full,eager,70m/a7-0p05,70M,A7-OL1,0.05,untuned,k016,a;h;m;z,dense SDPA except selected attention projection linears,complete,,complete-validation,True,True,True,0,0.0,0.0,True,4.963655849532969,0.265239409240229,26.5239409240229,9350005220637,35251191545856,4.972258383061728,4.9722685518533085,1.0168791580333902e-05,True,0.9939221357928999,6.320800865069032,6.300490582361817,0.9910338021398176,0.9964523934929019,80,16,26ee05928200134671caaf0ae62e9722df8584124a8ceee483f1cfd7923c5a5b,4bd751109b82f203ed904946874d12f1d9bb576874689a7990654a39c2644378,8aa91ed7a18338e22a4aafb4fb7e9a30bd73d7724b89fcfb2d56d9c906517265,60aff8c6d446df4b0b444dceca4d9bf9a35c19ffcad36f77b4d64ec545f9b714,615e0833062dcfad4f79a9f3f46b6a5a6936d46cee8782297de0f20853da6e85,999bd6ac1de5c3d90bb9fe21b91adfadd1dea7c08a0be76d64293b6bbb8d3a72,runs/025-2026-09-05-pythia-agentic-sparse-kernel-search/retrieved/rtxpro4500-003/evidence-verified/artifacts/fresh-r3-70m-a7-0p05-k016-rtxpro4500-003
rtxpro4500-003,NVIDIA RTX PRO 4500 Blackwell,fresh-r3-70m-a7-0p1-k016-rtxpro4500-003,winner,3,full,eager,70m/a7-0p1,70M,A7-OL1,0.1,untuned,k016,a;h;m;z,dense SDPA except selected attention projection linears,complete,,complete-validation,True,True,True,0,0.0,0.0,True,4.950079453062024,0.2869378509087325,28.69378509087325,10114901144140,35251191545856,4.959265524902788,4.959283087928096,1.7563025307865132e-05,True,1.0039061943014747,6.39928225427866,6.348046474158764,1.0005241603525576,1.0068593650217907,80,16,26ee05928200134671caaf0ae62e9722df8584124a8ceee483f1cfd7923c5a5b,4bd751109b82f203ed904946874d12f1d9bb576874689a7990654a39c2644378,ed55db0441f27ce6630b84950785d5050f2b88096f7fd009d0d8eaabaceff07e,d1f625e0bd5f23d716a87586e21c38ed3b41a53911ea4daa0922b24bdf002b92,ba984369786087758b9db82d121f8232f0ea52ded7df5a65ffd1cc2a63a58f39,55ebfb63ee8fe2b966874466dd806d188aef4d6dec5ec897708a97e6673275c9,runs/025-2026-09-05-pythia-agentic-sparse-kernel-search/retrieved/rtxpro4500-003/evidence-verified/artifacts/fresh-r3-70m-a7-0p1-k016-rtxpro4500-003
rtxpro4500-003,NVIDIA RTX PRO 4500 Blackwell,fresh-r3-70m-a7-0p5-k016-rtxpro4500-003,winner,3,full,eager,70m/a7-0p5,70M,A7-OL1,0.5,development,k016,a;h;m;z,dense SDPA except selected attention projection linears,complete,,complete-validation,True,True,True,0,0.0,0.0,True,5.215924663303872,0.4060187215635989,40.60187215635989,14312643725042,35251191545856,5.2265333158010545,5.226533320035404,4.234349759713041e-09,True,1.014986183714184,6.381141254678369,6.312583573162556,1.0075655358567406,1.0273266113690243,80,16,26ee05928200134671caaf0ae62e9722df8584124a8ceee483f1cfd7923c5a5b,4bd751109b82f203ed904946874d12f1d9bb576874689a7990654a39c2644378,6b87f7446035fc4f176b9041bc140397199a0bf5e32e7836c19b382a5b7c7d7c,ba59537940cd199f553e40f7c8dd8e88e96f6abe012973b44955aa2380f28ae1,f3547781d7762e1696d51a57fde6d91f97e1487abdbf498ae8fc261f23b40b2e,7fb40d605b1c5071a0ac71d9049ac9f1cb57440c03b38e79e556b3abcd20ef5b,runs/025-2026-09-05-pythia-agentic-sparse-kernel-search/retrieved/rtxpro4500-003/evidence-verified/artifacts/fresh-r3-70m-a7-0p5-k016-rtxpro4500-003
h100nvl-002,NVIDIA H100 NVL,component-attnproj-14m-a0-k013-h100nvl-001,component,,attention_projection,eager,14m/a0,14M,A0,,development,k013,a;z,dense SDPA except selected attention projection linears,complete,,complete-validation,True,True,True,0,0.0,0.0,True,5.2085730123096665,1.1415112639303073e-08,1.1415112639303072e-06,72635,6363055915008,5.209913673332181,5.209966206795741,5.253346355971189e-05,True,1.0034038680465558,2.418637275695801,2.3970827460289,0.9919271160094745,1.0109468677923867,80,16,2a618fb4bd8d8dd00647e0d13197e6c3e4c0a8c54a1c4e6ba2f6cfabf009ffb4,4bd751109b82f203ed904946874d12f1d9bb576874689a7990654a39c2644378,71cfdb5f822cb59b4bbaa6c81f851e4fc78f34c1b5afd066a1eddc1c9d02ab83,d36ede84ac1e28ee502cc2342e84208a18773e70a0121c8613bf1955b69a89b1,edcda4b1826966aa42f4b06ddf7a6d3e54173de8dcb54695385ae559a4d57b02,7f725c055b2d4a9aaca1ed982fc4ec79fd02ce73bb6b342bda6c6121e601278f,runs/025-2026-09-05-pythia-agentic-sparse-kernel-search/retrieved/h100nvl-002/evidence-verified/runs/025-2026-09-05-pythia-agentic-sparse-kernel-search/artifacts/component-attnproj-14m-a0-k013-h100nvl-001
h100nvl-002,NVIDIA H100 NVL,component-attnproj-14m-a4-0-k013-h100nvl-001,component,,attention_projection,eager,14m/a4-0,14M,A4-OL1,0.0,development,k013,a;z,dense SDPA except selected attention projection linears,complete,,complete-validation,True,True,True,0,0.0,0.0,True,5.458276166718387,0.0781004229286857,7.81004229286857,496957358081,6363055915008,5.459853236807166,5.459854476765997,1.2399588316114318e-06,True,1.019120175582213,3.3348463475704193,3.2644234597682953,1.0160167406627447,1.021577321905663,80,16,2a618fb4bd8d8dd00647e0d13197e6c3e4c0a8c54a1c4e6ba2f6cfabf009ffb4,4bd751109b82f203ed904946874d12f1d9bb576874689a7990654a39c2644378,0ca8a432ead6a99910f04394b96eee0da067491fd38d53fd6e643f8ad6147daf,533a810e19470aa36168086282e1f0421730d7157ca470d651a6b46948d7f286,e3c7ee3d0f23ed8395767d92777b152bb594c5a345ee36e75402ea5800ab3ffb,02f679a391cba4c2d4ed941853590461860a84b265c94f43258f54b98247bdd1,runs/025-2026-09-05-pythia-agentic-sparse-kernel-search/retrieved/h100nvl-002/evidence-verified/runs/025-2026-09-05-pythia-agentic-sparse-kernel-search/artifacts/component-attnproj-14m-a4-0-k013-h100nvl-001
h100nvl-002,NVIDIA H100 NVL,component-attnproj-14m-a4-0p5-k013-h100nvl-001,component,,attention_projection,eager,14m/a4-0p5,14M,A4-OL1,0.5,development,k013,a;z,dense SDPA except selected attention projection linears,complete,,complete-validation,True,True,True,0,0.0,0.0,True,6.037982463131289,0.12713448684742273,12.713448684742273,808963848536,6363055915008,6.040302637380155,6.040302637380155,0.0,True,1.0215278465597588,3.3373311161994934,3.2638423144817352,1.018695679495359,1.0237464477699727,80,16,2a618fb4bd8d8dd00647e0d13197e6c3e4c0a8c54a1c4e6ba2f6cfabf009ffb4,4bd751109b82f203ed904946874d12f1d9bb576874689a7990654a39c2644378,45ee4817806da591fade53b6406e588fc6a505ddaa025a29b667fc2ff9430883,993878a03922573f1d9a7e8f703eca48ce4111ed43e118d88bfda87b3d70d741,2154d3b472698b28a26b684b1a38dc0ba4df051283e4fae0df260e6d1d685421,f7db6743f4dc32ba6a083e784902f615d9598f36b94b752726ded97f81abae45,runs/025-2026-09-05-pythia-agentic-sparse-kernel-search/retrieved/h100nvl-002/evidence-verified/runs/025-2026-09-05-pythia-agentic-sparse-kernel-search/artifacts/component-attnproj-14m-a4-0p5-k013-h100nvl-001
h100nvl-002,NVIDIA H100 NVL,component-attnproj-14m-a7-0-k013-h100nvl-001,component,,attention_projection,eager,14m/a7-0,14M,A7-OL1,0.0,development,k013,a;z,dense SDPA except selected attention projection linears,complete,,complete-validation,True,True,True,0,0.0,0.0,True,5.480180751642532,0.0705422917861371,7.054229178613711,448864547008,6363055915008,5.482344387100304,5.482348696257178,4.3091568739939135e-06,True,1.0252327412022686,3.3451542258262634,3.2712332904338837,1.0194639993751897,1.0342121778584077,80,16,2a618fb4bd8d8dd00647e0d13197e6c3e4c0a8c54a1c4e6ba2f6cfabf009ffb4,4bd751109b82f203ed904946874d12f1d9bb576874689a7990654a39c2644378,55051520aadc8158bab085450a9a13a7f940e2ad9fee9916333d49d171fa91db,66af3b3cf23283bdbd2c9c83e160b4fa5ae98c22272cad0b48c58110d8d18282,5c991ed48deb3017332db4064431630fd64f44b54b893766de666c4826510c6f,73a49108697849d5bd43c9fbea428cca04bbf3eb123ed5ab7a6fee3d8177a4d0,runs/025-2026-09-05-pythia-agentic-sparse-kernel-search/retrieved/h100nvl-002/evidence-verified/runs/025-2026-09-05-pythia-agentic-sparse-kernel-search/artifacts/component-attnproj-14m-a7-0-k013-h100nvl-001
h100nvl-002,NVIDIA H100 NVL,component-attnproj-14m-a7-0p5-k013-h100nvl-001,component,,attention_projection,eager,14m/a7-0p5,14M,A7-OL1,0.5,development,k013,a;z,dense SDPA except selected attention projection linears,complete,,complete-validation,True,True,True,0,0.0,0.0,True,5.829406580981418,0.27482684296304843,27.482684296304843,1748738568719,6363055915008,5.83130439206093,5.83130439206093,0.0,True,1.0253780942266126,3.8255825638771057,3.7388876080513,1.0211018147820834,1.0317706802655018,80,16,2a618fb4bd8d8dd00647e0d13197e6c3e4c0a8c54a1c4e6ba2f6cfabf009ffb4,4bd751109b82f203ed904946874d12f1d9bb576874689a7990654a39c2644378,be1bec5a3538d55170e0586a5e6580b4875579eb9fb11cd5ac83fb3e20ed13ec,f46e151f1ba084dfa34eb90022be5866b73a597f252d3d30a54c66c9aa8534d9,d731f291277c90f81df2ba9e9b76cd4fc3adf9dd1861a9aaaaba9fe33f511154,e3878c1071a5dfbbb6e8fb311d48d8df78e68f20d9bf523eec10ae2aa1a30e6f,runs/025-2026-09-05-pythia-agentic-sparse-kernel-search/retrieved/h100nvl-002/evidence-verified/runs/025-2026-09-05-pythia-agentic-sparse-kernel-search/artifacts/component-attnproj-14m-a7-0p5-k013-h100nvl-001
h100nvl-002,NVIDIA H100 NVL,component-attnproj-70m-a4-0-k016-h100nvl-001,component,,attention_projection,eager,70m/a4-0,70M,A4-OL1,0.0,development,k016,a;z,dense SDPA except selected attention projection linears,complete,,complete-validation,True,True,True,0,0.0,0.0,True,4.805361172503973,0.25672509475572236,25.672509475572237,9049865489862,35251191545856,4.81462826618565,4.814666932858611,3.8666672960374626e-05,True,1.0236133880780893,3.4746192395687103,3.3926330506801605,1.0213339918814335,1.0256135312344405,80,16,2a618fb4bd8d8dd00647e0d13197e6c3e4c0a8c54a1c4e6ba2f6cfabf009ffb4,4bd751109b82f203ed904946874d12f1d9bb576874689a7990654a39c2644378,958161243b0fdee4b9e44c8edea736fa284952648ff81af4fe19caed9d81a8f3,3511e72f09c3f800a9fdcbd9bbd97cda51a1c87c293171795d2dc8458f9a29a3,b465a6a4bf9fe35f19d9f481bcfd21ac0d40012930fa727d0971195be3f6d923,997b068c705535b23dac196acead9eb53c3347cb4b123f520f6e5e8a72d3dc9f,runs/025-2026-09-05-pythia-agentic-sparse-kernel-search/retrieved/h100nvl-002/evidence-verified/runs/025-2026-09-05-pythia-agentic-sparse-kernel-search/artifacts/component-attnproj-70m-a4-0-k016-h100nvl-001
h100nvl-002,NVIDIA H100 NVL,component-attnproj-70m-a4-0p5-k016-h100nvl-001,component,,attention_projection,eager,70m/a4-0p5,70M,A4-OL1,0.5,development,k016,a;z,dense SDPA except selected attention projection linears,complete,,complete-validation,True,True,True,0,0.0,0.0,True,5.389480136202637,0.3559621916980309,35.59621916980309,12548091402630,35251191545856,5.398787630287563,5.398786945734309,-6.845532540822319e-07,True,1.021383078098974,3.431830555200577,3.359273076057434,1.018732034725626,1.0241955528050608,80,16,2a618fb4bd8d8dd00647e0d13197e6c3e4c0a8c54a1c4e6ba2f6cfabf009ffb4,4bd751109b82f203ed904946874d12f1d9bb576874689a7990654a39c2644378,05bdb049fdbd7e142f4a46a079e8fc733f7559fddf15bf590841b2e8ea25e556,d66a71eeaf491abe751ef272640211b3185c23360f6b13eb43b0023e68eebc71,d9b09cc6d5c3aa8ef96a5abee7f6c4c7c71eb117ab65f49958a70cda8b8e46c4,c2b4c7d3bd6544dbdea565ab2a092f6d9c6c70a46faf9bedba2fbac15d8b06ef,runs/025-2026-09-05-pythia-agentic-sparse-kernel-search/retrieved/h100nvl-002/evidence-verified/runs/025-2026-09-05-pythia-agentic-sparse-kernel-search/artifacts/component-attnproj-70m-a4-0p5-k016-h100nvl-001
h100nvl-002,NVIDIA H100 NVL,component-attnproj-70m-a7-0-k016-h100nvl-001,component,,attention_projection,eager,70m/a7-0,70M,A7-OL1,0.0,development,k016,z,dense SDPA except selected attention projection linears,complete,,complete-validation,True,True,True,0,0.0,0.0,True,4.941205969223609,0.23562417494680196,23.562417494680197,8306032923884,35251191545856,4.950194745802822,4.95022569749004,3.095168721767294e-05,True,1.0064175897788818,3.438405692577362,3.4127943217754364,1.0041631068878454,1.0081554274475635,80,16,2a618fb4bd8d8dd00647e0d13197e6c3e4c0a8c54a1c4e6ba2f6cfabf009ffb4,4bd751109b82f203ed904946874d12f1d9bb576874689a7990654a39c2644378,c88cebd6969c956e9e10cb6de9235cf3ccaf6af488c57ae1a6cc6be57a40c881,fdb9fc4011d5eec75c49169e4dee51edfda816a5051555004f7bc043f46d41c5,9a5806823609c0a2c2d7cd195dacf986326076054b36c4fe2f3f28ddb4c21293,c911ec7336491c587960b43972ce0cbba4f0e49769d7f2beccf77056b8c57543,runs/025-2026-09-05-pythia-agentic-sparse-kernel-search/retrieved/h100nvl-002/evidence-verified/runs/025-2026-09-05-pythia-agentic-sparse-kernel-search/artifacts/component-attnproj-70m-a7-0-k016-h100nvl-001
h100nvl-002,NVIDIA H100 NVL,component-attnproj-70m-a7-0p5-k016-h100nvl-001,component,,attention_projection,eager,70m/a7-0p5,70M,A7-OL1,0.5,development,k016,z,dense SDPA except selected attention projection linears,complete,,complete-validation,True,True,True,0,0.0,0.0,True,5.215924663303872,0.4060187215635989,40.60187215635989,14312643725042,35251191545856,5.226513370600996,5.226513369189546,-1.4114496238448737e-09,True,1.00661408913273,3.8866326212882996,3.859318792819977,1.0049583241243272,1.0079525195486625,80,16,2a618fb4bd8d8dd00647e0d13197e6c3e4c0a8c54a1c4e6ba2f6cfabf009ffb4,4bd751109b82f203ed904946874d12f1d9bb576874689a7990654a39c2644378,3b2549ce6e2153a12f9d457e1a07dd92820927b50bdc6a4248472a218ecaf8d2,bceae95313d5b1c18a0664585b7eca864227c2b504c8ed43be5d2af52ba36a89,ecd3c4b17d6d5af1b8dc5b0456f1c9a70ff9af46edeb833ddabc3117a82b42be,ac1f4105db05a83369b1dab32a3db69f5a824b2ca52b8c3eabca9cbada69d06d,runs/025-2026-09-05-pythia-agentic-sparse-kernel-search/retrieved/h100nvl-002/evidence-verified/runs/025-2026-09-05-pythia-agentic-sparse-kernel-search/artifacts/component-attnproj-70m-a7-0p5-k016-h100nvl-001
h100nvl-002,NVIDIA H100 NVL,component-ffn-14m-a0-k013-h100nvl-001,component,,ffn,eager,14m/a0,14M,A0,,development,k013,h;m,dense SDPA except selected attention projection linears,complete,,complete-validation,True,True,True,0,0.0,0.0,True,5.2085730123096665,1.1415112639303073e-08,1.1415112639303072e-06,72635,6363055915008,5.209913673332181,5.209939361016596,2.568768441424396e-05,True,0.8497261177115164,2.4694278836250305,2.8886310756206512,0.8413669134003824,0.8550098334354,80,16,2a618fb4bd8d8dd00647e0d13197e6c3e4c0a8c54a1c4e6ba2f6cfabf009ffb4,4bd751109b82f203ed904946874d12f1d9bb576874689a7990654a39c2644378,6c18b26dab526aaaab13ecce89877ebfb14890b1f5c5cdbef6da02bf0af40955,4ca28755a3065be20dfd6cb13050cfe261608c951258b831fc382c150f0d1e45,067a35f2c24649b6aee78f6a5e3747289ffae8417493f18c0c72edb0f970ebd6,0ce8752926fd054f211318d578e5713d02cbae48450a8b394513fcfab89b30f8,runs/025-2026-09-05-pythia-agentic-sparse-kernel-search/retrieved/h100nvl-002/evidence-verified/runs/025-2026-09-05-pythia-agentic-sparse-kernel-search/artifacts/component-ffn-14m-a0-k013-h100nvl-001
h100nvl-002,NVIDIA H100 NVL,component-ffn-14m-a1h-k013-h100nvl-001,component,,ffn,eager,14m/a1h,14M,A1-H,,development,k013,h,dense SDPA except selected attention projection linears,complete,,complete-validation,True,True,True,0,0.0,0.0,True,5.26963426093378,0.027141299328466276,2.7141299328466277,172701605233,6363055915008,5.271288383874836,5.271275056963864,-1.332691097211125e-05,True,0.9916402433952691,2.4370402097702026,2.458028495311737,0.9887059486975877,0.9942820411868569,80,16,2a618fb4bd8d8dd00647e0d13197e6c3e4c0a8c54a1c4e6ba2f6cfabf009ffb4,4bd751109b82f203ed904946874d12f1d9bb576874689a7990654a39c2644378,67f7e860cbd366f83340aed126bedf0c6ad2ab0b7810f9f536a39d1888c4b640,3c03cb71203083defcdc96b177490b0e464fd2ee6751bcb09ae98a15dcd50c23,8af27b5810ae187cc8439d60fdf58abceef5639b25234cab25ee81d7960de75b,75b1fcb1affc74bbcd188bfc08c61fbb7644fd4b64f2694be8bf8d01d0127ac5,runs/025-2026-09-05-pythia-agentic-sparse-kernel-search/retrieved/h100nvl-002/evidence-verified/runs/025-2026-09-05-pythia-agentic-sparse-kernel-search/artifacts/component-ffn-14m-a1h-k013-h100nvl-001
h100nvl-002,NVIDIA H100 NVL,component-ffn-14m-a4-0-k013-h100nvl-001,component,,ffn,eager,14m/a4-0,14M,A4-OL1,0.0,development,k013,h;m,dense SDPA except selected attention projection linears,complete,,complete-validation,True,True,True,0,0.0,0.0,True,5.458276166718387,0.0781004229286857,7.81004229286857,496957358081,6363055915008,5.459853236807166,5.459849838741272,-3.398065893556179e-06,True,1.0177025609807069,3.30478698015213,3.24433296918869,1.0153104377027085,1.019710663602443,80,16,2a618fb4bd8d8dd00647e0d13197e6c3e4c0a8c54a1c4e6ba2f6cfabf009ffb4,4bd751109b82f203ed904946874d12f1d9bb576874689a7990654a39c2644378,6454e08a820a0cb63a4ba33911b3a0b7d0d44de1ac7c15ce39fbdfc59e66896d,dd323feb5bf229afbe4a14e1cc7f19425e1c34c659bd24e8a90b11b1bba1ebfb,58e1c05acc4d1d8d398a0d0bd3e802f58fb8d13ca526a51ceedd1b78e631c9dd,44c24b84d3cc2fe0d3fb6e9bb6cbabaebdf13a536fa1ac2500a853b2f4faa0e9,runs/025-2026-09-05-pythia-agentic-sparse-kernel-search/retrieved/h100nvl-002/evidence-verified/runs/025-2026-09-05-pythia-agentic-sparse-kernel-search/artifacts/component-ffn-14m-a4-0-k013-h100nvl-001
h100nvl-002,NVIDIA H100 NVL,component-ffn-14m-a4-0p5-k013-h100nvl-001,component,,ffn,eager,14m/a4-0p5,14M,A4-OL1,0.5,development,k013,h;m,dense SDPA except selected attention projection linears,complete,,complete-validation,True,True,True,0,0.0,0.0,True,6.037982463131289,0.12713448684742273,12.713448684742273,808963848536,6363055915008,6.040302637380155,6.040302637380155,0.0,True,1.0205495896226915,3.365226089954376,3.2930970191955566,1.0182168437669044,1.0226222865751995,80,16,2a618fb4bd8d8dd00647e0d13197e6c3e4c0a8c54a1c4e6ba2f6cfabf009ffb4,4bd751109b82f203ed904946874d12f1d9bb576874689a7990654a39c2644378,925afc5458a90cbef413498036d6ee800ca2731c23d920efbe548d66212ef899,bc347f73b2dee2500b3d66ce703fd8e8b3b7066184d61e8b010095bf51ad3697,a3213c994f2b1504ad580a8938fda3ce91d8f6a5c11f73d44e797c1c4985f5c9,f7db6743f4dc32ba6a083e784902f615d9598f36b94b752726ded97f81abae45,runs/025-2026-09-05-pythia-agentic-sparse-kernel-search/retrieved/h100nvl-002/evidence-verified/runs/025-2026-09-05-pythia-agentic-sparse-kernel-search/artifacts/component-ffn-14m-a4-0p5-k013-h100nvl-001
h100nvl-002,NVIDIA H100 NVL,component-ffn-14m-a7-0-k013-h100nvl-001,component,,ffn,eager,14m/a7-0,14M,A7-OL1,0.0,development,k013,h;m,dense SDPA except selected attention projection linears,complete,,complete-validation,True,True,True,0,0.0,0.0,True,5.480180751642532,0.0705422917861371,7.054229178613711,448864547008,6363055915008,5.482344387100304,5.482345742798037,1.3556977327411346e-06,True,1.024636498244179,3.3706091344356537,3.3022649586200714,1.0193340845680452,1.0327992157156554,80,16,2a618fb4bd8d8dd00647e0d13197e6c3e4c0a8c54a1c4e6ba2f6cfabf009ffb4,4bd751109b82f203ed904946874d12f1d9bb576874689a7990654a39c2644378,237528905d526f3085217ae247c0d1a5ad1f47503416cf3df5cce058fe0e4a6c,15df4f8e4db10f7df04289437f0355d8424fbb4d5d03151c5bc02612dd96b00f,18e2f499c34457e201c0f53a07f7a880546e1913d2372b07efb1787d40cd8441,0087add713d8ec0397bdded49b49b81ce1c7941953101bd70cb8eb299e60fd9a,runs/025-2026-09-05-pythia-agentic-sparse-kernel-search/retrieved/h100nvl-002/evidence-verified/runs/025-2026-09-05-pythia-agentic-sparse-kernel-search/artifacts/component-ffn-14m-a7-0-k013-h100nvl-001
h100nvl-002,NVIDIA H100 NVL,component-ffn-14m-a7-0p5-k013-h100nvl-001,component,,ffn,eager,14m/a7-0p5,14M,A7-OL1,0.5,development,k013,h;m,dense SDPA except selected attention projection linears,complete,,complete-validation,True,True,True,0,0.0,0.0,True,5.829406580981418,0.27482684296304843,27.482684296304843,1748738568719,6363055915008,5.83130439206093,5.83130438641513,-5.6457993835579146e-09,True,1.012553380538375,3.810267895460129,3.7489011883735657,1.0051763047336832,1.0172975375021258,80,16,2a618fb4bd8d8dd00647e0d13197e6c3e4c0a8c54a1c4e6ba2f6cfabf009ffb4,4bd751109b82f203ed904946874d12f1d9bb576874689a7990654a39c2644378,f8081cab077bb62d9beace530da923d5b35f133687e678f39118b36c7f365937,de8a134cc68fdea5ca22ea45934f9f8b2a974e18c4dee30e2ce3edebd14280d9,392900ae16fa1733afd8138188f649ba63a4633607df04a7ae5e51920718c122,3e3d9be91848bb836c8c702cc9036e46466b0386963d173d7f4dbf94b8dc2e7a,runs/025-2026-09-05-pythia-agentic-sparse-kernel-search/retrieved/h100nvl-002/evidence-verified/runs/025-2026-09-05-pythia-agentic-sparse-kernel-search/artifacts/component-ffn-14m-a7-0p5-k013-h100nvl-001
h100nvl-002,NVIDIA H100 NVL,component-ffn-70m-a1h-k016-h100nvl-001,component,,ffn,eager,70m/a1h,70M,A1-H,,development,k016,h,dense SDPA except selected attention projection linears,complete,,complete-validation,True,True,True,0,0.0,0.0,True,4.222749641308417,0.1006575817198192,10.06575817198192,3548299693748,35251191545856,4.231262897406735,4.231251489362048,-1.1408044686689323e-05,True,0.9331852175662176,2.575516700744629,2.7578845620155334,0.9296770056199367,0.9364690013965801,80,16,2a618fb4bd8d8dd00647e0d13197e6c3e4c0a8c54a1c4e6ba2f6cfabf009ffb4,4bd751109b82f203ed904946874d12f1d9bb576874689a7990654a39c2644378,432252ac4dac06cf4259e85df4ee7ce5df92dec46962496490a10a5339ce847a,065977eb38a662c38f83cd10e6592181fca17540bb0c202e350539be9385184d,aeca964fffe1e16e3fd941046198f09e529a83749bb2e85d99c695e407790a3d,7e4ae6bcd035f0a1478c735fa6446d2337aec48af1c62ec48fd0b6c190e535ab,runs/025-2026-09-05-pythia-agentic-sparse-kernel-search/retrieved/h100nvl-002/evidence-verified/runs/025-2026-09-05-pythia-agentic-sparse-kernel-search/artifacts/component-ffn-70m-a1h-k016-h100nvl-001
h100nvl-002,NVIDIA H100 NVL,component-ffn-70m-a4-0-k016-h100nvl-001,component,,ffn,eager,70m/a4-0,70M,A4-OL1,0.0,development,k016,h;m,dense SDPA except selected attention projection linears,complete,,complete-validation,True,True,True,0,0.0,0.0,True,4.805361172503973,0.25672509475572236,25.672509475572237,9049865489862,35251191545856,4.81462826618565,4.814640316440091,1.2050254440509889e-05,True,0.9108980904955714,3.4206658601760864,3.751639276742935,0.9084509308848897,0.9132264952000196,80,16,2a618fb4bd8d8dd00647e0d13197e6c3e4c0a8c54a1c4e6ba2f6cfabf009ffb4,4bd751109b82f203ed904946874d12f1d9bb576874689a7990654a39c2644378,c97587e183ed604c33076dd3827ef93a759d8bd7bb08d4bcde0d1e6516b08785,64259484ad0f122256bd016367d14f5b665d57978c3e70178908a50e3e150849,737c3a22dbe5bcb71e8fcbe387ca9b0980cd95741904a414055eb68be40a1523,dab961cd19af08868f0b110dfb9baf6fb62b5cf9b29764e28ebf389cfd66afd8,runs/025-2026-09-05-pythia-agentic-sparse-kernel-search/retrieved/h100nvl-002/evidence-verified/runs/025-2026-09-05-pythia-agentic-sparse-kernel-search/artifacts/component-ffn-70m-a4-0-k016-h100nvl-001
h100nvl-002,NVIDIA H100 NVL,component-ffn-70m-a4-0p5-k016-h100nvl-001,component,,ffn,eager,70m/a4-0p5,70M,A4-OL1,0.5,development,k016,h;m,dense SDPA except selected attention projection linears,complete,,complete-validation,True,True,True,0,0.0,0.0,True,5.389480136202637,0.3559621916980309,35.59621916980309,12548091402630,35251191545856,5.398787630287563,5.398787562537962,-6.774960059630075e-08,True,1.0006763928279132,3.4585408866405487,3.4537948668003082,0.9976885801470697,1.0031208131749019,80,16,2a618fb4bd8d8dd00647e0d13197e6c3e4c0a8c54a1c4e6ba2f6cfabf009ffb4,4bd751109b82f203ed904946874d12f1d9bb576874689a7990654a39c2644378,c8595585a99dfcf49cb27c7b62ced1c7b8453a4e377a97616d60e1b9f9e3f7f3,cfe32e357a4f131944dadee09eae7dec2b81b8b7b67e86d378c91ce4c179027e,c866932b84f37956dc63ffe8884ecc7867293b8795da4d94031758a802d6f37a,1d28219cffd14a4ebe686d5eec0ce7496680193726a3f86683c6257f071d98f9,runs/025-2026-09-05-pythia-agentic-sparse-kernel-search/retrieved/h100nvl-002/evidence-verified/runs/025-2026-09-05-pythia-agentic-sparse-kernel-search/artifacts/component-ffn-70m-a4-0p5-k016-h100nvl-001
h100nvl-002,NVIDIA H100 NVL,component-ffn-70m-a7-0-k016-h100nvl-001,component,,ffn,eager,70m/a7-0,70M,A7-OL1,0.0,development,k016,h,dense SDPA except selected attention projection linears,complete,,complete-validation,True,True,True,0,0.0,0.0,True,4.941205969223609,0.23562417494680196,23.562417494680197,8306032923884,35251191545856,4.950194745802822,4.950235744896919,4.099909409749358e-05,True,0.9780149799858177,3.445066511631012,3.5234391689300537,0.9761672551243724,0.97988683169857,80,16,2a618fb4bd8d8dd00647e0d13197e6c3e4c0a8c54a1c4e6ba2f6cfabf009ffb4,4bd751109b82f203ed904946874d12f1d9bb576874689a7990654a39c2644378,3e63f6856a30cd8d74c04832a33c5a5c66e7ceb406758c1afe027fc314319224,7cbf0921264073f07dac01a8b18f0ead1f3eb2a24f848e1c65633a2083cdc8ed,4d4df5840a257376332f24061f33416b771598a0c2ab59efd0016014e9f68628,22d0a8f575acea4ac90ff54a841b5964b47af3db9400fc611dc8dfdf7acf5f86,runs/025-2026-09-05-pythia-agentic-sparse-kernel-search/retrieved/h100nvl-002/evidence-verified/runs/025-2026-09-05-pythia-agentic-sparse-kernel-search/artifacts/component-ffn-70m-a7-0-k016-h100nvl-001
h100nvl-002,NVIDIA H100 NVL,component-ffn-70m-a7-0p5-k016-h100nvl-001,component,,ffn,eager,70m/a7-0p5,70M,A7-OL1,0.5,development,k016,h,dense SDPA except selected attention projection linears,complete,,complete-validation,True,True,True,0,0.0,0.0,True,5.215924663303872,0.4060187215635989,40.60187215635989,14312643725042,35251191545856,5.226513370600996,5.226513370600996,0.0,True,0.9992510907135889,3.9227530360221863,3.92720103263855,0.9966899470319154,1.002540969077494,80,16,2a618fb4bd8d8dd00647e0d13197e6c3e4c0a8c54a1c4e6ba2f6cfabf009ffb4,4bd751109b82f203ed904946874d12f1d9bb576874689a7990654a39c2644378,451013b66ee1ec38bca10f28f434bff42d663f635240403f631abb694d4ae7bb,9549bd7a6b7e490f1506f7a344cebb723a3b97800cd83f535b523216fc6b8761,b8480d7bf344f0f7c5e82964cb4b2b02a9243c58ca24c0ebb3693c9f3e3841a9,70d35399d92f94726aa02bc94c3607eb9b09cf2aa5533cb29a8fb8ffefb294c4,runs/025-2026-09-05-pythia-agentic-sparse-kernel-search/retrieved/h100nvl-002/evidence-verified/runs/025-2026-09-05-pythia-agentic-sparse-kernel-search/artifacts/component-ffn-70m-a7-0p5-k016-h100nvl-001
h100nvl-002,NVIDIA H100 NVL,transfer-p0-14m-a0-h100nvl-001,p0,1,full,eager,14m/a0,14M,A0,,development,p0,a;h;m;z,unchanged dense SDPA,failed_or_incomplete,Fixed complete-validation logit/loss gate failed; candidate is unqualified,complete-validation,True,False,False,3,0.4375,0.0021079571451991796,False,5.2085730123096665,1.1415112639303073e-08,1.1415112639303072e-06,72635,6363055915008,5.209913673332181,5.209949876319152,3.62029869709346e-05,True,0.6295322546428461,2.4925023317337036,3.9639994502067566,0.6274108530644713,0.6315364197365918,80,16,2a618fb4bd8d8dd00647e0d13197e6c3e4c0a8c54a1c4e6ba2f6cfabf009ffb4,4bd751109b82f203ed904946874d12f1d9bb576874689a7990654a39c2644378,ab484a4469fd7a91129f91d4e43123095cf29dc5af60051a5dc5696617eb19bd,04693aa37518a14b03873cd8a29b5712023ed3d03d03a253ddb57b7ee8c2b9ed,43e485936d888123abf8b45b7b3ee4a9373aa558e3a5f0d9848c651435659b2e,fd5916da1398036d9ead4591132d7623cc6515c4431e70ff737cef03c5cda7b2,runs/025-2026-09-05-pythia-agentic-sparse-kernel-search/retrieved/h100nvl-002/evidence-verified/runs/025-2026-09-05-pythia-agentic-sparse-kernel-search/artifacts/transfer-p0-14m-a0-h100nvl-001
h100nvl-002,NVIDIA H100 NVL,transfer-p0-14m-a0-h100nvl-001,p0,1,full,cuda_graph,14m/a0,14M,A0,,development,p0,a;h;m;z,unchanged dense SDPA,failed_or_incomplete,Fixed complete-validation logit/loss gate failed; candidate is unqualified,complete-validation,False,False,False,4,0.375,0.002241522539407015,False,5.2085730123096665,1.1415112639303073e-08,1.1415112639303072e-06,72635,6363055915008,5.209931990777518,5.210010041140041,9.636780785982069e-05,True,0.2964465429715789,1.074332743883133,3.6239847540855408,0.2962657633943611,0.29665278782741794,80,16,2a618fb4bd8d8dd00647e0d13197e6c3e4c0a8c54a1c4e6ba2f6cfabf009ffb4,4bd751109b82f203ed904946874d12f1d9bb576874689a7990654a39c2644378,ab484a4469fd7a91129f91d4e43123095cf29dc5af60051a5dc5696617eb19bd,04693aa37518a14b03873cd8a29b5712023ed3d03d03a253ddb57b7ee8c2b9ed,43e485936d888123abf8b45b7b3ee4a9373aa558e3a5f0d9848c651435659b2e,fd5916da1398036d9ead4591132d7623cc6515c4431e70ff737cef03c5cda7b2,runs/025-2026-09-05-pythia-agentic-sparse-kernel-search/retrieved/h100nvl-002/evidence-verified/runs/025-2026-09-05-pythia-agentic-sparse-kernel-search/artifacts/transfer-p0-14m-a0-h100nvl-001
h100nvl-002,NVIDIA H100 NVL,transfer-p0-14m-a1h-h100nvl-001,p0,1,full,eager,14m/a1h,14M,A1-H,,development,p0,h,unchanged dense SDPA,failed_or_incomplete,Fixed development logit/loss gate failed; candidate is unqualified,development-16,True,True,True,0,0.0,0.0,False,5.26963426093378,0.027141299328466276,2.7141299328466277,172701605233,6363055915008,5.109723276083331,5.1098926657866315,0.00016938970330038217,False,,,,,,,,2a618fb4bd8d8dd00647e0d13197e6c3e4c0a8c54a1c4e6ba2f6cfabf009ffb4,4bd751109b82f203ed904946874d12f1d9bb576874689a7990654a39c2644378,2aa05523a8b6e1ce315c92027fe7e91834728a53c874cae0c78c76f277d017fe,,,606d8dd3ecce7a902a8f9d35d56c21b839e9b18aaf024ce3ae73bbb730b5cdaf,runs/025-2026-09-05-pythia-agentic-sparse-kernel-search/retrieved/h100nvl-002/evidence-verified/runs/025-2026-09-05-pythia-agentic-sparse-kernel-search/artifacts/transfer-p0-14m-a1h-h100nvl-001
h100nvl-002,NVIDIA H100 NVL,transfer-p0-14m-a1h-h100nvl-001,p0,1,full,cuda_graph,14m/a1h,14M,A1-H,,development,p0,h,unchanged dense SDPA,failed_or_incomplete,Fixed development logit/loss gate failed; candidate is unqualified,development-16,True,False,False,1,0.5,0.0024897807743400335,False,5.26963426093378,0.027141299328466276,2.7141299328466277,172701605233,6363055915008,5.10998873577854,5.109666996719666,-5.627936366536801e-05,False,,,,,,,,2a618fb4bd8d8dd00647e0d13197e6c3e4c0a8c54a1c4e6ba2f6cfabf009ffb4,4bd751109b82f203ed904946874d12f1d9bb576874689a7990654a39c2644378,2aa05523a8b6e1ce315c92027fe7e91834728a53c874cae0c78c76f277d017fe,,,606d8dd3ecce7a902a8f9d35d56c21b839e9b18aaf024ce3ae73bbb730b5cdaf,runs/025-2026-09-05-pythia-agentic-sparse-kernel-search/retrieved/h100nvl-002/evidence-verified/runs/025-2026-09-05-pythia-agentic-sparse-kernel-search/artifacts/transfer-p0-14m-a1h-h100nvl-001
h100nvl-002,NVIDIA H100 NVL,transfer-p0-14m-a4-0-h100nvl-001,p0,1,full,eager,14m/a4-0,14M,A4-OL1,0.0,development,p0,a;h;m;z,unchanged dense SDPA,failed_or_incomplete,Fixed development logit/loss gate failed; candidate is unqualified,development-16,True,False,False,1,0.40625,0.0011259694583714008,False,5.458276166718387,0.0781004229286857,7.81004229286857,496957358081,6363055915008,5.3432876296199465,5.343245856169089,-4.1773450857540695e-05,False,,,,,,,,2a618fb4bd8d8dd00647e0d13197e6c3e4c0a8c54a1c4e6ba2f6cfabf009ffb4,4bd751109b82f203ed904946874d12f1d9bb576874689a7990654a39c2644378,ec602fe98f2dfb096db5e3b54e95dc0222eb33b0dcde25e72890a635a3dd43f2,,,46e45dbb49a6c241eeb1ffedc6db5a16dc0a87ab2c9c6e10dbf5b3f6d15e2cb9,runs/025-2026-09-05-pythia-agentic-sparse-kernel-search/retrieved/h100nvl-002/evidence-verified/runs/025-2026-09-05-pythia-agentic-sparse-kernel-search/artifacts/transfer-p0-14m-a4-0-h100nvl-001
h100nvl-002,NVIDIA H100 NVL,transfer-p0-14m-a4-0-h100nvl-001,p0,1,full,cuda_graph,14m/a4-0,14M,A4-OL1,0.0,development,p0,a;h;m;z,unchanged dense SDPA,failed_or_incomplete,Fixed development logit/loss gate failed; candidate is unqualified,development-16,False,False,False,2,0.40625,0.0014095930382609367,False,5.458276166718387,0.0781004229286857,7.81004229286857,496957358081,6363055915008,5.343147698995481,5.343333010913455,4.538129350883935e-05,False,,,,,,,,2a618fb4bd8d8dd00647e0d13197e6c3e4c0a8c54a1c4e6ba2f6cfabf009ffb4,4bd751109b82f203ed904946874d12f1d9bb576874689a7990654a39c2644378,ec602fe98f2dfb096db5e3b54e95dc0222eb33b0dcde25e72890a635a3dd43f2,,,46e45dbb49a6c241eeb1ffedc6db5a16dc0a87ab2c9c6e10dbf5b3f6d15e2cb9,runs/025-2026-09-05-pythia-agentic-sparse-kernel-search/retrieved/h100nvl-002/evidence-verified/runs/025-2026-09-05-pythia-agentic-sparse-kernel-search/artifacts/transfer-p0-14m-a4-0-h100nvl-001
h100nvl-002,NVIDIA H100 NVL,transfer-p0-14m-a4-0p5-h100nvl-001,p0,1,full,eager,14m/a4-0p5,14M,A4-OL1,0.5,development,p0,a;h;m;z,unchanged dense SDPA,complete,,complete-validation,True,True,True,0,0.0,0.0,True,6.037982463131289,0.12713448684742273,12.713448684742273,808963848536,6363055915008,6.040302637380155,6.040302637380155,0.0,True,1.1511081092238884,3.4034475684165955,2.949945628643036,1.1457860617443107,1.1556985605722692,80,16,2a618fb4bd8d8dd00647e0d13197e6c3e4c0a8c54a1c4e6ba2f6cfabf009ffb4,4bd751109b82f203ed904946874d12f1d9bb576874689a7990654a39c2644378,f447aacfc25f867c2d544cf4023b640454dcdd7bb144e1a9eab6147ebc4128a9,e652c17f34f97d59226622f21a0c892a412edfe5b543acace29151060f9a4e88,c0f8fa57766f12ab83f6a65a061ae6b8eeab9a3868eb9d48eb8e2183498c476a,8e38a7ca83fa6d10a81a65495d847929397a96c64f8a72f1a40b4b8e55c871cf,runs/025-2026-09-05-pythia-agentic-sparse-kernel-search/retrieved/h100nvl-002/evidence-verified/runs/025-2026-09-05-pythia-agentic-sparse-kernel-search/artifacts/transfer-p0-14m-a4-0p5-h100nvl-001
h100nvl-002,NVIDIA H100 NVL,transfer-p0-14m-a4-0p5-h100nvl-001,p0,1,full,cuda_graph,14m/a4-0p5,14M,A4-OL1,0.5,development,p0,a;h;m;z,unchanged dense SDPA,complete,,complete-validation,True,True,True,0,0.0,0.0,True,6.037982463131289,0.12713448684742273,12.713448684742273,808963848536,6363055915008,6.0403026402030555,6.0403026402030555,2.822900135868167e-09,True,0.8842261931132371,1.2113414704799652,1.3706162571907043,0.8833806552272717,0.8850953406387535,80,16,2a618fb4bd8d8dd00647e0d13197e6c3e4c0a8c54a1c4e6ba2f6cfabf009ffb4,4bd751109b82f203ed904946874d12f1d9bb576874689a7990654a39c2644378,f447aacfc25f867c2d544cf4023b640454dcdd7bb144e1a9eab6147ebc4128a9,e652c17f34f97d59226622f21a0c892a412edfe5b543acace29151060f9a4e88,c0f8fa57766f12ab83f6a65a061ae6b8eeab9a3868eb9d48eb8e2183498c476a,8e38a7ca83fa6d10a81a65495d847929397a96c64f8a72f1a40b4b8e55c871cf,runs/025-2026-09-05-pythia-agentic-sparse-kernel-search/retrieved/h100nvl-002/evidence-verified/runs/025-2026-09-05-pythia-agentic-sparse-kernel-search/artifacts/transfer-p0-14m-a4-0p5-h100nvl-001
h100nvl-002,NVIDIA H100 NVL,transfer-p0-14m-a7-0-h100nvl-001,p0,1,full,eager,14m/a7-0,14M,A7-OL1,0.0,development,p0,a;h;m;z,unchanged dense SDPA,failed_or_incomplete,Fixed development logit/loss gate failed; candidate is unqualified,development-16,True,False,False,2,0.5,0.0019015675643458962,False,5.480180751642532,0.0705422917861371,7.054229178613711,448864547008,6363055915008,5.383532547869214,5.383549513674738,1.6965805524016275e-05,False,,,,,,,,2a618fb4bd8d8dd00647e0d13197e6c3e4c0a8c54a1c4e6ba2f6cfabf009ffb4,4bd751109b82f203ed904946874d12f1d9bb576874689a7990654a39c2644378,0fa11f1b48521e7954f941e4a249582fdb8f3f7931c74cb25c545936219f7f4b,,,618a35d8f5d9ef056019d22e35283d70dc4738fe52bdff71484954aa89592fed,runs/025-2026-09-05-pythia-agentic-sparse-kernel-search/retrieved/h100nvl-002/evidence-verified/runs/025-2026-09-05-pythia-agentic-sparse-kernel-search/artifacts/transfer-p0-14m-a7-0-h100nvl-001
h100nvl-002,NVIDIA H100 NVL,transfer-p0-14m-a7-0-h100nvl-001,p0,1,full,cuda_graph,14m/a7-0,14M,A7-OL1,0.0,development,p0,a;h;m;z,unchanged dense SDPA,failed_or_incomplete,Fixed development logit/loss gate failed; candidate is unqualified,development-16,False,False,False,2,0.625,0.0021650809794664383,False,5.480180751642532,0.0705422917861371,7.054229178613711,448864547008,6363055915008,5.3834782215112815,5.383686611695469,0.00015406382625560155,False,,,,,,,,2a618fb4bd8d8dd00647e0d13197e6c3e4c0a8c54a1c4e6ba2f6cfabf009ffb4,4bd751109b82f203ed904946874d12f1d9bb576874689a7990654a39c2644378,0fa11f1b48521e7954f941e4a249582fdb8f3f7931c74cb25c545936219f7f4b,,,618a35d8f5d9ef056019d22e35283d70dc4738fe52bdff71484954aa89592fed,runs/025-2026-09-05-pythia-agentic-sparse-kernel-search/retrieved/h100nvl-002/evidence-verified/runs/025-2026-09-05-pythia-agentic-sparse-kernel-search/artifacts/transfer-p0-14m-a7-0-h100nvl-001
h100nvl-002,NVIDIA H100 NVL,transfer-p0-14m-a7-0p5-h100nvl-001,p0,1,full,eager,14m/a7-0p5,14M,A7-OL1,0.5,development,p0,a;h;m;z,unchanged dense SDPA,failed_or_incomplete,Fixed development logit/loss gate failed; candidate is unqualified,development-16,True,True,True,0,0.0,0.0,False,5.829406580981418,0.27482684296304843,27.482684296304843,1748738568719,6363055915008,5.700011521242978,5.700011521242978,0.0,False,,,,,,,,2a618fb4bd8d8dd00647e0d13197e6c3e4c0a8c54a1c4e6ba2f6cfabf009ffb4,4bd751109b82f203ed904946874d12f1d9bb576874689a7990654a39c2644378,33cb223ba18fa5b31c162f1b1406b9fdd2704cc7431abdbc6863c28377e8698b,,,0dac7113628dab3a427a7a90f40206062358202dbdae2a3fa07e9a84fdc43796,runs/025-2026-09-05-pythia-agentic-sparse-kernel-search/retrieved/h100nvl-002/evidence-verified/runs/025-2026-09-05-pythia-agentic-sparse-kernel-search/artifacts/transfer-p0-14m-a7-0p5-h100nvl-001
h100nvl-002,NVIDIA H100 NVL,transfer-p0-14m-a7-0p5-h100nvl-001,p0,1,full,cuda_graph,14m/a7-0p5,14M,A7-OL1,0.5,development,p0,a;h;m;z,unchanged dense SDPA,failed_or_incomplete,Fixed development logit/loss gate failed; candidate is unqualified,development-16,False,False,False,1,1.625,0.0006205083336681128,False,5.829406580981418,0.27482684296304843,27.482684296304843,1748738568719,6363055915008,5.6999932434946725,5.6999932434946725,-1.8277748305095542e-05,False,,,,,,,,2a618fb4bd8d8dd00647e0d13197e6c3e4c0a8c54a1c4e6ba2f6cfabf009ffb4,4bd751109b82f203ed904946874d12f1d9bb576874689a7990654a39c2644378,33cb223ba18fa5b31c162f1b1406b9fdd2704cc7431abdbc6863c28377e8698b,,,0dac7113628dab3a427a7a90f40206062358202dbdae2a3fa07e9a84fdc43796,runs/025-2026-09-05-pythia-agentic-sparse-kernel-search/retrieved/h100nvl-002/evidence-verified/runs/025-2026-09-05-pythia-agentic-sparse-kernel-search/artifacts/transfer-p0-14m-a7-0p5-h100nvl-001
h100nvl-002,NVIDIA H100 NVL,transfer-p0-410m-a0-h100nvl-001,p0,1,full,eager,410m/a0,410M,A0,,development,p0,a;h;m;z,unchanged dense SDPA,failed_or_incomplete,Fixed development logit/loss gate failed; candidate is unqualified,development-16,True,False,False,10,1.25,0.0029002975206822157,False,4.547456437666741,0.00011047923803103942,0.011047923803103942,30885552627,279559790395392,4.134805013100345,4.135356685040226,0.0005516719398812597,False,,,,,,,,2a618fb4bd8d8dd00647e0d13197e6c3e4c0a8c54a1c4e6ba2f6cfabf009ffb4,4bd751109b82f203ed904946874d12f1d9bb576874689a7990654a39c2644378,8eeb37fda1de5fb46341d148f85431244e35599b8fa9a193b536767d35a16ac2,,,5b1de148ee5ebed30c8e881be5d673852214b0ca444ad8dd33690821e9c76bee,runs/025-2026-09-05-pythia-agentic-sparse-kernel-search/retrieved/h100nvl-002/evidence-verified/runs/025-2026-09-05-pythia-agentic-sparse-kernel-search/artifacts/transfer-p0-410m-a0-h100nvl-001
h100nvl-002,NVIDIA H100 NVL,transfer-p0-410m-a0-h100nvl-001,p0,1,full,cuda_graph,410m/a0,410M,A0,,development,p0,a;h;m;z,unchanged dense SDPA,failed_or_incomplete,Fixed development logit/loss gate failed; candidate is unqualified,development-16,True,False,False,10,1.25,0.0029002975206822157,False,4.547456437666741,0.00011047923803103942,0.011047923803103942,30885552627,279559790395392,4.134805013100345,4.135356685040226,0.0005516719398812597,False,,,,,,,,2a618fb4bd8d8dd00647e0d13197e6c3e4c0a8c54a1c4e6ba2f6cfabf009ffb4,4bd751109b82f203ed904946874d12f1d9bb576874689a7990654a39c2644378,8eeb37fda1de5fb46341d148f85431244e35599b8fa9a193b536767d35a16ac2,,,5b1de148ee5ebed30c8e881be5d673852214b0ca444ad8dd33690821e9c76bee,runs/025-2026-09-05-pythia-agentic-sparse-kernel-search/retrieved/h100nvl-002/evidence-verified/runs/025-2026-09-05-pythia-agentic-sparse-kernel-search/artifacts/transfer-p0-410m-a0-h100nvl-001
h100nvl-002,NVIDIA H100 NVL,transfer-p0-410m-a1h-h100nvl-001,p0,1,full,eager,410m/a1h,410M,A1-H,,development,p0,h,unchanged dense SDPA,failed_or_incomplete,Fixed development logit/loss gate failed; candidate is unqualified,development-16,True,False,False,5,2.5,0.002693456830456853,False,4.651294058243904,0.21049725280441106,21.049725280441105,58846567872807,279559790395392,4.260682613370939,4.260588556018526,-9.405735241330149e-05,False,,,,,,,,2a618fb4bd8d8dd00647e0d13197e6c3e4c0a8c54a1c4e6ba2f6cfabf009ffb4,4bd751109b82f203ed904946874d12f1d9bb576874689a7990654a39c2644378,1d2df4c7c62d8384dd8bcf8ff632ff67aad3213b0787d22c428885f3d011e36b,,,8a2b33deceacc941995c219ad026f48258d091216c9bd15f7bd8f5b3a4d6de8c,runs/025-2026-09-05-pythia-agentic-sparse-kernel-search/retrieved/h100nvl-002/evidence-verified/runs/025-2026-09-05-pythia-agentic-sparse-kernel-search/artifacts/transfer-p0-410m-a1h-h100nvl-001
h100nvl-002,NVIDIA H100 NVL,transfer-p0-410m-a1h-h100nvl-001,p0,1,full,cuda_graph,410m/a1h,410M,A1-H,,development,p0,h,unchanged dense SDPA,failed_or_incomplete,Fixed development logit/loss gate failed; candidate is unqualified,development-16,True,False,False,5,2.5,0.002693456830456853,False,4.651294058243904,0.21049725280441106,21.049725280441105,58846567872807,279559790395392,4.260682613370939,4.260588556018526,-9.405735241330149e-05,False,,,,,,,,2a618fb4bd8d8dd00647e0d13197e6c3e4c0a8c54a1c4e6ba2f6cfabf009ffb4,4bd751109b82f203ed904946874d12f1d9bb576874689a7990654a39c2644378,1d2df4c7c62d8384dd8bcf8ff632ff67aad3213b0787d22c428885f3d011e36b,,,8a2b33deceacc941995c219ad026f48258d091216c9bd15f7bd8f5b3a4d6de8c,runs/025-2026-09-05-pythia-agentic-sparse-kernel-search/retrieved/h100nvl-002/evidence-verified/runs/025-2026-09-05-pythia-agentic-sparse-kernel-search/artifacts/transfer-p0-410m-a1h-h100nvl-001
h100nvl-002,NVIDIA H100 NVL,transfer-p0-410m-a4-0-h100nvl-001,p0,1,full,eager,410m/a4-0,410M,A4-OL1,0.0,development,p0,a;h;m;z,unchanged dense SDPA,failed_or_incomplete,Fixed development logit/loss gate failed; candidate is unqualified,development-16,True,False,False,1,0.875,0.0009296355419792235,False,5.6920750987600295,0.3833867333385676,38.33867333385676,107179514812504,279559790395392,5.572026672512366,5.5718173580048544,-0.00020931450751149328,False,,,,,,,,2a618fb4bd8d8dd00647e0d13197e6c3e4c0a8c54a1c4e6ba2f6cfabf009ffb4,4bd751109b82f203ed904946874d12f1d9bb576874689a7990654a39c2644378,e7a75add7f40f9fe5758817b9f8ff818e94beb9adb1bf227c9ac43d672a9472b,,,efa6205a85eb0484ad7e80d6b7f6fad29dc1b42e9dc5c03700e22912a6adffef,runs/025-2026-09-05-pythia-agentic-sparse-kernel-search/retrieved/h100nvl-002/evidence-verified/runs/025-2026-09-05-pythia-agentic-sparse-kernel-search/artifacts/transfer-p0-410m-a4-0-h100nvl-001
h100nvl-002,NVIDIA H100 NVL,transfer-p0-410m-a4-0-h100nvl-001,p0,1,full,cuda_graph,410m/a4-0,410M,A4-OL1,0.0,development,p0,a;h;m;z,unchanged dense SDPA,failed_or_incomplete,Fixed development logit/loss gate failed; candidate is unqualified,development-16,True,False,False,1,0.875,0.0009296355419792235,False,5.6920750987600295,0.3833867333385676,38.33867333385676,107179514812504,279559790395392,5.572026672512366,5.5718173580048544,-0.00020931450751149328,False,,,,,,,,2a618fb4bd8d8dd00647e0d13197e6c3e4c0a8c54a1c4e6ba2f6cfabf009ffb4,4bd751109b82f203ed904946874d12f1d9bb576874689a7990654a39c2644378,e7a75add7f40f9fe5758817b9f8ff818e94beb9adb1bf227c9ac43d672a9472b,,,efa6205a85eb0484ad7e80d6b7f6fad29dc1b42e9dc5c03700e22912a6adffef,runs/025-2026-09-05-pythia-agentic-sparse-kernel-search/retrieved/h100nvl-002/evidence-verified/runs/025-2026-09-05-pythia-agentic-sparse-kernel-search/artifacts/transfer-p0-410m-a4-0-h100nvl-001
h100nvl-002,NVIDIA H100 NVL,transfer-p0-410m-a4-0p5-h100nvl-001,p0,1,full,eager,410m/a4-0p5,410M,A4-OL1,0.5,development,p0,a;h;m;z,unchanged dense SDPA,failed_or_incomplete,Fixed development logit/loss gate failed; candidate is unqualified,development-16,True,False,False,14,6.75,0.01154700294137001,False,5.1909658185829075,0.715914446480748,71.5914446480748,200140892599191,279559790395392,5.031483048745115,5.031542190529395,5.914178427968153e-05,False,,,,,,,,2a618fb4bd8d8dd00647e0d13197e6c3e4c0a8c54a1c4e6ba2f6cfabf009ffb4,4bd751109b82f203ed904946874d12f1d9bb576874689a7990654a39c2644378,3015406e241450c4816de61b2e57ff71f513b83c216c477e49802e36d13ee578,,,9fb3302b57542f13236df8259badf2497e316267056ac55aaf662c6966581cc2,runs/025-2026-09-05-pythia-agentic-sparse-kernel-search/retrieved/h100nvl-002/evidence-verified/runs/025-2026-09-05-pythia-agentic-sparse-kernel-search/artifacts/transfer-p0-410m-a4-0p5-h100nvl-001
h100nvl-002,NVIDIA H100 NVL,transfer-p0-410m-a4-0p5-h100nvl-001,p0,1,full,cuda_graph,410m/a4-0p5,410M,A4-OL1,0.5,development,p0,a;h;m;z,unchanged dense SDPA,failed_or_incomplete,Fixed development logit/loss gate failed; candidate is unqualified,development-16,True,False,False,14,6.75,0.01154700294137001,False,5.1909658185829075,0.715914446480748,71.5914446480748,200140892599191,279559790395392,5.031483048745115,5.031542190529395,5.914178427968153e-05,False,,,,,,,,2a618fb4bd8d8dd00647e0d13197e6c3e4c0a8c54a1c4e6ba2f6cfabf009ffb4,4bd751109b82f203ed904946874d12f1d9bb576874689a7990654a39c2644378,3015406e241450c4816de61b2e57ff71f513b83c216c477e49802e36d13ee578,,,9fb3302b57542f13236df8259badf2497e316267056ac55aaf662c6966581cc2,runs/025-2026-09-05-pythia-agentic-sparse-kernel-search/retrieved/h100nvl-002/evidence-verified/runs/025-2026-09-05-pythia-agentic-sparse-kernel-search/artifacts/transfer-p0-410m-a4-0p5-h100nvl-001
h100nvl-002,NVIDIA H100 NVL,transfer-p0-410m-a7-0-h100nvl-001,p0,1,full,eager,410m/a7-0,410M,A7-OL1,0.0,development,p0,a;h;m;z,unchanged dense SDPA,failed_or_incomplete,Fixed development logit/loss gate failed; candidate is unqualified,development-16,True,False,False,3,1.0,0.0015296272467821836,False,5.4262960662503215,0.4112146787868456,41.121467878684555,114959089409159,279559790395392,5.292863257873565,5.292829743698858,-3.351417470653928e-05,False,,,,,,,,2a618fb4bd8d8dd00647e0d13197e6c3e4c0a8c54a1c4e6ba2f6cfabf009ffb4,4bd751109b82f203ed904946874d12f1d9bb576874689a7990654a39c2644378,2696389e159c9c0902ad45d46d266017e5555d59bea64f36e7ed6b6b87ebd299,,,a71716e2d6d07751e3bdf62c05e0239aa44cfb96c80400bafd3a6f6355b830d7,runs/025-2026-09-05-pythia-agentic-sparse-kernel-search/retrieved/h100nvl-002/evidence-verified/runs/025-2026-09-05-pythia-agentic-sparse-kernel-search/artifacts/transfer-p0-410m-a7-0-h100nvl-001
h100nvl-002,NVIDIA H100 NVL,transfer-p0-410m-a7-0-h100nvl-001,p0,1,full,cuda_graph,410m/a7-0,410M,A7-OL1,0.0,development,p0,a;h;m;z,unchanged dense SDPA,failed_or_incomplete,Fixed development logit/loss gate failed; candidate is unqualified,development-16,True,False,False,3,1.0,0.0015296272467821836,False,5.4262960662503215,0.4112146787868456,41.121467878684555,114959089409159,279559790395392,5.292863257873565,5.292829743698858,-3.351417470653928e-05,False,,,,,,,,2a618fb4bd8d8dd00647e0d13197e6c3e4c0a8c54a1c4e6ba2f6cfabf009ffb4,4bd751109b82f203ed904946874d12f1d9bb576874689a7990654a39c2644378,2696389e159c9c0902ad45d46d266017e5555d59bea64f36e7ed6b6b87ebd299,,,a71716e2d6d07751e3bdf62c05e0239aa44cfb96c80400bafd3a6f6355b830d7,runs/025-2026-09-05-pythia-agentic-sparse-kernel-search/retrieved/h100nvl-002/evidence-verified/runs/025-2026-09-05-pythia-agentic-sparse-kernel-search/artifacts/transfer-p0-410m-a7-0-h100nvl-001
h100nvl-002,NVIDIA H100 NVL,transfer-p0-410m-a7-0p5-h100nvl-001,p0,1,full,eager,410m/a7-0p5,410M,A7-OL1,0.5,development,p0,a;h;m;z,unchanged dense SDPA,failed_or_incomplete,Fixed development logit/loss gate failed; candidate is unqualified,development-16,True,False,False,16,7.25,0.013624715618789196,False,5.120691668705122,0.806155139186339,80.6155139186339,225368561737101,279559790395392,4.951803426365184,4.951974918158624,0.00017149179343967091,False,,,,,,,,2a618fb4bd8d8dd00647e0d13197e6c3e4c0a8c54a1c4e6ba2f6cfabf009ffb4,4bd751109b82f203ed904946874d12f1d9bb576874689a7990654a39c2644378,cc403ac1d06074bc22c45ec69bc0e741fa44b0e4a3bc5304dfe6f70e41645318,,,77d8d3d68f03fad6cdf7e919a1f2f740cfee6f47af86a8bac1fe15c583f81360,runs/025-2026-09-05-pythia-agentic-sparse-kernel-search/retrieved/h100nvl-002/evidence-verified/runs/025-2026-09-05-pythia-agentic-sparse-kernel-search/artifacts/transfer-p0-410m-a7-0p5-h100nvl-001
h100nvl-002,NVIDIA H100 NVL,transfer-p0-410m-a7-0p5-h100nvl-001,p0,1,full,cuda_graph,410m/a7-0p5,410M,A7-OL1,0.5,development,p0,a;h;m;z,unchanged dense SDPA,failed_or_incomplete,Fixed development logit/loss gate failed; candidate is unqualified,development-16,True,False,False,16,7.25,0.013624715618789196,False,5.120691668705122,0.806155139186339,80.6155139186339,225368561737101,279559790395392,4.951803426365184,4.951974918158624,0.00017149179343967091,False,,,,,,,,2a618fb4bd8d8dd00647e0d13197e6c3e4c0a8c54a1c4e6ba2f6cfabf009ffb4,4bd751109b82f203ed904946874d12f1d9bb576874689a7990654a39c2644378,cc403ac1d06074bc22c45ec69bc0e741fa44b0e4a3bc5304dfe6f70e41645318,,,77d8d3d68f03fad6cdf7e919a1f2f740cfee6f47af86a8bac1fe15c583f81360,runs/025-2026-09-05-pythia-agentic-sparse-kernel-search/retrieved/h100nvl-002/evidence-verified/runs/025-2026-09-05-pythia-agentic-sparse-kernel-search/artifacts/transfer-p0-410m-a7-0p5-h100nvl-001
h100nvl-002,NVIDIA H100 NVL,transfer-p0-70m-a0-h100nvl-001,p0,1,full,eager,70m/a0,70M,A0,,development,p0,a;h;m;z,unchanged dense SDPA,failed_or_incomplete,Fixed development logit/loss gate failed; candidate is unqualified,development-16,True,False,False,1,0.5,0.0014993558870628476,False,4.09976596627715,4.5409213981255505e-06,0.00045409213981255505,160072890,35251191545856,3.6495879918234957,3.6496198437070637,3.185188356802371e-05,False,,,,,,,,2a618fb4bd8d8dd00647e0d13197e6c3e4c0a8c54a1c4e6ba2f6cfabf009ffb4,4bd751109b82f203ed904946874d12f1d9bb576874689a7990654a39c2644378,2ed0b58509d699e74155fc0f6a010041d9c4a7a2dfeeb7e31d5f151a6ee38dac,,,c091c4c3e17792d0d6497a9f2523eed527fb6a1d0c0366f8a2aafa69caea6807,runs/025-2026-09-05-pythia-agentic-sparse-kernel-search/retrieved/h100nvl-002/evidence-verified/runs/025-2026-09-05-pythia-agentic-sparse-kernel-search/artifacts/transfer-p0-70m-a0-h100nvl-001
h100nvl-002,NVIDIA H100 NVL,transfer-p0-70m-a0-h100nvl-001,p0,1,full,cuda_graph,70m/a0,70M,A0,,development,p0,a;h;m;z,unchanged dense SDPA,failed_or_incomplete,Fixed development logit/loss gate failed; candidate is unqualified,development-16,True,False,False,1,0.5,0.0014993558870628476,False,4.09976596627715,4.5409213981255505e-06,0.00045409213981255505,160072890,35251191545856,3.6495879918234957,3.6496198437070637,3.185188356802371e-05,False,,,,,,,,2a618fb4bd8d8dd00647e0d13197e6c3e4c0a8c54a1c4e6ba2f6cfabf009ffb4,4bd751109b82f203ed904946874d12f1d9bb576874689a7990654a39c2644378,2ed0b58509d699e74155fc0f6a010041d9c4a7a2dfeeb7e31d5f151a6ee38dac,,,c091c4c3e17792d0d6497a9f2523eed527fb6a1d0c0366f8a2aafa69caea6807,runs/025-2026-09-05-pythia-agentic-sparse-kernel-search/retrieved/h100nvl-002/evidence-verified/runs/025-2026-09-05-pythia-agentic-sparse-kernel-search/artifacts/transfer-p0-70m-a0-h100nvl-001
h100nvl-002,NVIDIA H100 NVL,transfer-p0-70m-a1h-h100nvl-001,p0,1,full,eager,70m/a1h,70M,A1-H,,development,p0,h,unchanged dense SDPA,failed_or_incomplete,Fixed complete-validation logit/loss gate failed; candidate is unqualified,complete-validation,True,False,False,17,1.25,0.0017148208571597934,False,4.222749641308417,0.1006575817198192,10.06575817198192,3548299693748,35251191545856,4.231262897406735,4.231205400226361,-5.74971803741775e-05,True,0.7030115586695994,2.5946609675884247,3.6996938288211823,0.6966446944584507,0.7097271331288117,80,16,2a618fb4bd8d8dd00647e0d13197e6c3e4c0a8c54a1c4e6ba2f6cfabf009ffb4,4bd751109b82f203ed904946874d12f1d9bb576874689a7990654a39c2644378,8f59c572cf2064a6144326b062e05be76b648c2f9fb242052356e73111cfe008,52f2fb86a98d495427cc41f12a97079d01e917df7c9af91e0374d846efaed44e,ccebfd7f7af0cd0cafc1c49afb021ba52246cefbc27dbae51e3086002b530b2d,5d49a0159c7a409b8ba686a661ff988bb709ddc44cdddbe4098007fd209a0d7c,runs/025-2026-09-05-pythia-agentic-sparse-kernel-search/retrieved/h100nvl-002/evidence-verified/runs/025-2026-09-05-pythia-agentic-sparse-kernel-search/artifacts/transfer-p0-70m-a1h-h100nvl-001
h100nvl-002,NVIDIA H100 NVL,transfer-p0-70m-a1h-h100nvl-001,p0,1,full,cuda_graph,70m/a1h,70M,A1-H,,development,p0,h,unchanged dense SDPA,failed_or_incomplete,Fixed complete-validation logit/loss gate failed; candidate is unqualified,complete-validation,True,False,False,17,1.25,0.0017148208571597934,False,4.222749641308417,0.1006575817198192,10.06575817198192,3548299693748,35251191545856,4.231262897406735,4.231205400226361,-5.74971803741775e-05,True,0.4457181198769089,1.4497265219688416,3.269873559474945,0.4412512991231643,0.45038705204005364,80,16,2a618fb4bd8d8dd00647e0d13197e6c3e4c0a8c54a1c4e6ba2f6cfabf009ffb4,4bd751109b82f203ed904946874d12f1d9bb576874689a7990654a39c2644378,8f59c572cf2064a6144326b062e05be76b648c2f9fb242052356e73111cfe008,52f2fb86a98d495427cc41f12a97079d01e917df7c9af91e0374d846efaed44e,ccebfd7f7af0cd0cafc1c49afb021ba52246cefbc27dbae51e3086002b530b2d,5d49a0159c7a409b8ba686a661ff988bb709ddc44cdddbe4098007fd209a0d7c,runs/025-2026-09-05-pythia-agentic-sparse-kernel-search/retrieved/h100nvl-002/evidence-verified/runs/025-2026-09-05-pythia-agentic-sparse-kernel-search/artifacts/transfer-p0-70m-a1h-h100nvl-001
h100nvl-002,NVIDIA H100 NVL,transfer-p0-70m-a4-0-h100nvl-001,p0,1,full,eager,70m/a4-0,70M,A4-OL1,0.0,development,p0,a;h;m;z,unchanged dense SDPA,failed_or_incomplete,Fixed development logit/loss gate failed; candidate is unqualified,development-16,True,False,False,2,1.0,0.0021188263781368732,False,4.805361172503973,0.25672509475572236,25.672509475572237,9049865489862,35251191545856,4.591894063124962,4.592078063100154,0.00018399997519225053,False,,,,,,,,2a618fb4bd8d8dd00647e0d13197e6c3e4c0a8c54a1c4e6ba2f6cfabf009ffb4,4bd751109b82f203ed904946874d12f1d9bb576874689a7990654a39c2644378,352b0aedea933cc927d4bb533f694a00a220b8a19c56dbdccc21ea5e0916938f,,,35b54202ceacf76519eb41ca6b36b62635c3ca684360da2cd1899f115d023c91,runs/025-2026-09-05-pythia-agentic-sparse-kernel-search/retrieved/h100nvl-002/evidence-verified/runs/025-2026-09-05-pythia-agentic-sparse-kernel-search/artifacts/transfer-p0-70m-a4-0-h100nvl-001
h100nvl-002,NVIDIA H100 NVL,transfer-p0-70m-a4-0-h100nvl-001,p0,1,full,cuda_graph,70m/a4-0,70M,A4-OL1,0.0,development,p0,a;h;m;z,unchanged dense SDPA,failed_or_incomplete,Fixed development logit/loss gate failed; candidate is unqualified,development-16,True,False,False,2,1.0,0.0021188263781368732,False,4.805361172503973,0.25672509475572236,25.672509475572237,9049865489862,35251191545856,4.591894063124962,4.592078063100154,0.00018399997519225053,False,,,,,,,,2a618fb4bd8d8dd00647e0d13197e6c3e4c0a8c54a1c4e6ba2f6cfabf009ffb4,4bd751109b82f203ed904946874d12f1d9bb576874689a7990654a39c2644378,352b0aedea933cc927d4bb533f694a00a220b8a19c56dbdccc21ea5e0916938f,,,35b54202ceacf76519eb41ca6b36b62635c3ca684360da2cd1899f115d023c91,runs/025-2026-09-05-pythia-agentic-sparse-kernel-search/retrieved/h100nvl-002/evidence-verified/runs/025-2026-09-05-pythia-agentic-sparse-kernel-search/artifacts/transfer-p0-70m-a4-0-h100nvl-001
h100nvl-002,NVIDIA H100 NVL,transfer-p0-70m-a4-0p5-h100nvl-001,p0,1,full,eager,70m/a4-0p5,70M,A4-OL1,0.5,development,p0,a;h;m;z,unchanged dense SDPA,failed_or_incomplete,Fixed complete-validation logit/loss gate failed; candidate is unqualified,complete-validation,True,False,False,1,1.5,9.555811993777752e-05,False,5.389480136202637,0.3559621916980309,35.59621916980309,12548091402630,35251191545856,5.398787630287563,5.398783032489162,-4.59779840067398e-06,True,1.0507356248531647,3.5347305238246918,3.3561401069164276,1.0450617779690228,1.0564671133672492,80,16,2a618fb4bd8d8dd00647e0d13197e6c3e4c0a8c54a1c4e6ba2f6cfabf009ffb4,4bd751109b82f203ed904946874d12f1d9bb576874689a7990654a39c2644378,4ac5c2d826e50602d02ea6e4f17fb0b4fb069521bf98148b3c7eb419ea8b2d5b,c3f10f2c37eaa4f5d4e295e5da668565bf79a050515a1c41a4ec2680d10440ec,94c80a678860edde34d99c07c4268c35213235aeaa5d81d7c7c26adff5ef40fe,0ec95692a7c68ee59b13d9a444d1179578d631226058dc35d333667fdd252356,runs/025-2026-09-05-pythia-agentic-sparse-kernel-search/retrieved/h100nvl-002/evidence-verified/runs/025-2026-09-05-pythia-agentic-sparse-kernel-search/artifacts/transfer-p0-70m-a4-0p5-h100nvl-001
h100nvl-002,NVIDIA H100 NVL,transfer-p0-70m-a4-0p5-h100nvl-001,p0,1,full,cuda_graph,70m/a4-0p5,70M,A4-OL1,0.5,development,p0,a;h;m;z,unchanged dense SDPA,failed_or_incomplete,Fixed complete-validation logit/loss gate failed; candidate is unqualified,complete-validation,True,False,False,1,1.5,9.555811993777752e-05,False,5.389480136202637,0.3559621916980309,35.59621916980309,12548091402630,35251191545856,5.398787630287563,5.398783032489162,-4.59779840067398e-06,True,0.5769741212188376,1.6382746398448944,2.82871350646019,0.5668192426193397,0.5872639040057224,80,16,2a618fb4bd8d8dd00647e0d13197e6c3e4c0a8c54a1c4e6ba2f6cfabf009ffb4,4bd751109b82f203ed904946874d12f1d9bb576874689a7990654a39c2644378,4ac5c2d826e50602d02ea6e4f17fb0b4fb069521bf98148b3c7eb419ea8b2d5b,c3f10f2c37eaa4f5d4e295e5da668565bf79a050515a1c41a4ec2680d10440ec,94c80a678860edde34d99c07c4268c35213235aeaa5d81d7c7c26adff5ef40fe,0ec95692a7c68ee59b13d9a444d1179578d631226058dc35d333667fdd252356,runs/025-2026-09-05-pythia-agentic-sparse-kernel-search/retrieved/h100nvl-002/evidence-verified/runs/025-2026-09-05-pythia-agentic-sparse-kernel-search/artifacts/transfer-p0-70m-a4-0p5-h100nvl-001
h100nvl-002,NVIDIA H100 NVL,transfer-p0-70m-a7-0-h100nvl-001,p0,1,full,eager,70m/a7-0,70M,A7-OL1,0.0,development,p0,a;h;m;z,unchanged dense SDPA,failed_or_incomplete,Fixed development logit/loss gate failed; candidate is unqualified,development-16,True,False,False,1,1.0,0.0017830812139436603,False,4.941205969223609,0.23562417494680196,23.562417494680197,8306032923884,35251191545856,4.740147443882244,4.7403884984600175,0.0002410545777733475,False,,,,,,,,2a618fb4bd8d8dd00647e0d13197e6c3e4c0a8c54a1c4e6ba2f6cfabf009ffb4,4bd751109b82f203ed904946874d12f1d9bb576874689a7990654a39c2644378,ccd3f1f9eda26baa3bafbe6aaf21a79fbcfea3cf78ff156f02e33d48a47eb1a3,,,47859f7bdcf9b89889a6457a2e5f98a9c7ed0a2d459ce694144bcd7e85d204c4,runs/025-2026-09-05-pythia-agentic-sparse-kernel-search/retrieved/h100nvl-002/evidence-verified/runs/025-2026-09-05-pythia-agentic-sparse-kernel-search/artifacts/transfer-p0-70m-a7-0-h100nvl-001
h100nvl-002,NVIDIA H100 NVL,transfer-p0-70m-a7-0-h100nvl-001,p0,1,full,cuda_graph,70m/a7-0,70M,A7-OL1,0.0,development,p0,a;h;m;z,unchanged dense SDPA,failed_or_incomplete,Fixed development logit/loss gate failed; candidate is unqualified,development-16,True,False,False,1,1.0,0.0017830812139436603,False,4.941205969223609,0.23562417494680196,23.562417494680197,8306032923884,35251191545856,4.740147443882244,4.7403884984600175,0.0002410545777733475,False,,,,,,,,2a618fb4bd8d8dd00647e0d13197e6c3e4c0a8c54a1c4e6ba2f6cfabf009ffb4,4bd751109b82f203ed904946874d12f1d9bb576874689a7990654a39c2644378,ccd3f1f9eda26baa3bafbe6aaf21a79fbcfea3cf78ff156f02e33d48a47eb1a3,,,47859f7bdcf9b89889a6457a2e5f98a9c7ed0a2d459ce694144bcd7e85d204c4,runs/025-2026-09-05-pythia-agentic-sparse-kernel-search/retrieved/h100nvl-002/evidence-verified/runs/025-2026-09-05-pythia-agentic-sparse-kernel-search/artifacts/transfer-p0-70m-a7-0-h100nvl-001
h100nvl-002,NVIDIA H100 NVL,transfer-p0-70m-a7-0p5-h100nvl-001,p0,1,full,eager,70m/a7-0p5,70M,A7-OL1,0.5,development,p0,a;h;m;z,unchanged dense SDPA,failed_or_incomplete,Fixed development logit/loss gate failed; candidate is unqualified,development-16,True,False,False,4,2.0,0.0006770502659492195,False,5.215924663303872,0.4060187215635989,40.60187215635989,14312643725042,35251191545856,5.036839412955698,5.036711677435729,-0.00012773551996847488,False,,,,,,,,2a618fb4bd8d8dd00647e0d13197e6c3e4c0a8c54a1c4e6ba2f6cfabf009ffb4,4bd751109b82f203ed904946874d12f1d9bb576874689a7990654a39c2644378,b060aab2a7fe9b8ec46179d95339cb4b60abcf342d227a3d6318ee2d6cb74aec,,,166939875ac5b59f9501f9075597b95bc60a1c0ec09edff257d259c77250d441,runs/025-2026-09-05-pythia-agentic-sparse-kernel-search/retrieved/h100nvl-002/evidence-verified/runs/025-2026-09-05-pythia-agentic-sparse-kernel-search/artifacts/transfer-p0-70m-a7-0p5-h100nvl-001
h100nvl-002,NVIDIA H100 NVL,transfer-p0-70m-a7-0p5-h100nvl-001,p0,1,full,cuda_graph,70m/a7-0p5,70M,A7-OL1,0.5,development,p0,a;h;m;z,unchanged dense SDPA,failed_or_incomplete,Fixed development logit/loss gate failed; candidate is unqualified,development-16,True,False,False,4,2.0,0.0006770502659492195,False,5.215924663303872,0.4060187215635989,40.60187215635989,14312643725042,35251191545856,5.036839412955698,5.036711677435729,-0.00012773551996847488,False,,,,,,,,2a618fb4bd8d8dd00647e0d13197e6c3e4c0a8c54a1c4e6ba2f6cfabf009ffb4,4bd751109b82f203ed904946874d12f1d9bb576874689a7990654a39c2644378,b060aab2a7fe9b8ec46179d95339cb4b60abcf342d227a3d6318ee2d6cb74aec,,,166939875ac5b59f9501f9075597b95bc60a1c0ec09edff257d259c77250d441,runs/025-2026-09-05-pythia-agentic-sparse-kernel-search/retrieved/h100nvl-002/evidence-verified/runs/025-2026-09-05-pythia-agentic-sparse-kernel-search/artifacts/transfer-p0-70m-a7-0p5-h100nvl-001
h100nvl-002,NVIDIA H100 NVL,transfer-winner-r1-14m-a0-k013-h100nvl-001,winner,1,full,eager,14m/a0,14M,A0,,development,k013,a;h;m;z,dense SDPA except selected attention projection linears,failed_or_incomplete,Fixed complete-validation gate failed,complete-validation,True,True,True,0,0.0,0.0,True,5.2085730123096665,1.1415112639303073e-08,1.1415112639303072e-06,72635,6363055915008,5.209913673332181,5.209971297895919,5.7624563737590506e-05,True,0.7860566739736673,2.4960264563560486,3.1654611229896545,0.7836405694864055,0.7885077808128971,80,16,2a618fb4bd8d8dd00647e0d13197e6c3e4c0a8c54a1c4e6ba2f6cfabf009ffb4,4bd751109b82f203ed904946874d12f1d9bb576874689a7990654a39c2644378,e1e6d3c2ee3c78363b647508548b3b05ed85538104d05578f53ccbad8d492e02,9f856fda9faa220b3d3e24ce63b78a2bec1a40bac82784ff082d5c7ea4cec714,7839841c458930481acf67d44778284da82ab07f35c2dd9d7beab186656878b5,fb92e1189d658d06d51e0b6f9b4603dc16c76cbb84dc98deb23b78760f0ba3c1,runs/025-2026-09-05-pythia-agentic-sparse-kernel-search/retrieved/h100nvl-002/evidence-verified/runs/025-2026-09-05-pythia-agentic-sparse-kernel-search/artifacts/transfer-winner-r1-14m-a0-k013-h100nvl-001
h100nvl-002,NVIDIA H100 NVL,transfer-winner-r1-14m-a0-k013-h100nvl-001,winner,1,full,cuda_graph,14m/a0,14M,A0,,development,k013,a;h;m;z,dense SDPA except selected attention projection linears,failed_or_incomplete,Fixed complete-validation gate failed,complete-validation,False,False,False,2,0.5,0.001744127250276506,False,5.2085730123096665,1.1415112639303073e-08,1.1415112639303072e-06,72635,6363055915008,5.209931990777518,5.209928919109439,1.5245777257533177e-05,True,0.46324762102386485,1.0699033737182617,2.3090727627277374,0.4629207767340943,0.46357018655824833,80,16,2a618fb4bd8d8dd00647e0d13197e6c3e4c0a8c54a1c4e6ba2f6cfabf009ffb4,4bd751109b82f203ed904946874d12f1d9bb576874689a7990654a39c2644378,e1e6d3c2ee3c78363b647508548b3b05ed85538104d05578f53ccbad8d492e02,9f856fda9faa220b3d3e24ce63b78a2bec1a40bac82784ff082d5c7ea4cec714,7839841c458930481acf67d44778284da82ab07f35c2dd9d7beab186656878b5,fb92e1189d658d06d51e0b6f9b4603dc16c76cbb84dc98deb23b78760f0ba3c1,runs/025-2026-09-05-pythia-agentic-sparse-kernel-search/retrieved/h100nvl-002/evidence-verified/runs/025-2026-09-05-pythia-agentic-sparse-kernel-search/artifacts/transfer-winner-r1-14m-a0-k013-h100nvl-001
h100nvl-002,NVIDIA H100 NVL,transfer-winner-r1-14m-a1h-k013-h100nvl-001,winner,1,full,eager,14m/a1h,14M,A1-H,,development,k013,h,dense SDPA except selected attention projection linears,failed_or_incomplete,Fixed complete-validation gate failed,complete-validation,True,True,True,0,0.0,0.0,True,5.26963426093378,0.027141299328466276,2.7141299328466277,172701605233,6363055915008,5.271288383874836,5.271275056963864,-1.332691097211125e-05,True,0.9929936155567496,2.478528767824173,2.487875521183014,0.9890197365900713,0.9967455728357933,80,16,2a618fb4bd8d8dd00647e0d13197e6c3e4c0a8c54a1c4e6ba2f6cfabf009ffb4,4bd751109b82f203ed904946874d12f1d9bb576874689a7990654a39c2644378,c260e1107df66bfececd199e622f6bd44854b1041f1043e90837371af5b4e2f3,2ff40657fb36f2262ff43ff7e5e5eaf980894cc2cb5300191b982c067406647c,10b61a66659764dd82f6780d1a5ca598a3467bd5a382746671bfa15ec66d93d6,03de28f3dd25476b9a20d0aaa6eba6c4deb7c6e43e745b698d332052db7cddfa,runs/025-2026-09-05-pythia-agentic-sparse-kernel-search/retrieved/h100nvl-002/evidence-verified/runs/025-2026-09-05-pythia-agentic-sparse-kernel-search/artifacts/transfer-winner-r1-14m-a1h-k013-h100nvl-001
h100nvl-002,NVIDIA H100 NVL,transfer-winner-r1-14m-a1h-k013-h100nvl-001,winner,1,full,cuda_graph,14m/a1h,14M,A1-H,,development,k013,h,dense SDPA except selected attention projection linears,failed_or_incomplete,Fixed complete-validation gate failed,complete-validation,False,False,False,5,0.4375,0.002142780926078558,False,5.26963426093378,0.027141299328466276,2.7141299328466277,172701605233,6363055915008,5.271250814604257,5.271235993673452,-5.2390201384255874e-05,True,0.9118436616057863,1.0674446821212769,1.1705942451953888,0.9108158852305064,0.9128787465646563,80,16,2a618fb4bd8d8dd00647e0d13197e6c3e4c0a8c54a1c4e6ba2f6cfabf009ffb4,4bd751109b82f203ed904946874d12f1d9bb576874689a7990654a39c2644378,c260e1107df66bfececd199e622f6bd44854b1041f1043e90837371af5b4e2f3,2ff40657fb36f2262ff43ff7e5e5eaf980894cc2cb5300191b982c067406647c,10b61a66659764dd82f6780d1a5ca598a3467bd5a382746671bfa15ec66d93d6,03de28f3dd25476b9a20d0aaa6eba6c4deb7c6e43e745b698d332052db7cddfa,runs/025-2026-09-05-pythia-agentic-sparse-kernel-search/retrieved/h100nvl-002/evidence-verified/runs/025-2026-09-05-pythia-agentic-sparse-kernel-search/artifacts/transfer-winner-r1-14m-a1h-k013-h100nvl-001
h100nvl-002,NVIDIA H100 NVL,transfer-winner-r1-14m-a4-0-k013-h100nvl-001,winner,1,full,eager,14m/a4-0,14M,A4-OL1,0.0,development,k013,a;h;m;z,dense SDPA except selected attention projection linears,failed_or_incomplete,Fixed pre-timing calibration gate failed,development-16,True,True,True,0,0.0,0.0,False,5.458276166718387,0.0781004229286857,7.81004229286857,496957358081,6363055915008,5.3432876296199465,5.343301554103566,1.3924483619476291e-05,False,,,,,,,,2a618fb4bd8d8dd00647e0d13197e6c3e4c0a8c54a1c4e6ba2f6cfabf009ffb4,4bd751109b82f203ed904946874d12f1d9bb576874689a7990654a39c2644378,a7b2b49c1f97f31d433e29ca7e14a41fe189b8d8355fba34eae5894bc679d79d,,,9950738a6a4b99c1859e834283ddd6b95f13ed090d8273d5c3b2cb7fac31226c,runs/025-2026-09-05-pythia-agentic-sparse-kernel-search/retrieved/h100nvl-002/evidence-verified/runs/025-2026-09-05-pythia-agentic-sparse-kernel-search/artifacts/transfer-winner-r1-14m-a4-0-k013-h100nvl-001
h100nvl-002,NVIDIA H100 NVL,transfer-winner-r1-14m-a4-0-k013-h100nvl-001,winner,1,full,cuda_graph,14m/a4-0,14M,A4-OL1,0.0,development,k013,a;h;m;z,dense SDPA except selected attention projection linears,failed_or_incomplete,Fixed pre-timing calibration gate failed,development-16,False,False,False,1,0.40625,0.0010069343261420727,False,5.458276166718387,0.0781004229286857,7.81004229286857,496957358081,6363055915008,5.343147698995481,5.34316457535036,-0.00012305426958647558,False,,,,,,,,2a618fb4bd8d8dd00647e0d13197e6c3e4c0a8c54a1c4e6ba2f6cfabf009ffb4,4bd751109b82f203ed904946874d12f1d9bb576874689a7990654a39c2644378,a7b2b49c1f97f31d433e29ca7e14a41fe189b8d8355fba34eae5894bc679d79d,,,9950738a6a4b99c1859e834283ddd6b95f13ed090d8273d5c3b2cb7fac31226c,runs/025-2026-09-05-pythia-agentic-sparse-kernel-search/retrieved/h100nvl-002/evidence-verified/runs/025-2026-09-05-pythia-agentic-sparse-kernel-search/artifacts/transfer-winner-r1-14m-a4-0-k013-h100nvl-001
h100nvl-002,NVIDIA H100 NVL,transfer-winner-r1-14m-a4-0p5-k013-h100nvl-001,winner,1,full,eager,14m/a4-0p5,14M,A4-OL1,0.5,development,k013,a;h;m;z,dense SDPA except selected attention projection linears,complete,,complete-validation,True,True,True,0,0.0,0.0,True,6.037982463131289,0.12713448684742273,12.713448684742273,808963848536,6363055915008,6.040302637380155,6.040302637380155,0.0,True,1.0621704404043086,3.3567585051059723,3.152303397655487,1.0524447068838556,1.0697551886519356,80,16,2a618fb4bd8d8dd00647e0d13197e6c3e4c0a8c54a1c4e6ba2f6cfabf009ffb4,4bd751109b82f203ed904946874d12f1d9bb576874689a7990654a39c2644378,e7a444e85775820df070a68ad1381633b8c4ba937b154350f2f415999c73534c,074fa18e131aa2405535d41b46226669bfffddfd271c337f2a7c80f6b791ec80,f1d6f5dd09e29d4627610ddc506b6fda58d1b8c1347b52d8d11b123a36dcab50,8e38a7ca83fa6d10a81a65495d847929397a96c64f8a72f1a40b4b8e55c871cf,runs/025-2026-09-05-pythia-agentic-sparse-kernel-search/retrieved/h100nvl-002/evidence-verified/runs/025-2026-09-05-pythia-agentic-sparse-kernel-search/artifacts/transfer-winner-r1-14m-a4-0p5-k013-h100nvl-001
h100nvl-002,NVIDIA H100 NVL,transfer-winner-r1-14m-a4-0p5-k013-h100nvl-001,winner,1,full,cuda_graph,14m/a4-0p5,14M,A4-OL1,0.5,development,k013,a;h;m;z,dense SDPA except selected attention projection linears,complete,,complete-validation,True,True,True,0,0.0,0.0,True,6.037982463131289,0.12713448684742273,12.713448684742273,808963848536,6363055915008,6.0403026402030555,6.0403026402030555,2.822900135868167e-09,True,0.9733265874847354,1.2078694999217987,1.2412890791893005,0.9726446126555622,0.9740988251027902,80,16,2a618fb4bd8d8dd00647e0d13197e6c3e4c0a8c54a1c4e6ba2f6cfabf009ffb4,4bd751109b82f203ed904946874d12f1d9bb576874689a7990654a39c2644378,e7a444e85775820df070a68ad1381633b8c4ba937b154350f2f415999c73534c,074fa18e131aa2405535d41b46226669bfffddfd271c337f2a7c80f6b791ec80,f1d6f5dd09e29d4627610ddc506b6fda58d1b8c1347b52d8d11b123a36dcab50,8e38a7ca83fa6d10a81a65495d847929397a96c64f8a72f1a40b4b8e55c871cf,runs/025-2026-09-05-pythia-agentic-sparse-kernel-search/retrieved/h100nvl-002/evidence-verified/runs/025-2026-09-05-pythia-agentic-sparse-kernel-search/artifacts/transfer-winner-r1-14m-a4-0p5-k013-h100nvl-001
h100nvl-002,NVIDIA H100 NVL,transfer-winner-r1-14m-a7-0-k013-h100nvl-001,winner,1,full,eager,14m/a7-0,14M,A7-OL1,0.0,development,k013,a;h;m;z,dense SDPA except selected attention projection linears,failed_or_incomplete,Fixed pre-timing calibration gate failed,development-16,True,True,True,0,0.0,0.0,False,5.480180751642532,0.0705422917861371,7.054229178613711,448864547008,6363055915008,5.383532547869214,5.383371506892709,-0.0001610409765051557,False,,,,,,,,2a618fb4bd8d8dd00647e0d13197e6c3e4c0a8c54a1c4e6ba2f6cfabf009ffb4,4bd751109b82f203ed904946874d12f1d9bb576874689a7990654a39c2644378,8cb421931837cd655b81a9ce7ef565b6a7c22fcfb5cf69badd77ace9ac936f3c,,,a757727319aac79c2d8108030a559b9a79f0068a9ec4e600afc9559a8c711563,runs/025-2026-09-05-pythia-agentic-sparse-kernel-search/retrieved/h100nvl-002/evidence-verified/runs/025-2026-09-05-pythia-agentic-sparse-kernel-search/artifacts/transfer-winner-r1-14m-a7-0-k013-h100nvl-001
h100nvl-002,NVIDIA H100 NVL,transfer-winner-r1-14m-a7-0-k013-h100nvl-001,winner,1,full,cuda_graph,14m/a7-0,14M,A7-OL1,0.0,development,k013,a;h;m;z,dense SDPA except selected attention projection linears,failed_or_incomplete,Fixed pre-timing calibration gate failed,development-16,False,False,False,1,0.375,0.0021443828009068966,False,5.480180751642532,0.0705422917861371,7.054229178613711,448864547008,6363055915008,5.3834782215112815,5.383469425531265,-6.312233794858457e-05,False,,,,,,,,2a618fb4bd8d8dd00647e0d13197e6c3e4c0a8c54a1c4e6ba2f6cfabf009ffb4,4bd751109b82f203ed904946874d12f1d9bb576874689a7990654a39c2644378,8cb421931837cd655b81a9ce7ef565b6a7c22fcfb5cf69badd77ace9ac936f3c,,,a757727319aac79c2d8108030a559b9a79f0068a9ec4e600afc9559a8c711563,runs/025-2026-09-05-pythia-agentic-sparse-kernel-search/retrieved/h100nvl-002/evidence-verified/runs/025-2026-09-05-pythia-agentic-sparse-kernel-search/artifacts/transfer-winner-r1-14m-a7-0-k013-h100nvl-001
h100nvl-002,NVIDIA H100 NVL,transfer-winner-r1-14m-a7-0p5-k013-h100nvl-001,winner,1,full,eager,14m/a7-0p5,14M,A7-OL1,0.5,development,k013,a;h;m;z,dense SDPA except selected attention projection linears,failed_or_incomplete,Fixed pre-timing calibration gate failed,development-16,True,True,True,0,0.0,0.0,False,5.829406580981418,0.27482684296304843,27.482684296304843,1748738568719,6363055915008,5.700011521242978,5.700011521242978,0.0,False,,,,,,,,2a618fb4bd8d8dd00647e0d13197e6c3e4c0a8c54a1c4e6ba2f6cfabf009ffb4,4bd751109b82f203ed904946874d12f1d9bb576874689a7990654a39c2644378,c062584df86ebba63599368bda3758beaefc4393a3dd97cb6110eecc1bcb61e6,,,e98fb542e37d314b7dd701bfd59ccdb38503544baf0856fba3aa70e3b2e67bfc,runs/025-2026-09-05-pythia-agentic-sparse-kernel-search/retrieved/h100nvl-002/evidence-verified/runs/025-2026-09-05-pythia-agentic-sparse-kernel-search/artifacts/transfer-winner-r1-14m-a7-0p5-k013-h100nvl-001
h100nvl-002,NVIDIA H100 NVL,transfer-winner-r1-14m-a7-0p5-k013-h100nvl-001,winner,1,full,cuda_graph,14m/a7-0p5,14M,A7-OL1,0.5,development,k013,a;h;m;z,dense SDPA except selected attention projection linears,failed_or_incomplete,Fixed pre-timing calibration gate failed,development-16,False,False,False,1,1.625,0.0006205083336681128,False,5.829406580981418,0.27482684296304843,27.482684296304843,1748738568719,6363055915008,5.6999932434946725,5.6999932434946725,-1.8277748305095542e-05,False,,,,,,,,2a618fb4bd8d8dd00647e0d13197e6c3e4c0a8c54a1c4e6ba2f6cfabf009ffb4,4bd751109b82f203ed904946874d12f1d9bb576874689a7990654a39c2644378,c062584df86ebba63599368bda3758beaefc4393a3dd97cb6110eecc1bcb61e6,,,e98fb542e37d314b7dd701bfd59ccdb38503544baf0856fba3aa70e3b2e67bfc,runs/025-2026-09-05-pythia-agentic-sparse-kernel-search/retrieved/h100nvl-002/evidence-verified/runs/025-2026-09-05-pythia-agentic-sparse-kernel-search/artifacts/transfer-winner-r1-14m-a7-0p5-k013-h100nvl-001
h100nvl-002,NVIDIA H100 NVL,transfer-winner-r1-410m-a0-k010-h100nvl-001,winner,1,full,eager,410m/a0,410M,A0,,development,k010,z,dense SDPA except selected attention projection linears,complete,,complete-validation,True,True,True,0,0.0,0.0,True,4.547456437666741,0.00011047923803103942,0.011047923803103942,30885552627,279559790395392,4.549645911018601,4.549645911018601,0.0,True,0.879097281297302,9.08995047211647,10.305274277925491,0.8717946874012356,0.8879157039749045,80,16,2a618fb4bd8d8dd00647e0d13197e6c3e4c0a8c54a1c4e6ba2f6cfabf009ffb4,4bd751109b82f203ed904946874d12f1d9bb576874689a7990654a39c2644378,d3db30dd60cc0316507e57a89b94c2f942db1abe6420dd2ee5a70ccb60760d23,c0a6f21335e7317ba0bd31f6d393359fcb76b0eefd755976e04cb5928f0f0bf0,1b55ba6348c83cdf64cb73ce62e5fba9ac649d70c199695998763c183d762e27,8314a78abcd77f91a7d1b85fc00eb4d959cd9197f124e639a4ea09dc67e81f6c,runs/025-2026-09-05-pythia-agentic-sparse-kernel-search/retrieved/h100nvl-002/evidence-verified/runs/025-2026-09-05-pythia-agentic-sparse-kernel-search/artifacts/transfer-winner-r1-410m-a0-k010-h100nvl-001
h100nvl-002,NVIDIA H100 NVL,transfer-winner-r1-410m-a0-k010-h100nvl-001,winner,1,full,cuda_graph,410m/a0,410M,A0,,development,k010,z,dense SDPA except selected attention projection linears,complete,,complete-validation,True,True,True,0,0.0,0.0,True,4.547456437666741,0.00011047923803103942,0.011047923803103942,30885552627,279559790395392,4.549645911018601,4.549645911018601,0.0,True,0.8781796623713369,9.230691939592361,10.531056672334671,0.8762464605964735,0.8802131852496886,80,16,2a618fb4bd8d8dd00647e0d13197e6c3e4c0a8c54a1c4e6ba2f6cfabf009ffb4,4bd751109b82f203ed904946874d12f1d9bb576874689a7990654a39c2644378,d3db30dd60cc0316507e57a89b94c2f942db1abe6420dd2ee5a70ccb60760d23,c0a6f21335e7317ba0bd31f6d393359fcb76b0eefd755976e04cb5928f0f0bf0,1b55ba6348c83cdf64cb73ce62e5fba9ac649d70c199695998763c183d762e27,8314a78abcd77f91a7d1b85fc00eb4d959cd9197f124e639a4ea09dc67e81f6c,runs/025-2026-09-05-pythia-agentic-sparse-kernel-search/retrieved/h100nvl-002/evidence-verified/runs/025-2026-09-05-pythia-agentic-sparse-kernel-search/artifacts/transfer-winner-r1-410m-a0-k010-h100nvl-001
h100nvl-002,NVIDIA H100 NVL,transfer-winner-r1-410m-a1h-k010-h100nvl-001,winner,1,full,eager,410m/a1h,410M,A1-H,,development,k010,z,dense SDPA except selected attention projection linears,complete,,complete-validation,True,True,True,0,0.0,0.0,True,4.651294058243904,0.21049725280441106,21.049725280441105,58846567872807,279559790395392,4.654960938233954,4.654960938233954,0.0,True,0.8652210180421694,8.698832243680954,9.994186460971832,0.8569982928996277,0.8714770865880163,80,16,2a618fb4bd8d8dd00647e0d13197e6c3e4c0a8c54a1c4e6ba2f6cfabf009ffb4,4bd751109b82f203ed904946874d12f1d9bb576874689a7990654a39c2644378,cbdbbaeaffd48ff8737de3dbb4a6710770f2eac42892f190c8036bdab9f58d45,59850ab71fc5ee7b483732636c0cda623d79fd5327faee7757eaea6371317a9f,9dc7a50210ce36694c837ed29b7439b1d1494ac266d6442a32fccee7b3cf0c31,ebae7ab269a30343c2c8bea82bef98147f6ee880965e3874b313754a041a40c8,runs/025-2026-09-05-pythia-agentic-sparse-kernel-search/retrieved/h100nvl-002/evidence-verified/runs/025-2026-09-05-pythia-agentic-sparse-kernel-search/artifacts/transfer-winner-r1-410m-a1h-k010-h100nvl-001
h100nvl-002,NVIDIA H100 NVL,transfer-winner-r1-410m-a1h-k010-h100nvl-001,winner,1,full,cuda_graph,410m/a1h,410M,A1-H,,development,k010,z,dense SDPA except selected attention projection linears,complete,,complete-validation,True,True,True,0,0.0,0.0,True,4.651294058243904,0.21049725280441106,21.049725280441105,58846567872807,279559790395392,4.654960938233954,4.654960938233954,0.0,True,0.8768958000806191,8.89895111322403,10.125037282705307,0.8744357289207542,0.8794507050071403,80,16,2a618fb4bd8d8dd00647e0d13197e6c3e4c0a8c54a1c4e6ba2f6cfabf009ffb4,4bd751109b82f203ed904946874d12f1d9bb576874689a7990654a39c2644378,cbdbbaeaffd48ff8737de3dbb4a6710770f2eac42892f190c8036bdab9f58d45,59850ab71fc5ee7b483732636c0cda623d79fd5327faee7757eaea6371317a9f,9dc7a50210ce36694c837ed29b7439b1d1494ac266d6442a32fccee7b3cf0c31,ebae7ab269a30343c2c8bea82bef98147f6ee880965e3874b313754a041a40c8,runs/025-2026-09-05-pythia-agentic-sparse-kernel-search/retrieved/h100nvl-002/evidence-verified/runs/025-2026-09-05-pythia-agentic-sparse-kernel-search/artifacts/transfer-winner-r1-410m-a1h-k010-h100nvl-001
h100nvl-002,NVIDIA H100 NVL,transfer-winner-r1-410m-a4-0-k010-h100nvl-001,winner,1,full,eager,410m/a4-0,410M,A4-OL1,0.0,development,k010,z,dense SDPA except selected attention projection linears,complete,,complete-validation,True,True,True,0,0.0,0.0,True,5.6920750987600295,0.3833867333385676,38.33867333385676,107179514812504,279559790395392,5.698446354449333,5.698446354449333,0.0,True,0.9247970559233528,12.03138381242752,12.997537851333618,0.9190543689284265,0.9307539892186427,80,16,2a618fb4bd8d8dd00647e0d13197e6c3e4c0a8c54a1c4e6ba2f6cfabf009ffb4,4bd751109b82f203ed904946874d12f1d9bb576874689a7990654a39c2644378,163021690e194caf74221ceb882cad88cb06e3cc699342c45fc294533405d7e6,005e7948a0b0b60857f86c41510809c3fea5a5e9d92cdc2c2f357d1ccf0eac9d,d2b1cff710fc65689705162a5f6eb22f262c862b8497c9ec8adb6a679c158e5e,dccb9b529cdc3213e6c8c99bbaef1420a3b0ab5e96b0e793ae403e1de4a6c617,runs/025-2026-09-05-pythia-agentic-sparse-kernel-search/retrieved/h100nvl-002/evidence-verified/runs/025-2026-09-05-pythia-agentic-sparse-kernel-search/artifacts/transfer-winner-r1-410m-a4-0-k010-h100nvl-001
h100nvl-002,NVIDIA H100 NVL,transfer-winner-r1-410m-a4-0-k010-h100nvl-001,winner,1,full,cuda_graph,410m/a4-0,410M,A4-OL1,0.0,development,k010,z,dense SDPA except selected attention projection linears,complete,,complete-validation,True,True,True,0,0.0,0.0,True,5.6920750987600295,0.3833867333385676,38.33867333385676,107179514812504,279559790395392,5.698446354449333,5.698446354449333,0.0,True,0.8911836908638833,9.285040199756622,10.416071861982346,0.8880685424159916,0.8943146849212629,80,16,2a618fb4bd8d8dd00647e0d13197e6c3e4c0a8c54a1c4e6ba2f6cfabf009ffb4,4bd751109b82f203ed904946874d12f1d9bb576874689a7990654a39c2644378,163021690e194caf74221ceb882cad88cb06e3cc699342c45fc294533405d7e6,005e7948a0b0b60857f86c41510809c3fea5a5e9d92cdc2c2f357d1ccf0eac9d,d2b1cff710fc65689705162a5f6eb22f262c862b8497c9ec8adb6a679c158e5e,dccb9b529cdc3213e6c8c99bbaef1420a3b0ab5e96b0e793ae403e1de4a6c617,runs/025-2026-09-05-pythia-agentic-sparse-kernel-search/retrieved/h100nvl-002/evidence-verified/runs/025-2026-09-05-pythia-agentic-sparse-kernel-search/artifacts/transfer-winner-r1-410m-a4-0-k010-h100nvl-001
h100nvl-002,NVIDIA H100 NVL,transfer-winner-r1-410m-a4-0p5-k010-h100nvl-001,winner,1,full,eager,410m/a4-0p5,410M,A4-OL1,0.5,development,k010,z,dense SDPA except selected attention projection linears,complete,,complete-validation,True,True,True,0,0.0,0.0,True,5.1909658185829075,0.715914446480748,71.5914446480748,200140892599191,279559790395392,5.194906924427511,5.194906924427511,0.0,True,0.9195906270687871,11.887572705745697,12.856349349021912,0.910095274126068,0.9270794468792589,80,16,2a618fb4bd8d8dd00647e0d13197e6c3e4c0a8c54a1c4e6ba2f6cfabf009ffb4,4bd751109b82f203ed904946874d12f1d9bb576874689a7990654a39c2644378,1aee037428c2bef13b2ea44745bde14d910d10312c766a83c6b6765199b32254,a2085f3c240ec51e5faf1aafcbd4dbe60e1647def25064634f07966da46faf98,23c8163976a9985035a93b69db767eb5e1a12434320ba0e2fe5b5ca9ea3fe747,965afaec10200b5146216a0f6181dff35697490070a96b8810643f51beb81346,runs/025-2026-09-05-pythia-agentic-sparse-kernel-search/retrieved/h100nvl-002/evidence-verified/runs/025-2026-09-05-pythia-agentic-sparse-kernel-search/artifacts/transfer-winner-r1-410m-a4-0p5-k010-h100nvl-001
h100nvl-002,NVIDIA H100 NVL,transfer-winner-r1-410m-a4-0p5-k010-h100nvl-001,winner,1,full,cuda_graph,410m/a4-0p5,410M,A4-OL1,0.5,development,k010,z,dense SDPA except selected attention projection linears,complete,,complete-validation,True,True,True,0,0.0,0.0,True,5.1909658185829075,0.715914446480748,71.5914446480748,200140892599191,279559790395392,5.194906924427511,5.194906924427511,0.0,True,0.9869732966843973,8.94954428076744,9.071849286556244,0.9854199193042386,0.9885945051330819,80,16,2a618fb4bd8d8dd00647e0d13197e6c3e4c0a8c54a1c4e6ba2f6cfabf009ffb4,4bd751109b82f203ed904946874d12f1d9bb576874689a7990654a39c2644378,1aee037428c2bef13b2ea44745bde14d910d10312c766a83c6b6765199b32254,a2085f3c240ec51e5faf1aafcbd4dbe60e1647def25064634f07966da46faf98,23c8163976a9985035a93b69db767eb5e1a12434320ba0e2fe5b5ca9ea3fe747,965afaec10200b5146216a0f6181dff35697490070a96b8810643f51beb81346,runs/025-2026-09-05-pythia-agentic-sparse-kernel-search/retrieved/h100nvl-002/evidence-verified/runs/025-2026-09-05-pythia-agentic-sparse-kernel-search/artifacts/transfer-winner-r1-410m-a4-0p5-k010-h100nvl-001
h100nvl-002,NVIDIA H100 NVL,transfer-winner-r1-410m-a7-0-k010-h100nvl-001,winner,1,full,eager,410m/a7-0,410M,A7-OL1,0.0,development,k010,z,dense SDPA except selected attention projection linears,complete,,complete-validation,True,True,True,0,0.0,0.0,True,5.4262960662503215,0.4112146787868456,41.121467878684555,114959089409159,279559790395392,5.430703657907065,5.430703657907065,0.0,True,0.9293952393605606,12.054584920406342,12.994881719350815,0.924103711629223,0.9356830814984499,80,16,2a618fb4bd8d8dd00647e0d13197e6c3e4c0a8c54a1c4e6ba2f6cfabf009ffb4,4bd751109b82f203ed904946874d12f1d9bb576874689a7990654a39c2644378,f807577bad674e909825561416f72a122da230ae96fdef92d03211bc1da5a04a,7e19c1e687481711d9524168d03cd2c6bbfd86c68c0893addc723efb5208849a,78f7032b22e4f3235b4b615697a46fa108c4bd78e53c678af59ad6c9f1aba6d7,c45b79b85fbbad234f9ede171e95ebd90ca2d451f8f452bd400050e8dde1b286,runs/025-2026-09-05-pythia-agentic-sparse-kernel-search/retrieved/h100nvl-002/evidence-verified/runs/025-2026-09-05-pythia-agentic-sparse-kernel-search/artifacts/transfer-winner-r1-410m-a7-0-k010-h100nvl-001
h100nvl-002,NVIDIA H100 NVL,transfer-winner-r1-410m-a7-0-k010-h100nvl-001,winner,1,full,cuda_graph,410m/a7-0,410M,A7-OL1,0.0,development,k010,z,dense SDPA except selected attention projection linears,complete,,complete-validation,True,True,True,0,0.0,0.0,True,5.4262960662503215,0.4112146787868456,41.121467878684555,114959089409159,279559790395392,5.430703657907065,5.430703657907065,0.0,True,0.888009701601141,9.237926453351974,10.398276150226593,0.8847984854024088,0.8912972602332911,80,16,2a618fb4bd8d8dd00647e0d13197e6c3e4c0a8c54a1c4e6ba2f6cfabf009ffb4,4bd751109b82f203ed904946874d12f1d9bb576874689a7990654a39c2644378,f807577bad674e909825561416f72a122da230ae96fdef92d03211bc1da5a04a,7e19c1e687481711d9524168d03cd2c6bbfd86c68c0893addc723efb5208849a,78f7032b22e4f3235b4b615697a46fa108c4bd78e53c678af59ad6c9f1aba6d7,c45b79b85fbbad234f9ede171e95ebd90ca2d451f8f452bd400050e8dde1b286,runs/025-2026-09-05-pythia-agentic-sparse-kernel-search/retrieved/h100nvl-002/evidence-verified/runs/025-2026-09-05-pythia-agentic-sparse-kernel-search/artifacts/transfer-winner-r1-410m-a7-0-k010-h100nvl-001
h100nvl-002,NVIDIA H100 NVL,transfer-winner-r1-410m-a7-0p5-k010-h100nvl-001,winner,1,full,eager,410m/a7-0p5,410M,A7-OL1,0.5,development,k010,z,dense SDPA except selected attention projection linears,complete,,complete-validation,True,True,True,0,0.0,0.0,True,5.120691668705122,0.806155139186339,80.6155139186339,225368561737101,279559790395392,5.124397833788957,5.124397833788957,0.0,True,0.9293006959860651,13.942796736955643,14.96627926826477,0.9228255863920828,0.9352357686846599,80,16,2a618fb4bd8d8dd00647e0d13197e6c3e4c0a8c54a1c4e6ba2f6cfabf009ffb4,4bd751109b82f203ed904946874d12f1d9bb576874689a7990654a39c2644378,752e5df05b2af1b1bd1e7010b3c5fa318297e5d2e286330730ce73545bdcd390,5f625b4f4e77fe226ee491d5539f2b15b0639551cdd1c1690967e6dd927c1625,e2d76b47a8526b2dff7cf863e62971922c64bc41a0f56d873d561d7579829c9a,68813076057957f0f6f18eef370d8cf293a082958b48941baf3de7434189a7b0,runs/025-2026-09-05-pythia-agentic-sparse-kernel-search/retrieved/h100nvl-002/evidence-verified/runs/025-2026-09-05-pythia-agentic-sparse-kernel-search/artifacts/transfer-winner-r1-410m-a7-0p5-k010-h100nvl-001
h100nvl-002,NVIDIA H100 NVL,transfer-winner-r1-410m-a7-0p5-k010-h100nvl-001,winner,1,full,cuda_graph,410m/a7-0p5,410M,A7-OL1,0.5,development,k010,z,dense SDPA except selected attention projection linears,complete,,complete-validation,True,True,True,0,0.0,0.0,True,5.120691668705122,0.806155139186339,80.6155139186339,225368561737101,279559790395392,5.124397833788957,5.124397833788957,0.0,True,0.9874288592980084,10.025713592767715,10.147936642169952,0.9857017283421481,0.9889207551095012,80,16,2a618fb4bd8d8dd00647e0d13197e6c3e4c0a8c54a1c4e6ba2f6cfabf009ffb4,4bd751109b82f203ed904946874d12f1d9bb576874689a7990654a39c2644378,752e5df05b2af1b1bd1e7010b3c5fa318297e5d2e286330730ce73545bdcd390,5f625b4f4e77fe226ee491d5539f2b15b0639551cdd1c1690967e6dd927c1625,e2d76b47a8526b2dff7cf863e62971922c64bc41a0f56d873d561d7579829c9a,68813076057957f0f6f18eef370d8cf293a082958b48941baf3de7434189a7b0,runs/025-2026-09-05-pythia-agentic-sparse-kernel-search/retrieved/h100nvl-002/evidence-verified/runs/025-2026-09-05-pythia-agentic-sparse-kernel-search/artifacts/transfer-winner-r1-410m-a7-0p5-k010-h100nvl-001
h100nvl-002,NVIDIA H100 NVL,transfer-winner-r1-70m-a0-k016-h100nvl-001,winner,1,full,eager,70m/a0,70M,A0,,development,k016,a;h;m;z,dense SDPA except selected attention projection linears,complete,,complete-validation,True,True,True,0,0.0,0.0,True,4.09976596627715,4.5409213981255505e-06,0.00045409213981255505,160072890,35251191545856,4.107609264043092,4.107609264043092,0.0,True,0.9985500684547729,2.5742091238498688,2.574268728494644,0.9952426046075479,1.0017482172824739,80,16,2a618fb4bd8d8dd00647e0d13197e6c3e4c0a8c54a1c4e6ba2f6cfabf009ffb4,4bd751109b82f203ed904946874d12f1d9bb576874689a7990654a39c2644378,86891fd930233079fc81d98c8d731325148a0add2c970c8d3b1c46f46d42bc05,c55fa48a90da67ccd23c76c0851def8ab9b6cb43a3373715d35f65bfafff25a3,fa64224ed19f8c9ef3f510391ac7c50a37a1b9932e34d814a1dc6f56a9da928a,baafa426186a71aff7adeaacb0e79677154b95172e8067e3625b4cce0c8f537f,runs/025-2026-09-05-pythia-agentic-sparse-kernel-search/retrieved/h100nvl-002/evidence-verified/runs/025-2026-09-05-pythia-agentic-sparse-kernel-search/artifacts/transfer-winner-r1-70m-a0-k016-h100nvl-001
h100nvl-002,NVIDIA H100 NVL,transfer-winner-r1-70m-a0-k016-h100nvl-001,winner,1,full,cuda_graph,70m/a0,70M,A0,,development,k016,a;h;m;z,dense SDPA except selected attention projection linears,complete,,complete-validation,True,True,True,0,0.0,0.0,True,4.09976596627715,4.5409213981255505e-06,0.00045409213981255505,160072890,35251191545856,4.107609264043092,4.107609264043092,0.0,True,1.0003343016349433,1.4745146036148071,1.4740526676177979,0.9998606662341916,1.0007961106486194,80,16,2a618fb4bd8d8dd00647e0d13197e6c3e4c0a8c54a1c4e6ba2f6cfabf009ffb4,4bd751109b82f203ed904946874d12f1d9bb576874689a7990654a39c2644378,86891fd930233079fc81d98c8d731325148a0add2c970c8d3b1c46f46d42bc05,c55fa48a90da67ccd23c76c0851def8ab9b6cb43a3373715d35f65bfafff25a3,fa64224ed19f8c9ef3f510391ac7c50a37a1b9932e34d814a1dc6f56a9da928a,baafa426186a71aff7adeaacb0e79677154b95172e8067e3625b4cce0c8f537f,runs/025-2026-09-05-pythia-agentic-sparse-kernel-search/retrieved/h100nvl-002/evidence-verified/runs/025-2026-09-05-pythia-agentic-sparse-kernel-search/artifacts/transfer-winner-r1-70m-a0-k016-h100nvl-001
h100nvl-002,NVIDIA H100 NVL,transfer-winner-r1-70m-a1h-k016-h100nvl-001,winner,1,full,eager,70m/a1h,70M,A1-H,,development,k016,h,dense SDPA except selected attention projection linears,complete,,complete-validation,True,True,True,0,0.0,0.0,True,4.222749641308417,0.1006575817198192,10.06575817198192,3548299693748,35251191545856,4.231262897406735,4.231251489362048,-1.1408044686689323e-05,True,0.9306936317902867,2.6177316904067993,2.810198813676834,0.9256216697974841,0.9355611081171017,80,16,2a618fb4bd8d8dd00647e0d13197e6c3e4c0a8c54a1c4e6ba2f6cfabf009ffb4,4bd751109b82f203ed904946874d12f1d9bb576874689a7990654a39c2644378,9e78041f4f44d8400b6be2d8012d8aab7416421b0e3ff4f28d205a5ffa7b91e5,be15c735c597aca7826b4de396443a29137bc73856853268b2a42e768ba93901,273e1f9bcde1ad907988bb690e9b7ef0a8cdd87480e8a5f831e6618114eab5e6,a5940ce15c1033cb018b5edecefa57250241d60979a1408c5d832daad2f310b7,runs/025-2026-09-05-pythia-agentic-sparse-kernel-search/retrieved/h100nvl-002/evidence-verified/runs/025-2026-09-05-pythia-agentic-sparse-kernel-search/artifacts/transfer-winner-r1-70m-a1h-k016-h100nvl-001
h100nvl-002,NVIDIA H100 NVL,transfer-winner-r1-70m-a1h-k016-h100nvl-001,winner,1,full,cuda_graph,70m/a1h,70M,A1-H,,development,k016,h,dense SDPA except selected attention projection linears,complete,,complete-validation,True,True,True,0,0.0,0.0,True,4.222749641308417,0.1006575817198192,10.06575817198192,3548299693748,35251191545856,4.231262897406735,4.231251489362048,-1.1408044686689323e-05,True,0.7908842031622562,1.458980143070221,1.8460527062416077,0.7866325847177039,0.7950035180918726,80,16,2a618fb4bd8d8dd00647e0d13197e6c3e4c0a8c54a1c4e6ba2f6cfabf009ffb4,4bd751109b82f203ed904946874d12f1d9bb576874689a7990654a39c2644378,9e78041f4f44d8400b6be2d8012d8aab7416421b0e3ff4f28d205a5ffa7b91e5,be15c735c597aca7826b4de396443a29137bc73856853268b2a42e768ba93901,273e1f9bcde1ad907988bb690e9b7ef0a8cdd87480e8a5f831e6618114eab5e6,a5940ce15c1033cb018b5edecefa57250241d60979a1408c5d832daad2f310b7,runs/025-2026-09-05-pythia-agentic-sparse-kernel-search/retrieved/h100nvl-002/evidence-verified/runs/025-2026-09-05-pythia-agentic-sparse-kernel-search/artifacts/transfer-winner-r1-70m-a1h-k016-h100nvl-001
h100nvl-002,NVIDIA H100 NVL,transfer-winner-r1-70m-a4-0-k016-h100nvl-001,winner,1,full,eager,70m/a4-0,70M,A4-OL1,0.0,development,k016,a;h;m;z,dense SDPA except selected attention projection linears,complete,,complete-validation,True,True,True,0,0.0,0.0,True,4.805361172503973,0.25672509475572236,25.672509475572237,9049865489862,35251191545856,4.81462826618565,4.814657037888332,2.8771702681673617e-05,True,0.8475800815765497,3.514934331178665,4.1413865983486176,0.8444448142785589,0.8508512105814648,80,16,2a618fb4bd8d8dd00647e0d13197e6c3e4c0a8c54a1c4e6ba2f6cfabf009ffb4,4bd751109b82f203ed904946874d12f1d9bb576874689a7990654a39c2644378,300ca48ddeac08bdf206b7b7c7cfb73de93e1c04e440e495d8f9d2764e66ea66,111478d33cc440c2bdf967a9de11c8c9df9e68fff698c5eef7ac54b8e8b7157e,ace628633bf77db7453028a07d47aba3c901fef74546c8a0ebc241f6c047644b,c9a3fe4e2ab40c762bac76694bb45c5c5633d56457b345bbe151eea5028df079,runs/025-2026-09-05-pythia-agentic-sparse-kernel-search/retrieved/h100nvl-002/evidence-verified/runs/025-2026-09-05-pythia-agentic-sparse-kernel-search/artifacts/transfer-winner-r1-70m-a4-0-k016-h100nvl-001
h100nvl-002,NVIDIA H100 NVL,transfer-winner-r1-70m-a4-0-k016-h100nvl-001,winner,1,full,cuda_graph,70m/a4-0,70M,A4-OL1,0.0,development,k016,a;h;m;z,dense SDPA except selected attention projection linears,complete,,complete-validation,True,True,True,0,0.0,0.0,True,4.805361172503973,0.25672509475572236,25.672509475572237,9049865489862,35251191545856,4.81462826618565,4.814657037888332,2.8771702681673617e-05,True,0.5477815695875559,1.6352050006389618,2.9906779527664185,0.5465486095081136,0.5490493234797232,80,16,2a618fb4bd8d8dd00647e0d13197e6c3e4c0a8c54a1c4e6ba2f6cfabf009ffb4,4bd751109b82f203ed904946874d12f1d9bb576874689a7990654a39c2644378,300ca48ddeac08bdf206b7b7c7cfb73de93e1c04e440e495d8f9d2764e66ea66,111478d33cc440c2bdf967a9de11c8c9df9e68fff698c5eef7ac54b8e8b7157e,ace628633bf77db7453028a07d47aba3c901fef74546c8a0ebc241f6c047644b,c9a3fe4e2ab40c762bac76694bb45c5c5633d56457b345bbe151eea5028df079,runs/025-2026-09-05-pythia-agentic-sparse-kernel-search/retrieved/h100nvl-002/evidence-verified/runs/025-2026-09-05-pythia-agentic-sparse-kernel-search/artifacts/transfer-winner-r1-70m-a4-0-k016-h100nvl-001
h100nvl-002,NVIDIA H100 NVL,transfer-winner-r1-70m-a4-0p5-k016-h100nvl-001,winner,1,full,eager,70m/a4-0p5,70M,A4-OL1,0.5,development,k016,a;h;m;z,dense SDPA except selected attention projection linears,complete,,complete-validation,True,True,True,0,0.0,0.0,True,5.389480136202637,0.3559621916980309,35.59621916980309,12548091402630,35251191545856,5.398787630287563,5.398786877984708,-7.523028546785326e-07,True,1.0490887675658218,3.5220831632614136,3.3520981669425964,1.0448730990061113,1.053412845964668,80,16,2a618fb4bd8d8dd00647e0d13197e6c3e4c0a8c54a1c4e6ba2f6cfabf009ffb4,4bd751109b82f203ed904946874d12f1d9bb576874689a7990654a39c2644378,31a4586cc632e7c48ee28ea5243e54271c990695ea8f65257602faaa8a53d77c,3e71108bd5c7a8d6d50d3c028fc443e7199ff03f1c790b74403a4e50fa8885cb,3786c75fcad45a3088cab5ee514aee476218b7042e554021514f77e0af41d6b0,bececd31897406f9e2c1c1ca5773aa7ebfa76d3028699b7f12f1c85f7ce0ffb6,runs/025-2026-09-05-pythia-agentic-sparse-kernel-search/retrieved/h100nvl-002/evidence-verified/runs/025-2026-09-05-pythia-agentic-sparse-kernel-search/artifacts/transfer-winner-r1-70m-a4-0p5-k016-h100nvl-001
h100nvl-002,NVIDIA H100 NVL,transfer-winner-r1-70m-a4-0p5-k016-h100nvl-001,winner,1,full,cuda_graph,70m/a4-0p5,70M,A4-OL1,0.5,development,k016,a;h;m;z,dense SDPA except selected attention projection linears,complete,,complete-validation,True,True,True,0,0.0,0.0,True,5.389480136202637,0.3559621916980309,35.59621916980309,12548091402630,35251191545856,5.398787630287563,5.398786877984708,-7.523028546785326e-07,True,0.8353683669383751,1.6366243362426758,1.9639953970909119,0.8320172884325471,0.838671179112604,80,16,2a618fb4bd8d8dd00647e0d13197e6c3e4c0a8c54a1c4e6ba2f6cfabf009ffb4,4bd751109b82f203ed904946874d12f1d9bb576874689a7990654a39c2644378,31a4586cc632e7c48ee28ea5243e54271c990695ea8f65257602faaa8a53d77c,3e71108bd5c7a8d6d50d3c028fc443e7199ff03f1c790b74403a4e50fa8885cb,3786c75fcad45a3088cab5ee514aee476218b7042e554021514f77e0af41d6b0,bececd31897406f9e2c1c1ca5773aa7ebfa76d3028699b7f12f1c85f7ce0ffb6,runs/025-2026-09-05-pythia-agentic-sparse-kernel-search/retrieved/h100nvl-002/evidence-verified/runs/025-2026-09-05-pythia-agentic-sparse-kernel-search/artifacts/transfer-winner-r1-70m-a4-0p5-k016-h100nvl-001
h100nvl-002,NVIDIA H100 NVL,transfer-winner-r1-70m-a7-0-k016-h100nvl-001,winner,1,full,eager,70m/a7-0,70M,A7-OL1,0.0,development,k016,a;h;m;z,dense SDPA except selected attention projection linears,complete,,complete-validation,True,True,True,0,0.0,0.0,True,4.941205969223609,0.23562417494680196,23.562417494680197,8306032923884,35251191545856,4.950194745802822,4.950247437701646,5.2691898823731265e-05,True,0.9961763023476815,3.5284720361232758,3.5502202808856964,0.9898193655974168,1.0040952538557315,80,16,2a618fb4bd8d8dd00647e0d13197e6c3e4c0a8c54a1c4e6ba2f6cfabf009ffb4,4bd751109b82f203ed904946874d12f1d9bb576874689a7990654a39c2644378,90def904999018c60f2fcaa4b32359c33fe4be58a29f5298cb9256d71b62dd47,5d618046a99891135ca50c298abeacbafce51ca73970bf82db7b06672326c895,3754ec3f1b1fa6a95441266bfd3efd478a8d75bc8f8f08574d9939c940b21a86,2931e0f58bcf4eacbecf55551da0d046bbfc2a9ace8900af21cb63b6f4797f03,runs/025-2026-09-05-pythia-agentic-sparse-kernel-search/retrieved/h100nvl-002/evidence-verified/runs/025-2026-09-05-pythia-agentic-sparse-kernel-search/artifacts/transfer-winner-r1-70m-a7-0-k016-h100nvl-001
h100nvl-002,NVIDIA H100 NVL,transfer-winner-r1-70m-a7-0-k016-h100nvl-001,winner,1,full,cuda_graph,70m/a7-0,70M,A7-OL1,0.0,development,k016,a;h;m;z,dense SDPA except selected attention projection linears,complete,,complete-validation,True,True,True,0,0.0,0.0,True,4.941205969223609,0.23562417494680196,23.562417494680197,8306032923884,35251191545856,4.950194745802822,4.950247437701646,5.2691898823731265e-05,True,0.7882458296381922,1.6370154917240143,2.0802058279514313,0.7849210004804468,0.7915576115183297,80,16,2a618fb4bd8d8dd00647e0d13197e6c3e4c0a8c54a1c4e6ba2f6cfabf009ffb4,4bd751109b82f203ed904946874d12f1d9bb576874689a7990654a39c2644378,90def904999018c60f2fcaa4b32359c33fe4be58a29f5298cb9256d71b62dd47,5d618046a99891135ca50c298abeacbafce51ca73970bf82db7b06672326c895,3754ec3f1b1fa6a95441266bfd3efd478a8d75bc8f8f08574d9939c940b21a86,2931e0f58bcf4eacbecf55551da0d046bbfc2a9ace8900af21cb63b6f4797f03,runs/025-2026-09-05-pythia-agentic-sparse-kernel-search/retrieved/h100nvl-002/evidence-verified/runs/025-2026-09-05-pythia-agentic-sparse-kernel-search/artifacts/transfer-winner-r1-70m-a7-0-k016-h100nvl-001
h100nvl-002,NVIDIA H100 NVL,transfer-winner-r1-70m-a7-0p5-k016-h100nvl-001,winner,1,full,eager,70m/a7-0p5,70M,A7-OL1,0.5,development,k016,a;h;m;z,dense SDPA except selected attention projection linears,complete,,complete-validation,True,True,True,0,0.0,0.0,True,5.215924663303872,0.4060187215635989,40.60187215635989,14312643725042,35251191545856,5.226513370600996,5.226513370600996,0.0,True,1.01377344990973,3.9909109473228455,3.9526745676994324,1.008542746767509,1.0202446043636195,80,16,2a618fb4bd8d8dd00647e0d13197e6c3e4c0a8c54a1c4e6ba2f6cfabf009ffb4,4bd751109b82f203ed904946874d12f1d9bb576874689a7990654a39c2644378,48ab9623739491859c7d48dda0b94316de63f32356bdeea2a38c17ce8a6a747c,c89304f9c452a7a9284c39ad1a54f123877faa9dcc194f712e78b5c627fd7f0e,d04390fee56c5b8cd804639c9f345d09d4e3badb03aaf2abced11982058f624f,ed2f0a0a0afbe4fe73771f16ef50a28ec58b85e7cd1d97eaacffdb33cc1c33df,runs/025-2026-09-05-pythia-agentic-sparse-kernel-search/retrieved/h100nvl-002/evidence-verified/runs/025-2026-09-05-pythia-agentic-sparse-kernel-search/artifacts/transfer-winner-r1-70m-a7-0p5-k016-h100nvl-001
h100nvl-002,NVIDIA H100 NVL,transfer-winner-r1-70m-a7-0p5-k016-h100nvl-001,winner,1,full,cuda_graph,70m/a7-0p5,70M,A7-OL1,0.5,development,k016,a;h;m;z,dense SDPA except selected attention projection linears,complete,,complete-validation,True,True,True,0,0.0,0.0,True,5.215924663303872,0.4060187215635989,40.60187215635989,14312643725042,35251191545856,5.226513370600996,5.226513370600996,0.0,True,0.9602215520976372,1.8563531339168549,1.9333623349666595,0.959177192402574,0.9612095047905957,80,16,2a618fb4bd8d8dd00647e0d13197e6c3e4c0a8c54a1c4e6ba2f6cfabf009ffb4,4bd751109b82f203ed904946874d12f1d9bb576874689a7990654a39c2644378,48ab9623739491859c7d48dda0b94316de63f32356bdeea2a38c17ce8a6a747c,c89304f9c452a7a9284c39ad1a54f123877faa9dcc194f712e78b5c627fd7f0e,d04390fee56c5b8cd804639c9f345d09d4e3badb03aaf2abced11982058f624f,ed2f0a0a0afbe4fe73771f16ef50a28ec58b85e7cd1d97eaacffdb33cc1c33df,runs/025-2026-09-05-pythia-agentic-sparse-kernel-search/retrieved/h100nvl-002/evidence-verified/runs/025-2026-09-05-pythia-agentic-sparse-kernel-search/artifacts/transfer-winner-r1-70m-a7-0p5-k016-h100nvl-001
h100nvl-002,NVIDIA H100 NVL,transfer-winner-r2-14m-a0-k013-h100nvl-001,winner,2,full,eager,14m/a0,14M,A0,,development,k013,a;h;m;z,dense SDPA except selected attention projection linears,complete,,complete-validation,True,True,True,0,0.0,0.0,True,5.2085730123096665,1.1415112639303073e-08,1.1415112639303072e-06,72635,6363055915008,5.209913673332181,5.209971297895919,5.7624563737590506e-05,True,0.7911253478394514,2.479672431945801,3.1314603984355927,0.7888564295200801,0.7932212006144881,80,16,2a618fb4bd8d8dd00647e0d13197e6c3e4c0a8c54a1c4e6ba2f6cfabf009ffb4,4bd751109b82f203ed904946874d12f1d9bb576874689a7990654a39c2644378,9c0728bfd183b18970fd40dde2d6a20b93275371fa455bf492adcb1304bd4368,4a5934841d4d227b3726539943e55dc3b56ba27df48c4141023dbcf7e2c27030,369b6391310cf3e56441ee4017ec9aca7bc55e5fb8cb4928ad7092d6158c7cde,8007aee06bc132b6e940f63baa7febca26945e7abf9109da67b9e5f5da8fd9cb,runs/025-2026-09-05-pythia-agentic-sparse-kernel-search/retrieved/h100nvl-002/evidence-verified/runs/025-2026-09-05-pythia-agentic-sparse-kernel-search/artifacts/transfer-winner-r2-14m-a0-k013-h100nvl-001
h100nvl-002,NVIDIA H100 NVL,transfer-winner-r2-14m-a1h-k013-h100nvl-001,winner,2,full,eager,14m/a1h,14M,A1-H,,development,k013,h,dense SDPA except selected attention projection linears,complete,,complete-validation,True,True,True,0,0.0,0.0,True,5.26963426093378,0.027141299328466276,2.7141299328466277,172701605233,6363055915008,5.271288383874836,5.271275056963864,-1.332691097211125e-05,True,0.9910701509688863,2.4563781917095184,2.474352717399597,0.9885670819614244,0.9937338693752449,80,16,2a618fb4bd8d8dd00647e0d13197e6c3e4c0a8c54a1c4e6ba2f6cfabf009ffb4,4bd751109b82f203ed904946874d12f1d9bb576874689a7990654a39c2644378,b747efb1f1ee943195e6a224bfa2c53c284de17e2abdc1cb64d25e88cd5693c4,b5288258a653e07535a6c9a1141c9291d5cdb8ccabf205bfe1558ef7d3eb99bf,324df29e25cd0c31bb61a93253dcef63139120d7b28b2577faecccdc1f823748,75b1fcb1affc74bbcd188bfc08c61fbb7644fd4b64f2694be8bf8d01d0127ac5,runs/025-2026-09-05-pythia-agentic-sparse-kernel-search/retrieved/h100nvl-002/evidence-verified/runs/025-2026-09-05-pythia-agentic-sparse-kernel-search/artifacts/transfer-winner-r2-14m-a1h-k013-h100nvl-001
h100nvl-002,NVIDIA H100 NVL,transfer-winner-r2-14m-a4-0-k013-h100nvl-001,winner,2,full,eager,14m/a4-0,14M,A4-OL1,0.0,development,k013,a;h;m;z,dense SDPA except selected attention projection linears,complete,,complete-validation,True,True,True,0,0.0,0.0,True,5.458276166718387,0.0781004229286857,7.81004229286857,496957358081,6363055915008,5.459853236807166,5.459851437208406,-1.7995987597885232e-06,True,1.0711161588455764,3.3489391207695007,3.124356269836426,1.068647950668884,1.0736682207851307,80,16,2a618fb4bd8d8dd00647e0d13197e6c3e4c0a8c54a1c4e6ba2f6cfabf009ffb4,4bd751109b82f203ed904946874d12f1d9bb576874689a7990654a39c2644378,ce31aafe6688d974517dc064b8aec2a36afa82806cf2bf5f117478698ae92e56,6e11c736b92b76177e406aa228bacb160cd32dd59e32296e3e1162f138868fc0,4ccacac8b2d1d4f27a473362f766fb61755bbccff8071d09279c142698066ab9,da58dab01616797a10ee049a55a3a558316a062b9751494d6d341fbab092a087,runs/025-2026-09-05-pythia-agentic-sparse-kernel-search/retrieved/h100nvl-002/evidence-verified/runs/025-2026-09-05-pythia-agentic-sparse-kernel-search/artifacts/transfer-winner-r2-14m-a4-0-k013-h100nvl-001
h100nvl-002,NVIDIA H100 NVL,transfer-winner-r2-14m-a4-0p5-k013-h100nvl-001,winner,2,full,eager,14m/a4-0p5,14M,A4-OL1,0.5,development,k013,a;h;m;z,dense SDPA except selected attention projection linears,complete,,complete-validation,True,True,True,0,0.0,0.0,True,6.037982463131289,0.12713448684742273,12.713448684742273,808963848536,6363055915008,6.040302637380155,6.040302637380155,0.0,True,1.0677904966057439,3.3288002014160156,3.1102076172828674,1.0637539842072306,1.0710188126773177,80,16,2a618fb4bd8d8dd00647e0d13197e6c3e4c0a8c54a1c4e6ba2f6cfabf009ffb4,4bd751109b82f203ed904946874d12f1d9bb576874689a7990654a39c2644378,76e4737bf7862aa408fd70d01926bfeac960e13182916d5710b041d5d1c7b818,48fdb338c6f3529e4a74043677d742960bd2bebfaaafc4923e8af9ea32031dec,70d33c9f9f93daa94df13936909e260736634a6a837937bbede767274d8c8422,f7db6743f4dc32ba6a083e784902f615d9598f36b94b752726ded97f81abae45,runs/025-2026-09-05-pythia-agentic-sparse-kernel-search/retrieved/h100nvl-002/evidence-verified/runs/025-2026-09-05-pythia-agentic-sparse-kernel-search/artifacts/transfer-winner-r2-14m-a4-0p5-k013-h100nvl-001
h100nvl-002,NVIDIA H100 NVL,transfer-winner-r2-14m-a7-0-k013-h100nvl-001,winner,2,full,eager,14m/a7-0,14M,A7-OL1,0.0,development,k013,a;h;m;z,dense SDPA except selected attention projection linears,complete,,complete-validation,True,True,True,0,0.0,0.0,True,5.480180751642532,0.0705422917861371,7.054229178613711,448864547008,6363055915008,5.482344387100304,5.48234176744909,-2.619651214175178e-06,True,1.077165831141712,3.341931849718094,3.113657236099243,1.070612666039586,1.087496015086036,80,16,2a618fb4bd8d8dd00647e0d13197e6c3e4c0a8c54a1c4e6ba2f6cfabf009ffb4,4bd751109b82f203ed904946874d12f1d9bb576874689a7990654a39c2644378,0b481acf1d708ff3421bb9255db09adb75ebfd4f72e3f69fb8ba25ef800495fc,b8d1128284678f870f83b55d41b98cd8fd71f9c298952ac4be150da6968eb585,326e98d4b9679c17794d82de4c573357d4002b79f87984909a557ec5efebf341,fe0465b6943b01851cc680e6773c6635dc8a63014e8ea3ff10f492e76fe60f81,runs/025-2026-09-05-pythia-agentic-sparse-kernel-search/retrieved/h100nvl-002/evidence-verified/runs/025-2026-09-05-pythia-agentic-sparse-kernel-search/artifacts/transfer-winner-r2-14m-a7-0-k013-h100nvl-001
h100nvl-002,NVIDIA H100 NVL,transfer-winner-r2-14m-a7-0p5-k013-h100nvl-001,winner,2,full,eager,14m/a7-0p5,14M,A7-OL1,0.5,development,k013,a;h;m;z,dense SDPA except selected attention projection linears,complete,,complete-validation,True,True,True,0,0.0,0.0,True,5.829406580981418,0.27482684296304843,27.482684296304843,1748738568719,6363055915008,5.83130439206093,5.83130438641513,-5.6457993835579146e-09,True,1.0655026632223754,3.8173645734786987,3.592565655708313,1.059268422770341,1.0750495513335758,80,16,2a618fb4bd8d8dd00647e0d13197e6c3e4c0a8c54a1c4e6ba2f6cfabf009ffb4,4bd751109b82f203ed904946874d12f1d9bb576874689a7990654a39c2644378,35bc32091405bedc954b17c595f9c9f69b311793be4489e9708c8977c24150cf,4f46a8728a2af9ad276c974a0e35998bd909734d3ae425bebe64ba54b11b2ef2,50f03e3afb658af451a90ffd6de28b6eed6552ab24bf3fccd008f681fa2feb5b,3e3d9be91848bb836c8c702cc9036e46466b0386963d173d7f4dbf94b8dc2e7a,runs/025-2026-09-05-pythia-agentic-sparse-kernel-search/retrieved/h100nvl-002/evidence-verified/runs/025-2026-09-05-pythia-agentic-sparse-kernel-search/artifacts/transfer-winner-r2-14m-a7-0p5-k013-h100nvl-001
h100nvl-002,NVIDIA H100 NVL,transfer-winner-r2-410m-a0-k010-h100nvl-001,winner,2,full,eager,410m/a0,410M,A0,,development,k010,z,dense SDPA except selected attention projection linears,complete,,complete-validation,True,True,True,0,0.0,0.0,True,4.547456437666741,0.00011047923803103942,0.011047923803103942,30885552627,279559790395392,4.549645911018601,4.549645911018601,0.0,True,0.8706212317511125,8.43258947134018,9.688656777143478,0.8696319087754849,0.8715852950149499,80,16,2a618fb4bd8d8dd00647e0d13197e6c3e4c0a8c54a1c4e6ba2f6cfabf009ffb4,4bd751109b82f203ed904946874d12f1d9bb576874689a7990654a39c2644378,9709d6457cb56f65e9ab207546f772f32511d8fe14cbf01c79e096e6fe45a3ff,d82dc3ed9f9b2be2820acbbaf7d0f4fb5b3b837b17f7f875c94154f093bc899d,ae04e9f2c4656ce2806f237966fc1a1e0ae11efe6ee684b97543dc613f2a4eb7,c63641664bfbc16e13bb5fd20ef7db4fcc5f291162e40c84d31472aae9a58bbe,runs/025-2026-09-05-pythia-agentic-sparse-kernel-search/retrieved/h100nvl-002/evidence-verified/runs/025-2026-09-05-pythia-agentic-sparse-kernel-search/artifacts/transfer-winner-r2-410m-a0-k010-h100nvl-001
h100nvl-002,NVIDIA H100 NVL,transfer-winner-r2-410m-a1h-k010-h100nvl-001,winner,2,full,eager,410m/a1h,410M,A1-H,,development,k010,z,dense SDPA except selected attention projection linears,complete,,complete-validation,True,True,True,0,0.0,0.0,True,4.651294058243904,0.21049725280441106,21.049725280441105,58846567872807,279559790395392,4.654960938233954,4.654960938233954,0.0,True,0.8841797659291422,8.24805349111557,9.299080818891525,0.8821099964161907,0.8861027901922256,80,16,2a618fb4bd8d8dd00647e0d13197e6c3e4c0a8c54a1c4e6ba2f6cfabf009ffb4,4bd751109b82f203ed904946874d12f1d9bb576874689a7990654a39c2644378,884c481d0af7826f1ebf034ff05ab6a3d5a5b24b6ae29ee1a4063bc66028b76d,d5cf4eced3c81dec0daf95a66624dc41e4f5bb69f58b0229eb35f6c2c7af5e10,a7a684cc242225b201a35c051125589fb90e277610cac2f45ec1cd66f449d1e8,0953fcc0a7f4eb75c9f3f12a670d96b00238004df4afe0c0c72e5a4f186e0134,runs/025-2026-09-05-pythia-agentic-sparse-kernel-search/retrieved/h100nvl-002/evidence-verified/runs/025-2026-09-05-pythia-agentic-sparse-kernel-search/artifacts/transfer-winner-r2-410m-a1h-k010-h100nvl-001
h100nvl-002,NVIDIA H100 NVL,transfer-winner-r2-410m-a4-0-k010-h100nvl-001,winner,2,full,eager,410m/a4-0,410M,A4-OL1,0.0,development,k010,z,dense SDPA except selected attention projection linears,complete,,complete-validation,True,True,True,0,0.0,0.0,True,5.6920750987600295,0.3833867333385676,38.33867333385676,107179514812504,279559790395392,5.698446354449333,5.698446354449333,0.0,True,0.9283876957663605,11.963825672864914,12.852486222982407,0.9257256300940688,0.9303982781824857,80,16,2a618fb4bd8d8dd00647e0d13197e6c3e4c0a8c54a1c4e6ba2f6cfabf009ffb4,4bd751109b82f203ed904946874d12f1d9bb576874689a7990654a39c2644378,5e1e30ca2794fb68461c2014ee834a45d3287859cfe54dc4fe1343c2df6a8c6f,be99044a24ee7bf88d8133f723f5645f2aad47f4baceea5019a6807f4e24c14d,29e30e0cc40c4addb638462e7a752e9887a969da31f35d0ca0d9e8db9ce1e51c,a2839b0d4588f2b8d6258acd5849b1541ab0ce3cfc36ff43bfca07ea0d5d425f,runs/025-2026-09-05-pythia-agentic-sparse-kernel-search/retrieved/h100nvl-002/evidence-verified/runs/025-2026-09-05-pythia-agentic-sparse-kernel-search/artifacts/transfer-winner-r2-410m-a4-0-k010-h100nvl-001
h100nvl-002,NVIDIA H100 NVL,transfer-winner-r2-410m-a4-0p5-k010-h100nvl-001,winner,2,full,eager,410m/a4-0p5,410M,A4-OL1,0.5,development,k010,z,dense SDPA except selected attention projection linears,complete,,complete-validation,True,True,True,0,0.0,0.0,True,5.1909658185829075,0.715914446480748,71.5914446480748,200140892599191,279559790395392,5.194906924427511,5.194906924427511,0.0,True,0.9258946339941485,11.71630248427391,12.637224048376083,0.923015612560501,0.9288295272738166,80,16,2a618fb4bd8d8dd00647e0d13197e6c3e4c0a8c54a1c4e6ba2f6cfabf009ffb4,4bd751109b82f203ed904946874d12f1d9bb576874689a7990654a39c2644378,8104a600bb64cedd1dbdc29f585aa31c96e7ad6ff86ea658abcb7039e4862f71,045979380833cb330e091d7ac8114597a63b5565a0337331cf192bcb1c6ff11e,6a26afa399521cbde7e564efb7a05106ccb340947602df5af0d47b90c814fa8e,150aa4a187ef5b77728ca78457b9d91a6fb6d46f817e284eabd00e263d8cd2b0,runs/025-2026-09-05-pythia-agentic-sparse-kernel-search/retrieved/h100nvl-002/evidence-verified/runs/025-2026-09-05-pythia-agentic-sparse-kernel-search/artifacts/transfer-winner-r2-410m-a4-0p5-k010-h100nvl-001
h100nvl-002,NVIDIA H100 NVL,transfer-winner-r2-410m-a7-0-k010-h100nvl-001,winner,2,full,eager,410m/a7-0,410M,A7-OL1,0.0,development,k010,z,dense SDPA except selected attention projection linears,complete,,complete-validation,True,True,True,0,0.0,0.0,True,5.4262960662503215,0.4112146787868456,41.121467878684555,114959089409159,279559790395392,5.430703657907065,5.430703657907065,0.0,True,0.9279994534045753,11.90391555428505,12.837816029787064,0.9267119154678175,0.9297954562385438,80,16,2a618fb4bd8d8dd00647e0d13197e6c3e4c0a8c54a1c4e6ba2f6cfabf009ffb4,4bd751109b82f203ed904946874d12f1d9bb576874689a7990654a39c2644378,9d28373407f6fde55ac75683547dcc50a5135e0339b9b3a35b56fa22228b2dce,fbb443d5c8b533b681a6ad06234853f4c78185ef4eaeefca3062f2e859d38987,ab2183ec24cd3d6a6755140999074e124d056174614e4cca4d821286b9201c7f,3c1826e4f2323b112bbeb4e1565323c365f814249db80c8b29950dc8df7df571,runs/025-2026-09-05-pythia-agentic-sparse-kernel-search/retrieved/h100nvl-002/evidence-verified/runs/025-2026-09-05-pythia-agentic-sparse-kernel-search/artifacts/transfer-winner-r2-410m-a7-0-k010-h100nvl-001
h100nvl-002,NVIDIA H100 NVL,transfer-winner-r2-410m-a7-0p5-k010-h100nvl-001,winner,2,full,eager,410m/a7-0p5,410M,A7-OL1,0.5,development,k010,z,dense SDPA except selected attention projection linears,complete,,complete-validation,True,True,True,0,0.0,0.0,True,5.120691668705122,0.806155139186339,80.6155139186339,225368561737101,279559790395392,5.124397833788957,5.124397833788957,0.0,True,0.9326774707839413,13.624608516693115,14.573298394680023,0.9265912614747405,0.9365322512728502,80,16,2a618fb4bd8d8dd00647e0d13197e6c3e4c0a8c54a1c4e6ba2f6cfabf009ffb4,4bd751109b82f203ed904946874d12f1d9bb576874689a7990654a39c2644378,ff7a2f07f2af09d273f5cf37385fdfc738547633a542c367192922b86615c1f7,a7240829c4f0e78f13fc4aaef7252b6ca56eb34b60aca7a0a24500cb60a27b81,4d24c97a2fe50adca4f80d9cc2da37ca68c419aaea92789a65eab6b9efd81126,d387bf04e55e67231c805bb0d9bf60237889a8e70fd667012c785a327a16e20e,runs/025-2026-09-05-pythia-agentic-sparse-kernel-search/retrieved/h100nvl-002/evidence-verified/runs/025-2026-09-05-pythia-agentic-sparse-kernel-search/artifacts/transfer-winner-r2-410m-a7-0p5-k010-h100nvl-001
h100nvl-002,NVIDIA H100 NVL,transfer-winner-r2-70m-a0-k016-h100nvl-001,winner,2,full,eager,70m/a0,70M,A0,,development,k016,a;h;m;z,dense SDPA except selected attention projection linears,complete,,complete-validation,True,True,True,0,0.0,0.0,True,4.09976596627715,4.5409213981255505e-06,0.00045409213981255505,160072890,35251191545856,4.107609264043092,4.107609264043092,0.0,True,0.9991075233342991,2.542484551668167,2.540096640586853,0.9963875052870396,1.001261040491852,80,16,2a618fb4bd8d8dd00647e0d13197e6c3e4c0a8c54a1c4e6ba2f6cfabf009ffb4,4bd751109b82f203ed904946874d12f1d9bb576874689a7990654a39c2644378,2688947bb16969a52f47da75e54fd46c53259ea5a9b987f25d0ae60940075613,863a19842b440911969d16c8c2d953ed9a06946081737a18ad4f97226685c11c,616e5102a23a7ea51bdb8b70254f4aab8dfccf053b17bd32a92d66281e978db2,7e72b510fea3e2833ba8ba02fcf05f9f2d0862ce3cc6893e43a362d754cf6a5a,runs/025-2026-09-05-pythia-agentic-sparse-kernel-search/retrieved/h100nvl-002/evidence-verified/runs/025-2026-09-05-pythia-agentic-sparse-kernel-search/artifacts/transfer-winner-r2-70m-a0-k016-h100nvl-001
h100nvl-002,NVIDIA H100 NVL,transfer-winner-r2-70m-a1h-k016-h100nvl-001,winner,2,full,eager,70m/a1h,70M,A1-H,,development,k016,h,dense SDPA except selected attention projection linears,complete,,complete-validation,True,True,True,0,0.0,0.0,True,4.222749641308417,0.1006575817198192,10.06575817198192,3548299693748,35251191545856,4.231262897406735,4.231251489362048,-1.1408044686689323e-05,True,0.9371556469400688,2.565976232290268,2.7501247823238373,0.9305642876334657,0.9472634088891969,80,16,2a618fb4bd8d8dd00647e0d13197e6c3e4c0a8c54a1c4e6ba2f6cfabf009ffb4,4bd751109b82f203ed904946874d12f1d9bb576874689a7990654a39c2644378,76d1bc241231675b63ee3b642d371653aa084da7a5be3ae56db4e47383e3fbba,4b520e24413f1c73a8e7bcd82a0565307274f7c2aa947439e662f467bea9c315,bd484c44e4a251e7ece9da1bfec7826a6da24067ba312001729fd5662e3a5193,7e4ae6bcd035f0a1478c735fa6446d2337aec48af1c62ec48fd0b6c190e535ab,runs/025-2026-09-05-pythia-agentic-sparse-kernel-search/retrieved/h100nvl-002/evidence-verified/runs/025-2026-09-05-pythia-agentic-sparse-kernel-search/artifacts/transfer-winner-r2-70m-a1h-k016-h100nvl-001
h100nvl-002,NVIDIA H100 NVL,transfer-winner-r2-70m-a4-0-k016-h100nvl-001,winner,2,full,eager,70m/a4-0,70M,A4-OL1,0.0,development,k016,a;h;m;z,dense SDPA except selected attention projection linears,complete,,complete-validation,True,True,True,0,0.0,0.0,True,4.805361172503973,0.25672509475572236,25.672509475572237,9049865489862,35251191545856,4.81462826618565,4.814657037888332,2.8771702681673617e-05,True,0.8598661555226244,3.5087615251541138,4.075929522514343,0.8574234177272849,0.8622526248230749,80,16,2a618fb4bd8d8dd00647e0d13197e6c3e4c0a8c54a1c4e6ba2f6cfabf009ffb4,4bd751109b82f203ed904946874d12f1d9bb576874689a7990654a39c2644378,a38afddc9a4a2bdbe3c4c986a10d43055eba0d3fc901c9900e25d6f0f00965eb,5d915bd9f8dab0bcb94930ffe249b950c2c11c921ff9ee9433978783d522aed0,a12514295f372baa9d8057bdc2ec5212d8c81788d4e35b701867d07c049afd5b,1b9481bb1790f15aeaea8f57ae3f1ea47e7f5c1fc2ebed8c82d850c1df515897,runs/025-2026-09-05-pythia-agentic-sparse-kernel-search/retrieved/h100nvl-002/evidence-verified/runs/025-2026-09-05-pythia-agentic-sparse-kernel-search/artifacts/transfer-winner-r2-70m-a4-0-k016-h100nvl-001
h100nvl-002,NVIDIA H100 NVL,transfer-winner-r2-70m-a4-0p5-k016-h100nvl-001,winner,2,full,eager,70m/a4-0p5,70M,A4-OL1,0.5,development,k016,a;h;m;z,dense SDPA except selected attention projection linears,complete,,complete-validation,True,True,True,0,0.0,0.0,True,5.389480136202637,0.3559621916980309,35.59621916980309,12548091402630,35251191545856,5.398787630287563,5.398786877984708,-7.523028546785326e-07,True,1.0469315383282038,3.404799848794937,3.252822905778885,1.0449596207313785,1.0487435036947692,80,16,2a618fb4bd8d8dd00647e0d13197e6c3e4c0a8c54a1c4e6ba2f6cfabf009ffb4,4bd751109b82f203ed904946874d12f1d9bb576874689a7990654a39c2644378,11918ce66de1baa2dc92a5084cd46fbaec8f857462141e5a407fc91a278a8cb0,b239e2ef8825c0a029cf487cea26c5852227843d074471c4324b9863be392b61,ed5f6614efb96fafacd7a1a857100d31697dfc3a459bfeb5bd0423b704adc208,7f81fcb368e3056eb42a3635db3812c309cd5c1292cc13c876c0a497b352a22d,runs/025-2026-09-05-pythia-agentic-sparse-kernel-search/retrieved/h100nvl-002/evidence-verified/runs/025-2026-09-05-pythia-agentic-sparse-kernel-search/artifacts/transfer-winner-r2-70m-a4-0p5-k016-h100nvl-001
h100nvl-002,NVIDIA H100 NVL,transfer-winner-r2-70m-a7-0-k016-h100nvl-001,winner,2,full,eager,70m/a7-0,70M,A7-OL1,0.0,development,k016,a;h;m;z,dense SDPA except selected attention projection linears,complete,,complete-validation,True,True,True,0,0.0,0.0,True,4.941205969223609,0.23562417494680196,23.562417494680197,8306032923884,35251191545856,4.950194745802822,4.950247437701646,5.2691898823731265e-05,True,0.992511677478988,3.477349877357483,3.499303013086319,0.9907962918432575,0.994174042242118,80,16,2a618fb4bd8d8dd00647e0d13197e6c3e4c0a8c54a1c4e6ba2f6cfabf009ffb4,4bd751109b82f203ed904946874d12f1d9bb576874689a7990654a39c2644378,d2f8e01620033b32590d2df3f69186d59d6da298d0881b7cb0707d921b2c7f32,d0532caead1adc2f4c2ce9662350dfd52d1f3baafcf0acd20388eac42ff1728a,6c1d5d020f480f048dd8372850c6c12ad30b11884fec8f61ec73c5b9dbb29171,87ee817b65791769ffc25560e0d8c64d54e48700ccfd03abf702ef3186357a2c,runs/025-2026-09-05-pythia-agentic-sparse-kernel-search/retrieved/h100nvl-002/evidence-verified/runs/025-2026-09-05-pythia-agentic-sparse-kernel-search/artifacts/transfer-winner-r2-70m-a7-0-k016-h100nvl-001
h100nvl-002,NVIDIA H100 NVL,transfer-winner-r2-70m-a7-0p5-k016-h100nvl-001,winner,2,full,eager,70m/a7-0p5,70M,A7-OL1,0.5,development,k016,a;h;m;z,dense SDPA except selected attention projection linears,complete,,complete-validation,True,True,True,0,0.0,0.0,True,5.215924663303872,0.4060187215635989,40.60187215635989,14312643725042,35251191545856,5.226513370600996,5.226513370600996,0.0,True,1.0108714766818208,3.8946084678173065,3.8495436310768127,1.0086512085131754,1.012789338806499,80,16,2a618fb4bd8d8dd00647e0d13197e6c3e4c0a8c54a1c4e6ba2f6cfabf009ffb4,4bd751109b82f203ed904946874d12f1d9bb576874689a7990654a39c2644378,274c440ab4aa75a9e2f75a5287ee74a9fb5f976f08dd73442ede31ee0a254847,935d420085702a62c8b2f174fb1b45d9275f1337e13ea6e6809700e03b26cd8e,ab18b58dd954413987de855379843ba91a7f323329b4c691fefa87686da9012c,bb8f8ce79b2414edd8b00eae8170a6d352f84c0acfbdb275c0c374a40fca5af8,runs/025-2026-09-05-pythia-agentic-sparse-kernel-search/retrieved/h100nvl-002/evidence-verified/runs/025-2026-09-05-pythia-agentic-sparse-kernel-search/artifacts/transfer-winner-r2-70m-a7-0p5-k016-h100nvl-001
h100nvl-002,NVIDIA H100 NVL,transfer-winner-r3-14m-a0-k013-h100nvl-001,winner,3,full,eager,14m/a0,14M,A0,,development,k013,a;h;m;z,dense SDPA except selected attention projection linears,complete,,complete-validation,True,True,True,0,0.0,0.0,True,5.2085730123096665,1.1415112639303073e-08,1.1415112639303072e-06,72635,6363055915008,5.209913673332181,5.209971297895919,5.7624563737590506e-05,True,0.7864122001407627,2.457268536090851,3.121115267276764,0.7850068271171415,0.7877558763305756,80,16,2a618fb4bd8d8dd00647e0d13197e6c3e4c0a8c54a1c4e6ba2f6cfabf009ffb4,4bd751109b82f203ed904946874d12f1d9bb576874689a7990654a39c2644378,00802e3719259565f35b59f3a368921fe8d117fe71a913dc8cc595b59cc085bb,4b548333514b06f8fd656e7a43a772be17e2a0b7a1171d23c618e8afc6790a85,ec93521152ff7031139ae102162bd1c3f4ba3629b4eab0fec5e4b5123c4de461,8007aee06bc132b6e940f63baa7febca26945e7abf9109da67b9e5f5da8fd9cb,runs/025-2026-09-05-pythia-agentic-sparse-kernel-search/retrieved/h100nvl-002/evidence-verified/runs/025-2026-09-05-pythia-agentic-sparse-kernel-search/artifacts/transfer-winner-r3-14m-a0-k013-h100nvl-001
h100nvl-002,NVIDIA H100 NVL,transfer-winner-r3-14m-a1h-k013-h100nvl-001,winner,3,full,eager,14m/a1h,14M,A1-H,,development,k013,h,dense SDPA except selected attention projection linears,complete,,complete-validation,True,True,True,0,0.0,0.0,True,5.26963426093378,0.027141299328466276,2.7141299328466277,172701605233,6363055915008,5.271288383874836,5.271275056963864,-1.332691097211125e-05,True,0.9917763594584105,2.4517886340618134,2.4702325463294983,0.988364785294169,0.9948018422098595,80,16,2a618fb4bd8d8dd00647e0d13197e6c3e4c0a8c54a1c4e6ba2f6cfabf009ffb4,4bd751109b82f203ed904946874d12f1d9bb576874689a7990654a39c2644378,2c918b2d2cbc5d5ea4efa0166414dcee8ade41610c67144e73d02f6f3c4ca251,3590644d3e7f342914bfa76fea50ced0d134379ec4aec82ed28dfec062dbcce7,9754d4d0f16bc65dae54b19caccf31c09d12a298bd91c1142946eea6e8cf9768,75b1fcb1affc74bbcd188bfc08c61fbb7644fd4b64f2694be8bf8d01d0127ac5,runs/025-2026-09-05-pythia-agentic-sparse-kernel-search/retrieved/h100nvl-002/evidence-verified/runs/025-2026-09-05-pythia-agentic-sparse-kernel-search/artifacts/transfer-winner-r3-14m-a1h-k013-h100nvl-001
h100nvl-002,NVIDIA H100 NVL,transfer-winner-r3-14m-a4-0-k013-h100nvl-001,winner,3,full,eager,14m/a4-0,14M,A4-OL1,0.0,development,k013,a;h;m;z,dense SDPA except selected attention projection linears,complete,,complete-validation,True,True,True,0,0.0,0.0,True,5.458276166718387,0.0781004229286857,7.81004229286857,496957358081,6363055915008,5.459853236807166,5.459851437208406,-1.7995987597885232e-06,True,1.068102587365454,3.2930970191955566,3.0845217406749725,1.0653932451476635,1.0713012274492932,80,16,2a618fb4bd8d8dd00647e0d13197e6c3e4c0a8c54a1c4e6ba2f6cfabf009ffb4,4bd751109b82f203ed904946874d12f1d9bb576874689a7990654a39c2644378,ce98ea97ca7b37871eb32703f9319a8ae93497749c3911f39b62c4205e56e02c,f9aac0a72cad52ad8e04fcf164baa4e4bcb838f6c112b7280be722a29135f12f,d6de916351d03f2ddbbd3657996b980006855e7ac6283ba8cde84ad2213a0bf6,da58dab01616797a10ee049a55a3a558316a062b9751494d6d341fbab092a087,runs/025-2026-09-05-pythia-agentic-sparse-kernel-search/retrieved/h100nvl-002/evidence-verified/runs/025-2026-09-05-pythia-agentic-sparse-kernel-search/artifacts/transfer-winner-r3-14m-a4-0-k013-h100nvl-001
h100nvl-002,NVIDIA H100 NVL,transfer-winner-r3-14m-a4-0p5-k013-h100nvl-001,winner,3,full,eager,14m/a4-0p5,14M,A4-OL1,0.5,development,k013,a;h;m;z,dense SDPA except selected attention projection linears,complete,,complete-validation,True,True,True,0,0.0,0.0,True,6.037982463131289,0.12713448684742273,12.713448684742273,808963848536,6363055915008,6.040302637380155,6.040302637380155,0.0,True,1.0698484021131005,3.30381840467453,3.0872374773025513,1.0677114433644668,1.0720655726663129,80,16,2a618fb4bd8d8dd00647e0d13197e6c3e4c0a8c54a1c4e6ba2f6cfabf009ffb4,4bd751109b82f203ed904946874d12f1d9bb576874689a7990654a39c2644378,e47389fe3316e9e7f371dd2be357c0a1f897426101426edb4f39b8fbabf51e21,d0e1ceb4064cae063a6ae22291a7ac291bdfb33bb06fd3673c99d35816145009,9a3d35da7d6bf6511ffcf7d2b3229b6d8dfce32bade9aa9da65bcdc35e5a15e8,f7db6743f4dc32ba6a083e784902f615d9598f36b94b752726ded97f81abae45,runs/025-2026-09-05-pythia-agentic-sparse-kernel-search/retrieved/h100nvl-002/evidence-verified/runs/025-2026-09-05-pythia-agentic-sparse-kernel-search/artifacts/transfer-winner-r3-14m-a4-0p5-k013-h100nvl-001
h100nvl-002,NVIDIA H100 NVL,transfer-winner-r3-14m-a7-0-k013-h100nvl-001,winner,3,full,eager,14m/a7-0,14M,A7-OL1,0.0,development,k013,a;h;m;z,dense SDPA except selected attention projection linears,complete,,complete-validation,True,True,True,0,0.0,0.0,True,5.480180751642532,0.0705422917861371,7.054229178613711,448864547008,6363055915008,5.482344387100304,5.48234176744909,-2.619651214175178e-06,True,1.0679125433221697,3.2891780138015747,3.075331449508667,1.0637662048437964,1.0712298745794289,80,16,2a618fb4bd8d8dd00647e0d13197e6c3e4c0a8c54a1c4e6ba2f6cfabf009ffb4,4bd751109b82f203ed904946874d12f1d9bb576874689a7990654a39c2644378,ab1643025db28465b95a05c664a52bdf5b2642371e5aacc26a79a2470704b56c,9ffcd31422f7666d2b2ab5a5a32c37a156131adbc82f6e8ac2b18757ec79cdaf,5b1615a8bfcfa5bcdd69d098bfb4ce4f4cef2b0cfb024fa1dd8e07265bb4a429,fe0465b6943b01851cc680e6773c6635dc8a63014e8ea3ff10f492e76fe60f81,runs/025-2026-09-05-pythia-agentic-sparse-kernel-search/retrieved/h100nvl-002/evidence-verified/runs/025-2026-09-05-pythia-agentic-sparse-kernel-search/artifacts/transfer-winner-r3-14m-a7-0-k013-h100nvl-001
h100nvl-002,NVIDIA H100 NVL,transfer-winner-r3-14m-a7-0p5-k013-h100nvl-001,winner,3,full,eager,14m/a7-0p5,14M,A7-OL1,0.5,development,k013,a;h;m;z,dense SDPA except selected attention projection linears,complete,,complete-validation,True,True,True,0,0.0,0.0,True,5.829406580981418,0.27482684296304843,27.482684296304843,1748738568719,6363055915008,5.83130439206093,5.83130438641513,-5.6457993835579146e-09,True,1.059602376083149,3.8225241005420685,3.589402884244919,1.0513256922226615,1.0646943268548967,80,16,2a618fb4bd8d8dd00647e0d13197e6c3e4c0a8c54a1c4e6ba2f6cfabf009ffb4,4bd751109b82f203ed904946874d12f1d9bb576874689a7990654a39c2644378,8cc90884a59f9ad8f5b16289be3ec5c6bdf5d7272eacfcb1cdd2fe1a9622c199,f8c2d63209c3cf3658d62fb9ad2c73346edb79f8478e5a23ee246e5db177bf0c,a27ca81613372004aa187beb1347dd1c04e84bddf113a930d885f25b590d34b3,3e3d9be91848bb836c8c702cc9036e46466b0386963d173d7f4dbf94b8dc2e7a,runs/025-2026-09-05-pythia-agentic-sparse-kernel-search/retrieved/h100nvl-002/evidence-verified/runs/025-2026-09-05-pythia-agentic-sparse-kernel-search/artifacts/transfer-winner-r3-14m-a7-0p5-k013-h100nvl-001
h100nvl-002,NVIDIA H100 NVL,transfer-winner-r3-410m-a0-k010-h100nvl-001,winner,3,full,eager,410m/a0,410M,A0,,development,k010,z,dense SDPA except selected attention projection linears,complete,,complete-validation,True,True,True,0,0.0,0.0,True,4.547456437666741,0.00011047923803103942,0.011047923803103942,30885552627,279559790395392,4.549645911018601,4.549645911018601,0.0,True,0.8730707021949349,8.56982171535492,9.81079414486885,0.8722738277855911,0.8738433731043677,80,16,2a618fb4bd8d8dd00647e0d13197e6c3e4c0a8c54a1c4e6ba2f6cfabf009ffb4,4bd751109b82f203ed904946874d12f1d9bb576874689a7990654a39c2644378,255fa0d074eee6cc1df0a9c75f19f84da8c46621dcfba494d1645fc6261ea823,dc0d2503a119e169556e0a89cd29578fbdb6295d1fd07b23d54ba04498a6693a,1162acd3631f3455ef0bee94d4f61e920a62615f30274e3e3152b4689345c03c,c63641664bfbc16e13bb5fd20ef7db4fcc5f291162e40c84d31472aae9a58bbe,runs/025-2026-09-05-pythia-agentic-sparse-kernel-search/retrieved/h100nvl-002/evidence-verified/runs/025-2026-09-05-pythia-agentic-sparse-kernel-search/artifacts/transfer-winner-r3-410m-a0-k010-h100nvl-001
h100nvl-002,NVIDIA H100 NVL,transfer-winner-r3-410m-a1h-k010-h100nvl-001,winner,3,full,eager,410m/a1h,410M,A1-H,,development,k010,z,dense SDPA except selected attention projection linears,complete,,complete-validation,True,True,True,0,0.0,0.0,True,4.651294058243904,0.21049725280441106,21.049725280441105,58846567872807,279559790395392,4.654960938233954,4.654960938233954,0.0,True,0.8792285561705794,8.234906941652298,9.323768317699432,0.8771893052510418,0.8812642005446213,80,16,2a618fb4bd8d8dd00647e0d13197e6c3e4c0a8c54a1c4e6ba2f6cfabf009ffb4,4bd751109b82f203ed904946874d12f1d9bb576874689a7990654a39c2644378,1a076e96cf496288359e42199f711fa30c6e7271320f92bbcef71ce61eaf78f6,759e4152d837e05d041e32286bcb76893e40bf7d12fcb59b289087935cc19b92,ef2ac57401db10b6a7891c9562094f49e140efb45ddccbd37b905735a2a7c0ae,0953fcc0a7f4eb75c9f3f12a670d96b00238004df4afe0c0c72e5a4f186e0134,runs/025-2026-09-05-pythia-agentic-sparse-kernel-search/retrieved/h100nvl-002/evidence-verified/runs/025-2026-09-05-pythia-agentic-sparse-kernel-search/artifacts/transfer-winner-r3-410m-a1h-k010-h100nvl-001
h100nvl-002,NVIDIA H100 NVL,transfer-winner-r3-410m-a4-0-k010-h100nvl-001,winner,3,full,eager,410m/a4-0,410M,A4-OL1,0.0,development,k010,z,dense SDPA except selected attention projection linears,complete,,complete-validation,True,True,True,0,0.0,0.0,True,5.6920750987600295,0.3833867333385676,38.33867333385676,107179514812504,279559790395392,5.698446354449333,5.698446354449333,0.0,True,0.9278422509306923,11.78807020187378,12.69105076789856,0.9252174982683837,0.9302550051596734,80,16,2a618fb4bd8d8dd00647e0d13197e6c3e4c0a8c54a1c4e6ba2f6cfabf009ffb4,4bd751109b82f203ed904946874d12f1d9bb576874689a7990654a39c2644378,7fc77a0bb8300fe2d0105110853b4c2ebaa351f4800086043e400b96cbf55e33,c03708c3e8ca3b174ce3a34b636a2d1fb9841c86acf55379b093dc4265d67df0,af7c3557eab250ab10c3f48db0acb04975c43aae6343e0ff0f907e200a2d8ceb,a2839b0d4588f2b8d6258acd5849b1541ab0ce3cfc36ff43bfca07ea0d5d425f,runs/025-2026-09-05-pythia-agentic-sparse-kernel-search/retrieved/h100nvl-002/evidence-verified/runs/025-2026-09-05-pythia-agentic-sparse-kernel-search/artifacts/transfer-winner-r3-410m-a4-0-k010-h100nvl-001
h100nvl-002,NVIDIA H100 NVL,transfer-winner-r3-410m-a4-0p5-k010-h100nvl-001,winner,3,full,eager,410m/a4-0p5,410M,A4-OL1,0.5,development,k010,z,dense SDPA except selected attention projection linears,complete,,complete-validation,True,True,True,0,0.0,0.0,True,5.1909658185829075,0.715914446480748,71.5914446480748,200140892599191,279559790395392,5.194906924427511,5.194906924427511,0.0,True,0.9237749294764969,11.78373396396637,12.736387550830841,0.9210356627848139,0.925671702282803,80,16,2a618fb4bd8d8dd00647e0d13197e6c3e4c0a8c54a1c4e6ba2f6cfabf009ffb4,4bd751109b82f203ed904946874d12f1d9bb576874689a7990654a39c2644378,f7eddaaa17ab19061920cbb54f13e06ac48cb686d321d86903c7b300688915c7,d8039ce0135526e2bcda3e6c2c13e06c7c83c77164d38440a94a3936af940acb,83eb49775a6cbb7c2d572bf5ce38e0c5024b2dc76378611a5756932c5675cc10,150aa4a187ef5b77728ca78457b9d91a6fb6d46f817e284eabd00e263d8cd2b0,runs/025-2026-09-05-pythia-agentic-sparse-kernel-search/retrieved/h100nvl-002/evidence-verified/runs/025-2026-09-05-pythia-agentic-sparse-kernel-search/artifacts/transfer-winner-r3-410m-a4-0p5-k010-h100nvl-001
h100nvl-002,NVIDIA H100 NVL,transfer-winner-r3-410m-a7-0-k010-h100nvl-001,winner,3,full,eager,410m/a7-0,410M,A7-OL1,0.0,development,k010,z,dense SDPA except selected attention projection linears,complete,,complete-validation,True,True,True,0,0.0,0.0,True,5.4262960662503215,0.4112146787868456,41.121467878684555,114959089409159,279559790395392,5.430703657907065,5.430703657907065,0.0,True,0.9293282752615647,11.816948652267456,12.725256383419037,0.9278039729736199,0.9315877529486203,80,16,2a618fb4bd8d8dd00647e0d13197e6c3e4c0a8c54a1c4e6ba2f6cfabf009ffb4,4bd751109b82f203ed904946874d12f1d9bb576874689a7990654a39c2644378,b150185c497ae76f24ddabb01cbde63a00d20e665a756538a145c6ce227731f8,5d67f508e131e4f8c8068545879c40acb0d97b56cbabab1beb6e180933e526c5,824dc39edcab8c427061e89fd4dc6f90b49a14c130b7990c253eab72d6220200,3c1826e4f2323b112bbeb4e1565323c365f814249db80c8b29950dc8df7df571,runs/025-2026-09-05-pythia-agentic-sparse-kernel-search/retrieved/h100nvl-002/evidence-verified/runs/025-2026-09-05-pythia-agentic-sparse-kernel-search/artifacts/transfer-winner-r3-410m-a7-0-k010-h100nvl-001
h100nvl-002,NVIDIA H100 NVL,transfer-winner-r3-410m-a7-0p5-k010-h100nvl-001,winner,3,full,eager,410m/a7-0p5,410M,A7-OL1,0.5,development,k010,z,dense SDPA except selected attention projection linears,complete,,complete-validation,True,True,True,0,0.0,0.0,True,5.120691668705122,0.806155139186339,80.6155139186339,225368561737101,279559790395392,5.124397833788957,5.124397833788957,0.0,True,0.9325674982540095,13.634338974952698,14.626022428274155,0.9312960384824857,0.934320818704344,80,16,2a618fb4bd8d8dd00647e0d13197e6c3e4c0a8c54a1c4e6ba2f6cfabf009ffb4,4bd751109b82f203ed904946874d12f1d9bb576874689a7990654a39c2644378,4eae56dd68d1862f69756630e24fbfdf1745d35ef1c6728b2fedfe2818ff8696,a268c84ad4bc959da112a026fa8826e527d171ac2bd6c42b88af3e7b53644b7e,9a2df0e172a73ae62dabf9e5eb81a89344da00b345b15c1f184945d849aef107,d387bf04e55e67231c805bb0d9bf60237889a8e70fd667012c785a327a16e20e,runs/025-2026-09-05-pythia-agentic-sparse-kernel-search/retrieved/h100nvl-002/evidence-verified/runs/025-2026-09-05-pythia-agentic-sparse-kernel-search/artifacts/transfer-winner-r3-410m-a7-0p5-k010-h100nvl-001
h100nvl-002,NVIDIA H100 NVL,transfer-winner-r3-70m-a0-k016-h100nvl-001,winner,3,full,eager,70m/a0,70M,A0,,development,k016,a;h;m;z,dense SDPA except selected attention projection linears,complete,,complete-validation,True,True,True,0,0.0,0.0,True,4.09976596627715,4.5409213981255505e-06,0.00045409213981255505,160072890,35251191545856,4.107609264043092,4.107609264043092,0.0,True,0.9942855288278017,2.5624819099903107,2.5648698210716248,0.9823074677427519,1.0012205963904204,80,16,2a618fb4bd8d8dd00647e0d13197e6c3e4c0a8c54a1c4e6ba2f6cfabf009ffb4,4bd751109b82f203ed904946874d12f1d9bb576874689a7990654a39c2644378,4b5833315c934a0d5774ec5969eb23044f9299c54fe66d8fe772db609e6d2048,690cd31f76b39072dce792be6f5676d3d318bbf631c3cfae020e10d0ab1fff52,86e1839ff17ae59770913d1b5d9ec9b8738b839a1ea2cfa780a7e23ae3f05b88,7e72b510fea3e2833ba8ba02fcf05f9f2d0862ce3cc6893e43a362d754cf6a5a,runs/025-2026-09-05-pythia-agentic-sparse-kernel-search/retrieved/h100nvl-002/evidence-verified/runs/025-2026-09-05-pythia-agentic-sparse-kernel-search/artifacts/transfer-winner-r3-70m-a0-k016-h100nvl-001
h100nvl-002,NVIDIA H100 NVL,transfer-winner-r3-70m-a1h-k016-h100nvl-001,winner,3,full,eager,70m/a1h,70M,A1-H,,development,k016,h,dense SDPA except selected attention projection linears,complete,,complete-validation,True,True,True,0,0.0,0.0,True,4.222749641308417,0.1006575817198192,10.06575817198192,3548299693748,35251191545856,4.231262897406735,4.231251489362048,-1.1408044686689323e-05,True,0.9383767777663871,2.5871098041534424,2.7701444923877716,0.9312262632253265,0.9498154692300343,80,16,2a618fb4bd8d8dd00647e0d13197e6c3e4c0a8c54a1c4e6ba2f6cfabf009ffb4,4bd751109b82f203ed904946874d12f1d9bb576874689a7990654a39c2644378,cf7ba981060458ac9c0cbc23e26000711e9c6aee63a88b050d5ea88bb91adbbf,5a4d27f9e21854b2ef2ae3c4d537f97354b6f4d20ed9cfd284d7967947f327f4,a3315e2605e4edff3d11a73813f95da024d727908954f8fc9d6bcf2e481df053,7e4ae6bcd035f0a1478c735fa6446d2337aec48af1c62ec48fd0b6c190e535ab,runs/025-2026-09-05-pythia-agentic-sparse-kernel-search/retrieved/h100nvl-002/evidence-verified/runs/025-2026-09-05-pythia-agentic-sparse-kernel-search/artifacts/transfer-winner-r3-70m-a1h-k016-h100nvl-001
h100nvl-002,NVIDIA H100 NVL,transfer-winner-r3-70m-a4-0-k016-h100nvl-001,winner,3,full,eager,70m/a4-0,70M,A4-OL1,0.0,development,k016,a;h;m;z,dense SDPA except selected attention projection linears,complete,,complete-validation,True,True,True,0,0.0,0.0,True,4.805361172503973,0.25672509475572236,25.672509475572237,9049865489862,35251191545856,4.81462826618565,4.814657037888332,2.8771702681673617e-05,True,0.8480250880932935,3.4568384289741516,4.071999341249466,0.8461337783985816,0.8500022705969019,80,16,2a618fb4bd8d8dd00647e0d13197e6c3e4c0a8c54a1c4e6ba2f6cfabf009ffb4,4bd751109b82f203ed904946874d12f1d9bb576874689a7990654a39c2644378,4aeb6552bb2cd1e17ce234cbac53048d2e1b684441b67c3349708adb34bcccdb,f047865e215da75825b911524608c06c19a616f4eb1ec6fb3577167b6e25d52b,5ae812a6b332ef31393154cf4e283a1aece722fee953ac337c5c80c1b96b428d,1b9481bb1790f15aeaea8f57ae3f1ea47e7f5c1fc2ebed8c82d850c1df515897,runs/025-2026-09-05-pythia-agentic-sparse-kernel-search/retrieved/h100nvl-002/evidence-verified/runs/025-2026-09-05-pythia-agentic-sparse-kernel-search/artifacts/transfer-winner-r3-70m-a4-0-k016-h100nvl-001
h100nvl-002,NVIDIA H100 NVL,transfer-winner-r3-70m-a4-0p5-k016-h100nvl-001,winner,3,full,eager,70m/a4-0p5,70M,A4-OL1,0.5,development,k016,a;h;m;z,dense SDPA except selected attention projection linears,complete,,complete-validation,True,True,True,0,0.0,0.0,True,5.389480136202637,0.3559621916980309,35.59621916980309,12548091402630,35251191545856,5.398787630287563,5.398786877984708,-7.523028546785326e-07,True,1.0433912699452685,3.4080184996128082,3.2520592212677,1.0350812617307634,1.048618574804657,80,16,2a618fb4bd8d8dd00647e0d13197e6c3e4c0a8c54a1c4e6ba2f6cfabf009ffb4,4bd751109b82f203ed904946874d12f1d9bb576874689a7990654a39c2644378,e7ade1f6995271e137b23705b57c777dadf3d11b547dc4b57dd38d3bc719b303,25f67dcfc4a9de8f4f43b312c2030fa03c2c2a30b4c2c7555b694916aae87d82,fd97594340f4dc091eb0b669197f56ae7096982e5ed647e68b3d715470879e3a,7f81fcb368e3056eb42a3635db3812c309cd5c1292cc13c876c0a497b352a22d,runs/025-2026-09-05-pythia-agentic-sparse-kernel-search/retrieved/h100nvl-002/evidence-verified/runs/025-2026-09-05-pythia-agentic-sparse-kernel-search/artifacts/transfer-winner-r3-70m-a4-0p5-k016-h100nvl-001
h100nvl-002,NVIDIA H100 NVL,transfer-winner-r3-70m-a7-0-k016-h100nvl-001,winner,3,full,eager,70m/a7-0,70M,A7-OL1,0.0,development,k016,a;h;m;z,dense SDPA except selected attention projection linears,complete,,complete-validation,True,True,True,0,0.0,0.0,True,4.941205969223609,0.23562417494680196,23.562417494680197,8306032923884,35251191545856,4.950194745802822,4.950247437701646,5.2691898823731265e-05,True,0.9922771899360356,3.4533441066741943,3.485213965177536,0.9870500099239077,1.0000912192739337,80,16,2a618fb4bd8d8dd00647e0d13197e6c3e4c0a8c54a1c4e6ba2f6cfabf009ffb4,4bd751109b82f203ed904946874d12f1d9bb576874689a7990654a39c2644378,a90b9d01527c4c865df6add85a8920b9523ab181a02f6a8593a1b0b842ab9c82,a88781a5dd523492bbda1032f78bc31b54f1c14720101b711869698f4eb3021d,8ffdf9e898588643b2574f6b9c24f537a3e01cb36fb63384313c397f60787dcf,87ee817b65791769ffc25560e0d8c64d54e48700ccfd03abf702ef3186357a2c,runs/025-2026-09-05-pythia-agentic-sparse-kernel-search/retrieved/h100nvl-002/evidence-verified/runs/025-2026-09-05-pythia-agentic-sparse-kernel-search/artifacts/transfer-winner-r3-70m-a7-0-k016-h100nvl-001
h100nvl-002,NVIDIA H100 NVL,transfer-winner-r3-70m-a7-0p5-k016-h100nvl-001,winner,3,full,eager,70m/a7-0p5,70M,A7-OL1,0.5,development,k016,a;h;m;z,dense SDPA except selected attention projection linears,complete,,complete-validation,True,True,True,0,0.0,0.0,True,5.215924663303872,0.4060187215635989,40.60187215635989,14312643725042,35251191545856,5.226513370600996,5.226513370600996,0.0,True,1.010160724581011,3.924001008272171,3.878425806760788,1.0073268448905783,1.012557145332378,80,16,2a618fb4bd8d8dd00647e0d13197e6c3e4c0a8c54a1c4e6ba2f6cfabf009ffb4,4bd751109b82f203ed904946874d12f1d9bb576874689a7990654a39c2644378,856a420932a03d32ac033f1aefa80f15e4cdaa922b6e7c74253e176351dd7411,48190042dfc65bc7e95fccc547f3f85c39296b46e0a12318a219fa64b366be74,9c40aabcdcd34426957ef01a9b504cedbed5ad11a5e919be7bc9a46e6a798222,bb8f8ce79b2414edd8b00eae8170a6d352f84c0acfbdb275c0c374a40fca5af8,runs/025-2026-09-05-pythia-agentic-sparse-kernel-search/retrieved/h100nvl-002/evidence-verified/runs/025-2026-09-05-pythia-agentic-sparse-kernel-search/artifacts/transfer-winner-r3-70m-a7-0p5-k016-h100nvl-001
